subscription_id,user_id,plan_type,plan_value,start_date,end_date,status,churn_date
5001,1001,Monthly,9.99,2024-06-07,,Active,
5002,1002,Monthly,9.99,2024-06-26,,Active,
5003,1003,Monthly,9.99,2024-06-22,,Active,
5004,1004,Monthly,9.99,2024-06-02,2025-04-20,Churned,2025-04-20
5005,1005,Monthly,9.99,2024-06-21,2025-10-15,Churned,2025-10-15
5006,1006,Monthly,9.99,2024-02-19,2026-03-09,Churned,2026-03-09
5007,1007,Monthly,9.99,2024-02-05,2026-01-31,Churned,2026-01-31
5008,1008,Monthly,9.99,2024-05-18,2025-07-25,Churned,2025-07-25
5009,1009,Monthly,9.99,2024-06-17,,Active,
5010,1010,Monthly,9.99,2024-02-21,2025-05-07,Churned,2025-05-07
5011,1011,Monthly,9.99,2024-03-25,2025-09-01,Churned,2025-09-01
5012,1012,Monthly,9.99,2024-01-11,,Active,
5013,1013,Monthly,9.99,2024-03-25,2024-04-14,Churned,2024-04-14
5014,1014,Monthly,9.99,2024-01-08,2026-03-27,Churned,2026-03-27
5015,1015,Monthly,9.99,2024-01-08,,Active,
5016,1016,Monthly,9.99,2024-01-06,2026-02-28,Churned,2026-02-28
5017,1017,Monthly,9.99,2024-02-23,,Active,
5018,1018,Monthly,9.99,2024-01-17,2025-10-23,Churned,2025-10-23
5019,1019,Monthly,9.99,2024-04-19,,Active,
5020,1020,Monthly,9.99,2024-01-14,,Active,
5021,1021,Monthly,9.99,2024-01-21,,Active,
5022,1022,Monthly,9.99,2024-04-28,2025-05-07,Churned,2025-05-07
5023,1023,Monthly,9.99,2024-04-12,2026-06-27,Churned,2026-06-27
5024,1024,Monthly,9.99,2024-04-11,2026-03-02,Churned,2026-03-02
5025,1025,Monthly,9.99,2024-02-04,,Active,
5026,1026,Monthly,9.99,2024-04-29,,Active,
5027,1027,Monthly,9.99,2024-06-14,,Active,
5028,1028,Monthly,9.99,2024-02-28,2026-05-12,Churned,2026-05-12
5029,1029,Monthly,9.99,2024-06-23,2026-02-21,Churned,2026-02-21
5030,1030,Monthly,9.99,2024-03-17,2025-12-11,Churned,2025-12-11
5031,1031,Monthly,9.99,2024-05-11,,Active,
5032,1032,Monthly,9.99,2024-05-12,,Active,
5033,1033,Monthly,9.99,2024-02-18,2025-12-15,Churned,2025-12-15
5034,1034,Monthly,9.99,2024-05-27,2024-06-21,Churned,2024-06-21
5035,1035,Monthly,9.99,2024-04-17,,Active,
5036,1036,Monthly,9.99,2024-01-09,,Active,
5037,1037,Monthly,9.99,2024-02-22,2024-03-15,Churned,2024-03-15
5038,1038,Monthly,9.99,2024-03-18,,Active,
5039,1039,Monthly,9.99,2024-04-08,2025-08-28,Churned,2025-08-28
5040,1040,Monthly,9.99,2024-04-15,2026-02-07,Churned,2026-02-07
5041,1041,Monthly,9.99,2024-02-22,2026-02-01,Churned,2026-02-01
5042,1042,Monthly,9.99,2024-05-08,2025-11-27,Churned,2025-11-27
5043,1043,Monthly,9.99,2024-03-04,,Active,
5044,1044,Monthly,9.99,2024-04-26,,Active,
5045,1045,Monthly,9.99,2024-02-15,2026-03-07,Churned,2026-03-07
5046,1046,Monthly,9.99,2024-01-12,2026-03-03,Churned,2026-03-03
5047,1047,Monthly,9.99,2024-02-25,2026-03-22,Churned,2026-03-22
5048,1048,Monthly,9.99,2024-03-24,,Active,
5049,1049,Monthly,9.99,2024-04-12,2025-07-12,Churned,2025-07-12
5050,1050,Monthly,9.99,2024-01-18,,Active,
5051,1051,Monthly,9.99,2024-02-13,2025-03-13,Churned,2025-03-13
5052,1052,Monthly,9.99,2024-01-03,,Active,
5053,1053,Monthly,9.99,2024-01-13,,Active,
5054,1054,Monthly,9.99,2024-04-23,,Active,
5055,1055,Monthly,9.99,2024-02-21,,Active,
5056,1056,Monthly,9.99,2024-01-25,2025-11-02,Churned,2025-11-02
5057,1057,Monthly,9.99,2024-03-23,2024-04-23,Churned,2024-04-23
5058,1058,Monthly,9.99,2024-01-28,2025-08-31,Churned,2025-08-31
5059,1059,Monthly,9.99,2024-06-17,,Active,
5060,1060,Monthly,9.99,2024-05-07,,Active,
5061,1061,Monthly,9.99,2024-01-25,,Active,
5062,1062,Monthly,9.99,2024-06-11,,Active,
5063,1063,Monthly,9.99,2024-05-29,2026-01-21,Churned,2026-01-21
5064,1064,Monthly,9.99,2024-06-06,2026-02-17,Churned,2026-02-17
5065,1065,Monthly,9.99,2024-04-05,,Active,
5066,1066,Monthly,9.99,2024-03-25,,Active,
5067,1067,Monthly,9.99,2024-02-28,,Active,
5068,1068,Monthly,9.99,2024-06-27,2025-12-28,Churned,2025-12-28
5069,1069,Monthly,9.99,2024-05-05,2025-08-17,Churned,2025-08-17
5070,1070,Monthly,9.99,2024-05-20,,Active,
5071,1071,Monthly,9.99,2024-02-20,,Active,
5072,1072,Monthly,9.99,2024-05-03,2025-06-24,Churned,2025-06-24
5073,1073,Monthly,9.99,2024-05-03,,Active,
5074,1074,Monthly,9.99,2024-02-09,,Active,
5075,1075,Monthly,9.99,2024-02-04,2026-07-06,Churned,2026-07-06
5076,1076,Monthly,9.99,2024-04-05,,Active,
5077,1077,Monthly,9.99,2024-05-24,,Active,
5078,1078,Monthly,9.99,2024-05-05,2026-01-18,Churned,2026-01-18
5079,1079,Monthly,9.99,2024-01-09,2025-10-12,Churned,2025-10-12
5080,1080,Monthly,9.99,2024-02-07,2025-06-20,Churned,2025-06-20
5081,1081,Monthly,9.99,2024-04-08,,Active,
5082,1082,Monthly,9.99,2024-04-19,,Active,
5083,1083,Monthly,9.99,2024-01-23,,Active,
5084,1084,Monthly,9.99,2024-04-11,2026-01-18,Churned,2026-01-18
5085,1085,Monthly,9.99,2024-06-16,,Active,
5086,1086,Monthly,9.99,2024-01-29,,Active,
5087,1087,Monthly,9.99,2024-04-14,2026-04-16,Churned,2026-04-16
5088,1088,Monthly,9.99,2024-03-11,,Active,
5089,1089,Monthly,9.99,2024-01-02,2025-11-28,Churned,2025-11-28
5090,1090,Monthly,9.99,2024-05-01,,Active,
5091,1091,Monthly,9.99,2024-04-02,2024-05-05,Churned,2024-05-05
5092,1092,Monthly,9.99,2024-06-27,,Active,
5093,1093,Monthly,9.99,2024-03-04,2026-03-28,Churned,2026-03-28
5094,1094,Monthly,9.99,2024-06-12,,Active,
5095,1095,Monthly,9.99,2024-02-29,2026-03-06,Churned,2026-03-06
5096,1096,Monthly,9.99,2024-06-28,,Active,
5097,1097,Monthly,9.99,2024-01-23,,Active,
5098,1098,Monthly,9.99,2024-05-03,2025-12-23,Churned,2025-12-23
5099,1099,Monthly,9.99,2024-01-08,2026-06-19,Churned,2026-06-19
5100,1100,Monthly,9.99,2024-06-20,2025-05-02,Churned,2025-05-02
5101,1101,Monthly,9.99,2024-05-27,2024-06-24,Churned,2024-06-24
5102,1102,Monthly,9.99,2024-05-23,2026-06-09,Churned,2026-06-09
5103,1103,Monthly,9.99,2024-05-31,2025-10-13,Churned,2025-10-13
5104,1104,Monthly,9.99,2024-01-01,2025-06-04,Churned,2025-06-04
5105,1105,Monthly,9.99,2024-02-02,2026-06-26,Churned,2026-06-26
5106,1106,Monthly,9.99,2024-03-16,,Active,
5107,1107,Monthly,9.99,2024-03-20,2025-11-23,Churned,2025-11-23
5108,1108,Monthly,9.99,2024-06-29,2025-04-18,Churned,2025-04-18
5109,1109,Monthly,9.99,2024-01-14,2025-09-18,Churned,2025-09-18
5110,1110,Monthly,9.99,2024-05-20,2026-05-10,Churned,2026-05-10
5111,1111,Monthly,9.99,2024-03-13,,Active,
5112,1112,Monthly,9.99,2024-05-28,2025-07-01,Churned,2025-07-01
5113,1113,Monthly,9.99,2024-05-03,2025-09-15,Churned,2025-09-15
5114,1114,Monthly,9.99,2024-05-27,,Active,
5115,1115,Monthly,9.99,2024-01-25,,Active,
5116,1116,Monthly,9.99,2024-02-08,2025-02-26,Churned,2025-02-26
5117,1117,Monthly,9.99,2024-04-06,,Active,
5118,1118,Monthly,9.99,2024-06-16,2025-02-08,Churned,2025-02-08
5119,1119,Monthly,9.99,2024-05-26,2025-12-16,Churned,2025-12-16
5120,1120,Monthly,9.99,2024-06-14,,Active,
5121,1121,Monthly,9.99,2024-06-28,,Active,
5122,1122,Monthly,9.99,2024-05-29,2025-03-28,Churned,2025-03-28
5123,1123,Monthly,9.99,2024-06-02,,Active,
5124,1124,Monthly,9.99,2024-01-23,2025-03-23,Churned,2025-03-23
5125,1125,Monthly,9.99,2024-06-17,,Active,
5126,1126,Monthly,9.99,2024-04-23,,Active,
5127,1127,Monthly,9.99,2024-06-18,2025-10-02,Churned,2025-10-02
5128,1128,Monthly,9.99,2024-02-25,,Active,
5129,1129,Monthly,0.0,2024-02-11,,Active,
5130,1130,Monthly,9.99,2024-03-09,2025-09-28,Churned,2025-09-28
5131,1131,Monthly,9.99,2024-02-09,,Active,
5132,1132,Monthly,9.99,2024-01-29,2024-02-26,Churned,2024-02-26
5133,1133,Monthly,9.99,2024-02-27,2026-03-12,Churned,2026-03-12
5134,1134,Monthly,9.99,2024-03-19,,Active,
5135,1135,Monthly,9.99,2024-06-04,,Active,
5136,1136,Monthly,9.99,2024-02-02,2024-02-26,Churned,2024-02-26
5137,1137,Monthly,9.99,2024-06-12,2025-07-21,Churned,2025-07-21
5138,1138,Monthly,9.99,2024-03-31,,Active,
5139,1139,Monthly,9.99,2024-01-23,2025-10-24,Churned,2025-10-24
5140,1140,Monthly,9.99,2024-02-12,,Active,
5141,1141,Monthly,9.99,2024-04-18,,Active,
5142,1142,Monthly,9.99,2024-06-06,,Active,
5143,1143,Monthly,9.99,2024-06-18,,Active,
5144,1144,Monthly,9.99,2024-06-21,,Active,
5145,1145,Monthly,9.99,2024-01-14,2026-07-03,Churned,2026-07-03
5146,1146,Monthly,9.99,2024-01-31,,Active,
5147,1147,Monthly,9.99,2024-06-13,2025-03-19,Churned,2025-03-19
5148,1148,Monthly,9.99,2024-06-06,,Active,
5149,1149,Monthly,9.99,2024-01-26,2025-04-22,Churned,2025-04-22
5150,1150,Monthly,9.99,2024-06-17,2025-10-07,Churned,2025-10-07
5151,1151,Monthly,9.99,2024-04-22,,Active,
5152,1152,Monthly,9.99,2024-03-13,,Active,
5153,1153,Monthly,9.99,2024-06-19,2025-10-10,Churned,2025-10-10
5154,1154,Monthly,9.99,2024-04-12,2026-03-13,Churned,2026-03-13
5155,1155,Monthly,9.99,2024-02-02,2026-01-28,Churned,2026-01-28
5156,1156,Monthly,9.99,2024-06-01,2026-02-28,Churned,2026-02-28
5157,1157,Monthly,9.99,2024-05-10,,Active,
5158,1158,Monthly,9.99,2024-06-29,,Active,
5159,1159,Monthly,9.99,2024-02-03,2026-06-15,Churned,2026-06-15
5160,1160,Monthly,9.99,2024-01-14,,Active,
5161,1161,Monthly,9.99,2024-05-10,,ACTIVE,
5162,1162,Monthly,9.99,2024-01-13,,Active,
5163,1163,Monthly,9.99,2024-01-26,,Active,
5164,1164,Monthly,9.99,2024-02-03,2025-08-28,Churned,2025-08-28
5165,1165,Monthly,9.99,2024-03-11,,Active,
5166,1166,Monthly,9.99,2024-06-16,,Active,
5167,1167,Monthly,9.99,2024-05-01,2026-06-07,CHURNED,2026-06-07
5168,1168,Monthly,9.99,2024-05-23,,Active,
5169,1169,Monthly,9.99,2024-05-14,,Active,
5170,1170,Monthly,9.99,2024-01-16,2025-04-01,Churned,2025-04-01
5171,1171,Monthly,9.99,2024-05-10,2025-11-22,Churned,2025-11-22
5172,1172,Monthly,9.99,2024-05-31,2025-10-27,Churned,2025-10-27
5173,1173,Monthly,9.99,2024-02-26,2024-03-17,Churned,2024-03-17
5174,1174,Monthly,9.99,2024-02-07,2025-11-06,Churned,2025-11-06
5175,1175,Monthly,9.99,2024-02-23,,Active,
5176,1176,Monthly,9.99,2024-05-20,2026-01-26,Churned,2026-01-26
5177,1177,Monthly,9.99,2024-02-26,,Active,
5178,1178,Monthly,9.99,2024-03-06,2026-06-12,Churned,2026-06-12
5179,1179,Monthly,9.99,2024-06-10,2026-01-25,Churned,2026-01-25
5180,1180,Monthly,9.99,2024-05-02,,Active,
5181,1181,Monthly,9.99,2024-02-16,2025-03-18,Churned,2025-03-18
5182,1182,Monthly,9.99,2024-01-19,,Active,
5183,1183,Monthly,9.99,2024-01-04,2026-01-20,Churned,2026-01-20
5184,1184,Monthly,9.99,2024-01-22,2025-05-18,Churned,2025-05-18
5185,1185,Monthly,9.99,2024-03-27,2025-07-09,Churned,2025-07-09
5186,1186,Monthly,9.99,2024-05-02,,Active,
5187,1187,Monthly,9.99,2024-03-16,,Active,
5188,1188,Monthly,9.99,2024-03-31,2026-04-04,Churned,2026-04-04
5189,1189,Monthly,9.99,2024-01-29,2026-01-10,Churned,2026-01-10
5190,1190,Monthly,0.0,2024-01-22,2025-12-11,Churned,2025-12-11
5191,1191,Monthly,9.99,2024-06-19,2025-10-27,Churned,2025-10-27
5192,1192,Monthly,0.0,2024-03-08,,Active,
5193,1193,Monthly,9.99,2024-04-09,2024-04-28,Churned,2024-04-28
5194,1194,Monthly,9.99,2024-03-12,,Active,
5195,1195,Monthly,9.99,2024-06-26,,ACTIVE,
5196,1196,Monthly,9.99,2024-05-20,2025-04-11,Churned,2025-04-11
5197,1197,Monthly,9.99,2024-06-26,2026-01-15,Churned,2026-01-15
5198,1198,Monthly,9.99,2024-05-01,,Active,
5199,1199,Monthly,9.99,2024-02-06,2026-04-10,Churned,2026-04-10
5200,1200,Monthly,9.99,2024-02-05,2025-11-26,Churned,2025-11-26
5201,1201,Monthly,9.99,2024-06-28,2025-02-19,Churned,2025-02-19
5202,1202,Monthly,9.99,2024-01-21,,Active,
5203,1203,Monthly,9.99,2024-05-15,,Active,
5204,1204,Monthly,9.99,2024-02-09,2026-02-13,churned,2026-02-13
5205,1205,Monthly,9.99,2024-06-23,,Active,
5206,1206,Monthly,9.99,2024-04-18,2026-02-13,Churned,2026-02-13
5207,1207,Monthly,9.99,2024-01-15,2026-03-07,Churned,2026-03-07
5208,1208,Monthly,9.99,2024-06-16,2026-03-04,Churned,2026-03-04
5209,1209,Monthly,9.99,2024-01-27,,Active,
5210,1210,Monthly,9.99,2024-06-01,2025-08-29,Churned,2025-08-29
5211,1211,Monthly,9.99,2024-01-22,2025-12-01,Churned,2025-12-01
5212,1212,Monthly,9.99,2024-03-20,,Active,
5213,1213,Monthly,9.99,2024-04-10,,Active,
5214,1214,Monthly,0.0,2024-02-08,,Active,
5215,1215,Monthly,9.99,2024-02-08,2025-07-15,Churned,2025-07-15
5216,1216,Monthly,9.99,2024-06-16,2025-10-08,Churned,2025-10-08
5217,1217,Monthly,9.99,2024-02-03,2026-04-23,Churned,2026-04-23
5218,1218,Monthly,9.99,2024-06-05,2025-08-23,Churned,2025-08-23
5219,1219,Monthly,9.99,2024-03-20,2025-10-05,Churned,2025-10-05
5220,1220,Monthly,9.99,2024-03-16,2025-09-18,Churned,2025-09-18
5221,1221,Monthly,9.99,2024-05-01,2026-05-29,Churned,2026-05-29
5222,1222,Monthly,9.99,2024-03-14,,Active,
5223,1223,Monthly,9.99,2024-06-23,2025-07-01,Churned,2025-07-01
5224,1224,Monthly,9.99,2024-03-03,2025-03-09,Churned,2025-03-09
5225,1225,Monthly,9.99,2024-02-27,,Active,
5226,1226,Monthly,9.99,2024-02-16,2025-09-24,Churned,2025-09-24
5227,1227,Monthly,9.99,2024-03-28,,Active,
5228,1228,Monthly,9.99,2024-04-30,2025-12-20,Churned,2025-12-20
5229,1229,Monthly,9.99,2024-04-02,,Active,
5230,1230,Monthly,9.99,2024-06-11,2024-07-12,Churned,2024-07-12
5231,1231,Monthly,9.99,2024-05-14,2025-07-16,Churned,2025-07-16
5232,1232,Monthly,9.99,2024-03-30,2026-02-27,Churned,2026-02-27
5233,1233,Monthly,0.0,2024-06-26,,Active,
5234,1234,Monthly,9.99,2024-03-22,,Active,
5235,1235,Monthly,9.99,2024-06-21,2025-12-14,Churned,2025-12-14
5236,1236,Monthly,9.99,2024-05-28,2025-11-01,Churned,2025-11-01
5237,1237,Monthly,9.99,2024-02-25,2026-02-07,Churned,2026-02-07
5238,1238,Monthly,9.99,2024-03-19,2026-02-23,Churned,2026-02-23
5239,1239,Monthly,9.99,2024-05-18,,Active,
5240,1240,Monthly,9.99,2024-06-01,,Active,
5241,1241,Monthly,9.99,2024-01-26,2026-04-13,Churned,2026-04-13
5242,1242,Monthly,9.99,2024-06-08,,Active,
5243,1243,Monthly,9.99,2024-02-24,,Active,
5244,1244,Monthly,9.99,2024-04-28,2025-08-06,Churned,2025-08-06
5245,1245,Monthly,9.99,2024-05-09,,Active,
5246,1246,Monthly,9.99,2024-01-02,2026-03-19,Churned,2026-03-19
5247,1247,Monthly,9.99,2024-05-26,2026-04-22,Churned,2026-04-22
5248,1248,Monthly,9.99,2024-05-27,2026-06-15,Churned,2026-06-15
5249,1249,Monthly,9.99,2024-04-21,2025-06-02,Churned,2025-06-02
5250,1250,Monthly,9.99,2024-06-09,,Active,
5251,1251,Monthly,9.99,2024-06-09,2026-04-17,Churned,2026-04-17
5252,1252,Monthly,9.99,2024-02-03,2026-05-30,Churned,2026-05-30
5253,1253,Monthly,9.99,2024-05-17,,Active,
5254,1254,Monthly,9.99,2024-02-06,2025-04-12,Churned,2025-04-12
5255,1255,Monthly,9.99,2024-03-13,2026-02-27,Churned,2026-02-27
5256,1256,Monthly,9.99,2024-05-05,,Active,
5257,1257,Monthly,9.99,2024-03-21,2025-12-24,Churned,2025-12-24
5258,1258,Monthly,9.99,2024-03-28,,Active,
5259,1259,Monthly,9.99,2024-02-19,,Active,
5260,1260,Monthly,9.99,2024-02-25,,Active,
5261,1261,Monthly,9.99,2024-05-03,,Active,
5262,1262,Monthly,9.99,2024-04-12,,Active,
5263,1263,Monthly,9.99,2024-05-30,2025-08-05,Churned,2025-08-05
5264,1264,Monthly,9.99,2024-03-10,2025-11-17,Churned,2025-11-17
5265,1265,Monthly,9.99,2024-01-17,2026-02-04,Churned,2026-02-04
5266,1266,Monthly,9.99,2024-01-30,2025-11-25,Churned,2025-11-25
5267,1267,Monthly,9.99,2024-03-21,2025-11-18,Churned,2025-11-18
5268,1268,Monthly,9.99,2024-05-23,2024-11-13,Churned,2024-11-13
5269,1269,Monthly,9.99,2024-06-14,2024-07-24,Churned,2024-07-24
5270,1270,Monthly,9.99,2024-03-11,2024-04-23,Churned,2024-04-23
5271,1271,Monthly,9.99,2024-06-13,,Active,
5272,1272,Monthly,9.99,2024-05-16,2026-07-02,Churned,2026-07-02
5273,1273,Monthly,9.99,2024-03-11,2026-01-14,Churned,2026-01-14
5274,1274,Monthly,9.99,2024-06-27,,Active,
5275,1275,Monthly,9.99,2024-01-13,,Active,
5276,1276,Monthly,9.99,2024-02-18,,Active,
5277,1277,Monthly,9.99,2024-01-12,,Active,
5278,1278,Monthly,9.99,2024-02-13,,Active,
5279,1279,Monthly,9.99,2024-06-20,2025-08-04,Churned,2025-08-04
5280,1280,Monthly,9.99,2024-05-03,,Active,
5281,1281,Monthly,9.99,2024-02-22,2025-09-08,Churned,2025-09-08
5282,1282,Monthly,9.99,2024-02-18,,Active,
5283,1283,Monthly,9.99,2024-03-20,,Active,
5284,1284,Monthly,0.0,2024-04-25,,Active,
5285,1285,Monthly,9.99,2024-05-27,2025-09-23,Churned,2025-09-23
5286,1286,Monthly,9.99,2024-01-08,,Active,
5287,1287,Monthly,9.99,2024-02-08,2025-07-11,Churned,2025-07-11
5288,1288,Monthly,9.99,2024-04-18,2026-01-05,Churned,2026-01-05
5289,1289,Monthly,9.99,2024-01-13,,Active,
5290,1290,Monthly,9.99,2024-01-26,,Active,
5291,1291,Monthly,9.99,2024-06-26,,Active,
5292,1292,Monthly,9.99,2024-01-25,2025-12-22,Churned,2025-12-22
5293,1293,Monthly,9.99,2024-06-23,2026-02-01,Churned,2026-02-01
5294,1294,Monthly,9.99,2024-01-06,,Active,
5295,1295,Monthly,9.99,2024-05-29,,Active,
5296,1296,Monthly,9.99,2024-03-15,2026-05-23,Churned,2026-05-23
5297,1297,Monthly,9.99,2024-03-26,,Active,
5298,1298,Monthly,9.99,2024-03-31,,Active,
5299,1299,Monthly,9.99,2024-06-24,,Active,
5300,1300,Monthly,9.99,2024-01-08,2025-07-24,Churned,2025-07-24
5301,1301,Monthly,9.99,2024-04-06,,Active,
5302,1302,Monthly,9.99,2024-05-14,,Active,
5303,1303,Monthly,9.99,2024-01-11,2025-12-27,Churned,2025-12-27
5304,1304,Monthly,9.99,2024-01-03,2025-04-12,Churned,2025-04-12
5305,1305,Monthly,9.99,2024-03-14,2025-06-02,Churned,2025-06-02
5306,1306,Monthly,9.99,2024-03-19,2026-07-03,Churned,2026-07-03
5307,1307,Monthly,9.99,2024-03-13,2025-08-25,Churned,2025-08-25
5308,1308,Monthly,9.99,2024-02-20,,Active,
5309,1309,Monthly,9.99,2024-01-26,,Active,
5310,1310,Monthly,9.99,2024-02-05,,Active,
5311,1311,Monthly,9.99,2024-06-09,,active,
5312,1312,Monthly,9.99,2024-05-08,2026-03-27,Churned,2026-03-27
5313,1313,Monthly,9.99,2024-05-23,2025-11-22,Churned,2025-11-22
5314,1314,Monthly,9.99,2024-05-28,2025-12-16,Churned,2025-12-16
5315,1315,Monthly,9.99,2024-06-20,2025-11-26,churned,2025-11-26
5316,1316,Monthly,9.99,2024-03-10,,Active,
5317,1317,Monthly,9.99,2024-01-16,,Active,
5318,1318,Monthly,9.99,2024-05-06,,Active,
5319,1319,Monthly,9.99,2024-06-08,2025-11-29,Churned,2025-11-29
5320,1320,Monthly,9.99,2024-05-09,,Active,
5321,1321,Monthly,9.99,2024-05-19,,Active,
5322,1322,Monthly,9.99,2024-02-17,,Active,
5323,1323,Monthly,9.99,2024-03-15,2026-02-11,Churned,2026-02-11
5324,1324,Monthly,9.99,2024-01-28,2025-07-03,Churned,2025-07-03
5325,1325,Monthly,9.99,2024-03-18,,Active,
5326,1326,Monthly,9.99,2024-04-29,2026-06-08,Churned,2026-06-08
5327,1327,Monthly,9.99,2024-06-29,2025-10-16,Churned,2025-10-16
5328,1328,Monthly,9.99,2024-02-05,2025-08-23,Churned,2025-08-23
5329,1329,Monthly,9.99,2024-04-30,2026-07-02,Churned,2026-07-02
5330,1330,Monthly,9.99,2024-03-23,2026-03-25,Churned,2026-03-25
5331,1331,Monthly,9.99,2024-02-10,2025-07-18,CHURNED,2025-07-18
5332,1332,Monthly,9.99,2024-03-01,2025-03-06,Churned,2025-03-06
5333,1333,Monthly,9.99,2024-03-05,2026-02-13,Churned,2026-02-13
5334,1334,Monthly,9.99,2024-03-23,,Active,
5335,1335,Monthly,9.99,2024-04-22,,Active,
5336,1336,Monthly,9.99,2024-01-07,2025-07-14,Churned,2025-07-14
5337,1337,Monthly,9.99,2024-05-25,2026-02-17,Churned,2026-02-17
5338,1338,Monthly,9.99,2024-02-23,2026-03-06,Churned,2026-03-06
5339,1339,Monthly,9.99,2024-04-22,,Active,
5340,1340,Monthly,9.99,2024-05-07,2025-10-09,Churned,2025-10-09
5341,1341,Monthly,9.99,2024-04-01,,Active,
5342,1342,Monthly,9.99,2024-01-15,2026-05-31,Churned,2026-05-31
5343,1343,Monthly,9.99,2024-04-17,2024-08-28,Churned,2024-08-28
5344,1344,Monthly,9.99,2024-06-18,2025-05-04,Churned,2025-05-04
5345,1345,Monthly,9.99,2024-01-19,2026-01-30,Churned,2026-01-30
5346,1346,Monthly,9.99,2024-01-11,,Active,
5347,1347,Monthly,9.99,2024-01-15,,Active,
5348,1348,Monthly,9.99,2024-01-05,2026-03-31,Churned,2026-03-31
5349,1349,Monthly,9.99,2024-01-30,2024-03-04,Churned,2024-03-04
5350,1350,Monthly,9.99,2024-03-01,,Active,
5351,1351,Monthly,9.99,2024-01-04,,Active,
5352,1352,Monthly,9.99,2024-06-03,2025-08-10,Churned,2025-08-10
5353,1353,Monthly,9.99,2024-01-20,2025-11-10,Churned,2025-11-10
5354,1354,Monthly,9.99,2024-03-18,,Active,
5355,1355,Monthly,9.99,2024-05-18,,Active,
5356,1356,Monthly,9.99,2024-02-05,,Active,
5357,1357,Monthly,9.99,2024-03-01,,Active,
5358,1358,Monthly,9.99,2024-05-30,,Active,
5359,1359,Monthly,9.99,2024-04-07,,Active,
5360,1360,Monthly,9.99,2024-01-09,2025-06-06,Churned,2025-06-06
5361,1361,Monthly,9.99,2024-03-28,,Active,
5362,1362,Monthly,9.99,2024-05-21,,Active,
5363,1363,Monthly,9.99,2024-05-25,,Active,
5364,1364,Monthly,9.99,2024-01-04,,Active,
5365,1365,Monthly,9.99,2024-04-11,,Active,
5366,1366,Monthly,9.99,2024-05-25,,Active,
5367,1367,Monthly,9.99,2024-04-01,2025-02-11,Churned,2025-02-11
5368,1368,Monthly,9.99,2024-04-22,2025-10-23,Churned,2025-10-23
5369,1369,Monthly,9.99,2024-06-07,,Active,
5370,1370,Monthly,9.99,2024-01-11,2025-08-01,Churned,2025-08-01
5371,1371,Monthly,9.99,2024-03-31,2025-12-25,Churned,2025-12-25
5372,1372,Monthly,9.99,2024-03-01,2025-12-30,Churned,2025-12-30
5373,1373,Monthly,9.99,2024-02-06,,Active,
5374,1374,Monthly,9.99,2024-03-16,2025-10-25,Churned,2025-10-25
5375,1375,Monthly,9.99,2024-05-10,,ACTIVE,
5376,1376,Monthly,9.99,2024-01-09,2025-10-03,Churned,2025-10-03
5377,1377,Monthly,9.99,2024-05-27,,Active,
5378,1378,Monthly,9.99,2024-06-17,2024-12-30,Churned,2024-12-30
5379,1379,Monthly,9.99,2024-04-02,,Active,
5380,1380,Monthly,9.99,2024-03-31,,ACTIVE,
5381,1381,Monthly,9.99,2024-02-02,2025-11-05,Churned,2025-11-05
5382,1382,Monthly,9.99,2024-03-28,2025-12-30,Churned,2025-12-30
5383,1383,Monthly,9.99,2024-04-26,,Active,
5384,1384,Monthly,9.99,2024-02-02,2025-12-21,Churned,2025-12-21
5385,1385,Monthly,9.99,2024-03-31,2025-06-29,Churned,2025-06-29
5386,1386,Monthly,0.0,2024-06-06,2025-07-08,Churned,2025-07-08
5387,1387,Monthly,9.99,2024-04-21,2025-04-20,Churned,2025-04-20
5388,1388,Monthly,9.99,2024-01-02,2026-01-03,Churned,2026-01-03
5389,1389,Monthly,9.99,2024-01-25,2026-04-23,Churned,2026-04-23
5390,1390,Monthly,9.99,2024-01-11,2025-04-08,Churned,2025-04-08
5391,1391,Monthly,9.99,2024-03-13,,Active,
5392,1392,Monthly,9.99,2024-01-28,2026-06-02,Churned,2026-06-02
5393,1393,Monthly,9.99,2024-01-11,,Active,
5394,1394,Monthly,9.99,2024-05-26,2025-03-04,Churned,2025-03-04
5395,1395,Monthly,9.99,2024-04-20,,Active,
5396,1396,Monthly,9.99,2024-02-26,2026-02-03,churned,2026-02-03
5397,1397,Monthly,9.99,2024-03-21,2025-07-18,Churned,2025-07-18
5398,1398,Monthly,9.99,2024-06-18,2025-07-08,CHURNED,2025-07-08
5399,1399,Monthly,9.99,2024-02-26,2026-02-15,Churned,2026-02-15
5400,1400,Monthly,9.99,2024-06-11,2024-07-18,Churned,2024-07-18
5401,1401,Monthly,9.99,2024-06-05,2025-06-24,Churned,2025-06-24
5402,1402,Monthly,9.99,2024-05-03,2026-03-21,Churned,2026-03-21
5403,1403,Monthly,9.99,2024-06-10,2025-11-07,Churned,2025-11-07
5404,1404,Monthly,9.99,2024-04-24,2025-08-27,Churned,2025-08-27
5405,1405,Monthly,9.99,2024-04-11,,Active,
5406,1406,Monthly,9.99,2024-01-08,,Active,
5407,1407,Monthly,9.99,2024-03-22,,Active,
5408,1408,Monthly,9.99,2024-03-27,,Active,
5409,1409,Monthly,9.99,2024-01-29,,Active,
5410,1410,Monthly,9.99,2024-01-24,,Active,
5411,1411,Monthly,9.99,2024-04-02,,Active,
5412,1412,Monthly,9.99,2024-04-05,,Active,
5413,1413,Monthly,9.99,2024-05-14,,Active,
5414,1414,Monthly,9.99,2024-06-25,2026-01-27,Churned,2026-01-27
5415,1415,Monthly,9.99,2024-03-10,,Active,
5416,1416,Monthly,9.99,2024-05-18,2026-06-21,Churned,2026-06-21
5417,1417,Monthly,9.99,2024-04-18,2026-02-11,Churned,2026-02-11
5418,1418,Monthly,9.99,2024-04-19,,Active,
5419,1419,Monthly,9.99,2024-05-07,2026-01-08,Churned,2026-01-08
5420,1420,Monthly,9.99,2024-02-29,2025-10-27,Churned,2025-10-27
5421,1421,Monthly,9.99,2024-02-13,,Active,
5422,1422,Monthly,9.99,2024-05-25,,Active,
5423,1423,Monthly,9.99,2024-06-25,,Active,
5424,1424,Monthly,9.99,2024-06-15,2025-11-17,Churned,2025-11-17
5425,1425,Monthly,9.99,2024-04-18,2026-06-03,Churned,2026-06-03
5426,1426,Monthly,9.99,2024-01-30,,Active,
5427,1427,Monthly,9.99,2024-05-20,2025-09-05,Churned,2025-09-05
5428,1428,Monthly,9.99,2024-06-06,2026-01-15,Churned,2026-01-15
5429,1429,Monthly,9.99,2024-03-05,2025-07-26,Churned,2025-07-26
5430,1430,Monthly,9.99,2024-05-01,,Active,
5431,1431,Monthly,9.99,2024-02-18,,Active,
5432,1432,Monthly,9.99,2024-06-11,,Active,
5433,1433,Monthly,9.99,2024-03-19,2025-02-01,Churned,2025-02-01
5434,1434,Monthly,9.99,2024-02-09,2025-10-06,Churned,2025-10-06
5435,1435,Monthly,9.99,2024-05-31,,Active,
5436,1436,Monthly,9.99,2024-02-29,2025-07-13,Churned,2025-07-13
5437,1437,Monthly,9.99,2024-01-14,,Active,
5438,1438,Monthly,9.99,2024-04-10,,Active,
5439,1439,Monthly,9.99,2024-02-24,,ACTIVE,
5440,1440,Monthly,9.99,2024-03-05,,Active,
5441,1441,Monthly,9.99,2024-06-20,2026-02-14,Churned,2026-02-14
5442,1442,Monthly,9.99,2024-02-15,2026-01-03,Churned,2026-01-03
5443,1443,Monthly,9.99,2024-04-04,2025-06-08,Churned,2025-06-08
5444,1444,Monthly,9.99,2024-06-27,,Active,
5445,1445,Monthly,9.99,2024-06-10,2025-09-14,Churned,2025-09-14
5446,1446,Monthly,9.99,2024-01-08,2025-09-28,Churned,2025-09-28
5447,1447,Monthly,9.99,2024-01-31,,Active,
5448,1448,Monthly,9.99,2024-01-05,2025-02-28,Churned,2025-02-28
5449,1449,Monthly,9.99,2024-06-19,2026-07-06,Churned,2026-07-06
5450,1450,Monthly,9.99,2024-01-22,,Active,
5451,1451,Monthly,9.99,2024-05-23,,ACTIVE,
5452,1452,Monthly,9.99,2024-01-24,,Active,
5453,1453,Monthly,9.99,2024-02-25,,Active,
5454,1454,Monthly,9.99,2024-02-03,,Active,
5455,1455,Monthly,9.99,2024-02-18,2025-03-12,Churned,2025-03-12
5456,1456,Monthly,9.99,2024-05-28,,ACTIVE,
5457,1457,Monthly,9.99,2024-05-29,2025-04-14,Churned,2025-04-14
5458,1458,Monthly,9.99,2024-06-28,2026-05-01,Churned,2026-05-01
5459,1459,Monthly,9.99,2024-04-29,2025-07-25,Churned,2025-07-25
5460,1460,Monthly,9.99,2024-04-05,2026-05-08,Churned,2026-05-08
5461,1461,Monthly,9.99,2024-01-03,2025-03-04,Churned,2025-03-04
5462,1462,Monthly,9.99,2024-04-29,,Active,
5463,1463,Monthly,9.99,2024-05-01,,Active,
5464,1464,Monthly,9.99,2024-02-29,2025-10-27,Churned,2025-10-27
5465,1465,Monthly,9.99,2024-02-11,2025-12-31,Churned,2025-12-31
5466,1466,Monthly,9.99,2024-05-25,,Active,
5467,1467,Monthly,9.99,2024-02-06,2026-02-20,Churned,2026-02-20
5468,1468,Monthly,9.99,2024-01-21,,Active,
5469,1469,Monthly,9.99,2024-02-10,,Active,
5470,1470,Monthly,9.99,2024-06-29,2025-02-20,Churned,2025-02-20
5471,1471,Monthly,9.99,2024-03-13,2025-07-13,CHURNED,2025-07-13
5472,1472,Monthly,9.99,2024-05-30,2026-04-27,Churned,2026-04-27
5473,1473,Monthly,9.99,2024-01-01,2025-10-01,Churned,2025-10-01
5474,1474,Monthly,9.99,2024-03-18,,Active,
5475,1475,Monthly,9.99,2024-05-03,2024-05-30,Churned,2024-05-30
5476,1476,Monthly,9.99,2024-01-22,,Active,
5477,1477,Monthly,9.99,2024-05-27,,Active,
5478,1478,Monthly,9.99,2024-06-11,,Active,
5479,1479,Monthly,9.99,2024-04-03,2026-07-01,Churned,2026-07-01
5480,1480,Monthly,9.99,2024-03-27,2025-08-28,Churned,2025-08-28
5481,1481,Monthly,9.99,2024-04-28,,Active,
5482,1482,Monthly,9.99,2024-03-27,,Active,
5483,1483,Monthly,9.99,2024-03-17,2025-02-21,Churned,2025-02-21
5484,1484,Monthly,9.99,2024-02-02,,Active,
5485,1485,Monthly,9.99,2024-05-14,,Active,
5486,1486,Monthly,9.99,2024-06-12,,Active,
5487,1487,Monthly,9.99,2024-04-20,2025-10-28,Churned,2025-10-28
5488,1488,Monthly,9.99,2024-01-13,2024-10-29,Churned,2024-10-29
5489,1489,Monthly,9.99,2024-06-20,2025-11-14,Churned,2025-11-14
5490,1490,Monthly,9.99,2024-04-16,2025-07-15,Churned,2025-07-15
5491,1491,Monthly,9.99,2024-01-05,2024-01-27,Churned,2024-01-27
5492,1492,Monthly,9.99,2024-06-11,2025-08-21,Churned,2025-08-21
5493,1493,Monthly,9.99,2024-04-23,2025-09-13,Churned,2025-09-13
5494,1494,Monthly,9.99,2024-01-09,2026-01-11,Churned,2026-01-11
5495,1495,Monthly,9.99,2024-05-15,2026-04-16,Churned,2026-04-16
5496,1496,Monthly,9.99,2024-05-24,2024-08-18,Churned,2024-08-18
5497,1497,Monthly,9.99,2024-05-17,,Active,
5498,1498,Monthly,9.99,2024-02-15,2025-10-17,Churned,2025-10-17
5499,1499,Monthly,9.99,2024-04-17,,Active,
5500,1500,Monthly,9.99,2024-05-16,2025-11-09,Churned,2025-11-09
5501,1501,Monthly,9.99,2024-02-15,2026-06-26,Churned,2026-06-26
5502,1502,Monthly,9.99,2024-06-16,2026-03-09,Churned,2026-03-09
5503,1503,Monthly,9.99,2024-04-14,2025-10-27,Churned,2025-10-27
5504,1504,Monthly,9.99,2024-01-06,2025-03-23,Churned,2025-03-23
5505,1505,Monthly,9.99,2024-03-02,2025-11-13,Churned,2025-11-13
5506,1506,Monthly,9.99,2024-04-28,,Active,
5507,1507,Monthly,9.99,2024-01-29,,Active,
5508,1508,Monthly,9.99,2024-01-09,2025-06-02,Churned,2025-06-02
5509,1509,Monthly,9.99,2024-05-17,,Active,
5510,1510,Monthly,9.99,2024-01-16,2025-08-10,Churned,2025-08-10
5511,1511,Monthly,9.99,2024-02-01,2025-10-13,Churned,2025-10-13
5512,1512,Monthly,9.99,2024-06-17,2025-03-26,Churned,2025-03-26
5513,1513,Monthly,9.99,2024-06-30,2025-12-28,Churned,2025-12-28
5514,1514,Monthly,9.99,2024-05-25,,Active,
5515,1515,Monthly,9.99,2024-03-15,2025-10-03,Churned,2025-10-03
5516,1516,Monthly,9.99,2024-06-26,,Active,
5517,1517,Monthly,9.99,2024-02-07,,Active,
5518,1518,Monthly,9.99,2024-02-13,,Active,
5519,1519,Monthly,9.99,2024-05-04,2025-12-17,Churned,2025-12-17
5520,1520,Monthly,9.99,2024-03-20,2025-08-22,Churned,2025-08-22
5521,1521,Monthly,9.99,2024-04-27,2026-06-14,Churned,2026-06-14
5522,1522,Monthly,9.99,2024-01-26,2025-07-12,Churned,2025-07-12
5523,1523,Monthly,9.99,2024-01-15,2026-01-16,Churned,2026-01-16
5524,1524,Monthly,9.99,2024-04-26,2025-10-28,Churned,2025-10-28
5525,1525,Monthly,9.99,2024-02-03,2025-12-05,Churned,2025-12-05
5526,1526,Monthly,9.99,2024-01-14,2025-12-03,Churned,2025-12-03
5527,1527,Monthly,9.99,2024-05-30,,Active,
5528,1528,Monthly,9.99,2024-04-23,2026-06-15,Churned,2026-06-15
5529,1529,Monthly,0.0,2024-04-14,2025-03-08,Churned,2025-03-08
5530,1530,Monthly,9.99,2024-05-16,2025-05-21,Churned,2025-05-21
5531,1531,Monthly,9.99,2024-03-22,,Active,
5532,1532,Monthly,9.99,2024-04-23,2025-11-22,Churned,2025-11-22
5533,1533,Monthly,9.99,2024-05-08,,ACTIVE,
5534,1534,Monthly,9.99,2024-02-09,,Active,
5535,1535,Monthly,9.99,2024-05-12,,Active,
5536,1536,Monthly,9.99,2024-03-18,2026-05-27,Churned,2026-05-27
5537,1537,Monthly,9.99,2024-04-10,2025-11-04,Churned,2025-11-04
5538,1538,Monthly,9.99,2024-03-11,2025-02-09,Churned,2025-02-09
5539,1539,Monthly,9.99,2024-01-07,2025-10-29,Churned,2025-10-29
5540,1540,Monthly,9.99,2024-04-22,2026-01-19,churned,2026-01-19
5541,1541,Monthly,9.99,2024-01-12,,Active,
5542,1542,Monthly,9.99,2024-01-15,2026-02-26,Churned,2026-02-26
5543,1543,Monthly,9.99,2024-01-19,2024-11-15,Churned,2024-11-15
5544,1544,Monthly,9.99,2024-05-23,2025-10-19,Churned,2025-10-19
5545,1545,Monthly,9.99,2024-02-05,2026-04-13,Churned,2026-04-13
5546,1546,Monthly,9.99,2024-04-24,2025-11-30,Churned,2025-11-30
5547,1547,Monthly,9.99,2024-06-29,2025-10-21,Churned,2025-10-21
5548,1548,Monthly,0.0,2024-05-04,2025-08-03,Churned,2025-08-03
5549,1549,Monthly,9.99,2024-05-09,,Active,
5550,1550,Monthly,0.0,2024-05-24,2026-03-22,Churned,2026-03-22
5551,1551,Monthly,9.99,2024-04-29,,Active,
5552,1552,Monthly,9.99,2024-02-08,,Active,
5553,1553,Monthly,9.99,2024-04-12,,Active,
5554,1554,Monthly,9.99,2024-02-27,2026-04-24,Churned,2026-04-24
5555,1555,Monthly,9.99,2024-05-27,2025-09-11,Churned,2025-09-11
5556,1556,Monthly,9.99,2024-05-18,2025-02-20,Churned,2025-02-20
5557,1557,Monthly,9.99,2024-04-18,2025-08-14,Churned,2025-08-14
5558,1558,Monthly,9.99,2024-04-06,,Active,
5559,1559,Monthly,9.99,2024-04-12,,Active,
5560,1560,Monthly,9.99,2024-02-23,2024-03-19,Churned,2024-03-19
5561,1561,Monthly,9.99,2024-01-24,,Active,
5562,1562,Monthly,9.99,2024-04-17,2026-02-28,Churned,2026-02-28
5563,1563,Monthly,9.99,2024-06-15,,Active,
5564,1564,Monthly,9.99,2024-03-11,,Active,
5565,1565,Monthly,9.99,2024-04-30,2026-04-26,Churned,2026-04-26
5566,1566,Monthly,9.99,2024-02-10,,Active,
5567,1567,Monthly,9.99,2024-01-29,,Active,
5568,1568,Monthly,9.99,2024-01-08,2025-06-25,Churned,2025-06-25
5569,1569,Monthly,9.99,2024-06-02,,Active,
5570,1570,Monthly,9.99,2024-01-29,2026-01-28,Churned,2026-01-28
5571,1571,Monthly,9.99,2024-04-30,,Active,
5572,1572,Monthly,9.99,2024-05-26,,Active,
5573,1573,Monthly,9.99,2024-04-13,,Active,
5574,1574,Monthly,9.99,2024-04-28,2025-08-15,Churned,2025-08-15
5575,1575,Monthly,9.99,2024-04-05,2026-06-16,Churned,2026-06-16
5576,1576,Monthly,9.99,2024-01-04,,Active,
5577,1577,Monthly,9.99,2024-03-29,2026-02-25,Churned,2026-02-25
5578,1578,Monthly,9.99,2024-05-19,2026-03-25,Churned,2026-03-25
5579,1579,Monthly,9.99,2024-05-04,2025-07-07,Churned,2025-07-07
5580,1580,Monthly,9.99,2024-04-03,2025-02-08,Churned,2025-02-08
5581,1581,Monthly,9.99,2024-03-16,,Active,
5582,1582,Monthly,9.99,2024-05-10,2025-11-08,Churned,2025-11-08
5583,1583,Monthly,9.99,2024-05-15,2026-01-02,Churned,2026-01-02
5584,1584,Monthly,9.99,2024-01-26,2025-08-28,CHURNED,2025-08-28
5585,1585,Monthly,9.99,2024-06-05,,Active,
5586,1586,Monthly,9.99,2024-04-29,2025-12-11,Churned,2025-12-11
5587,1587,Monthly,9.99,2024-06-05,,Active,
5588,1588,Monthly,9.99,2024-03-03,2024-03-29,Churned,2024-03-29
5589,1589,Monthly,9.99,2024-03-11,2025-09-21,Churned,2025-09-21
5590,1590,Monthly,9.99,2024-06-21,2026-04-08,Churned,2026-04-08
5591,1591,Monthly,9.99,2024-04-22,,Active,
5592,1592,Monthly,9.99,2024-01-11,,Active,
5593,1593,Monthly,9.99,2024-02-27,2026-02-13,Churned,2026-02-13
5594,1594,Monthly,9.99,2024-06-19,,Active,
5595,1595,Monthly,9.99,2024-03-11,2026-06-07,Churned,2026-06-07
5596,1596,Monthly,9.99,2024-01-26,2026-07-03,Churned,2026-07-03
5597,1597,Monthly,9.99,2024-06-30,,Active,
5598,1598,Monthly,9.99,2024-01-28,2025-12-03,Churned,2025-12-03
5599,1599,Monthly,9.99,2024-06-21,2026-02-17,Churned,2026-02-17
5600,1600,Monthly,9.99,2024-05-26,,Active,
5601,1601,Monthly,9.99,2024-01-07,,Active,
5602,1602,Monthly,9.99,2024-04-26,,active,
5603,1603,Monthly,9.99,2024-01-13,2025-12-08,Churned,2025-12-08
5604,1604,Monthly,9.99,2024-03-30,,Active,
5605,1605,Monthly,9.99,2024-03-19,2026-03-13,Churned,2026-03-13
5606,1606,Monthly,9.99,2024-02-21,2026-05-14,Churned,2026-05-14
5607,1607,Monthly,9.99,2024-03-23,,Active,
5608,1608,Monthly,9.99,2024-05-17,,Active,
5609,1609,Monthly,9.99,2024-02-07,2025-11-23,Churned,2025-11-23
5610,1610,Monthly,9.99,2024-01-22,2025-10-12,Churned,2025-10-12
5611,1611,Monthly,9.99,2024-02-27,,Active,
5612,1612,Monthly,9.99,2024-03-16,2025-12-14,churned,2025-12-14
5613,1613,Monthly,9.99,2024-05-12,2025-03-08,Churned,2025-03-08
5614,1614,Monthly,9.99,2024-03-08,2025-07-22,Churned,2025-07-22
5615,1615,Monthly,9.99,2024-02-04,2025-07-16,Churned,2025-07-16
5616,1616,Monthly,9.99,2024-05-09,2025-03-25,Churned,2025-03-25
5617,1617,Monthly,9.99,2024-06-14,2025-12-21,Churned,2025-12-21
5618,1618,Monthly,9.99,2024-05-07,2025-12-09,Churned,2025-12-09
5619,1619,Monthly,9.99,2024-05-02,2025-07-09,Churned,2025-07-09
5620,1620,Monthly,9.99,2024-01-08,2024-05-17,Churned,2024-05-17
5621,1621,Monthly,9.99,2024-03-20,,Active,
5622,1622,Monthly,9.99,2024-05-18,2025-07-04,Churned,2025-07-04
5623,1623,Monthly,9.99,2024-01-19,,Active,
5624,1624,Monthly,9.99,2024-01-08,2026-07-04,Churned,2026-07-04
5625,1625,Monthly,9.99,2024-04-07,,Active,
5626,1626,Monthly,9.99,2024-05-07,2025-02-19,Churned,2025-02-19
5627,1627,Monthly,9.99,2024-01-25,,Active,
5628,1628,Monthly,9.99,2024-01-01,2025-10-27,Churned,2025-10-27
5629,1629,Monthly,9.99,2024-02-14,2024-04-03,Churned,2024-04-03
5630,1630,Monthly,9.99,2024-05-26,,Active,
5631,1631,Monthly,9.99,2024-01-10,2026-04-01,Churned,2026-04-01
5632,1632,Monthly,9.99,2024-06-23,2025-10-13,Churned,2025-10-13
5633,1633,Monthly,9.99,2024-06-17,2025-11-02,Churned,2025-11-02
5634,1634,Monthly,9.99,2024-02-06,2025-10-24,Churned,2025-10-24
5635,1635,Monthly,9.99,2024-06-17,,Active,
5636,1636,Monthly,9.99,2024-05-24,2025-11-02,Churned,2025-11-02
5637,1637,Monthly,9.99,2024-02-20,2025-04-25,Churned,2025-04-25
5638,1638,Monthly,9.99,2024-05-23,2026-07-04,Churned,2026-07-04
5639,1639,Monthly,9.99,2024-01-11,2026-03-05,Churned,2026-03-05
5640,1640,Monthly,9.99,2024-01-13,,Active,
5641,1641,Monthly,9.99,2024-06-24,,Active,
5642,1642,Monthly,9.99,2024-01-26,,Active,
5643,1643,Monthly,9.99,2024-06-12,,ACTIVE,
5644,1644,Monthly,9.99,2024-03-02,2025-08-28,Churned,2025-08-28
5645,1645,Monthly,9.99,2024-04-12,,Active,
5646,1646,Monthly,9.99,2024-06-30,,Active,
5647,1647,Monthly,9.99,2024-01-03,2026-06-21,Churned,2026-06-21
5648,1648,Monthly,9.99,2024-01-03,2025-08-22,Churned,2025-08-22
5649,1649,Monthly,9.99,2024-01-30,,Active,
5650,1650,Monthly,9.99,2024-06-26,2024-07-28,Churned,2024-07-28
5651,1651,Monthly,9.99,2024-02-21,2025-11-10,Churned,2025-11-10
5652,1652,Monthly,9.99,2024-01-29,,Active,
5653,1653,Monthly,0.0,2024-04-04,2025-08-31,Churned,2025-08-31
5654,1654,Monthly,9.99,2024-01-04,,Active,
5655,1655,Monthly,9.99,2024-01-15,,Active,
5656,1656,Monthly,9.99,2024-04-22,2024-08-15,Churned,2024-08-15
5657,1657,Monthly,9.99,2024-02-06,2025-08-20,Churned,2025-08-20
5658,1658,Monthly,9.99,2024-02-13,,Active,
5659,1659,Monthly,9.99,2024-04-09,,Active,
5660,1660,Monthly,9.99,2024-05-01,,Active,
5661,1661,Monthly,9.99,2024-06-05,,Active,
5662,1662,Monthly,9.99,2024-04-02,,Active,
5663,1663,Monthly,9.99,2024-04-04,,Active,
5664,1664,Monthly,9.99,2024-02-02,2026-02-24,Churned,2026-02-24
5665,1665,Monthly,9.99,2024-04-09,,Active,
5666,1666,Monthly,9.99,2024-02-18,2025-10-03,Churned,2025-10-03
5667,1667,Monthly,9.99,2024-04-14,,Active,
5668,1668,Monthly,9.99,2024-06-08,2024-06-23,Churned,2024-06-23
5669,1669,Monthly,9.99,2024-04-23,,Active,
5670,1670,Monthly,9.99,2024-05-27,2024-07-22,Churned,2024-07-22
5671,1671,Monthly,9.99,2024-05-04,2025-11-14,Churned,2025-11-14
5672,1672,Monthly,9.99,2024-01-22,2025-09-08,Churned,2025-09-08
5673,1673,Monthly,9.99,2024-04-01,2026-03-20,Churned,2026-03-20
5674,1674,Monthly,9.99,2024-04-24,,Active,
5675,1675,Monthly,9.99,2024-01-31,2025-02-24,Churned,2025-02-24
5676,1676,Monthly,9.99,2024-03-04,2025-06-20,Churned,2025-06-20
5677,1677,Monthly,9.99,2024-05-01,,Active,
5678,1678,Monthly,9.99,2024-01-06,,Active,
5679,1679,Monthly,9.99,2024-02-04,,Active,
5680,1680,Monthly,9.99,2024-03-23,2026-06-30,Churned,2026-06-30
5681,1681,Monthly,9.99,2024-05-31,2024-07-12,Churned,2024-07-12
5682,1682,Monthly,9.99,2024-02-12,2026-06-13,Churned,2026-06-13
5683,1683,Monthly,9.99,2024-06-17,,Active,
5684,1684,Monthly,9.99,2024-01-05,,Active,
5685,1685,Monthly,9.99,2024-03-26,,Active,
5686,1686,Monthly,9.99,2024-03-07,,Active,
5687,1687,Monthly,9.99,2024-03-22,2025-07-31,Churned,2025-07-31
5688,1688,Monthly,9.99,2024-01-17,,Active,
5689,1689,Monthly,9.99,2024-03-28,2026-03-15,Churned,2026-03-15
5690,1690,Monthly,9.99,2024-03-25,,Active,
5691,1691,Monthly,9.99,2024-01-24,2026-01-13,Churned,2026-01-13
5692,1692,Monthly,9.99,2024-06-09,,Active,
5693,1693,Monthly,9.99,2024-06-22,,Active,
5694,1694,Monthly,9.99,2024-05-18,,Active,
5695,1695,Monthly,9.99,2024-02-28,,Active,
5696,1696,Monthly,9.99,2024-03-05,,Active,
5697,1697,Monthly,9.99,2024-02-11,,Active,
5698,1698,Monthly,9.99,2024-04-24,2025-12-04,Churned,2025-12-04
5699,1699,Monthly,9.99,2024-06-04,2026-05-08,Churned,2026-05-08
5700,1700,Monthly,9.99,2024-03-17,,Active,
5701,1701,Monthly,9.99,2024-04-14,2024-05-10,Churned,2024-05-10
5702,1702,Monthly,9.99,2024-04-28,,Active,
5703,1703,Monthly,9.99,2024-04-07,2025-05-02,Churned,2025-05-02
5704,1704,Monthly,9.99,2024-01-05,2026-01-12,Churned,2026-01-12
5705,1705,Monthly,9.99,2024-05-04,,Active,
5706,1706,Monthly,9.99,2024-01-28,,Active,
5707,1707,Monthly,9.99,2024-04-16,2025-07-03,Churned,2025-07-03
5708,1708,Monthly,9.99,2024-06-02,,Active,
5709,1709,Monthly,9.99,2024-05-01,,Active,
5710,1710,Monthly,9.99,2024-03-21,,Active,
5711,1711,Monthly,9.99,2024-02-02,2025-10-29,Churned,2025-10-29
5712,1712,Monthly,9.99,2024-03-04,,Active,
5713,1713,Monthly,9.99,2024-05-05,,Active,
5714,1714,Monthly,9.99,2024-03-11,,Active,
5715,1715,Monthly,9.99,2024-06-07,2025-08-28,Churned,2025-08-28
5716,1716,Monthly,9.99,2024-06-14,,Active,
5717,1717,Monthly,9.99,2024-05-09,2026-03-09,Churned,2026-03-09
5718,1718,Monthly,9.99,2024-03-16,2025-10-02,Churned,2025-10-02
5719,1719,Monthly,9.99,2024-02-07,2025-05-01,Churned,2025-05-01
5720,1720,Monthly,9.99,2024-02-20,,Active,
5721,1721,Monthly,9.99,2024-03-24,2025-08-05,Churned,2025-08-05
5722,1722,Monthly,9.99,2024-04-11,,Active,
5723,1723,Monthly,9.99,2024-01-15,2025-11-24,Churned,2025-11-24
5724,1724,Monthly,9.99,2024-03-01,2026-03-04,Churned,2026-03-04
5725,1725,Monthly,9.99,2024-05-19,2026-03-31,Churned,2026-03-31
5726,1726,Monthly,9.99,2024-04-24,,Active,
5727,1727,Monthly,9.99,2024-06-27,,Active,
5728,1728,Monthly,9.99,2024-03-23,2025-12-29,Churned,2025-12-29
5729,1729,Monthly,9.99,2024-06-27,2026-03-15,CHURNED,2026-03-15
5730,1730,Monthly,9.99,2024-01-21,2024-02-11,Churned,2024-02-11
5731,1731,Monthly,9.99,2024-06-08,,Active,
5732,1732,Monthly,9.99,2024-03-24,2026-03-12,Churned,2026-03-12
5733,1733,Monthly,9.99,2024-01-29,2025-11-21,Churned,2025-11-21
5734,1734,Monthly,9.99,2024-06-21,2025-08-20,Churned,2025-08-20
5735,1735,Monthly,9.99,2024-03-05,2025-12-05,Churned,2025-12-05
5736,1736,Monthly,9.99,2024-04-27,2025-11-08,Churned,2025-11-08
5737,1737,Monthly,9.99,2024-06-19,,Active,
5738,1738,Monthly,9.99,2024-03-11,,Active,
5739,1739,Monthly,9.99,2024-06-14,,Active,
5740,1740,Monthly,9.99,2024-01-09,,Active,
5741,1741,Monthly,9.99,2024-06-11,2025-11-09,Churned,2025-11-09
5742,1742,Monthly,9.99,2024-05-28,,Active,
5743,1743,Monthly,9.99,2024-06-22,,Active,
5744,1744,Monthly,9.99,2024-01-12,2025-08-19,CHURNED,2025-08-19
5745,1745,Monthly,9.99,2024-01-07,2025-10-29,CHURNED,2025-10-29
5746,1746,Monthly,9.99,2024-04-21,2025-09-06,Churned,2025-09-06
5747,1747,Monthly,9.99,2024-06-02,2025-08-29,Churned,2025-08-29
5748,1748,Monthly,9.99,2024-06-12,,Active,
5749,1749,Monthly,9.99,2024-06-21,,Active,
5750,1750,Monthly,9.99,2024-03-26,2025-08-25,Churned,2025-08-25
5751,1751,Monthly,9.99,2024-06-09,,Active,
5752,1752,Monthly,9.99,2024-02-22,2025-11-29,Churned,2025-11-29
5753,1753,Monthly,9.99,2024-05-27,,Active,
5754,1754,Monthly,9.99,2024-03-26,2026-03-14,Churned,2026-03-14
5755,1755,Monthly,9.99,2024-03-30,2025-10-08,Churned,2025-10-08
5756,1756,Monthly,9.99,2024-02-18,,Active,
5757,1757,Monthly,9.99,2024-03-19,2025-08-18,Churned,2025-08-18
5758,1758,Monthly,9.99,2024-01-08,2025-08-01,Churned,2025-08-01
5759,1759,Monthly,9.99,2024-04-18,,Active,
5760,1760,Monthly,9.99,2024-05-30,2025-10-19,Churned,2025-10-19
5761,1761,Monthly,9.99,2024-01-08,2026-01-07,CHURNED,2026-01-07
5762,1762,Monthly,9.99,2024-06-07,,Active,
5763,1763,Monthly,9.99,2024-01-23,2025-07-20,Churned,2025-07-20
5764,1764,Monthly,9.99,2024-03-27,2025-07-04,Churned,2025-07-04
5765,1765,Monthly,9.99,2024-04-15,,Active,
5766,1766,Monthly,9.99,2024-02-16,,Active,
5767,1767,Monthly,9.99,2024-01-31,2024-02-18,Churned,2024-02-18
5768,1768,Monthly,9.99,2024-04-19,,Active,
5769,1769,Monthly,9.99,2024-06-16,2026-02-09,Churned,2026-02-09
5770,1770,Monthly,9.99,2024-04-23,2026-03-06,Churned,2026-03-06
5771,1771,Monthly,9.99,2024-04-03,,Active,
5772,1772,Monthly,9.99,2024-01-09,2025-11-29,Churned,2025-11-29
5773,1773,Monthly,9.99,2024-05-09,,Active,
5774,1774,Monthly,9.99,2024-04-24,,Active,
5775,1775,Monthly,9.99,2024-01-30,2026-02-09,Churned,2026-02-09
5776,1776,Monthly,9.99,2024-05-10,2026-02-11,Churned,2026-02-11
5777,1777,Monthly,9.99,2024-03-03,,Active,
5778,1778,Monthly,9.99,2024-05-21,,Active,
5779,1779,Monthly,9.99,2024-01-18,2025-06-22,Churned,2025-06-22
5780,1780,Monthly,9.99,2024-04-02,2026-02-07,Churned,2026-02-07
5781,1781,Monthly,9.99,2024-01-08,2024-02-07,CHURNED,2024-02-07
5782,1782,Monthly,9.99,2024-02-02,2025-12-30,Churned,2025-12-30
5783,1783,Monthly,9.99,2024-05-13,,Active,
5784,1784,Monthly,9.99,2024-01-11,,Active,
5785,1785,Monthly,9.99,2024-06-03,,Active,
5786,1786,Monthly,9.99,2024-01-24,,Active,
5787,1787,Monthly,9.99,2024-03-14,2026-05-06,Churned,2026-05-06
5788,1788,Monthly,9.99,2024-03-19,2026-07-01,Churned,2026-07-01
5789,1789,Monthly,9.99,2024-02-05,,Active,
5790,1790,Monthly,9.99,2024-04-28,2024-05-21,Churned,2024-05-21
5791,1791,Monthly,9.99,2024-06-11,2025-11-29,Churned,2025-11-29
5792,1792,Monthly,9.99,2024-05-25,,Active,
5793,1793,Monthly,9.99,2024-04-10,,Active,
5794,1794,Monthly,9.99,2024-05-20,2026-07-03,Churned,2026-07-03
5795,1795,Monthly,9.99,2024-05-05,,Active,
5796,1796,Monthly,9.99,2024-01-14,,Active,
5797,1797,Monthly,9.99,2024-06-24,2026-06-09,Churned,2026-06-09
5798,1798,Monthly,9.99,2024-03-02,2025-07-21,Churned,2025-07-21
5799,1799,Monthly,9.99,2024-05-21,2025-06-02,Churned,2025-06-02
5800,1800,Monthly,9.99,2024-01-24,2026-06-25,Churned,2026-06-25
5801,1801,Monthly,9.99,2024-02-26,,Active,
5802,1802,Monthly,9.99,2024-03-19,2025-10-12,Churned,2025-10-12
5803,1803,Monthly,9.99,2024-04-23,2026-04-24,Churned,2026-04-24
5804,1804,Monthly,9.99,2024-06-21,2025-10-05,Churned,2025-10-05
5805,1805,Monthly,9.99,2024-06-04,2025-11-05,Churned,2025-11-05
5806,1806,Monthly,9.99,2024-02-23,,Active,
5807,1807,Monthly,9.99,2024-04-30,2025-06-07,Churned,2025-06-07
5808,1808,Monthly,9.99,2024-03-29,2025-05-08,Churned,2025-05-08
5809,1809,Monthly,9.99,2024-02-28,2025-10-05,Churned,2025-10-05
5810,1810,Monthly,9.99,2024-04-07,,Active,
5811,1811,Monthly,9.99,2024-05-14,,Active,
5812,1812,Monthly,9.99,2024-03-20,2025-05-04,Churned,2025-05-04
5813,1813,Monthly,9.99,2024-04-30,,Active,
5814,1814,Monthly,9.99,2024-01-26,,Active,
5815,1815,Monthly,9.99,2024-02-09,,Active,
5816,1816,Monthly,9.99,2024-01-06,,Active,
5817,1817,Monthly,9.99,2024-06-04,2026-03-03,Churned,2026-03-03
5818,1818,Monthly,9.99,2024-02-11,,Active,
5819,1819,Monthly,9.99,2024-05-05,2026-04-14,Churned,2026-04-14
5820,1820,Monthly,9.99,2024-05-27,2026-03-16,Churned,2026-03-16
5821,1821,Monthly,0.0,2024-01-10,2026-03-20,Churned,2026-03-20
5822,1822,Monthly,9.99,2024-03-17,2025-09-11,Churned,2025-09-11
5823,1823,Monthly,9.99,2024-05-31,,Active,
5824,1824,Monthly,9.99,2024-04-22,,Active,
5825,1825,Monthly,9.99,2024-01-14,,Active,
5826,1826,Monthly,9.99,2024-04-08,,Active,
5827,1827,Monthly,9.99,2024-05-02,2026-03-23,Churned,2026-03-23
5828,1828,Monthly,9.99,2024-05-23,2025-05-23,Churned,2025-05-23
5829,1829,Monthly,9.99,2024-06-05,2025-10-08,Churned,2025-10-08
5830,1830,Monthly,9.99,2024-05-11,,Active,
5831,1831,Monthly,9.99,2024-02-09,2025-11-27,Churned,2025-11-27
5832,1832,Monthly,9.99,2024-02-20,2025-02-18,Churned,2025-02-18
5833,1833,Monthly,9.99,2024-05-25,,Active,
5834,1834,Monthly,9.99,2024-01-17,2026-01-18,Churned,2026-01-18
5835,1835,Monthly,9.99,2024-05-06,,Active,
5836,1836,Monthly,9.99,2024-03-07,,Active,
5837,1837,Monthly,9.99,2024-06-19,2025-03-31,Churned,2025-03-31
5838,1838,Monthly,9.99,2024-01-06,2026-03-03,Churned,2026-03-03
5839,1839,Monthly,9.99,2024-05-31,,Active,
5840,1840,Monthly,9.99,2024-03-04,2026-01-07,Churned,2026-01-07
5841,1841,Monthly,9.99,2024-03-25,2025-09-07,Churned,2025-09-07
5842,1842,Monthly,9.99,2024-01-15,,Active,
5843,1843,Monthly,9.99,2024-03-01,2025-08-23,Churned,2025-08-23
5844,1844,Monthly,9.99,2024-03-14,,Active,
5845,1845,Monthly,9.99,2024-01-22,,Active,
5846,1846,Monthly,9.99,2024-01-01,,Active,
5847,1847,Monthly,9.99,2024-01-23,,Active,
5848,1848,Monthly,9.99,2024-02-19,2025-07-29,Churned,2025-07-29
5849,1849,Monthly,9.99,2024-05-14,,Active,
5850,1850,Monthly,9.99,2024-06-28,2025-11-27,Churned,2025-11-27
5851,1851,Monthly,9.99,2024-06-26,,Active,
5852,1852,Monthly,9.99,2024-03-01,2025-09-01,Churned,2025-09-01
5853,1853,Monthly,9.99,2024-01-16,,Active,
5854,1854,Monthly,9.99,2024-03-26,2024-07-05,Churned,2024-07-05
5855,1855,Monthly,9.99,2024-02-23,,Active,
5856,1856,Monthly,9.99,2024-03-05,2025-12-06,Churned,2025-12-06
5857,1857,Monthly,9.99,2024-03-24,2025-10-06,Churned,2025-10-06
5858,1858,Monthly,9.99,2024-02-12,,Active,
5859,1859,Monthly,9.99,2024-06-03,,Active,
5860,1860,Monthly,9.99,2024-03-28,2025-12-22,Churned,2025-12-22
5861,1861,Monthly,9.99,2024-03-26,,Active,
5862,1862,Monthly,9.99,2024-01-11,2025-10-13,Churned,2025-10-13
5863,1863,Monthly,9.99,2024-01-05,,Active,
5864,1864,Monthly,9.99,2024-06-04,2025-12-15,Churned,2025-12-15
5865,1865,Monthly,9.99,2024-06-20,2025-08-30,Churned,2025-08-30
5866,1866,Monthly,9.99,2024-01-01,,Active,
5867,1867,Monthly,9.99,2024-06-12,2026-04-15,Churned,2026-04-15
5868,1868,Monthly,9.99,2024-03-01,,Active,
5869,1869,Monthly,9.99,2024-01-21,,Active,
5870,1870,Monthly,9.99,2024-03-15,2025-03-12,Churned,2025-03-12
5871,1871,Monthly,9.99,2024-03-14,,Active,
5872,1872,Monthly,9.99,2024-01-01,,Active,
5873,1873,Monthly,9.99,2024-04-25,2025-07-18,Churned,2025-07-18
5874,1874,Monthly,9.99,2024-03-12,2025-10-01,Churned,2025-10-01
5875,1875,Monthly,9.99,2024-06-07,2025-11-04,Churned,2025-11-04
5876,1876,Monthly,9.99,2024-06-25,,Active,
5877,1877,Monthly,9.99,2024-04-20,2024-05-16,Churned,2024-05-16
5878,1878,Monthly,9.99,2024-06-27,2025-08-12,Churned,2025-08-12
5879,1879,Monthly,9.99,2024-04-27,,Active,
5880,1880,Monthly,9.99,2024-06-19,,Active,
5881,1881,Monthly,9.99,2024-01-25,2024-03-06,Churned,2024-03-06
5882,1882,Monthly,9.99,2024-01-09,,Active,
5883,1883,Monthly,9.99,2024-01-15,2026-05-03,Churned,2026-05-03
5884,1884,Monthly,9.99,2024-04-15,,Active,
5885,1885,Monthly,9.99,2024-03-13,,Active,
5886,1886,Monthly,9.99,2024-01-25,2025-08-28,Churned,2025-08-28
5887,1887,Monthly,9.99,2024-03-11,2025-12-03,Churned,2025-12-03
5888,1888,Monthly,9.99,2024-06-17,,Active,
5889,1889,Monthly,9.99,2024-01-14,2025-12-19,Churned,2025-12-19
5890,1890,Monthly,0.0,2024-01-28,2026-05-17,Churned,2026-05-17
5891,1891,Monthly,9.99,2024-05-25,2025-09-15,Churned,2025-09-15
5892,1892,Monthly,9.99,2024-06-23,2025-06-04,Churned,2025-06-04
5893,1893,Monthly,9.99,2024-03-01,,Active,
5894,1894,Monthly,9.99,2024-05-31,2025-11-01,Churned,2025-11-01
5895,1895,Monthly,9.99,2024-06-03,2026-07-01,CHURNED,2026-07-01
5896,1896,Monthly,9.99,2024-06-13,2026-07-02,Churned,2026-07-02
5897,1897,Monthly,9.99,2024-01-19,2025-10-14,Churned,2025-10-14
5898,1898,Monthly,9.99,2024-06-27,2025-04-24,Churned,2025-04-24
5899,1899,Monthly,9.99,2024-03-24,,Active,
5900,1900,Monthly,9.99,2024-03-31,,Active,
5901,1901,Monthly,9.99,2024-03-05,,active,
5902,1902,Monthly,9.99,2024-05-14,,Active,
5903,1903,Monthly,9.99,2024-05-01,2026-07-01,Churned,2026-07-01
5904,1904,Monthly,9.99,2024-03-11,2025-10-19,Churned,2025-10-19
5905,1905,Monthly,9.99,2024-03-01,2025-02-23,Churned,2025-02-23
5906,1906,Monthly,0.0,2024-04-04,2024-11-29,Churned,2024-11-29
5907,1907,Monthly,9.99,2024-05-25,2025-07-18,Churned,2025-07-18
5908,1908,Monthly,9.99,2024-05-15,2025-11-27,Churned,2025-11-27
5909,1909,Monthly,9.99,2024-01-01,,Active,
5910,1910,Monthly,9.99,2024-06-09,,Active,
5911,1911,Monthly,9.99,2024-03-03,2025-03-23,Churned,2025-03-23
5912,1912,Monthly,9.99,2024-05-23,,Active,
5913,1913,Monthly,9.99,2024-02-22,2025-09-19,Churned,2025-09-19
5914,1914,Monthly,9.99,2024-02-26,2025-04-06,Churned,2025-04-06
5915,1915,Monthly,9.99,2024-03-12,,Active,
5916,1916,Monthly,9.99,2024-03-05,,Active,
5917,1917,Monthly,9.99,2024-06-17,,Active,
5918,1918,Monthly,9.99,2024-01-26,,Active,
5919,1919,Monthly,9.99,2024-04-25,2025-10-20,Churned,2025-10-20
5920,1920,Monthly,9.99,2024-02-10,2025-11-14,Churned,2025-11-14
5921,1921,Monthly,9.99,2024-06-18,,Active,
5922,1922,Monthly,9.99,2024-04-20,2025-03-29,Churned,2025-03-29
5923,1923,Monthly,9.99,2024-02-14,,Active,
5924,1924,Monthly,9.99,2024-04-21,,Active,
5925,1925,Monthly,9.99,2024-02-10,2025-08-15,Churned,2025-08-15
5926,1926,Monthly,9.99,2024-04-23,,Active,
5927,1927,Monthly,9.99,2024-03-16,2024-04-07,Churned,2024-04-07
5928,1928,Monthly,9.99,2024-02-28,2026-01-29,Churned,2026-01-29
5929,1929,Monthly,9.99,2024-02-16,2024-03-08,Churned,2024-03-08
5930,1930,Monthly,9.99,2024-05-21,,Active,
5931,1931,Monthly,9.99,2024-05-05,2026-07-01,Churned,2026-07-01
5932,1932,Monthly,9.99,2024-01-19,2025-03-02,Churned,2025-03-02
5933,1933,Monthly,9.99,2024-03-27,2026-01-25,Churned,2026-01-25
5934,1934,Monthly,9.99,2024-01-08,2025-11-20,Churned,2025-11-20
5935,1935,Monthly,9.99,2024-01-26,,Active,
5936,1936,Monthly,9.99,2024-06-21,2025-02-01,Churned,2025-02-01
5937,1937,Monthly,9.99,2024-02-07,,Active,
5938,1938,Monthly,9.99,2024-03-14,,Active,
5939,1939,Monthly,9.99,2024-06-02,,Active,
5940,1940,Monthly,9.99,2024-05-12,2025-09-20,Churned,2025-09-20
5941,1941,Monthly,9.99,2024-03-23,,Active,
5942,1942,Monthly,9.99,2024-01-11,2025-10-15,Churned,2025-10-15
5943,1943,Monthly,9.99,2024-01-05,,Active,
5944,1944,Monthly,9.99,2024-03-09,2025-11-02,Churned,2025-11-02
5945,1945,Monthly,9.99,2024-03-07,2025-09-06,Churned,2025-09-06
5946,1946,Monthly,9.99,2024-04-06,,Active,
5947,1947,Monthly,9.99,2024-04-12,,Active,
5948,1948,Monthly,9.99,2024-02-10,2025-12-17,Churned,2025-12-17
5949,1949,Monthly,9.99,2024-03-20,2025-10-25,Churned,2025-10-25
5950,1950,Monthly,9.99,2024-04-05,,Active,
5951,1951,Monthly,9.99,2024-06-23,2026-04-05,Churned,2026-04-05
5952,1952,Monthly,9.99,2024-04-15,2026-02-26,Churned,2026-02-26
5953,1953,Monthly,9.99,2024-01-28,2025-09-07,Churned,2025-09-07
5954,1954,Monthly,9.99,2024-02-04,,Active,
5955,1955,Monthly,9.99,2024-03-15,2025-09-27,Churned,2025-09-27
5956,1956,Monthly,9.99,2024-06-30,,Active,
5957,1957,Monthly,9.99,2024-02-01,2025-02-17,Churned,2025-02-17
5958,1958,Monthly,9.99,2024-02-04,2025-12-12,Churned,2025-12-12
5959,1959,Monthly,9.99,2024-06-05,,Active,
5960,1960,Monthly,0.0,2024-05-14,,Active,
5961,1961,Monthly,9.99,2024-03-26,,Active,
5962,1962,Monthly,9.99,2024-03-26,,Active,
5963,1963,Monthly,9.99,2024-04-16,,Active,
5964,1964,Monthly,0.0,2024-01-15,,Active,
5965,1965,Monthly,0.0,2024-03-15,,Active,
5966,1966,Monthly,9.99,2024-02-10,,Active,
5967,1967,Monthly,9.99,2024-01-20,,Active,
5968,1968,Monthly,9.99,2024-01-11,,Active,
5969,1969,Monthly,9.99,2024-01-12,2026-04-07,Churned,2026-04-07
5970,1970,Monthly,9.99,2024-01-15,2025-12-26,Churned,2025-12-26
5971,1971,Monthly,9.99,2024-06-24,,Active,
5972,1972,Monthly,9.99,2024-03-28,,Active,
5973,1973,Monthly,9.99,2024-05-04,2026-05-10,Churned,2026-05-10
5974,1974,Monthly,9.99,2024-01-11,2026-02-28,Churned,2026-02-28
5975,1975,Monthly,9.99,2024-03-01,2026-07-05,Churned,2026-07-05
5976,1976,Monthly,9.99,2024-06-14,2026-01-10,Churned,2026-01-10
5977,1977,Monthly,9.99,2024-01-13,2025-02-06,Churned,2025-02-06
5978,1978,Monthly,9.99,2024-04-25,2024-10-22,Churned,2024-10-22
5979,1979,Monthly,9.99,2024-05-26,2026-02-11,Churned,2026-02-11
5980,1980,Monthly,9.99,2024-05-13,,Active,
5981,1981,Monthly,0.0,2024-05-24,2025-06-08,Churned,2025-06-08
5982,1982,Monthly,9.99,2024-02-18,,Active,
5983,1983,Monthly,9.99,2024-05-23,2025-10-24,Churned,2025-10-24
5984,1984,Monthly,9.99,2024-04-16,2025-08-14,Churned,2025-08-14
5985,1985,Monthly,9.99,2024-02-26,,Active,
5986,1986,Monthly,9.99,2024-05-23,,Active,
5987,1987,Monthly,9.99,2024-01-31,2026-02-02,Churned,2026-02-02
5988,1988,Monthly,9.99,2024-04-01,,Active,
5989,1989,Monthly,9.99,2024-06-10,,Active,
5990,1990,Monthly,9.99,2024-05-15,,Active,
5991,1991,Monthly,9.99,2024-02-08,,Active,
5992,1992,Monthly,9.99,2024-02-12,2025-10-13,Churned,2025-10-13
5993,1993,Monthly,9.99,2024-01-15,2024-06-10,Churned,2024-06-10
5994,1994,Monthly,9.99,2024-03-26,,Active,
5995,1995,Monthly,9.99,2024-06-10,2026-03-29,Churned,2026-03-29
5996,1996,Monthly,9.99,2024-04-23,2025-10-09,Churned,2025-10-09
5997,1997,Monthly,9.99,2024-05-06,,Active,
5998,1998,Monthly,9.99,2024-04-15,,Active,
5999,1999,Monthly,9.99,2024-05-01,,Active,
6000,2000,Monthly,9.99,2024-03-08,,Active,
6001,2001,Monthly,9.99,2024-04-26,,Active,
6002,2002,Monthly,9.99,2024-04-12,2026-05-22,Churned,2026-05-22
6003,2003,Monthly,9.99,2024-01-01,2025-07-03,Churned,2025-07-03
6004,2004,Monthly,9.99,2024-05-06,,Active,
6005,2005,Monthly,9.99,2024-05-31,2026-02-19,Churned,2026-02-19
6006,2006,Monthly,9.99,2024-01-12,,Active,
6007,2007,Monthly,9.99,2024-01-27,2024-02-22,Churned,2024-02-22
6008,2008,Monthly,9.99,2024-02-13,,Active,
6009,2009,Monthly,9.99,2024-02-19,,Active,
6010,2010,Monthly,9.99,2024-06-24,2025-10-27,Churned,2025-10-27
6011,2011,Monthly,9.99,2024-05-11,2025-08-12,Churned,2025-08-12
6012,2012,Monthly,9.99,2024-01-06,2025-12-17,Churned,2025-12-17
6013,2013,Monthly,9.99,2024-06-28,,Active,
6014,2014,Monthly,9.99,2024-01-04,2026-03-06,Churned,2026-03-06
6015,2015,Monthly,9.99,2024-03-30,,Active,
6016,2016,Monthly,9.99,2024-05-18,2026-03-23,Churned,2026-03-23
6017,2017,Monthly,9.99,2024-02-14,2026-01-23,Churned,2026-01-23
6018,2018,Monthly,9.99,2024-05-16,2025-08-14,Churned,2025-08-14
6019,2019,Monthly,9.99,2024-02-02,,Active,
6020,2020,Monthly,9.99,2024-06-02,2024-08-13,Churned,2024-08-13
6021,2021,Monthly,9.99,2024-06-05,,Active,
6022,2022,Monthly,9.99,2024-01-10,2026-04-19,Churned,2026-04-19
6023,2023,Monthly,9.99,2024-05-02,2025-12-29,Churned,2025-12-29
6024,2024,Monthly,9.99,2024-01-17,2025-07-09,Churned,2025-07-09
6025,2025,Monthly,9.99,2024-05-27,,Active,
6026,2026,Monthly,9.99,2024-02-20,2026-07-07,Churned,2026-07-07
6027,2027,Monthly,9.99,2024-02-17,2025-10-11,Churned,2025-10-11
6028,2028,Monthly,9.99,2024-04-09,2025-02-03,Churned,2025-02-03
6029,2029,Monthly,9.99,2024-05-18,2025-11-22,CHURNED,2025-11-22
6030,2030,Monthly,9.99,2024-04-10,,Active,
6031,2031,Monthly,9.99,2024-05-27,2024-12-17,Churned,2024-12-17
6032,2032,Monthly,9.99,2024-02-12,,Active,
6033,2033,Monthly,9.99,2024-03-28,2025-04-06,Churned,2025-04-06
6034,2034,Monthly,9.99,2024-06-04,,Active,
6035,2035,Monthly,9.99,2024-01-07,2024-07-29,Churned,2024-07-29
6036,2036,Monthly,9.99,2024-03-23,,Active,
6037,2037,Monthly,9.99,2024-01-31,2025-08-26,Churned,2025-08-26
6038,2038,Monthly,9.99,2024-02-12,,Active,
6039,2039,Monthly,9.99,2024-04-03,,Active,
6040,2040,Monthly,9.99,2024-02-25,2026-01-26,Churned,2026-01-26
6041,2041,Monthly,9.99,2024-04-19,,Active,
6042,2042,Monthly,9.99,2024-01-23,2025-12-20,Churned,2025-12-20
6043,2043,Monthly,9.99,2024-05-14,2025-11-15,Churned,2025-11-15
6044,2044,Monthly,9.99,2024-03-01,2025-07-29,Churned,2025-07-29
6045,2045,Monthly,9.99,2024-05-22,,Active,
6046,2046,Monthly,9.99,2024-04-25,2026-03-15,Churned,2026-03-15
6047,2047,Monthly,9.99,2024-06-20,2026-02-25,Churned,2026-02-25
6048,2048,Monthly,9.99,2024-06-06,,Active,
6049,2049,Monthly,9.99,2024-04-19,,Active,
6050,2050,Monthly,9.99,2024-02-28,,Active,
6051,2051,Monthly,9.99,2024-03-22,,Active,
6052,2052,Monthly,9.99,2024-02-16,,Active,
6053,2053,Monthly,9.99,2024-05-05,2025-08-01,Churned,2025-08-01
6054,2054,Monthly,9.99,2024-03-15,,Active,
6055,2055,Monthly,9.99,2024-03-14,2026-04-14,Churned,2026-04-14
6056,2056,Monthly,9.99,2024-02-18,,Active,
6057,2057,Monthly,9.99,2024-01-16,2026-01-19,Churned,2026-01-19
6058,2058,Monthly,9.99,2024-05-21,,Active,
6059,2059,Monthly,9.99,2024-02-15,2026-07-04,Churned,2026-07-04
6060,2060,Monthly,9.99,2024-03-09,2026-06-18,Churned,2026-06-18
6061,2061,Monthly,9.99,2024-06-20,2025-07-21,Churned,2025-07-21
6062,2062,Monthly,9.99,2024-02-16,,Active,
6063,2063,Monthly,9.99,2024-02-25,,Active,
6064,2064,Monthly,9.99,2024-02-09,,Active,
6065,2065,Monthly,9.99,2024-03-24,,Active,
6066,2066,Monthly,9.99,2024-03-24,,Active,
6067,2067,Monthly,9.99,2024-03-19,,Active,
6068,2068,Monthly,9.99,2024-04-10,2026-02-23,Churned,2026-02-23
6069,2069,Monthly,9.99,2024-01-30,,Active,
6070,2070,Monthly,9.99,2024-04-22,,Active,
6071,2071,Monthly,9.99,2024-02-24,,Active,
6072,2072,Monthly,9.99,2024-01-08,,Active,
6073,2073,Monthly,0.0,2024-02-14,,Active,
6074,2074,Monthly,9.99,2024-05-09,2025-06-13,Churned,2025-06-13
6075,2075,Monthly,9.99,2024-04-01,2024-06-16,Churned,2024-06-16
6076,2076,Monthly,9.99,2024-03-12,,Active,
6077,2077,Monthly,9.99,2024-01-18,2026-03-20,Churned,2026-03-20
6078,2078,Monthly,9.99,2024-02-08,,Active,
6079,2079,Monthly,9.99,2024-02-20,2025-09-18,Churned,2025-09-18
6080,2080,Monthly,9.99,2024-05-27,,Active,
6081,2081,Monthly,9.99,2024-01-13,,Active,
6082,2082,Monthly,9.99,2024-06-18,2025-12-11,Churned,2025-12-11
6083,2083,Monthly,0.0,2024-02-03,,active,
6084,2084,Monthly,9.99,2024-02-20,,Active,
6085,2085,Monthly,9.99,2024-05-17,2025-12-05,Churned,2025-12-05
6086,2086,Monthly,9.99,2024-01-27,,Active,
6087,2087,Monthly,9.99,2024-02-05,2025-11-05,Churned,2025-11-05
6088,2088,Monthly,9.99,2024-01-05,2025-09-11,Churned,2025-09-11
6089,2089,Monthly,9.99,2024-01-17,2024-02-23,Churned,2024-02-23
6090,2090,Monthly,9.99,2024-06-26,2025-11-28,Churned,2025-11-28
6091,2091,Monthly,9.99,2024-04-18,2026-02-01,Churned,2026-02-01
6092,2092,Monthly,9.99,2024-01-07,2025-11-28,Churned,2025-11-28
6093,2093,Monthly,9.99,2024-04-18,2026-06-19,Churned,2026-06-19
6094,2094,Monthly,9.99,2024-01-16,,Active,
6095,2095,Monthly,9.99,2024-02-02,2024-02-29,Churned,2024-02-29
6096,2096,Monthly,9.99,2024-06-24,,Active,
6097,2097,Monthly,9.99,2024-06-06,2024-06-25,Churned,2024-06-25
6098,2098,Monthly,9.99,2024-03-19,2025-08-01,Churned,2025-08-01
6099,2099,Monthly,9.99,2024-02-14,2025-04-25,Churned,2025-04-25
6100,2100,Monthly,9.99,2024-01-29,2026-06-10,Churned,2026-06-10
6101,2101,Monthly,9.99,2024-04-15,2025-12-10,Churned,2025-12-10
6102,2102,Monthly,9.99,2024-01-11,,Active,
6103,2103,Monthly,9.99,2024-01-28,,Active,
6104,2104,Monthly,9.99,2024-01-14,,Active,
6105,2105,Monthly,9.99,2024-02-21,2025-03-26,Churned,2025-03-26
6106,2106,Monthly,9.99,2024-06-29,2025-07-24,Churned,2025-07-24
6107,2107,Monthly,9.99,2024-02-10,,Active,
6108,2108,Monthly,9.99,2024-02-08,,Active,
6109,2109,Monthly,9.99,2024-01-15,,Active,
6110,2110,Monthly,9.99,2024-01-30,2025-09-01,Churned,2025-09-01
6111,2111,Monthly,9.99,2024-03-08,2025-12-22,Churned,2025-12-22
6112,2112,Monthly,9.99,2024-03-21,,Active,
6113,2113,Monthly,9.99,2024-03-17,2025-10-12,Churned,2025-10-12
6114,2114,Monthly,9.99,2024-06-14,2025-11-14,Churned,2025-11-14
6115,2115,Monthly,9.99,2024-04-07,,Active,
6116,2116,Monthly,9.99,2024-02-14,2026-05-10,Churned,2026-05-10
6117,2117,Monthly,9.99,2024-01-30,2025-11-06,Churned,2025-11-06
6118,2118,Monthly,9.99,2024-04-29,,Active,
6119,2119,Monthly,9.99,2024-02-10,2026-01-22,Churned,2026-01-22
6120,2120,Monthly,9.99,2024-06-24,2025-12-13,Churned,2025-12-13
6121,2121,Monthly,9.99,2024-01-29,,Active,
6122,2122,Monthly,9.99,2024-04-12,2025-09-02,Churned,2025-09-02
6123,2123,Monthly,9.99,2024-02-29,2025-05-26,Churned,2025-05-26
6124,2124,Monthly,9.99,2024-01-07,,Active,
6125,2125,Monthly,9.99,2024-04-07,,Active,
6126,2126,Monthly,9.99,2024-05-07,,Active,
6127,2127,Monthly,9.99,2024-04-10,,Active,
6128,2128,Monthly,9.99,2024-03-31,2025-12-02,Churned,2025-12-02
6129,2129,Monthly,9.99,2024-01-12,2026-02-15,Churned,2026-02-15
6130,2130,Monthly,9.99,2024-04-06,,Active,
6131,2131,Monthly,9.99,2024-06-12,,Active,
6132,2132,Monthly,9.99,2024-03-04,,Active,
6133,2133,Monthly,9.99,2024-01-03,2025-02-21,Churned,2025-02-21
6134,2134,Monthly,9.99,2024-04-14,,active,
6135,2135,Monthly,9.99,2024-04-21,2026-07-06,Churned,2026-07-06
6136,2136,Monthly,9.99,2024-01-18,,Active,
6137,2137,Monthly,9.99,2024-03-04,,Active,
6138,2138,Monthly,9.99,2024-01-28,,Active,
6139,2139,Monthly,9.99,2024-03-23,,Active,
6140,2140,Monthly,9.99,2024-03-12,2024-06-02,Churned,2024-06-02
6141,2141,Monthly,9.99,2024-06-27,,Active,
6142,2142,Monthly,9.99,2024-01-17,,Active,
6143,2143,Monthly,9.99,2024-01-01,2025-04-10,Churned,2025-04-10
6144,2144,Monthly,9.99,2024-01-27,2025-12-29,Churned,2025-12-29
6145,2145,Monthly,0.0,2024-06-06,2025-10-11,Churned,2025-10-11
6146,2146,Monthly,9.99,2024-05-09,,Active,
6147,2147,Monthly,9.99,2024-06-17,,Active,
6148,2148,Monthly,9.99,2024-03-04,2025-11-07,Churned,2025-11-07
6149,2149,Monthly,9.99,2024-01-16,,Active,
6150,2150,Monthly,9.99,2024-04-15,2025-12-24,Churned,2025-12-24
6151,2151,Monthly,9.99,2024-01-02,,Active,
6152,2152,Monthly,9.99,2024-03-16,2025-04-14,Churned,2025-04-14
6153,2153,Monthly,9.99,2024-04-15,2025-04-25,Churned,2025-04-25
6154,2154,Monthly,9.99,2024-04-23,2026-05-19,Churned,2026-05-19
6155,2155,Monthly,9.99,2024-02-19,,Active,
6156,2156,Monthly,9.99,2024-04-07,,Active,
6157,2157,Monthly,9.99,2024-06-10,,Active,
6158,2158,Monthly,9.99,2024-02-08,,Active,
6159,2159,Monthly,9.99,2024-02-04,2025-10-09,Churned,2025-10-09
6160,2160,Monthly,9.99,2024-05-08,2025-11-22,Churned,2025-11-22
6161,2161,Monthly,9.99,2024-05-17,2025-10-30,Churned,2025-10-30
6162,2162,Monthly,9.99,2024-02-02,2025-05-22,Churned,2025-05-22
6163,2163,Monthly,9.99,2024-03-10,2025-02-20,Churned,2025-02-20
6164,2164,Monthly,9.99,2024-01-29,,Active,
6165,2165,Monthly,9.99,2024-04-20,,Active,
6166,2166,Monthly,9.99,2024-06-11,,Active,
6167,2167,Monthly,9.99,2024-03-05,2025-05-26,Churned,2025-05-26
6168,2168,Monthly,9.99,2024-04-29,,Active,
6169,2169,Monthly,9.99,2024-04-24,,Active,
6170,2170,Monthly,9.99,2024-04-11,,Active,
6171,2171,Monthly,9.99,2024-02-19,,Active,
6172,2172,Monthly,9.99,2024-01-04,2025-08-01,Churned,2025-08-01
6173,2173,Monthly,9.99,2024-03-06,,Active,
6174,2174,Monthly,9.99,2024-02-28,,Active,
6175,2175,Monthly,9.99,2024-05-09,2025-08-20,Churned,2025-08-20
6176,2176,Monthly,9.99,2024-06-20,2026-05-23,Churned,2026-05-23
6177,2177,Monthly,9.99,2024-05-01,2025-04-11,Churned,2025-04-11
6178,2178,Monthly,9.99,2024-06-01,,Active,
6179,2179,Monthly,9.99,2024-05-25,,Active,
6180,2180,Monthly,9.99,2024-03-21,2025-09-03,Churned,2025-09-03
6181,2181,Monthly,9.99,2024-02-29,2025-05-08,Churned,2025-05-08
6182,2182,Monthly,9.99,2024-02-14,,Active,
6183,2183,Monthly,9.99,2024-03-01,2026-06-11,Churned,2026-06-11
6184,2184,Monthly,9.99,2024-02-10,,Active,
6185,2185,Monthly,9.99,2024-05-22,2024-12-30,Churned,2024-12-30
6186,2186,Monthly,9.99,2024-01-01,,Active,
6187,2187,Monthly,9.99,2024-01-08,,Active,
6188,2188,Monthly,9.99,2024-02-01,,Active,
6189,2189,Monthly,9.99,2024-03-01,2026-07-01,Churned,2026-07-01
6190,2190,Monthly,9.99,2024-03-11,,Active,
6191,2191,Monthly,9.99,2024-05-30,,Active,
6192,2192,Monthly,9.99,2024-01-01,,Active,
6193,2193,Monthly,0.0,2024-03-25,,Active,
6194,2194,Monthly,9.99,2024-01-24,2026-02-06,Churned,2026-02-06
6195,2195,Monthly,9.99,2024-02-27,,Active,
6196,2196,Monthly,9.99,2024-04-30,2025-12-24,Churned,2025-12-24
6197,2197,Monthly,9.99,2024-03-16,2024-06-02,CHURNED,2024-06-02
6198,2198,Monthly,9.99,2024-01-04,2025-02-21,Churned,2025-02-21
6199,2199,Monthly,9.99,2024-06-23,2025-09-09,Churned,2025-09-09
6200,2200,Monthly,9.99,2024-04-26,2025-08-29,Churned,2025-08-29
6201,2201,Monthly,9.99,2024-06-28,,Active,
6202,2202,Monthly,9.99,2024-03-18,2026-01-07,Churned,2026-01-07
6203,2203,Monthly,9.99,2024-05-10,2026-01-19,Churned,2026-01-19
6204,2204,Monthly,9.99,2024-04-08,,Active,
6205,2205,Monthly,9.99,2024-06-04,2025-07-19,Churned,2025-07-19
6206,2206,Monthly,9.99,2024-05-30,2025-06-08,Churned,2025-06-08
6207,2207,Monthly,9.99,2024-02-03,,Active,
6208,2208,Monthly,9.99,2024-05-09,,Active,
6209,2209,Monthly,9.99,2024-01-05,2026-01-29,Churned,2026-01-29
6210,2210,Monthly,9.99,2024-01-14,,Active,
6211,2211,Monthly,9.99,2024-05-23,2025-11-05,Churned,2025-11-05
6212,2212,Monthly,9.99,2024-05-12,2026-07-05,Churned,2026-07-05
6213,2213,Monthly,9.99,2024-05-18,2026-03-06,Churned,2026-03-06
6214,2214,Monthly,9.99,2024-06-13,2025-11-22,Churned,2025-11-22
6215,2215,Monthly,9.99,2024-01-28,,Active,
6216,2216,Monthly,9.99,2024-02-28,2025-10-22,Churned,2025-10-22
6217,2217,Monthly,9.99,2024-01-19,2025-12-05,Churned,2025-12-05
6218,2218,Monthly,9.99,2024-05-26,2026-07-04,Churned,2026-07-04
6219,2219,Monthly,9.99,2024-05-13,2025-04-23,Churned,2025-04-23
6220,2220,Monthly,9.99,2024-03-12,2025-06-23,Churned,2025-06-23
6221,2221,Monthly,9.99,2024-02-21,2026-07-03,Churned,2026-07-03
6222,2222,Monthly,9.99,2024-03-26,,Active,
6223,2223,Monthly,9.99,2024-03-16,2025-03-28,Churned,2025-03-28
6224,2224,Monthly,9.99,2024-02-08,2025-08-21,Churned,2025-08-21
6225,2225,Monthly,9.99,2024-05-30,,Active,
6226,2226,Monthly,9.99,2024-02-15,,Active,
6227,2227,Monthly,9.99,2024-02-05,,Active,
6228,2228,Monthly,9.99,2024-04-24,,Active,
6229,2229,Monthly,9.99,2024-01-03,,Active,
6230,2230,Monthly,9.99,2024-03-20,2026-06-05,Churned,2026-06-05
6231,2231,Monthly,9.99,2024-04-28,2025-11-07,Churned,2025-11-07
6232,2232,Monthly,9.99,2024-06-29,2026-06-27,Churned,2026-06-27
6233,2233,Monthly,9.99,2024-06-07,,Active,
6234,2234,Monthly,9.99,2024-01-01,2026-01-11,Churned,2026-01-11
6235,2235,Monthly,0.0,2024-01-16,2026-01-28,Churned,2026-01-28
6236,2236,Monthly,9.99,2024-01-29,,Active,
6237,2237,Monthly,9.99,2024-06-07,2025-08-15,Churned,2025-08-15
6238,2238,Monthly,9.99,2024-04-28,,Active,
6239,2239,Monthly,9.99,2024-06-19,2026-07-04,Churned,2026-07-04
6240,2240,Monthly,9.99,2024-01-04,2025-09-30,CHURNED,2025-09-30
6241,2241,Monthly,9.99,2024-04-19,,Active,
6242,2242,Monthly,9.99,2024-01-25,,Active,
6243,2243,Monthly,9.99,2024-03-03,2025-02-07,Churned,2025-02-07
6244,2244,Monthly,9.99,2024-05-04,,Active,
6245,2245,Monthly,9.99,2024-04-09,,Active,
6246,2246,Monthly,9.99,2024-02-25,2025-10-12,Churned,2025-10-12
6247,2247,Monthly,9.99,2024-01-06,2025-03-26,Churned,2025-03-26
6248,2248,Monthly,9.99,2024-01-03,,Active,
6249,2249,Monthly,9.99,2024-02-03,,Active,
6250,2250,Monthly,9.99,2024-06-18,2026-01-12,Churned,2026-01-12
6251,2251,Monthly,9.99,2024-01-09,,Active,
6252,2252,Monthly,9.99,2024-05-18,2025-12-09,Churned,2025-12-09
6253,2253,Monthly,9.99,2024-02-04,2025-05-29,Churned,2025-05-29
6254,2254,Monthly,9.99,2024-05-24,2025-09-11,Churned,2025-09-11
6255,2255,Monthly,9.99,2024-05-31,2026-03-29,Churned,2026-03-29
6256,2256,Monthly,9.99,2024-02-15,2025-10-03,Churned,2025-10-03
6257,2257,Monthly,9.99,2024-04-28,2025-08-23,Churned,2025-08-23
6258,2258,Monthly,9.99,2024-02-27,,Active,
6259,2259,Monthly,9.99,2024-06-04,2025-06-21,Churned,2025-06-21
6260,2260,Monthly,9.99,2024-06-24,,Active,
6261,2261,Monthly,9.99,2024-05-20,2026-02-12,Churned,2026-02-12
6262,2262,Monthly,9.99,2024-06-25,2025-06-16,Churned,2025-06-16
6263,2263,Monthly,9.99,2024-06-28,2025-10-29,Churned,2025-10-29
6264,2264,Monthly,9.99,2024-05-10,2025-02-19,Churned,2025-02-19
6265,2265,Monthly,9.99,2024-05-02,,Active,
6266,2266,Monthly,9.99,2024-02-09,2024-03-03,Churned,2024-03-03
6267,2267,Monthly,9.99,2024-05-14,2025-02-14,Churned,2025-02-14
6268,2268,Monthly,9.99,2024-06-21,2025-11-05,Churned,2025-11-05
6269,2269,Monthly,9.99,2024-06-27,2025-11-03,Churned,2025-11-03
6270,2270,Monthly,9.99,2024-01-27,,Active,
6271,2271,Monthly,9.99,2024-04-11,,Active,
6272,2272,Monthly,9.99,2024-04-22,2025-03-26,Churned,2025-03-26
6273,2273,Monthly,9.99,2024-06-24,2025-10-30,Churned,2025-10-30
6274,2274,Monthly,9.99,2024-04-06,,Active,
6275,2275,Monthly,9.99,2024-01-08,,Active,
6276,2276,Monthly,9.99,2024-02-08,2024-12-29,Churned,2024-12-29
6277,2277,Monthly,9.99,2024-05-22,2025-07-18,Churned,2025-07-18
6278,2278,Monthly,9.99,2024-06-28,2025-03-10,Churned,2025-03-10
6279,2279,Monthly,9.99,2024-03-14,,Active,
6280,2280,Monthly,9.99,2024-06-03,,Active,
6281,2281,Monthly,9.99,2024-02-18,2026-06-05,Churned,2026-06-05
6282,2282,Monthly,9.99,2024-03-06,2025-08-27,Churned,2025-08-27
6283,2283,Monthly,9.99,2024-02-08,,Active,
6284,2284,Monthly,9.99,2024-06-01,2026-02-12,Churned,2026-02-12
6285,2285,Monthly,9.99,2024-01-22,,Active,
6286,2286,Monthly,9.99,2024-03-13,,Active,
6287,2287,Monthly,9.99,2024-03-07,2025-12-19,Churned,2025-12-19
6288,2288,Monthly,9.99,2024-05-15,,Active,
6289,2289,Monthly,9.99,2024-05-24,2025-09-26,Churned,2025-09-26
6290,2290,Monthly,9.99,2024-06-11,2025-05-20,Churned,2025-05-20
6291,2291,Monthly,9.99,2024-06-01,2025-02-12,Churned,2025-02-12
6292,2292,Monthly,9.99,2024-03-28,,Active,
6293,2293,Monthly,9.99,2024-03-28,2025-10-25,Churned,2025-10-25
6294,2294,Monthly,9.99,2024-04-24,2024-05-30,Churned,2024-05-30
6295,2295,Monthly,9.99,2024-05-30,,Active,
6296,2296,Monthly,9.99,2024-05-29,,Active,
6297,2297,Monthly,9.99,2024-02-24,2025-12-12,Churned,2025-12-12
6298,2298,Monthly,9.99,2024-06-23,,Active,
6299,2299,Monthly,9.99,2024-02-06,2026-03-20,Churned,2026-03-20
6300,2300,Monthly,0.0,2024-02-23,,Active,
6301,2301,Monthly,9.99,2024-06-23,,Active,
6302,2302,Monthly,9.99,2024-04-15,2025-12-21,Churned,2025-12-21
6303,2303,Monthly,9.99,2024-04-20,,active,
6304,2304,Monthly,9.99,2024-01-12,2025-09-01,Churned,2025-09-01
6305,2305,Monthly,9.99,2024-04-04,2025-03-18,Churned,2025-03-18
6306,2306,Monthly,9.99,2024-01-17,,Active,
6307,2307,Monthly,9.99,2024-02-28,,Active,
6308,2308,Monthly,9.99,2024-02-12,,Active,
6309,2309,Monthly,9.99,2024-04-10,2025-10-07,Churned,2025-10-07
6310,2310,Monthly,9.99,2024-03-29,2025-07-24,Churned,2025-07-24
6311,2311,Monthly,9.99,2024-02-07,2025-07-31,Churned,2025-07-31
6312,2312,Monthly,9.99,2024-06-03,2025-02-25,Churned,2025-02-25
6313,2313,Monthly,9.99,2024-02-27,2026-01-30,Churned,2026-01-30
6314,2314,Monthly,9.99,2024-01-13,,Active,
6315,2315,Monthly,9.99,2024-02-10,2025-08-05,Churned,2025-08-05
6316,2316,Monthly,9.99,2024-05-21,2025-12-22,churned,2025-12-22
6317,2317,Monthly,9.99,2024-05-06,,Active,
6318,2318,Monthly,9.99,2024-05-02,2025-09-18,Churned,2025-09-18
6319,2319,Monthly,9.99,2024-02-09,2025-07-18,Churned,2025-07-18
6320,2320,Monthly,9.99,2024-02-09,,Active,
6321,2321,Monthly,9.99,2024-03-31,,Active,
6322,2322,Monthly,9.99,2024-01-13,,Active,
6323,2323,Monthly,9.99,2024-06-14,,Active,
6324,2324,Monthly,9.99,2024-06-20,,Active,
6325,2325,Monthly,9.99,2024-06-17,,Active,
6326,2326,Monthly,9.99,2024-02-28,,Active,
6327,2327,Monthly,9.99,2024-01-12,2025-03-17,Churned,2025-03-17
6328,2328,Monthly,9.99,2024-04-19,,Active,
6329,2329,Monthly,9.99,2024-01-05,2026-05-28,Churned,2026-05-28
6330,2330,Monthly,9.99,2024-05-07,,Active,
6331,2331,Monthly,9.99,2024-02-10,2025-07-30,Churned,2025-07-30
6332,2332,Monthly,9.99,2024-01-19,,Active,
6333,2333,Monthly,9.99,2024-05-25,2025-09-07,Churned,2025-09-07
6334,2334,Monthly,9.99,2024-05-03,,Active,
6335,2335,Monthly,9.99,2024-01-08,2024-01-29,Churned,2024-01-29
6336,2336,Monthly,9.99,2024-06-12,,Active,
6337,2337,Monthly,9.99,2024-06-03,,Active,
6338,2338,Monthly,9.99,2024-02-01,,Active,
6339,2339,Monthly,9.99,2024-04-06,2025-11-01,Churned,2025-11-01
6340,2340,Monthly,0.0,2024-01-01,,Active,
6341,2341,Monthly,9.99,2024-03-17,2026-05-30,churned,2026-05-30
6342,2342,Monthly,9.99,2024-03-29,,active,
6343,2343,Monthly,9.99,2024-06-27,,Active,
6344,2344,Monthly,9.99,2024-04-28,,Active,
6345,2345,Monthly,9.99,2024-02-22,2025-12-28,Churned,2025-12-28
6346,2346,Monthly,9.99,2024-04-28,,active,
6347,2347,Monthly,9.99,2024-06-07,2026-01-22,Churned,2026-01-22
6348,2348,Monthly,9.99,2024-04-21,,Active,
6349,2349,Monthly,9.99,2024-03-19,2025-05-05,Churned,2025-05-05
6350,2350,Monthly,9.99,2024-03-03,2026-05-13,Churned,2026-05-13
6351,2351,Monthly,9.99,2024-03-08,,Active,
6352,2352,Monthly,0.0,2024-01-13,2026-07-01,Churned,2026-07-01
6353,2353,Monthly,9.99,2024-06-20,2024-10-30,Churned,2024-10-30
6354,2354,Monthly,9.99,2024-01-27,,Active,
6355,2355,Monthly,9.99,2024-05-02,2026-03-20,Churned,2026-03-20
6356,2356,Monthly,9.99,2024-04-15,,Active,
6357,2357,Monthly,9.99,2024-03-18,2025-11-15,Churned,2025-11-15
6358,2358,Monthly,9.99,2024-01-08,2025-09-16,Churned,2025-09-16
6359,2359,Monthly,9.99,2024-04-10,2025-10-31,Churned,2025-10-31
6360,2360,Monthly,9.99,2024-05-22,,Active,
6361,2361,Monthly,9.99,2024-04-02,,Active,
6362,2362,Monthly,9.99,2024-05-18,2025-09-30,Churned,2025-09-30
6363,2363,Monthly,9.99,2024-06-20,,Active,
6364,2364,Monthly,9.99,2024-06-16,2026-03-14,Churned,2026-03-14
6365,2365,Monthly,9.99,2024-05-18,,Active,
6366,2366,Monthly,9.99,2024-03-12,,Active,
6367,2367,Monthly,9.99,2024-03-14,,Active,
6368,2368,Monthly,0.0,2024-05-17,2024-12-30,Churned,2024-12-30
6369,2369,Monthly,9.99,2024-03-27,2026-07-03,Churned,2026-07-03
6370,2370,Monthly,9.99,2024-05-13,2025-07-20,Churned,2025-07-20
6371,2371,Monthly,9.99,2024-01-28,,Active,
6372,2372,Monthly,9.99,2024-06-26,2026-01-05,Churned,2026-01-05
6373,2373,Monthly,9.99,2024-02-06,,Active,
6374,2374,Monthly,9.99,2024-06-13,2025-12-27,Churned,2025-12-27
6375,2375,Monthly,9.99,2024-02-13,2025-10-02,Churned,2025-10-02
6376,2376,Monthly,9.99,2024-04-27,2026-02-24,Churned,2026-02-24
6377,2377,Monthly,9.99,2024-02-11,,Active,
6378,2378,Monthly,9.99,2024-03-07,2025-11-02,Churned,2025-11-02
6379,2379,Monthly,9.99,2024-06-25,,Active,
6380,2380,Monthly,9.99,2024-01-13,2026-07-06,Churned,2026-07-06
6381,2381,Monthly,9.99,2024-03-27,2025-06-18,Churned,2025-06-18
6382,2382,Monthly,0.0,2024-05-16,2026-02-28,Churned,2026-02-28
6383,2383,Monthly,9.99,2024-02-18,2026-02-18,Churned,2026-02-18
6384,2384,Monthly,9.99,2024-01-31,,Active,
6385,2385,Monthly,9.99,2024-01-19,,Active,
6386,2386,Monthly,9.99,2024-03-31,,Active,
6387,2387,Monthly,9.99,2024-01-29,,Active,
6388,2388,Monthly,9.99,2024-05-22,,Active,
6389,2389,Monthly,9.99,2024-06-22,2026-03-25,Churned,2026-03-25
6390,2390,Monthly,9.99,2024-01-01,,Active,
6391,2391,Monthly,9.99,2024-05-12,,Active,
6392,2392,Monthly,9.99,2024-04-05,,Active,
6393,2393,Monthly,9.99,2024-06-23,,Active,
6394,2394,Monthly,9.99,2024-06-02,2026-03-23,Churned,2026-03-23
6395,2395,Monthly,9.99,2024-02-10,,Active,
6396,2396,Monthly,9.99,2024-06-03,,Active,
6397,2397,Monthly,9.99,2024-03-23,,Active,
6398,2398,Monthly,9.99,2024-06-19,2026-01-27,Churned,2026-01-27
6399,2399,Monthly,9.99,2024-02-14,,Active,
6400,2400,Monthly,9.99,2024-06-18,2025-06-14,Churned,2025-06-14
6401,2401,Monthly,9.99,2024-02-27,2024-03-28,Churned,2024-03-28
6402,2402,Monthly,9.99,2024-02-10,,Active,
6403,2403,Monthly,9.99,2024-04-05,,Active,
6404,2404,Monthly,9.99,2024-05-19,2025-09-25,Churned,2025-09-25
6405,2405,Monthly,9.99,2024-03-08,2025-02-13,Churned,2025-02-13
6406,2406,Monthly,9.99,2024-04-09,,Active,
6407,2407,Monthly,9.99,2024-03-21,2024-07-04,Churned,2024-07-04
6408,2408,Monthly,9.99,2024-01-31,2026-02-02,Churned,2026-02-02
6409,2409,Monthly,9.99,2024-04-21,2026-02-23,Churned,2026-02-23
6410,2410,Monthly,9.99,2024-05-16,,Active,
6411,2411,Monthly,9.99,2024-06-06,2025-09-21,Churned,2025-09-21
6412,2412,Monthly,9.99,2024-05-14,2026-02-26,Churned,2026-02-26
6413,2413,Monthly,9.99,2024-04-20,2025-10-26,Churned,2025-10-26
6414,2414,Monthly,9.99,2024-02-20,2024-03-12,Churned,2024-03-12
6415,2415,Monthly,9.99,2024-01-12,2025-04-08,Churned,2025-04-08
6416,2416,Monthly,9.99,2024-05-21,2026-01-29,Churned,2026-01-29
6417,2417,Monthly,9.99,2024-04-11,2024-05-08,Churned,2024-05-08
6418,2418,Monthly,9.99,2024-05-22,,Active,
6419,2419,Monthly,9.99,2024-05-03,,Active,
6420,2420,Monthly,9.99,2024-04-26,2024-11-26,Churned,2024-11-26
6421,2421,Monthly,0.0,2024-06-18,2026-05-08,Churned,2026-05-08
6422,2422,Monthly,9.99,2024-02-17,2025-11-12,churned,2025-11-12
6423,2423,Monthly,9.99,2024-05-03,,Active,
6424,2424,Monthly,9.99,2024-03-09,2026-02-07,Churned,2026-02-07
6425,2425,Monthly,9.99,2024-05-08,2025-02-19,Churned,2025-02-19
6426,2426,Monthly,9.99,2024-03-17,,Active,
6427,2427,Monthly,9.99,2024-04-12,,Active,
6428,2428,Monthly,9.99,2024-02-22,2025-07-12,Churned,2025-07-12
6429,2429,Monthly,9.99,2024-06-20,,Active,
6430,2430,Monthly,9.99,2024-06-09,2025-05-24,Churned,2025-05-24
6431,2431,Monthly,9.99,2024-05-26,2025-12-05,Churned,2025-12-05
6432,2432,Monthly,9.99,2024-05-07,,Active,
6433,2433,Monthly,9.99,2024-02-19,2025-10-08,Churned,2025-10-08
6434,2434,Monthly,9.99,2024-05-12,,Active,
6435,2435,Monthly,9.99,2024-03-15,2025-12-25,Churned,2025-12-25
6436,2436,Monthly,9.99,2024-05-11,2026-02-18,Churned,2026-02-18
6437,2437,Monthly,9.99,2024-02-05,,Active,
6438,2438,Monthly,9.99,2024-02-15,2025-04-16,Churned,2025-04-16
6439,2439,Monthly,9.99,2024-01-11,,Active,
6440,2440,Monthly,9.99,2024-01-28,2025-06-17,Churned,2025-06-17
6441,2441,Monthly,9.99,2024-02-24,,Active,
6442,2442,Monthly,9.99,2024-01-05,2025-07-12,Churned,2025-07-12
6443,2443,Monthly,9.99,2024-05-18,2024-06-28,Churned,2024-06-28
6444,2444,Monthly,9.99,2024-01-05,,Active,
6445,2445,Monthly,9.99,2024-02-22,2025-07-12,Churned,2025-07-12
6446,2446,Monthly,9.99,2024-03-05,2025-10-18,Churned,2025-10-18
6447,2447,Monthly,9.99,2024-04-12,,Active,
6448,2448,Monthly,9.99,2024-03-29,,Active,
6449,2449,Monthly,9.99,2024-02-16,,Active,
6450,2450,Monthly,9.99,2024-01-08,2025-06-27,Churned,2025-06-27
6451,2451,Monthly,9.99,2024-02-27,2025-12-25,Churned,2025-12-25
6452,2452,Monthly,9.99,2024-05-05,2025-04-02,Churned,2025-04-02
6453,2453,Monthly,9.99,2024-06-01,,Active,
6454,2454,Monthly,9.99,2024-04-30,2025-06-14,Churned,2025-06-14
6455,2455,Monthly,9.99,2024-05-17,2025-09-17,Churned,2025-09-17
6456,2456,Monthly,9.99,2024-02-13,2025-02-14,Churned,2025-02-14
6457,2457,Monthly,9.99,2024-01-30,2025-10-25,Churned,2025-10-25
6458,2458,Monthly,9.99,2024-05-15,2024-06-25,Churned,2024-06-25
6459,2459,Monthly,9.99,2024-02-28,,Active,
6460,2460,Monthly,9.99,2024-04-28,,Active,
6461,2461,Monthly,0.0,2024-06-03,,Active,
6462,2462,Monthly,9.99,2024-04-17,2025-06-01,Churned,2025-06-01
6463,2463,Monthly,9.99,2024-01-10,2025-11-16,Churned,2025-11-16
6464,2464,Monthly,9.99,2024-05-02,2025-06-01,Churned,2025-06-01
6465,2465,Monthly,9.99,2024-02-01,,Active,
6466,2466,Monthly,9.99,2024-05-11,2026-03-12,CHURNED,2026-03-12
6467,2467,Monthly,9.99,2024-04-07,2025-02-14,Churned,2025-02-14
6468,2468,Monthly,9.99,2024-01-17,,Active,
6469,2469,Monthly,9.99,2024-06-10,,Active,
6470,2470,Monthly,9.99,2024-06-01,2025-12-02,Churned,2025-12-02
6471,2471,Monthly,9.99,2024-06-29,2025-07-14,Churned,2025-07-14
6472,2472,Monthly,9.99,2024-05-11,2025-11-10,Churned,2025-11-10
6473,2473,Monthly,9.99,2024-04-22,,Active,
6474,2474,Monthly,9.99,2024-02-02,,Active,
6475,2475,Monthly,9.99,2024-06-04,2025-08-06,Churned,2025-08-06
6476,2476,Monthly,9.99,2024-04-25,,active,
6477,2477,Monthly,9.99,2024-01-26,2025-08-17,Churned,2025-08-17
6478,2478,Monthly,9.99,2024-01-27,,Active,
6479,2479,Monthly,9.99,2024-01-30,2025-11-06,Churned,2025-11-06
6480,2480,Monthly,9.99,2024-03-27,2025-08-05,Churned,2025-08-05
6481,2481,Monthly,9.99,2024-02-07,2026-01-02,Churned,2026-01-02
6482,2482,Monthly,9.99,2024-06-17,,Active,
6483,2483,Monthly,9.99,2024-06-20,2026-01-02,Churned,2026-01-02
6484,2484,Monthly,9.99,2024-01-21,2025-03-28,Churned,2025-03-28
6485,2485,Monthly,9.99,2024-06-14,2026-04-24,Churned,2026-04-24
6486,2486,Monthly,9.99,2024-01-26,,Active,
6487,2487,Monthly,9.99,2024-02-22,,Active,
6488,2488,Monthly,9.99,2024-04-12,2026-02-18,Churned,2026-02-18
6489,2489,Monthly,9.99,2024-02-23,,Active,
6490,2490,Monthly,9.99,2024-06-11,2025-08-22,Churned,2025-08-22
6491,2491,Monthly,9.99,2024-05-04,,ACTIVE,
6492,2492,Monthly,9.99,2024-06-22,2025-05-17,Churned,2025-05-17
6493,2493,Monthly,9.99,2024-02-10,2025-11-23,CHURNED,2025-11-23
6494,2494,Monthly,9.99,2024-05-13,2025-04-16,Churned,2025-04-16
6495,2495,Monthly,9.99,2024-01-27,2025-07-27,Churned,2025-07-27
6496,2496,Monthly,9.99,2024-06-11,,Active,
6497,2497,Monthly,9.99,2024-05-23,2025-09-28,Churned,2025-09-28
6498,2498,Monthly,9.99,2024-05-10,,Active,
6499,2499,Monthly,9.99,2024-02-24,2025-07-19,Churned,2025-07-19
6500,2500,Monthly,9.99,2024-02-14,2026-03-28,Churned,2026-03-28
6501,2501,Monthly,9.99,2024-03-30,2025-02-05,Churned,2025-02-05
6502,2502,Monthly,9.99,2024-05-05,,Active,
6503,2503,Monthly,9.99,2024-04-08,2024-12-30,Churned,2024-12-30
6504,2504,Monthly,9.99,2024-05-31,2025-04-20,Churned,2025-04-20
6505,2505,Monthly,9.99,2024-04-01,,Active,
6506,2506,Monthly,9.99,2024-03-05,2025-08-19,Churned,2025-08-19
6507,2507,Monthly,9.99,2024-06-12,,Active,
6508,2508,Monthly,9.99,2024-01-11,2025-06-04,Churned,2025-06-04
6509,2509,Monthly,9.99,2024-06-16,2025-12-20,Churned,2025-12-20
6510,2510,Monthly,9.99,2024-06-29,,Active,
6511,2511,Monthly,9.99,2024-05-03,2026-02-05,Churned,2026-02-05
6512,2512,Monthly,9.99,2024-04-29,2025-10-14,Churned,2025-10-14
6513,2513,Monthly,9.99,2024-05-27,,Active,
6514,2514,Monthly,9.99,2024-01-04,,Active,
6515,2515,Monthly,9.99,2024-06-08,,Active,
6516,2516,Monthly,9.99,2024-01-04,2025-08-30,Churned,2025-08-30
6517,2517,Monthly,9.99,2024-01-09,2026-01-28,Churned,2026-01-28
6518,2518,Monthly,9.99,2024-04-02,,Active,
6519,2519,Monthly,9.99,2024-01-25,2026-06-01,Churned,2026-06-01
6520,2520,Monthly,9.99,2024-04-28,,Active,
6521,2521,Monthly,9.99,2024-04-07,,Active,
6522,2522,Monthly,9.99,2024-01-07,2025-09-28,Churned,2025-09-28
6523,2523,Monthly,9.99,2024-05-06,,Active,
6524,2524,Monthly,9.99,2024-03-19,,Active,
6525,2525,Monthly,9.99,2024-02-03,2024-06-26,Churned,2024-06-26
6526,2526,Monthly,9.99,2024-02-06,,Active,
6527,2527,Monthly,9.99,2024-05-01,2025-12-10,Churned,2025-12-10
6528,2528,Monthly,9.99,2024-02-03,2025-11-11,Churned,2025-11-11
6529,2529,Monthly,9.99,2024-06-22,2025-08-30,Churned,2025-08-30
6530,2530,Monthly,9.99,2024-02-03,2024-06-24,Churned,2024-06-24
6531,2531,Monthly,9.99,2024-04-20,2025-07-20,Churned,2025-07-20
6532,2532,Monthly,9.99,2024-05-22,,active,
6533,2533,Monthly,9.99,2024-01-16,,Active,
6534,2534,Monthly,9.99,2024-06-17,2025-10-02,Churned,2025-10-02
6535,2535,Monthly,9.99,2024-03-17,,Active,
6536,2536,Monthly,9.99,2024-06-09,2025-10-08,Churned,2025-10-08
6537,2537,Monthly,9.99,2024-01-11,2025-07-24,Churned,2025-07-24
6538,2538,Monthly,9.99,2024-01-03,,Active,
6539,2539,Monthly,9.99,2024-04-01,2026-01-03,Churned,2026-01-03
6540,2540,Monthly,9.99,2024-04-06,2025-12-01,Churned,2025-12-01
6541,2541,Monthly,9.99,2024-01-01,2026-07-02,Churned,2026-07-02
6542,2542,Monthly,9.99,2024-01-01,,Active,
6543,2543,Monthly,9.99,2024-02-05,2025-11-23,Churned,2025-11-23
6544,2544,Monthly,9.99,2024-06-07,2025-11-28,Churned,2025-11-28
6545,2545,Monthly,9.99,2024-05-20,,Active,
6546,2546,Monthly,9.99,2024-03-04,2024-03-28,Churned,2024-03-28
6547,2547,Monthly,9.99,2024-01-22,,Active,
6548,2548,Monthly,9.99,2024-03-20,2024-04-17,Churned,2024-04-17
6549,2549,Monthly,9.99,2024-03-23,2025-07-20,Churned,2025-07-20
6550,2550,Monthly,9.99,2024-06-29,,Active,
6551,2551,Monthly,9.99,2024-06-13,,Active,
6552,2552,Monthly,9.99,2024-06-16,,Active,
6553,2553,Monthly,9.99,2024-05-15,,Active,
6554,2554,Monthly,9.99,2024-04-01,,Active,
6555,2555,Monthly,9.99,2024-03-16,,Active,
6556,2556,Monthly,9.99,2024-01-30,,ACTIVE,
6557,2557,Monthly,9.99,2024-03-14,2025-12-28,Churned,2025-12-28
6558,2558,Monthly,9.99,2024-04-19,2025-02-10,Churned,2025-02-10
6559,2559,Monthly,9.99,2024-02-14,,Active,
6560,2560,Monthly,9.99,2024-02-02,2025-05-30,Churned,2025-05-30
6561,2561,Monthly,9.99,2024-04-19,2025-08-29,Churned,2025-08-29
6562,2562,Monthly,9.99,2024-01-12,,Active,
6563,2563,Monthly,9.99,2024-03-17,2025-08-06,Churned,2025-08-06
6564,2564,Monthly,9.99,2024-06-09,,Active,
6565,2565,Monthly,9.99,2024-04-17,2026-07-04,Churned,2026-07-04
6566,2566,Monthly,9.99,2024-02-02,2025-10-17,Churned,2025-10-17
6567,2567,Monthly,9.99,2024-06-29,2026-06-25,Churned,2026-06-25
6568,2568,Monthly,9.99,2024-01-20,2024-03-09,Churned,2024-03-09
6569,2569,Monthly,9.99,2024-03-10,2025-10-30,Churned,2025-10-30
6570,2570,Monthly,9.99,2024-04-02,,Active,
6571,2571,Monthly,9.99,2024-05-03,2026-03-28,Churned,2026-03-28
6572,2572,Monthly,9.99,2024-03-19,2025-12-12,Churned,2025-12-12
6573,2573,Monthly,9.99,2024-06-12,,Active,
6574,2574,Monthly,9.99,2024-04-12,2025-09-11,Churned,2025-09-11
6575,2575,Monthly,9.99,2024-06-05,2026-02-21,Churned,2026-02-21
6576,2576,Monthly,9.99,2024-04-19,2026-03-22,Churned,2026-03-22
6577,2577,Monthly,9.99,2024-05-15,,Active,
6578,2578,Monthly,9.99,2024-01-26,2025-11-02,Churned,2025-11-02
6579,2579,Monthly,9.99,2024-03-12,,Active,
6580,2580,Monthly,9.99,2024-03-02,,Active,
6581,2581,Monthly,9.99,2024-01-16,,Active,
6582,2582,Monthly,0.0,2024-03-11,2026-01-25,Churned,2026-01-25
6583,2583,Monthly,9.99,2024-06-25,,Active,
6584,2584,Monthly,9.99,2024-01-27,,Active,
6585,2585,Monthly,9.99,2024-06-06,2026-03-04,Churned,2026-03-04
6586,2586,Monthly,9.99,2024-06-11,,Active,
6587,2587,Monthly,9.99,2024-04-22,2025-12-24,Churned,2025-12-24
6588,2588,Monthly,9.99,2024-06-22,2025-12-21,Churned,2025-12-21
6589,2589,Monthly,9.99,2024-04-29,,Active,
6590,2590,Monthly,9.99,2024-02-09,,Active,
6591,2591,Monthly,9.99,2024-05-05,2026-01-27,Churned,2026-01-27
6592,2592,Monthly,9.99,2024-01-28,2025-11-24,Churned,2025-11-24
6593,2593,Monthly,9.99,2024-04-29,2025-07-17,Churned,2025-07-17
6594,2594,Monthly,9.99,2024-04-11,,Active,
6595,2595,Monthly,9.99,2024-04-07,2026-04-03,Churned,2026-04-03
6596,2596,Monthly,9.99,2024-04-01,2025-12-28,Churned,2025-12-28
6597,2597,Monthly,9.99,2024-02-06,2025-11-06,Churned,2025-11-06
6598,2598,Monthly,9.99,2024-01-02,,Active,
6599,2599,Monthly,9.99,2024-02-24,,Active,
6600,2600,Monthly,9.99,2024-03-15,2026-07-05,Churned,2026-07-05
6601,2601,Monthly,9.99,2024-03-21,,Active,
6602,2602,Monthly,9.99,2024-05-20,,Active,
6603,2603,Monthly,9.99,2024-05-20,2026-07-01,Churned,2026-07-01
6604,2604,Monthly,9.99,2024-02-09,,Active,
6605,2605,Monthly,9.99,2024-05-21,2026-04-26,Churned,2026-04-26
6606,2606,Monthly,9.99,2024-05-06,2026-05-02,Churned,2026-05-02
6607,2607,Monthly,9.99,2024-03-07,,Active,
6608,2608,Monthly,9.99,2024-04-08,2026-02-13,Churned,2026-02-13
6609,2609,Monthly,9.99,2024-04-18,2025-11-01,Churned,2025-11-01
6610,2610,Monthly,9.99,2024-05-08,2025-07-06,Churned,2025-07-06
6611,2611,Monthly,9.99,2024-01-16,2025-11-20,Churned,2025-11-20
6612,2612,Monthly,9.99,2024-03-16,,Active,
6613,2613,Monthly,9.99,2024-02-11,,Active,
6614,2614,Monthly,9.99,2024-02-17,,Active,
6615,2615,Monthly,9.99,2024-06-16,,Active,
6616,2616,Monthly,9.99,2024-02-23,,Active,
6617,2617,Monthly,9.99,2024-05-15,,Active,
6618,2618,Monthly,9.99,2024-02-29,,Active,
6619,2619,Monthly,9.99,2024-06-24,2025-12-31,Churned,2025-12-31
6620,2620,Monthly,9.99,2024-03-24,,Active,
6621,2621,Monthly,9.99,2024-01-15,,Active,
6622,2622,Monthly,9.99,2024-01-20,2025-10-31,Churned,2025-10-31
6623,2623,Monthly,9.99,2024-04-13,,Active,
6624,2624,Monthly,9.99,2024-02-07,,Active,
6625,2625,Monthly,9.99,2024-01-31,,Active,
6626,2626,Monthly,9.99,2024-03-09,2026-01-04,CHURNED,2026-01-04
6627,2627,Monthly,9.99,2024-01-03,,Active,
6628,2628,Monthly,0.0,2024-03-09,2026-02-18,Churned,2026-02-18
6629,2629,Monthly,9.99,2024-04-25,2025-07-11,Churned,2025-07-11
6630,2630,Monthly,9.99,2024-01-11,2025-11-03,Churned,2025-11-03
6631,2631,Monthly,9.99,2024-04-27,,Active,
6632,2632,Monthly,9.99,2024-03-12,,Active,
6633,2633,Monthly,9.99,2024-03-24,,Active,
6634,2634,Monthly,9.99,2024-06-03,,Active,
6635,2635,Monthly,9.99,2024-01-23,,Active,
6636,2636,Monthly,9.99,2024-05-24,,Active,
6637,2637,Monthly,9.99,2024-04-26,2026-03-28,Churned,2026-03-28
6638,2638,Monthly,9.99,2024-06-09,2026-04-06,Churned,2026-04-06
6639,2639,Monthly,0.0,2024-04-17,2025-03-09,Churned,2025-03-09
6640,2640,Monthly,9.99,2024-06-19,2024-11-12,Churned,2024-11-12
6641,2641,Monthly,9.99,2024-01-20,,Active,
6642,2642,Monthly,9.99,2024-05-18,,Active,
6643,2643,Monthly,9.99,2024-02-14,,Active,
6644,2644,Monthly,9.99,2024-03-25,2026-02-08,churned,2026-02-08
6645,2645,Monthly,9.99,2024-06-23,,Active,
6646,2646,Monthly,9.99,2024-02-23,,Active,
6647,2647,Monthly,9.99,2024-02-11,2025-12-22,Churned,2025-12-22
6648,2648,Monthly,0.0,2024-01-24,,Active,
6649,2649,Monthly,9.99,2024-06-05,2025-11-07,Churned,2025-11-07
6650,2650,Monthly,9.99,2024-05-03,,Active,
6651,2651,Monthly,0.0,2024-03-09,2025-05-18,Churned,2025-05-18
6652,2652,Monthly,9.99,2024-02-16,2025-07-18,Churned,2025-07-18
6653,2653,Monthly,9.99,2024-04-18,2025-11-08,Churned,2025-11-08
6654,2654,Monthly,9.99,2024-01-27,,Active,
6655,2655,Monthly,9.99,2024-05-26,,Active,
6656,2656,Monthly,9.99,2024-02-18,,ACTIVE,
6657,2657,Monthly,9.99,2024-03-10,,Active,
6658,2658,Monthly,9.99,2024-04-23,2026-03-24,churned,2026-03-24
6659,2659,Monthly,9.99,2024-03-05,,Active,
6660,2660,Monthly,9.99,2024-06-21,2025-06-21,Churned,2025-06-21
6661,2661,Monthly,9.99,2024-05-18,2025-07-10,Churned,2025-07-10
6662,2662,Monthly,9.99,2024-02-13,,active,
6663,2663,Monthly,9.99,2024-04-29,,Active,
6664,2664,Monthly,9.99,2024-04-01,,Active,
6665,2665,Monthly,9.99,2024-06-30,,Active,
6666,2666,Monthly,9.99,2024-02-13,2025-10-30,Churned,2025-10-30
6667,2667,Monthly,9.99,2024-05-29,,Active,
6668,2668,Monthly,9.99,2024-03-31,2025-07-10,Churned,2025-07-10
6669,2669,Monthly,9.99,2024-05-21,2026-04-24,Churned,2026-04-24
6670,2670,Monthly,9.99,2024-03-03,,Active,
6671,2671,Monthly,9.99,2024-06-16,2026-01-15,Churned,2026-01-15
6672,2672,Monthly,9.99,2024-03-28,2025-03-01,Churned,2025-03-01
6673,2673,Monthly,9.99,2024-06-14,,Active,
6674,2674,Monthly,9.99,2024-03-03,2025-05-03,Churned,2025-05-03
6675,2675,Monthly,9.99,2024-05-31,2025-08-25,Churned,2025-08-25
6676,2676,Monthly,9.99,2024-06-17,2026-02-15,Churned,2026-02-15
6677,2677,Monthly,9.99,2024-01-15,,Active,
6678,2678,Monthly,9.99,2024-05-26,,Active,
6679,2679,Monthly,9.99,2024-02-27,2024-04-02,Churned,2024-04-02
6680,2680,Monthly,9.99,2024-06-07,2025-10-29,Churned,2025-10-29
6681,2681,Monthly,9.99,2024-03-11,,Active,
6682,2682,Monthly,9.99,2024-04-09,,Active,
6683,2683,Monthly,9.99,2024-06-03,2025-12-26,Churned,2025-12-26
6684,2684,Monthly,9.99,2024-03-28,,Active,
6685,2685,Monthly,9.99,2024-06-27,,Active,
6686,2686,Monthly,9.99,2024-05-07,2026-04-28,Churned,2026-04-28
6687,2687,Monthly,9.99,2024-04-24,2026-01-12,Churned,2026-01-12
6688,2688,Monthly,9.99,2024-04-06,2026-05-23,Churned,2026-05-23
6689,2689,Monthly,9.99,2024-03-09,2026-01-28,Churned,2026-01-28
6690,2690,Monthly,9.99,2024-03-21,,Active,
6691,2691,Monthly,9.99,2024-06-03,,Active,
6692,2692,Monthly,9.99,2024-04-19,,Active,
6693,2693,Monthly,9.99,2024-05-13,2025-10-17,Churned,2025-10-17
6694,2694,Monthly,9.99,2024-03-30,2026-04-12,Churned,2026-04-12
6695,2695,Monthly,9.99,2024-04-13,,Active,
6696,2696,Monthly,9.99,2024-05-12,,Active,
6697,2697,Monthly,9.99,2024-01-29,,Active,
6698,2698,Monthly,9.99,2024-03-01,,Active,
6699,2699,Monthly,9.99,2024-04-18,2025-09-15,Churned,2025-09-15
6700,2700,Monthly,9.99,2024-04-30,2025-09-19,Churned,2025-09-19
6701,2701,Monthly,9.99,2024-05-01,,Active,
6702,2702,Monthly,9.99,2024-05-09,,Active,
6703,2703,Monthly,9.99,2024-02-22,2025-04-07,Churned,2025-04-07
6704,2704,Monthly,9.99,2024-01-07,,Active,
6705,2705,Monthly,9.99,2024-02-05,,Active,
6706,2706,Monthly,9.99,2024-04-12,2024-10-29,Churned,2024-10-29
6707,2707,Monthly,9.99,2024-02-11,2025-10-24,Churned,2025-10-24
6708,2708,Monthly,9.99,2024-05-10,,Active,
6709,2709,Monthly,9.99,2024-02-09,,Active,
6710,2710,Monthly,9.99,2024-01-02,2025-12-13,Churned,2025-12-13
6711,2711,Monthly,9.99,2024-02-22,2025-02-01,Churned,2025-02-01
6712,2712,Monthly,9.99,2024-03-01,2025-07-05,Churned,2025-07-05
6713,2713,Monthly,9.99,2024-05-24,2026-02-08,Churned,2026-02-08
6714,2714,Monthly,9.99,2024-04-22,2026-01-02,Churned,2026-01-02
6715,2715,Monthly,9.99,2024-05-11,2025-12-20,Churned,2025-12-20
6716,2716,Monthly,9.99,2024-05-17,,Active,
6717,2717,Monthly,9.99,2024-06-22,2026-01-09,Churned,2026-01-09
6718,2718,Monthly,9.99,2024-06-15,2024-12-30,Churned,2024-12-30
6719,2719,Monthly,9.99,2024-02-21,2025-12-30,Churned,2025-12-30
6720,2720,Monthly,9.99,2024-01-13,2025-12-09,Churned,2025-12-09
6721,2721,Monthly,9.99,2024-04-12,2025-11-17,CHURNED,2025-11-17
6722,2722,Monthly,9.99,2024-05-14,,Active,
6723,2723,Monthly,9.99,2024-02-17,2025-08-28,Churned,2025-08-28
6724,2724,Monthly,9.99,2024-06-24,2025-12-28,Churned,2025-12-28
6725,2725,Monthly,9.99,2024-02-03,,Active,
6726,2726,Monthly,9.99,2024-06-11,,Active,
6727,2727,Monthly,0.0,2024-02-25,,Active,
6728,2728,Monthly,9.99,2024-01-21,,Active,
6729,2729,Monthly,9.99,2024-04-05,2026-01-21,Churned,2026-01-21
6730,2730,Monthly,9.99,2024-03-04,2026-03-27,Churned,2026-03-27
6731,2731,Monthly,9.99,2024-04-06,,Active,
6732,2732,Monthly,9.99,2024-06-25,2025-10-14,Churned,2025-10-14
6733,2733,Monthly,9.99,2024-04-22,2025-09-29,Churned,2025-09-29
6734,2734,Monthly,9.99,2024-05-10,2026-05-30,Churned,2026-05-30
6735,2735,Monthly,9.99,2024-03-11,2025-10-02,churned,2025-10-02
6736,2736,Monthly,9.99,2024-04-13,,Active,
6737,2737,Monthly,9.99,2024-05-28,2026-07-06,Churned,2026-07-06
6738,2738,Monthly,9.99,2024-01-13,2026-03-20,Churned,2026-03-20
6739,2739,Monthly,9.99,2024-04-16,2025-10-16,Churned,2025-10-16
6740,2740,Monthly,9.99,2024-04-06,,ACTIVE,
6741,2741,Monthly,9.99,2024-05-21,2026-02-26,Churned,2026-02-26
6742,2742,Monthly,9.99,2024-04-05,2026-06-11,Churned,2026-06-11
6743,2743,Monthly,9.99,2024-03-05,,Active,
6744,2744,Monthly,9.99,2024-06-02,2025-10-13,Churned,2025-10-13
6745,2745,Monthly,9.99,2024-06-17,,Active,
6746,2746,Monthly,9.99,2024-03-19,,Active,
6747,2747,Monthly,9.99,2024-01-31,2026-06-17,Churned,2026-06-17
6748,2748,Monthly,9.99,2024-05-31,,Active,
6749,2749,Monthly,9.99,2024-01-03,2024-03-14,Churned,2024-03-14
6750,2750,Monthly,9.99,2024-05-04,,Active,
6751,2751,Monthly,9.99,2024-05-25,,Active,
6752,2752,Monthly,9.99,2024-02-03,,Active,
6753,2753,Monthly,9.99,2024-04-14,2025-12-15,Churned,2025-12-15
6754,2754,Monthly,9.99,2024-01-02,2025-08-22,Churned,2025-08-22
6755,2755,Monthly,9.99,2024-01-19,2025-02-06,Churned,2025-02-06
6756,2756,Monthly,9.99,2024-05-06,,Active,
6757,2757,Monthly,9.99,2024-05-27,2025-09-08,churned,2025-09-08
6758,2758,Monthly,0.0,2024-05-12,,Active,
6759,2759,Monthly,9.99,2024-04-24,,Active,
6760,2760,Monthly,9.99,2024-02-27,,Active,
6761,2761,Monthly,9.99,2024-06-04,,Active,
6762,2762,Monthly,9.99,2024-05-31,2025-12-22,Churned,2025-12-22
6763,2763,Monthly,9.99,2024-03-31,,Active,
6764,2764,Monthly,9.99,2024-04-25,,Active,
6765,2765,Monthly,9.99,2024-01-13,,Active,
6766,2766,Monthly,9.99,2024-03-22,,Active,
6767,2767,Monthly,9.99,2024-05-18,2025-06-07,CHURNED,2025-06-07
6768,2768,Monthly,9.99,2024-04-05,2025-12-13,Churned,2025-12-13
6769,2769,Monthly,9.99,2024-05-16,,Active,
6770,2770,Monthly,9.99,2024-04-21,2026-02-28,Churned,2026-02-28
6771,2771,Monthly,9.99,2024-02-18,2025-02-23,Churned,2025-02-23
6772,2772,Monthly,9.99,2024-05-09,,Active,
6773,2773,Monthly,9.99,2024-01-31,,Active,
6774,2774,Monthly,9.99,2024-01-21,2025-06-25,Churned,2025-06-25
6775,2775,Monthly,9.99,2024-03-11,2025-12-05,Churned,2025-12-05
6776,2776,Monthly,9.99,2024-06-16,,Active,
6777,2777,Monthly,9.99,2024-02-27,2025-12-07,Churned,2025-12-07
6778,2778,Monthly,9.99,2024-06-27,2025-08-08,Churned,2025-08-08
6779,2779,Monthly,9.99,2024-01-17,2025-10-20,Churned,2025-10-20
6780,2780,Monthly,9.99,2024-05-04,,Active,
6781,2781,Monthly,9.99,2024-04-03,,Active,
6782,2782,Monthly,9.99,2024-05-04,2026-02-11,Churned,2026-02-11
6783,2783,Monthly,9.99,2024-01-11,,Active,
6784,2784,Monthly,9.99,2024-04-19,2026-04-24,Churned,2026-04-24
6785,2785,Monthly,9.99,2024-02-12,,Active,
6786,2786,Monthly,9.99,2024-06-25,,Active,
6787,2787,Monthly,9.99,2024-01-29,2025-12-06,Churned,2025-12-06
6788,2788,Monthly,9.99,2024-05-06,,Active,
6789,2789,Monthly,9.99,2024-03-14,2026-03-24,Churned,2026-03-24
6790,2790,Monthly,9.99,2024-01-05,,Active,
6791,2791,Monthly,9.99,2024-03-13,,Active,
6792,2792,Monthly,9.99,2024-05-06,2025-11-08,Churned,2025-11-08
6793,2793,Monthly,9.99,2024-04-17,2025-04-09,Churned,2025-04-09
6794,2794,Monthly,9.99,2024-04-13,2025-08-16,Churned,2025-08-16
6795,2795,Monthly,9.99,2024-04-05,,Active,
6796,2796,Monthly,9.99,2024-01-25,,Active,
6797,2797,Monthly,9.99,2024-01-20,,Active,
6798,2798,Monthly,9.99,2024-04-03,,Active,
6799,2799,Monthly,9.99,2024-04-27,2025-04-02,Churned,2025-04-02
6800,2800,Monthly,9.99,2024-03-17,,Active,
6801,2801,Monthly,9.99,2024-03-23,2025-03-20,Churned,2025-03-20
6802,2802,Monthly,0.0,2024-04-29,2025-09-25,Churned,2025-09-25
6803,2803,Monthly,9.99,2024-01-23,,Active,
6804,2804,Monthly,9.99,2024-03-02,,Active,
6805,2805,Monthly,9.99,2024-02-04,2026-03-03,Churned,2026-03-03
6806,2806,Monthly,9.99,2024-02-11,,Active,
6807,2807,Monthly,9.99,2024-04-22,,Active,
6808,2808,Monthly,9.99,2024-01-12,2025-07-26,Churned,2025-07-26
6809,2809,Monthly,9.99,2024-02-18,2026-04-01,Churned,2026-04-01
6810,2810,Monthly,9.99,2024-01-19,2025-10-09,Churned,2025-10-09
6811,2811,Monthly,9.99,2024-03-25,2026-07-07,Churned,2026-07-07
6812,2812,Monthly,9.99,2024-05-25,2025-09-09,Churned,2025-09-09
6813,2813,Monthly,9.99,2024-04-10,,active,
6814,2814,Monthly,9.99,2024-02-08,,Active,
6815,2815,Monthly,9.99,2024-05-09,2026-03-14,Churned,2026-03-14
6816,2816,Monthly,9.99,2024-04-23,,Active,
6817,2817,Monthly,9.99,2024-02-13,2026-01-26,Churned,2026-01-26
6818,2818,Monthly,9.99,2024-06-30,2026-06-15,Churned,2026-06-15
6819,2819,Monthly,9.99,2024-04-03,2025-11-19,Churned,2025-11-19
6820,2820,Monthly,9.99,2024-01-04,,Active,
6821,2821,Monthly,9.99,2024-04-13,2025-07-23,Churned,2025-07-23
6822,2822,Monthly,9.99,2024-06-01,2025-11-01,Churned,2025-11-01
6823,2823,Monthly,9.99,2024-05-18,2026-06-12,Churned,2026-06-12
6824,2824,Monthly,9.99,2024-06-07,,Active,
6825,2825,Monthly,9.99,2024-04-16,2025-09-17,Churned,2025-09-17
6826,2826,Monthly,9.99,2024-01-26,2026-03-13,Churned,2026-03-13
6827,2827,Monthly,9.99,2024-01-27,,Active,
6828,2828,Monthly,9.99,2024-04-25,2025-05-20,Churned,2025-05-20
6829,2829,Monthly,9.99,2024-03-17,2025-10-06,Churned,2025-10-06
6830,2830,Monthly,9.99,2024-05-11,2026-02-20,Churned,2026-02-20
6831,2831,Monthly,9.99,2024-06-17,2025-11-10,Churned,2025-11-10
6832,2832,Monthly,9.99,2024-02-21,,Active,
6833,2833,Monthly,9.99,2024-06-22,,Active,
6834,2834,Monthly,9.99,2024-06-22,,Active,
6835,2835,Monthly,9.99,2024-01-31,,Active,
6836,2836,Monthly,9.99,2024-01-26,2025-07-01,Churned,2025-07-01
6837,2837,Monthly,9.99,2024-06-19,,Active,
6838,2838,Monthly,9.99,2024-02-14,2025-08-05,Churned,2025-08-05
6839,2839,Monthly,9.99,2024-02-03,2025-03-28,Churned,2025-03-28
6840,2840,Monthly,9.99,2024-03-06,2024-12-01,Churned,2024-12-01
6841,2841,Monthly,9.99,2024-02-21,,Active,
6842,2842,Monthly,9.99,2024-04-30,,Active,
6843,2843,Monthly,9.99,2024-03-17,,Active,
6844,2844,Monthly,9.99,2024-06-26,2025-06-07,Churned,2025-06-07
6845,2845,Monthly,9.99,2024-02-24,,Active,
6846,2846,Monthly,9.99,2024-05-27,,Active,
6847,2847,Monthly,9.99,2024-04-09,,Active,
6848,2848,Monthly,9.99,2024-04-06,,Active,
6849,2849,Monthly,9.99,2024-06-12,2026-01-04,Churned,2026-01-04
6850,2850,Monthly,9.99,2024-04-20,2025-09-01,Churned,2025-09-01
6851,2851,Monthly,9.99,2024-01-24,2025-04-04,Churned,2025-04-04
6852,2852,Monthly,9.99,2024-03-20,2025-10-23,Churned,2025-10-23
6853,2853,Monthly,9.99,2024-04-27,,Active,
6854,2854,Monthly,9.99,2024-06-24,2025-12-03,Churned,2025-12-03
6855,2855,Monthly,9.99,2024-03-11,2025-10-18,Churned,2025-10-18
6856,2856,Monthly,9.99,2024-06-13,,Active,
6857,2857,Monthly,9.99,2024-03-15,2025-11-15,Churned,2025-11-15
6858,2858,Monthly,9.99,2024-05-31,,Active,
6859,2859,Monthly,9.99,2024-05-08,2025-02-05,Churned,2025-02-05
6860,2860,Monthly,9.99,2024-05-20,2026-03-19,Churned,2026-03-19
6861,2861,Monthly,9.99,2024-05-01,2026-03-26,Churned,2026-03-26
6862,2862,Monthly,9.99,2024-05-26,2026-01-05,Churned,2026-01-05
6863,2863,Monthly,9.99,2024-05-18,,Active,
6864,2864,Monthly,9.99,2024-06-29,,Active,
6865,2865,Monthly,9.99,2024-05-19,2025-07-12,Churned,2025-07-12
6866,2866,Monthly,9.99,2024-01-17,,Active,
6867,2867,Monthly,9.99,2024-05-20,,Active,
6868,2868,Monthly,9.99,2024-06-24,,Active,
6869,2869,Monthly,9.99,2024-06-19,2026-02-23,Churned,2026-02-23
6870,2870,Monthly,9.99,2024-05-25,2024-11-11,Churned,2024-11-11
6871,2871,Monthly,9.99,2024-02-04,,Active,
6872,2872,Monthly,9.99,2024-01-13,2025-04-23,Churned,2025-04-23
6873,2873,Monthly,9.99,2024-02-29,2025-12-13,Churned,2025-12-13
6874,2874,Monthly,9.99,2024-04-26,,Active,
6875,2875,Monthly,9.99,2024-02-27,2025-07-27,Churned,2025-07-27
6876,2876,Monthly,9.99,2024-01-26,2025-11-09,Churned,2025-11-09
6877,2877,Monthly,0.0,2024-01-11,2025-09-24,Churned,2025-09-24
6878,2878,Monthly,9.99,2024-06-07,,Active,
6879,2879,Monthly,9.99,2024-04-04,2025-12-23,Churned,2025-12-23
6880,2880,Monthly,9.99,2024-06-15,2025-07-18,Churned,2025-07-18
6881,2881,Monthly,9.99,2024-02-20,2025-05-08,Churned,2025-05-08
6882,2882,Monthly,9.99,2024-05-29,,Active,
6883,2883,Monthly,9.99,2024-03-18,,Active,
6884,2884,Monthly,9.99,2024-03-16,2025-12-25,Churned,2025-12-25
6885,2885,Monthly,9.99,2024-01-06,2025-09-04,Churned,2025-09-04
6886,2886,Monthly,9.99,2024-02-23,2026-03-14,Churned,2026-03-14
6887,2887,Monthly,9.99,2024-06-29,,Active,
6888,2888,Monthly,9.99,2024-02-04,,Active,
6889,2889,Monthly,9.99,2024-02-28,,Active,
6890,2890,Monthly,9.99,2024-03-06,2024-04-02,Churned,2024-04-02
6891,2891,Monthly,9.99,2024-04-08,,Active,
6892,2892,Monthly,9.99,2024-06-15,2024-07-04,Churned,2024-07-04
6893,2893,Monthly,9.99,2024-04-23,2026-03-10,Churned,2026-03-10
6894,2894,Monthly,9.99,2024-05-21,,Active,
6895,2895,Monthly,9.99,2024-06-19,2026-02-13,Churned,2026-02-13
6896,2896,Monthly,9.99,2024-04-25,2025-11-25,Churned,2025-11-25
6897,2897,Monthly,9.99,2024-06-12,2025-12-01,Churned,2025-12-01
6898,2898,Monthly,9.99,2024-01-08,,Active,
6899,2899,Monthly,9.99,2024-04-25,2026-04-11,Churned,2026-04-11
6900,2900,Monthly,9.99,2024-03-21,2025-07-25,Churned,2025-07-25
6901,2901,Monthly,9.99,2024-02-02,2025-06-16,Churned,2025-06-16
6902,2902,Monthly,9.99,2024-02-23,2025-04-18,Churned,2025-04-18
6903,2903,Monthly,9.99,2024-04-25,,Active,
6904,2904,Monthly,9.99,2024-06-06,,Active,
6905,2905,Monthly,9.99,2024-04-21,2026-02-09,Churned,2026-02-09
6906,2906,Monthly,9.99,2024-02-02,2025-03-09,Churned,2025-03-09
6907,2907,Monthly,9.99,2024-06-11,2026-04-05,Churned,2026-04-05
6908,2908,Monthly,9.99,2024-03-08,2025-07-07,Churned,2025-07-07
6909,2909,Monthly,9.99,2024-02-15,,Active,
6910,2910,Monthly,9.99,2024-06-23,2026-02-23,Churned,2026-02-23
6911,2911,Monthly,9.99,2024-03-17,2026-02-22,Churned,2026-02-22
6912,2912,Monthly,9.99,2024-06-27,,Active,
6913,2913,Monthly,9.99,2024-06-27,,Active,
6914,2914,Monthly,9.99,2024-06-25,,Active,
6915,2915,Monthly,9.99,2024-05-11,2026-05-13,Churned,2026-05-13
6916,2916,Monthly,9.99,2024-01-22,2026-02-01,Churned,2026-02-01
6917,2917,Monthly,9.99,2024-04-15,,Active,
6918,2918,Monthly,9.99,2024-06-06,2026-07-01,Churned,2026-07-01
6919,2919,Monthly,9.99,2024-04-14,,Active,
6920,2920,Monthly,9.99,2024-01-19,,Active,
6921,2921,Monthly,9.99,2024-01-14,2026-02-01,Churned,2026-02-01
6922,2922,Monthly,9.99,2024-01-05,,Active,
6923,2923,Monthly,9.99,2024-01-07,,Active,
6924,2924,Monthly,9.99,2024-04-12,2025-03-06,Churned,2025-03-06
6925,2925,Monthly,0.0,2024-01-09,2025-07-12,Churned,2025-07-12
6926,2926,Monthly,9.99,2024-02-05,2025-04-14,Churned,2025-04-14
6927,2927,Monthly,9.99,2024-02-23,2025-10-02,Churned,2025-10-02
6928,2928,Monthly,9.99,2024-05-12,,Active,
6929,2929,Monthly,9.99,2024-04-15,,Active,
6930,2930,Monthly,9.99,2024-04-19,2026-02-09,Churned,2026-02-09
6931,2931,Monthly,9.99,2024-05-29,,Active,
6932,2932,Monthly,9.99,2024-05-26,2024-07-15,Churned,2024-07-15
6933,2933,Monthly,9.99,2024-01-24,2025-05-02,Churned,2025-05-02
6934,2934,Monthly,9.99,2024-01-17,2025-08-16,CHURNED,2025-08-16
6935,2935,Monthly,9.99,2024-04-16,,Active,
6936,2936,Monthly,9.99,2024-06-27,2025-10-27,Churned,2025-10-27
6937,2937,Monthly,9.99,2024-03-22,,Active,
6938,2938,Monthly,9.99,2024-06-11,,active,
6939,2939,Monthly,9.99,2024-06-30,,Active,
6940,2940,Monthly,9.99,2024-06-13,2024-12-30,Churned,2024-12-30
6941,2941,Monthly,9.99,2024-02-24,,Active,
6942,2942,Monthly,9.99,2024-01-26,2025-02-16,Churned,2025-02-16
6943,2943,Monthly,9.99,2024-03-31,2026-02-11,Churned,2026-02-11
6944,2944,Monthly,9.99,2024-01-23,,Active,
6945,2945,Monthly,9.99,2024-01-02,2025-08-23,Churned,2025-08-23
6946,2946,Monthly,9.99,2024-02-05,2026-01-22,Churned,2026-01-22
6947,2947,Monthly,9.99,2024-02-20,2025-04-23,Churned,2025-04-23
6948,2948,Monthly,9.99,2024-05-28,,Active,
6949,2949,Monthly,9.99,2024-02-18,2025-08-06,Churned,2025-08-06
6950,2950,Monthly,9.99,2024-04-11,2025-08-18,Churned,2025-08-18
6951,2951,Monthly,9.99,2024-06-28,2026-01-29,Churned,2026-01-29
6952,2952,Monthly,9.99,2024-05-20,,Active,
6953,2953,Monthly,9.99,2024-05-26,,Active,
6954,2954,Monthly,9.99,2024-01-09,2025-04-20,Churned,2025-04-20
6955,2955,Monthly,9.99,2024-04-17,,Active,
6956,2956,Monthly,9.99,2024-05-24,2024-06-25,Churned,2024-06-25
6957,2957,Monthly,9.99,2024-02-25,2025-08-18,Churned,2025-08-18
6958,2958,Monthly,0.0,2024-03-13,2026-06-08,Churned,2026-06-08
6959,2959,Monthly,9.99,2024-02-11,2025-02-28,Churned,2025-02-28
6960,2960,Monthly,9.99,2024-04-13,,Active,
6961,2961,Monthly,9.99,2024-02-06,2025-07-30,Churned,2025-07-30
6962,2962,Monthly,9.99,2024-03-07,,Active,
6963,2963,Monthly,9.99,2024-06-20,2025-09-23,Churned,2025-09-23
6964,2964,Monthly,9.99,2024-03-23,,Active,
6965,2965,Monthly,9.99,2024-06-29,2026-07-05,Churned,2026-07-05
6966,2966,Monthly,9.99,2024-06-20,2025-08-05,Churned,2025-08-05
6967,2967,Monthly,9.99,2024-02-03,,Active,
6968,2968,Monthly,9.99,2024-06-04,2026-05-19,Churned,2026-05-19
6969,2969,Monthly,9.99,2024-01-19,,Active,
6970,2970,Monthly,9.99,2024-04-07,,Active,
6971,2971,Monthly,9.99,2024-01-13,,Active,
6972,2972,Monthly,9.99,2024-02-17,2025-07-16,Churned,2025-07-16
6973,2973,Monthly,9.99,2024-06-16,,Active,
6974,2974,Monthly,9.99,2024-01-17,,Active,
6975,2975,Monthly,9.99,2024-06-03,,active,
6976,2976,Monthly,9.99,2024-06-09,2024-07-19,Churned,2024-07-19
6977,2977,Monthly,9.99,2024-05-09,,Active,
6978,2978,Monthly,9.99,2024-04-13,2026-04-13,CHURNED,2026-04-13
6979,2979,Monthly,9.99,2024-01-11,,Active,
6980,2980,Monthly,9.99,2024-04-06,2025-12-24,Churned,2025-12-24
6981,2981,Monthly,9.99,2024-01-27,,Active,
6982,2982,Monthly,9.99,2024-01-26,,Active,
6983,2983,Monthly,9.99,2024-06-17,2026-01-20,Churned,2026-01-20
6984,2984,Monthly,9.99,2024-03-12,2026-01-09,Churned,2026-01-09
6985,2985,Monthly,9.99,2024-03-10,,Active,
6986,2986,Monthly,9.99,2024-01-27,2025-02-13,Churned,2025-02-13
6987,2987,Monthly,9.99,2024-02-12,2024-12-24,Churned,2024-12-24
6988,2988,Monthly,9.99,2024-06-12,2025-06-05,Churned,2025-06-05
6989,2989,Monthly,9.99,2024-01-08,2026-01-14,Churned,2026-01-14
6990,2990,Monthly,9.99,2024-03-25,2025-11-28,Churned,2025-11-28
6991,2991,Monthly,9.99,2024-03-08,,Active,
6992,2992,Monthly,9.99,2024-02-14,2025-10-06,Churned,2025-10-06
6993,2993,Monthly,9.99,2024-05-07,2026-04-19,Churned,2026-04-19
6994,2994,Monthly,9.99,2024-01-25,,active,
6995,2995,Monthly,9.99,2024-04-13,2026-02-14,Churned,2026-02-14
6996,2996,Monthly,9.99,2024-05-31,,Active,
6997,2997,Monthly,9.99,2024-06-03,2025-11-16,Churned,2025-11-16
6998,2998,Monthly,9.99,2024-01-18,,Active,
6999,2999,Monthly,9.99,2024-01-12,2025-09-30,Churned,2025-09-30
7000,3000,Monthly,9.99,2024-05-21,,Active,
7001,3001,Monthly,9.99,2024-02-11,2025-12-19,CHURNED,2025-12-19
7002,3002,Monthly,9.99,2024-02-16,2024-04-02,Churned,2024-04-02
7003,3003,Monthly,9.99,2024-02-14,2025-06-09,Churned,2025-06-09
7004,3004,Monthly,9.99,2024-03-25,,active,
7005,3005,Monthly,9.99,2024-05-29,2025-06-26,Churned,2025-06-26
7006,3006,Monthly,9.99,2024-04-04,,Active,
7007,3007,Monthly,9.99,2024-03-15,,Active,
7008,3008,Monthly,9.99,2024-02-27,2025-07-28,Churned,2025-07-28
7009,3009,Monthly,9.99,2024-01-26,,Active,
7010,3010,Monthly,9.99,2024-05-18,2025-12-22,Churned,2025-12-22
7011,3011,Monthly,9.99,2024-02-23,,Active,
7012,3012,Monthly,9.99,2024-02-01,2026-03-03,Churned,2026-03-03
7013,3013,Monthly,9.99,2024-02-08,2026-03-06,Churned,2026-03-06
7014,3014,Monthly,9.99,2024-06-07,,active,
7015,3015,Monthly,9.99,2024-05-28,2024-12-30,Churned,2024-12-30
7016,3016,Monthly,9.99,2024-01-17,,Active,
7017,3017,Monthly,9.99,2024-03-14,2025-10-27,Churned,2025-10-27
7018,3018,Monthly,9.99,2024-06-15,2024-07-05,Churned,2024-07-05
7019,3019,Monthly,9.99,2024-03-14,2025-11-07,Churned,2025-11-07
7020,3020,Monthly,9.99,2024-06-06,2025-04-10,Churned,2025-04-10
7021,3021,Monthly,9.99,2024-03-28,2025-11-29,Churned,2025-11-29
7022,3022,Monthly,9.99,2024-05-27,,Active,
7023,3023,Monthly,9.99,2024-06-08,,Active,
7024,3024,Monthly,9.99,2024-06-10,,Active,
7025,3025,Monthly,9.99,2024-04-01,2025-12-02,Churned,2025-12-02
7026,3026,Monthly,9.99,2024-04-04,2025-12-07,Churned,2025-12-07
7027,3027,Monthly,9.99,2024-01-11,,Active,
7028,3028,Monthly,9.99,2024-05-17,,Active,
7029,3029,Monthly,9.99,2024-03-29,,Active,
7030,3030,Monthly,9.99,2024-05-17,,Active,
7031,3031,Monthly,9.99,2024-01-19,,Active,
7032,3032,Monthly,9.99,2024-06-19,2025-07-31,Churned,2025-07-31
7033,3033,Monthly,9.99,2024-04-23,2025-06-16,Churned,2025-06-16
7034,3034,Monthly,9.99,2024-03-12,2025-08-18,Churned,2025-08-18
7035,3035,Monthly,9.99,2024-03-21,2025-06-26,Churned,2025-06-26
7036,3036,Monthly,9.99,2024-02-10,2026-06-09,Churned,2026-06-09
7037,3037,Monthly,9.99,2024-06-09,,Active,
7038,3038,Monthly,9.99,2024-03-26,,Active,
7039,3039,Monthly,9.99,2024-05-06,2025-05-02,Churned,2025-05-02
7040,3040,Monthly,9.99,2024-03-09,2025-06-19,Churned,2025-06-19
7041,3041,Monthly,9.99,2024-02-17,2025-07-11,Churned,2025-07-11
7042,3042,Monthly,9.99,2024-03-29,2025-09-12,Churned,2025-09-12
7043,3043,Monthly,9.99,2024-01-14,2025-08-20,Churned,2025-08-20
7044,3044,Monthly,9.99,2024-02-06,,Active,
7045,3045,Monthly,9.99,2024-04-11,2024-05-10,Churned,2024-05-10
7046,3046,Monthly,9.99,2024-05-13,2026-04-23,Churned,2026-04-23
7047,3047,Monthly,9.99,2024-01-13,2025-11-04,Churned,2025-11-04
7048,3048,Monthly,9.99,2024-05-19,2025-07-08,Churned,2025-07-08
7049,3049,Monthly,9.99,2024-05-10,,Active,
7050,3050,Monthly,9.99,2024-04-07,2025-03-20,Churned,2025-03-20
7051,3051,Monthly,9.99,2024-06-02,2025-02-21,Churned,2025-02-21
7052,3052,Monthly,9.99,2024-02-18,,Active,
7053,3053,Monthly,9.99,2024-06-16,2025-10-19,Churned,2025-10-19
7054,3054,Monthly,9.99,2024-05-15,,Active,
7055,3055,Monthly,9.99,2024-06-12,,Active,
7056,3056,Monthly,9.99,2024-02-24,2026-02-25,Churned,2026-02-25
7057,3057,Monthly,9.99,2024-04-27,2025-11-29,Churned,2025-11-29
7058,3058,Monthly,9.99,2024-03-22,,Active,
7059,3059,Monthly,9.99,2024-06-04,2025-07-17,Churned,2025-07-17
7060,3060,Monthly,9.99,2024-05-14,2025-07-18,Churned,2025-07-18
7061,3061,Monthly,9.99,2024-04-09,2025-05-11,Churned,2025-05-11
7062,3062,Monthly,9.99,2024-04-08,,Active,
7063,3063,Monthly,9.99,2024-01-11,,Active,
7064,3064,Monthly,9.99,2024-06-13,2025-09-25,Churned,2025-09-25
7065,3065,Monthly,9.99,2024-03-02,,Active,
7066,3066,Monthly,9.99,2024-06-17,2025-07-24,Churned,2025-07-24
7067,3067,Monthly,9.99,2024-05-18,,Active,
7068,3068,Monthly,9.99,2024-02-21,2025-07-21,Churned,2025-07-21
7069,3069,Monthly,9.99,2024-04-08,,Active,
7070,3070,Monthly,9.99,2024-06-30,2025-12-01,Churned,2025-12-01
7071,3071,Monthly,9.99,2024-01-02,2026-02-24,Churned,2026-02-24
7072,3072,Monthly,9.99,2024-01-03,2025-12-15,Churned,2025-12-15
7073,3073,Monthly,9.99,2024-04-30,,Active,
7074,3074,Monthly,9.99,2024-02-02,2025-10-24,Churned,2025-10-24
7075,3075,Monthly,9.99,2024-01-22,,Active,
7076,3076,Monthly,9.99,2024-05-05,,Active,
7077,3077,Monthly,9.99,2024-01-25,,Active,
7078,3078,Monthly,9.99,2024-04-03,2024-04-23,Churned,2024-04-23
7079,3079,Monthly,9.99,2024-06-05,,Active,
7080,3080,Monthly,9.99,2024-04-03,2025-02-07,Churned,2025-02-07
7081,3081,Monthly,9.99,2024-04-03,,Active,
7082,3082,Monthly,9.99,2024-03-07,2025-08-11,Churned,2025-08-11
7083,3083,Monthly,9.99,2024-01-30,,Active,
7084,3084,Monthly,9.99,2024-01-25,,Active,
7085,3085,Monthly,9.99,2024-03-30,2026-05-01,Churned,2026-05-01
7086,3086,Monthly,9.99,2024-02-22,2024-09-07,Churned,2024-09-07
7087,3087,Monthly,9.99,2024-01-28,,Active,
7088,3088,Monthly,9.99,2024-04-09,,Active,
7089,3089,Monthly,9.99,2024-05-06,2024-12-30,Churned,2024-12-30
7090,3090,Monthly,9.99,2024-05-17,,Active,
7091,3091,Monthly,9.99,2024-01-11,2026-01-25,Churned,2026-01-25
7092,3092,Monthly,9.99,2024-01-23,,Active,
7093,3093,Monthly,9.99,2024-02-06,,Active,
7094,3094,Monthly,9.99,2024-03-22,2025-05-25,Churned,2025-05-25
7095,3095,Monthly,9.99,2024-01-23,2026-03-16,Churned,2026-03-16
7096,3096,Monthly,9.99,2024-04-23,,Active,
7097,3097,Monthly,9.99,2024-06-13,,Active,
7098,3098,Monthly,9.99,2024-01-13,2024-11-04,Churned,2024-11-04
7099,3099,Monthly,9.99,2024-03-03,2025-10-12,Churned,2025-10-12
7100,3100,Monthly,9.99,2024-02-05,2025-07-05,Churned,2025-07-05
7101,3101,Monthly,9.99,2024-06-27,,Active,
7102,3102,Monthly,9.99,2024-01-23,2026-02-24,Churned,2026-02-24
7103,3103,Monthly,9.99,2024-06-05,2025-12-22,Churned,2025-12-22
7104,3104,Monthly,9.99,2024-05-29,,Active,
7105,3105,Monthly,9.99,2024-04-01,,Active,
7106,3106,Monthly,9.99,2024-05-02,2025-08-10,Churned,2025-08-10
7107,3107,Monthly,9.99,2024-04-20,2026-04-14,Churned,2026-04-14
7108,3108,Monthly,9.99,2024-04-12,,Active,
7109,3109,Monthly,9.99,2024-06-25,2026-03-05,Churned,2026-03-05
7110,3110,Monthly,9.99,2024-06-13,,Active,
7111,3111,Monthly,9.99,2024-05-24,2026-03-29,Churned,2026-03-29
7112,3112,Monthly,9.99,2024-06-03,,Active,
7113,3113,Monthly,9.99,2024-01-19,2026-02-17,Churned,2026-02-17
7114,3114,Monthly,9.99,2024-05-21,2025-10-29,Churned,2025-10-29
7115,3115,Monthly,9.99,2024-03-30,,Active,
7116,3116,Monthly,9.99,2024-01-11,,Active,
7117,3117,Monthly,9.99,2024-04-24,2026-01-01,Churned,2026-01-01
7118,3118,Monthly,9.99,2024-02-06,,Active,
7119,3119,Monthly,9.99,2024-05-09,2026-01-21,Churned,2026-01-21
7120,3120,Monthly,9.99,2024-06-13,,Active,
7121,3121,Monthly,9.99,2024-06-11,,Active,
7122,3122,Monthly,9.99,2024-03-07,,Active,
7123,3123,Monthly,9.99,2024-04-30,,Active,
7124,3124,Monthly,9.99,2024-03-11,2025-03-23,Churned,2025-03-23
7125,3125,Monthly,9.99,2024-04-07,,Active,
7126,3126,Monthly,9.99,2024-03-25,2026-01-18,Churned,2026-01-18
7127,3127,Monthly,9.99,2024-05-11,,Active,
7128,3128,Monthly,9.99,2024-03-31,2025-05-31,Churned,2025-05-31
7129,3129,Monthly,9.99,2024-04-10,,Active,
7130,3130,Monthly,9.99,2024-05-10,2025-11-24,Churned,2025-11-24
7131,3131,Monthly,0.0,2024-06-15,,Active,
7132,3132,Monthly,0.0,2024-01-09,2025-07-07,Churned,2025-07-07
7133,3133,Monthly,9.99,2024-05-16,2025-04-08,Churned,2025-04-08
7134,3134,Monthly,9.99,2024-06-03,2024-12-30,Churned,2024-12-30
7135,3135,Monthly,9.99,2024-05-31,2025-07-29,Churned,2025-07-29
7136,3136,Monthly,9.99,2024-01-08,,Active,
7137,3137,Monthly,9.99,2024-06-11,2025-10-03,Churned,2025-10-03
7138,3138,Monthly,9.99,2024-03-28,,Active,
7139,3139,Monthly,9.99,2024-05-05,2026-02-01,Churned,2026-02-01
7140,3140,Monthly,9.99,2024-03-02,2026-07-01,Churned,2026-07-01
7141,3141,Monthly,9.99,2024-03-08,2025-11-23,Churned,2025-11-23
7142,3142,Monthly,9.99,2024-01-14,,Active,
7143,3143,Monthly,9.99,2024-01-21,2025-06-14,Churned,2025-06-14
7144,3144,Monthly,9.99,2024-03-23,,Active,
7145,3145,Monthly,9.99,2024-02-26,2025-04-25,CHURNED,2025-04-25
7146,3146,Monthly,9.99,2024-02-21,,Active,
7147,3147,Monthly,9.99,2024-04-05,,Active,
7148,3148,Monthly,9.99,2024-02-14,2025-11-08,Churned,2025-11-08
7149,3149,Monthly,9.99,2024-01-04,2026-05-08,Churned,2026-05-08
7150,3150,Monthly,9.99,2024-03-01,2025-12-27,Churned,2025-12-27
7151,3151,Monthly,9.99,2024-01-09,2026-02-22,Churned,2026-02-22
7152,3152,Monthly,9.99,2024-06-29,,Active,
7153,3153,Monthly,9.99,2024-02-28,2025-11-11,Churned,2025-11-11
7154,3154,Monthly,9.99,2024-01-24,,Active,
7155,3155,Monthly,9.99,2024-01-12,2025-07-15,Churned,2025-07-15
7156,3156,Monthly,9.99,2024-04-02,,Active,
7157,3157,Monthly,9.99,2024-01-07,,Active,
7158,3158,Monthly,9.99,2024-03-04,2026-01-22,Churned,2026-01-22
7159,3159,Monthly,9.99,2024-05-29,2026-07-03,Churned,2026-07-03
7160,3160,Monthly,9.99,2024-04-29,2025-07-17,Churned,2025-07-17
7161,3161,Monthly,9.99,2024-02-11,,Active,
7162,3162,Monthly,9.99,2024-06-07,2025-10-03,Churned,2025-10-03
7163,3163,Monthly,9.99,2024-06-22,2025-04-11,Churned,2025-04-11
7164,3164,Monthly,9.99,2024-04-23,2026-01-07,Churned,2026-01-07
7165,3165,Monthly,9.99,2024-01-15,,Active,
7166,3166,Monthly,9.99,2024-05-22,2026-01-24,Churned,2026-01-24
7167,3167,Monthly,9.99,2024-03-21,,Active,
7168,3168,Monthly,9.99,2024-02-22,,Active,
7169,3169,Monthly,9.99,2024-04-18,2026-03-05,Churned,2026-03-05
7170,3170,Monthly,9.99,2024-01-19,,Active,
7171,3171,Monthly,9.99,2024-02-10,2026-02-26,Churned,2026-02-26
7172,3172,Monthly,9.99,2024-05-20,,Active,
7173,3173,Monthly,9.99,2024-06-12,2025-11-28,Churned,2025-11-28
7174,3174,Monthly,9.99,2024-06-02,2025-05-20,Churned,2025-05-20
7175,3175,Monthly,9.99,2024-02-17,2025-11-11,Churned,2025-11-11
7176,3176,Monthly,9.99,2024-01-03,,Active,
7177,3177,Monthly,9.99,2024-02-25,2025-02-14,Churned,2025-02-14
7178,3178,Monthly,9.99,2024-06-13,,Active,
7179,3179,Monthly,9.99,2024-04-09,,Active,
7180,3180,Monthly,9.99,2024-01-30,2025-07-09,Churned,2025-07-09
7181,3181,Monthly,9.99,2024-04-12,2026-03-04,Churned,2026-03-04
7182,3182,Monthly,9.99,2024-04-05,2025-11-27,Churned,2025-11-27
7183,3183,Monthly,9.99,2024-01-12,2025-09-26,Churned,2025-09-26
7184,3184,Monthly,9.99,2024-01-18,,Active,
7185,3185,Monthly,9.99,2024-06-23,,Active,
7186,3186,Monthly,9.99,2024-03-16,,Active,
7187,3187,Monthly,9.99,2024-01-07,2026-06-26,Churned,2026-06-26
7188,3188,Monthly,9.99,2024-02-25,,Active,
7189,3189,Monthly,9.99,2024-06-13,2025-12-23,Churned,2025-12-23
7190,3190,Monthly,9.99,2024-02-07,2025-11-13,Churned,2025-11-13
7191,3191,Monthly,9.99,2024-04-08,2025-11-24,Churned,2025-11-24
7192,3192,Monthly,9.99,2024-01-21,2025-09-08,Churned,2025-09-08
7193,3193,Monthly,9.99,2024-05-17,2026-03-26,Churned,2026-03-26
7194,3194,Monthly,9.99,2024-04-24,2025-12-12,Churned,2025-12-12
7195,3195,Monthly,9.99,2024-05-28,2025-12-31,Churned,2025-12-31
7196,3196,Monthly,9.99,2024-01-29,2025-06-28,Churned,2025-06-28
7197,3197,Monthly,9.99,2024-05-16,,Active,
7198,3198,Monthly,9.99,2024-03-03,2025-11-25,churned,2025-11-25
7199,3199,Monthly,0.0,2024-04-24,2026-03-23,Churned,2026-03-23
7200,3200,Monthly,9.99,2024-05-23,2025-05-18,Churned,2025-05-18
7201,3201,Monthly,9.99,2024-02-12,,Active,
7202,3202,Monthly,9.99,2024-03-30,,Active,
7203,3203,Monthly,9.99,2024-01-31,2026-03-13,Churned,2026-03-13
7204,3204,Monthly,9.99,2024-01-12,2025-06-17,CHURNED,2025-06-17
7205,3205,Monthly,9.99,2024-04-05,,Active,
7206,3206,Monthly,9.99,2024-05-30,2026-06-14,Churned,2026-06-14
7207,3207,Monthly,9.99,2024-02-09,,Active,
7208,3208,Monthly,9.99,2024-06-02,,Active,
7209,3209,Monthly,9.99,2024-04-17,,Active,
7210,3210,Monthly,9.99,2024-01-10,,Active,
7211,3211,Monthly,9.99,2024-05-22,2026-01-15,Churned,2026-01-15
7212,3212,Monthly,9.99,2024-04-30,2025-10-13,Churned,2025-10-13
7213,3213,Monthly,0.0,2024-03-19,2025-05-21,Churned,2025-05-21
7214,3214,Monthly,9.99,2024-06-05,,Active,
7215,3215,Monthly,9.99,2024-01-24,,Active,
7216,3216,Monthly,9.99,2024-04-19,,Active,
7217,3217,Monthly,9.99,2024-06-29,,Active,
7218,3218,Monthly,9.99,2024-06-06,2025-10-18,Churned,2025-10-18
7219,3219,Monthly,9.99,2024-03-01,,Active,
7220,3220,Monthly,9.99,2024-05-21,2025-08-13,Churned,2025-08-13
7221,3221,Monthly,9.99,2024-04-04,2025-02-09,Churned,2025-02-09
7222,3222,Monthly,9.99,2024-05-11,,Active,
7223,3223,Monthly,9.99,2024-05-06,2024-06-20,Churned,2024-06-20
7224,3224,Monthly,9.99,2024-06-11,2025-11-14,Churned,2025-11-14
7225,3225,Monthly,9.99,2024-01-20,2025-04-12,Churned,2025-04-12
7226,3226,Monthly,9.99,2024-02-16,2025-06-29,Churned,2025-06-29
7227,3227,Monthly,9.99,2024-04-07,2025-08-22,Churned,2025-08-22
7228,3228,Monthly,9.99,2024-05-17,2025-12-10,Churned,2025-12-10
7229,3229,Monthly,9.99,2024-01-05,,Active,
7230,3230,Monthly,9.99,2024-04-06,,Active,
7231,3231,Monthly,9.99,2024-05-17,2025-10-14,Churned,2025-10-14
7232,3232,Monthly,9.99,2024-06-05,,Active,
7233,3233,Monthly,9.99,2024-05-23,,Active,
7234,3234,Monthly,9.99,2024-03-28,,Active,
7235,3235,Monthly,9.99,2024-05-02,,Active,
7236,3236,Monthly,9.99,2024-02-23,2024-03-11,Churned,2024-03-11
7237,3237,Monthly,9.99,2024-05-20,2026-02-08,Churned,2026-02-08
7238,3238,Monthly,9.99,2024-04-26,2025-02-19,Churned,2025-02-19
7239,3239,Monthly,9.99,2024-04-21,,Active,
7240,3240,Monthly,9.99,2024-06-13,,Active,
7241,3241,Monthly,9.99,2024-06-08,2026-03-14,Churned,2026-03-14
7242,3242,Monthly,9.99,2024-04-10,2024-05-19,Churned,2024-05-19
7243,3243,Monthly,9.99,2024-05-09,2025-04-21,Churned,2025-04-21
7244,3244,Monthly,9.99,2024-06-26,,Active,
7245,3245,Monthly,9.99,2024-03-12,2025-11-17,Churned,2025-11-17
7246,3246,Monthly,9.99,2024-03-20,,Active,
7247,3247,Monthly,9.99,2024-06-28,2025-07-04,Churned,2025-07-04
7248,3248,Monthly,9.99,2024-03-25,2025-10-15,Churned,2025-10-15
7249,3249,Monthly,9.99,2024-02-14,2025-07-26,Churned,2025-07-26
7250,3250,Monthly,9.99,2024-03-04,,Active,
7251,3251,Monthly,9.99,2024-02-20,,Active,
7252,3252,Monthly,9.99,2024-05-27,2025-09-21,Churned,2025-09-21
7253,3253,Monthly,9.99,2024-05-08,2025-05-06,Churned,2025-05-06
7254,3254,Monthly,9.99,2024-01-13,,Active,
7255,3255,Monthly,9.99,2024-06-23,2025-09-10,churned,2025-09-10
7256,3256,Monthly,9.99,2024-05-17,,Active,
7257,3257,Monthly,9.99,2024-01-13,2025-11-27,Churned,2025-11-27
7258,3258,Monthly,9.99,2024-04-19,2025-12-10,Churned,2025-12-10
7259,3259,Monthly,9.99,2024-05-10,2025-10-03,Churned,2025-10-03
7260,3260,Monthly,9.99,2024-04-05,,Active,
7261,3261,Monthly,9.99,2024-03-31,2025-12-15,Churned,2025-12-15
7262,3262,Monthly,9.99,2024-03-02,,Active,
7263,3263,Monthly,9.99,2024-05-02,,Active,
7264,3264,Monthly,9.99,2024-04-30,,Active,
7265,3265,Monthly,9.99,2024-01-12,2026-03-06,Churned,2026-03-06
7266,3266,Monthly,9.99,2024-03-15,2025-03-02,Churned,2025-03-02
7267,3267,Monthly,9.99,2024-03-28,2025-04-02,Churned,2025-04-02
7268,3268,Monthly,9.99,2024-06-20,2024-07-09,Churned,2024-07-09
7269,3269,Monthly,9.99,2024-05-29,2024-07-11,Churned,2024-07-11
7270,3270,Monthly,9.99,2024-01-21,2025-05-14,Churned,2025-05-14
7271,3271,Monthly,9.99,2024-03-11,,Active,
7272,3272,Monthly,9.99,2024-06-14,,Active,
7273,3273,Monthly,9.99,2024-02-07,2025-10-20,Churned,2025-10-20
7274,3274,Monthly,9.99,2024-06-13,,Active,
7275,3275,Monthly,0.0,2024-02-17,,Active,
7276,3276,Monthly,9.99,2024-04-18,2026-03-17,Churned,2026-03-17
7277,3277,Monthly,9.99,2024-04-06,,Active,
7278,3278,Monthly,9.99,2024-05-08,,Active,
7279,3279,Monthly,9.99,2024-03-08,,Active,
7280,3280,Monthly,9.99,2024-05-03,2025-03-17,Churned,2025-03-17
7281,3281,Monthly,9.99,2024-05-07,2024-06-18,Churned,2024-06-18
7282,3282,Monthly,9.99,2024-03-31,,Active,
7283,3283,Monthly,9.99,2024-06-08,,Active,
7284,3284,Monthly,9.99,2024-06-08,,Active,
7285,3285,Monthly,9.99,2024-05-21,2026-05-12,Churned,2026-05-12
7286,3286,Monthly,9.99,2024-03-29,2026-03-31,Churned,2026-03-31
7287,3287,Monthly,9.99,2024-05-26,2026-03-07,Churned,2026-03-07
7288,3288,Monthly,9.99,2024-04-08,,Active,
7289,3289,Monthly,9.99,2024-06-04,2026-05-27,Churned,2026-05-27
7290,3290,Monthly,9.99,2024-01-27,,Active,
7291,3291,Monthly,9.99,2024-04-12,2026-03-24,Churned,2026-03-24
7292,3292,Monthly,9.99,2024-03-23,,Active,
7293,3293,Monthly,9.99,2024-01-26,2025-02-27,Churned,2025-02-27
7294,3294,Monthly,9.99,2024-03-21,,Active,
7295,3295,Monthly,9.99,2024-03-18,2025-03-15,Churned,2025-03-15
7296,3296,Monthly,9.99,2024-06-02,,Active,
7297,3297,Monthly,9.99,2024-01-27,2026-01-13,Churned,2026-01-13
7298,3298,Monthly,9.99,2024-06-28,2025-09-23,churned,2025-09-23
7299,3299,Monthly,9.99,2024-02-06,2025-08-02,Churned,2025-08-02
7300,3300,Monthly,9.99,2024-06-12,,Active,
7301,3301,Monthly,9.99,2024-02-19,2026-02-21,Churned,2026-02-21
7302,3302,Monthly,9.99,2024-02-28,2025-09-22,Churned,2025-09-22
7303,3303,Monthly,9.99,2024-02-03,2025-07-18,Churned,2025-07-18
7304,3304,Monthly,9.99,2024-03-09,2025-07-31,Churned,2025-07-31
7305,3305,Monthly,9.99,2024-02-07,,Active,
7306,3306,Monthly,9.99,2024-05-11,2026-02-07,Churned,2026-02-07
7307,3307,Monthly,9.99,2024-04-07,2025-11-25,Churned,2025-11-25
7308,3308,Monthly,9.99,2024-04-01,2025-11-19,Churned,2025-11-19
7309,3309,Monthly,9.99,2024-05-28,2026-03-11,CHURNED,2026-03-11
7310,3310,Monthly,9.99,2024-06-25,2025-02-20,Churned,2025-02-20
7311,3311,Monthly,9.99,2024-02-26,2025-10-28,Churned,2025-10-28
7312,3312,Monthly,9.99,2024-06-27,,Active,
7313,3313,Monthly,9.99,2024-02-02,,Active,
7314,3314,Monthly,0.0,2024-01-03,,active,
7315,3315,Monthly,9.99,2024-06-06,2026-01-03,Churned,2026-01-03
7316,3316,Monthly,9.99,2024-05-13,2024-12-30,Churned,2024-12-30
7317,3317,Monthly,9.99,2024-05-30,2025-10-28,Churned,2025-10-28
7318,3318,Monthly,0.0,2024-04-22,2026-01-05,Churned,2026-01-05
7319,3319,Monthly,9.99,2024-01-15,2026-05-04,Churned,2026-05-04
7320,3320,Monthly,9.99,2024-03-06,,Active,
7321,3321,Monthly,9.99,2024-03-25,,Active,
7322,3322,Monthly,9.99,2024-02-10,2025-11-16,Churned,2025-11-16
7323,3323,Monthly,9.99,2024-02-23,2025-09-14,CHURNED,2025-09-14
7324,3324,Monthly,9.99,2024-04-14,2025-07-27,Churned,2025-07-27
7325,3325,Monthly,9.99,2024-03-09,2025-10-23,Churned,2025-10-23
7326,3326,Monthly,0.0,2024-02-21,,Active,
7327,3327,Monthly,9.99,2024-06-28,2025-10-05,Churned,2025-10-05
7328,3328,Monthly,9.99,2024-03-15,2025-11-26,Churned,2025-11-26
7329,3329,Monthly,9.99,2024-06-15,,active,
7330,3330,Monthly,9.99,2024-03-22,2026-03-24,Churned,2026-03-24
7331,3331,Monthly,9.99,2024-06-02,,Active,
7332,3332,Monthly,9.99,2024-01-29,,Active,
7333,3333,Monthly,9.99,2024-03-12,,Active,
7334,3334,Monthly,9.99,2024-04-15,,Active,
7335,3335,Monthly,9.99,2024-06-11,2026-06-04,Churned,2026-06-04
7336,3336,Monthly,9.99,2024-01-19,,ACTIVE,
7337,3337,Monthly,9.99,2024-05-04,2025-07-14,Churned,2025-07-14
7338,3338,Monthly,9.99,2024-04-10,2025-11-16,Churned,2025-11-16
7339,3339,Monthly,9.99,2024-02-05,,Active,
7340,3340,Monthly,9.99,2024-01-17,,Active,
7341,3341,Monthly,9.99,2024-06-23,2025-11-12,Churned,2025-11-12
7342,3342,Monthly,9.99,2024-06-15,2025-11-03,Churned,2025-11-03
7343,3343,Monthly,9.99,2024-01-23,2026-03-15,Churned,2026-03-15
7344,3344,Monthly,9.99,2024-05-11,,Active,
7345,3345,Monthly,9.99,2024-05-24,2026-02-26,Churned,2026-02-26
7346,3346,Monthly,9.99,2024-05-26,,Active,
7347,3347,Monthly,9.99,2024-01-26,,Active,
7348,3348,Monthly,9.99,2024-06-13,,Active,
7349,3349,Monthly,9.99,2024-01-10,,Active,
7350,3350,Monthly,9.99,2024-03-19,2026-06-24,Churned,2026-06-24
7351,3351,Monthly,9.99,2024-02-14,,Active,
7352,3352,Monthly,9.99,2024-06-26,,Active,
7353,3353,Monthly,9.99,2024-06-18,2026-02-19,Churned,2026-02-19
7354,3354,Monthly,9.99,2024-06-06,,Active,
7355,3355,Monthly,9.99,2024-03-31,2025-10-15,Churned,2025-10-15
7356,3356,Monthly,9.99,2024-06-11,2026-02-22,Churned,2026-02-22
7357,3357,Monthly,9.99,2024-03-21,2026-03-28,Churned,2026-03-28
7358,3358,Monthly,9.99,2024-06-21,,Active,
7359,3359,Monthly,9.99,2024-05-08,,Active,
7360,3360,Monthly,9.99,2024-03-02,,Active,
7361,3361,Monthly,9.99,2024-01-27,2025-10-25,Churned,2025-10-25
7362,3362,Monthly,9.99,2024-05-06,2026-07-04,Churned,2026-07-04
7363,3363,Monthly,9.99,2024-03-30,,Active,
7364,3364,Monthly,9.99,2024-04-13,,active,
7365,3365,Monthly,9.99,2024-04-27,,Active,
7366,3366,Monthly,9.99,2024-04-27,,Active,
7367,3367,Monthly,9.99,2024-03-21,2025-12-31,Churned,2025-12-31
7368,3368,Monthly,9.99,2024-03-01,,Active,
7369,3369,Monthly,9.99,2024-02-20,2026-01-12,Churned,2026-01-12
7370,3370,Monthly,9.99,2024-01-15,,Active,
7371,3371,Monthly,9.99,2024-03-29,2026-01-07,Churned,2026-01-07
7372,3372,Monthly,9.99,2024-03-20,,Active,
7373,3373,Monthly,9.99,2024-05-25,,Active,
7374,3374,Monthly,9.99,2024-06-19,,Active,
7375,3375,Monthly,9.99,2024-04-21,,Active,
7376,3376,Monthly,9.99,2024-06-20,,Active,
7377,3377,Monthly,9.99,2024-05-09,,Active,
7378,3378,Monthly,9.99,2024-02-20,2026-01-27,Churned,2026-01-27
7379,3379,Monthly,9.99,2024-01-22,2025-03-04,Churned,2025-03-04
7380,3380,Monthly,9.99,2024-06-07,2025-03-27,Churned,2025-03-27
7381,3381,Monthly,9.99,2024-04-05,2025-12-30,Churned,2025-12-30
7382,3382,Monthly,9.99,2024-01-25,,Active,
7383,3383,Monthly,9.99,2024-04-25,2025-10-07,Churned,2025-10-07
7384,3384,Monthly,9.99,2024-02-25,2026-02-12,Churned,2026-02-12
7385,3385,Monthly,9.99,2024-01-21,,Active,
7386,3386,Monthly,9.99,2024-03-23,,Active,
7387,3387,Monthly,9.99,2024-01-03,,Active,
7388,3388,Monthly,9.99,2024-05-26,2025-09-23,Churned,2025-09-23
7389,3389,Monthly,9.99,2024-04-06,,Active,
7390,3390,Monthly,9.99,2024-02-17,2025-02-20,Churned,2025-02-20
7391,3391,Monthly,9.99,2024-05-27,,Active,
7392,3392,Monthly,9.99,2024-03-06,2026-01-04,Churned,2026-01-04
7393,3393,Monthly,9.99,2024-06-24,2025-10-29,Churned,2025-10-29
7394,3394,Monthly,9.99,2024-02-28,2025-12-28,Churned,2025-12-28
7395,3395,Monthly,9.99,2024-02-01,2025-12-05,Churned,2025-12-05
7396,3396,Monthly,9.99,2024-04-28,,Active,
7397,3397,Monthly,9.99,2024-06-12,,Active,
7398,3398,Monthly,9.99,2024-01-29,,Active,
7399,3399,Monthly,9.99,2024-05-11,2026-03-12,Churned,2026-03-12
7400,3400,Monthly,9.99,2024-05-08,,Active,
7401,3401,Monthly,9.99,2024-03-24,,Active,
7402,3402,Monthly,9.99,2024-02-11,2025-06-11,Churned,2025-06-11
7403,3403,Monthly,9.99,2024-05-26,,Active,
7404,3404,Monthly,9.99,2024-03-27,2025-09-08,Churned,2025-09-08
7405,3405,Monthly,9.99,2024-02-19,2026-03-27,Churned,2026-03-27
7406,3406,Monthly,9.99,2024-03-05,2026-05-27,Churned,2026-05-27
7407,3407,Monthly,9.99,2024-06-10,,Active,
7408,3408,Monthly,9.99,2024-04-13,,Active,
7409,3409,Monthly,9.99,2024-06-16,,Active,
7410,3410,Monthly,9.99,2024-06-12,2025-02-03,Churned,2025-02-03
7411,3411,Monthly,9.99,2024-04-25,,Active,
7412,3412,Monthly,9.99,2024-01-01,,Active,
7413,3413,Monthly,9.99,2024-02-25,2024-12-24,Churned,2024-12-24
7414,3414,Monthly,9.99,2024-01-14,,Active,
7415,3415,Monthly,9.99,2024-04-15,2025-12-27,Churned,2025-12-27
7416,3416,Monthly,9.99,2024-04-25,,Active,
7417,3417,Monthly,9.99,2024-04-09,,Active,
7418,3418,Monthly,9.99,2024-05-28,2025-04-11,Churned,2025-04-11
7419,3419,Monthly,9.99,2024-01-03,,Active,
7420,3420,Monthly,9.99,2024-05-12,2026-03-21,Churned,2026-03-21
7421,3421,Monthly,9.99,2024-04-05,,Active,
7422,3422,Monthly,9.99,2024-05-07,,Active,
7423,3423,Monthly,9.99,2024-04-22,,Active,
7424,3424,Monthly,0.0,2024-01-09,2026-07-02,Churned,2026-07-02
7425,3425,Monthly,9.99,2024-03-02,,Active,
7426,3426,Monthly,9.99,2024-04-12,,Active,
7427,3427,Monthly,9.99,2024-06-23,2025-08-19,Churned,2025-08-19
7428,3428,Monthly,9.99,2024-02-05,2025-12-04,CHURNED,2025-12-04
7429,3429,Monthly,9.99,2024-04-07,,Active,
7430,3430,Monthly,9.99,2024-03-28,2026-06-18,Churned,2026-06-18
7431,3431,Monthly,9.99,2024-04-02,2025-09-06,Churned,2025-09-06
7432,3432,Monthly,0.0,2024-03-18,2024-04-24,Churned,2024-04-24
7433,3433,Monthly,9.99,2024-06-12,2026-02-12,Churned,2026-02-12
7434,3434,Monthly,9.99,2024-05-03,2025-07-17,Churned,2025-07-17
7435,3435,Monthly,9.99,2024-04-16,2025-11-24,Churned,2025-11-24
7436,3436,Monthly,9.99,2024-05-03,,Active,
7437,3437,Monthly,9.99,2024-03-20,,Active,
7438,3438,Monthly,9.99,2024-01-30,,Active,
7439,3439,Monthly,9.99,2024-03-23,,Active,
7440,3440,Monthly,9.99,2024-02-07,,Active,
7441,3441,Monthly,9.99,2024-01-18,,Active,
7442,3442,Monthly,9.99,2024-03-09,2025-06-03,Churned,2025-06-03
7443,3443,Monthly,9.99,2024-04-13,,Active,
7444,3444,Monthly,9.99,2024-05-16,2025-10-01,Churned,2025-10-01
7445,3445,Monthly,9.99,2024-04-05,,Active,
7446,3446,Monthly,9.99,2024-01-23,,Active,
7447,3447,Monthly,9.99,2024-06-18,2026-02-08,Churned,2026-02-08
7448,3448,Monthly,9.99,2024-01-28,,Active,
7449,3449,Monthly,9.99,2024-03-30,2025-10-23,Churned,2025-10-23
7450,3450,Monthly,9.99,2024-02-28,,Active,
7451,3451,Monthly,9.99,2024-05-29,,Active,
7452,3452,Monthly,9.99,2024-02-01,,Active,
7453,3453,Monthly,9.99,2024-04-29,,Active,
7454,3454,Monthly,0.0,2024-03-17,2025-10-25,Churned,2025-10-25
7455,3455,Monthly,9.99,2024-05-12,2025-02-27,Churned,2025-02-27
7456,3456,Monthly,9.99,2024-03-01,2025-07-08,Churned,2025-07-08
7457,3457,Monthly,9.99,2024-06-11,,Active,
7458,3458,Monthly,9.99,2024-04-06,,Active,
7459,3459,Monthly,9.99,2024-06-22,,Active,
7460,3460,Monthly,9.99,2024-05-16,2025-03-14,Churned,2025-03-14
7461,3461,Monthly,9.99,2024-01-13,,Active,
7462,3462,Monthly,9.99,2024-03-14,2025-10-18,Churned,2025-10-18
7463,3463,Monthly,9.99,2024-06-01,2026-05-18,Churned,2026-05-18
7464,3464,Monthly,9.99,2024-03-09,2025-10-28,Churned,2025-10-28
7465,3465,Monthly,9.99,2024-06-30,2025-11-13,Churned,2025-11-13
7466,3466,Monthly,9.99,2024-03-25,2025-07-19,Churned,2025-07-19
7467,3467,Monthly,9.99,2024-02-27,2025-10-24,Churned,2025-10-24
7468,3468,Monthly,9.99,2024-05-27,,Active,
7469,3469,Monthly,9.99,2024-06-26,2026-01-07,Churned,2026-01-07
7470,3470,Monthly,9.99,2024-02-12,,Active,
7471,3471,Monthly,9.99,2024-01-11,,Active,
7472,3472,Monthly,0.0,2024-04-26,,Active,
7473,3473,Monthly,9.99,2024-06-29,,Active,
7474,3474,Monthly,9.99,2024-06-07,2025-04-23,Churned,2025-04-23
7475,3475,Monthly,9.99,2024-03-09,,Active,
7476,3476,Monthly,9.99,2024-03-11,2025-04-19,Churned,2025-04-19
7477,3477,Monthly,9.99,2024-04-30,,Active,
7478,3478,Monthly,9.99,2024-03-04,,Active,
7479,3479,Monthly,9.99,2024-02-28,2025-11-28,Churned,2025-11-28
7480,3480,Monthly,9.99,2024-05-25,,Active,
7481,3481,Monthly,9.99,2024-01-19,,Active,
7482,3482,Monthly,9.99,2024-04-03,2025-08-18,Churned,2025-08-18
7483,3483,Monthly,9.99,2024-02-08,2025-03-02,Churned,2025-03-02
7484,3484,Monthly,9.99,2024-06-07,,Active,
7485,3485,Monthly,9.99,2024-05-12,,Active,
7486,3486,Monthly,9.99,2024-03-30,2025-10-01,Churned,2025-10-01
7487,3487,Monthly,9.99,2024-04-30,,Active,
7488,3488,Monthly,9.99,2024-04-10,,Active,
7489,3489,Monthly,9.99,2024-01-05,2026-02-19,Churned,2026-02-19
7490,3490,Monthly,9.99,2024-04-20,,Active,
7491,3491,Monthly,9.99,2024-02-09,,Active,
7492,3492,Monthly,9.99,2024-04-27,,Active,
7493,3493,Monthly,9.99,2024-05-31,2026-06-08,Churned,2026-06-08
7494,3494,Monthly,9.99,2024-02-25,2026-02-16,Churned,2026-02-16
7495,3495,Monthly,9.99,2024-04-10,,Active,
7496,3496,Monthly,9.99,2024-03-31,,Active,
7497,3497,Monthly,9.99,2024-06-18,2025-12-09,Churned,2025-12-09
7498,3498,Monthly,9.99,2024-05-14,2025-12-31,Churned,2025-12-31
7499,3499,Monthly,9.99,2024-05-21,2025-07-04,Churned,2025-07-04
7500,3500,Monthly,9.99,2024-04-17,2026-05-21,Churned,2026-05-21
7501,3501,Monthly,9.99,2024-04-12,,Active,
7502,3502,Monthly,9.99,2024-03-06,2024-08-29,Churned,2024-08-29
7503,3503,Monthly,9.99,2024-03-08,,Active,
7504,3504,Monthly,9.99,2024-05-23,,Active,
7505,3505,Monthly,9.99,2024-06-04,2026-06-20,Churned,2026-06-20
7506,3506,Monthly,9.99,2024-06-09,,Active,
7507,3507,Monthly,9.99,2024-02-24,,Active,
7508,3508,Monthly,9.99,2024-05-06,2025-08-02,Churned,2025-08-02
7509,3509,Monthly,9.99,2024-05-03,2025-04-08,Churned,2025-04-08
7510,3510,Monthly,9.99,2024-03-15,,Active,
7511,3511,Monthly,9.99,2024-01-10,,Active,
7512,3512,Monthly,9.99,2024-03-01,2026-06-13,Churned,2026-06-13
7513,3513,Monthly,9.99,2024-03-13,,Active,
7514,3514,Monthly,9.99,2024-03-19,,Active,
7515,3515,Monthly,9.99,2024-03-10,2026-03-24,Churned,2026-03-24
7516,3516,Monthly,9.99,2024-04-06,2025-05-18,Churned,2025-05-18
7517,3517,Monthly,9.99,2024-03-04,,Active,
7518,3518,Monthly,9.99,2024-04-25,2026-02-13,Churned,2026-02-13
7519,3519,Monthly,9.99,2024-01-27,2025-10-21,Churned,2025-10-21
7520,3520,Monthly,9.99,2024-04-15,,Active,
7521,3521,Monthly,9.99,2024-05-21,,Active,
7522,3522,Monthly,9.99,2024-02-05,,Active,
7523,3523,Monthly,9.99,2024-02-09,2025-02-28,Churned,2025-02-28
7524,3524,Monthly,9.99,2024-05-19,2025-07-12,Churned,2025-07-12
7525,3525,Monthly,9.99,2024-01-11,2025-08-18,Churned,2025-08-18
7526,3526,Monthly,9.99,2024-04-07,,Active,
7527,3527,Monthly,9.99,2024-04-14,2025-05-08,Churned,2025-05-08
7528,3528,Monthly,9.99,2024-05-25,2025-05-01,Churned,2025-05-01
7529,3529,Monthly,9.99,2024-04-06,2026-02-28,Churned,2026-02-28
7530,3530,Monthly,9.99,2024-01-12,,Active,
7531,3531,Monthly,9.99,2024-05-23,,Active,
7532,3532,Monthly,9.99,2024-06-11,2024-09-19,Churned,2024-09-19
7533,3533,Monthly,9.99,2024-05-26,2025-11-26,Churned,2025-11-26
7534,3534,Monthly,9.99,2024-05-08,2026-05-27,Churned,2026-05-27
7535,3535,Monthly,9.99,2024-05-01,,Active,
7536,3536,Monthly,9.99,2024-04-26,,Active,
7537,3537,Monthly,9.99,2024-05-28,,Active,
7538,3538,Monthly,9.99,2024-04-10,,Active,
7539,3539,Monthly,9.99,2024-04-08,,Active,
7540,3540,Monthly,9.99,2024-06-28,2025-05-04,Churned,2025-05-04
7541,3541,Monthly,9.99,2024-05-16,2026-03-24,Churned,2026-03-24
7542,3542,Monthly,9.99,2024-04-09,,Active,
7543,3543,Monthly,9.99,2024-05-23,,Active,
7544,3544,Monthly,9.99,2024-04-29,2025-10-08,Churned,2025-10-08
7545,3545,Monthly,9.99,2024-04-26,,Active,
7546,3546,Monthly,9.99,2024-03-21,,Active,
7547,3547,Monthly,9.99,2024-01-27,,Active,
7548,3548,Monthly,9.99,2024-03-12,,Active,
7549,3549,Monthly,9.99,2024-05-31,,Active,
7550,3550,Monthly,9.99,2024-03-28,,Active,
7551,3551,Monthly,9.99,2024-02-29,2026-01-03,Churned,2026-01-03
7552,3552,Monthly,9.99,2024-04-13,,Active,
7553,3553,Monthly,9.99,2024-04-26,,Active,
7554,3554,Monthly,9.99,2024-02-09,2026-04-29,Churned,2026-04-29
7555,3555,Monthly,9.99,2024-04-06,2025-09-28,Churned,2025-09-28
7556,3556,Monthly,9.99,2024-06-18,2026-03-07,Churned,2026-03-07
7557,3557,Monthly,9.99,2024-05-03,2025-02-18,Churned,2025-02-18
7558,3558,Monthly,9.99,2024-02-28,,Active,
7559,3559,Monthly,9.99,2024-04-10,2025-10-16,Churned,2025-10-16
7560,3560,Monthly,9.99,2024-04-12,2025-05-14,Churned,2025-05-14
7561,3561,Monthly,9.99,2024-06-09,,Active,
7562,3562,Monthly,9.99,2024-01-26,2026-05-03,Churned,2026-05-03
7563,3563,Monthly,9.99,2024-06-03,2025-07-29,Churned,2025-07-29
7564,3564,Monthly,9.99,2024-06-19,,Active,
7565,3565,Monthly,9.99,2024-04-18,,Active,
7566,3566,Monthly,9.99,2024-06-08,2025-03-10,Churned,2025-03-10
7567,3567,Monthly,9.99,2024-02-19,,Active,
7568,3568,Monthly,9.99,2024-02-20,,Active,
7569,3569,Monthly,9.99,2024-04-29,,Active,
7570,3570,Monthly,9.99,2024-01-18,2026-02-09,Churned,2026-02-09
7571,3571,Monthly,9.99,2024-02-24,,Active,
7572,3572,Monthly,9.99,2024-06-10,2025-05-03,Churned,2025-05-03
7573,3573,Monthly,9.99,2024-04-21,,Active,
7574,3574,Monthly,9.99,2024-04-28,,Active,
7575,3575,Monthly,9.99,2024-02-28,,Active,
7576,3576,Monthly,9.99,2024-01-27,2026-01-06,Churned,2026-01-06
7577,3577,Monthly,9.99,2024-02-12,2025-10-20,Churned,2025-10-20
7578,3578,Monthly,9.99,2024-03-12,,Active,
7579,3579,Monthly,9.99,2024-01-30,2026-02-11,Churned,2026-02-11
7580,3580,Monthly,9.99,2024-05-07,,Active,
7581,3581,Monthly,9.99,2024-04-09,,Active,
7582,3582,Monthly,9.99,2024-05-27,2025-02-21,Churned,2025-02-21
7583,3583,Monthly,9.99,2024-01-30,,Active,
7584,3584,Monthly,9.99,2024-05-10,2025-09-07,Churned,2025-09-07
7585,3585,Monthly,9.99,2024-02-28,,Active,
7586,3586,Monthly,9.99,2024-03-21,,Active,
7587,3587,Monthly,9.99,2024-01-22,2025-05-02,Churned,2025-05-02
7588,3588,Monthly,9.99,2024-05-15,2026-03-01,Churned,2026-03-01
7589,3589,Monthly,9.99,2024-04-03,,Active,
7590,3590,Monthly,0.0,2024-04-02,2026-04-07,Churned,2026-04-07
7591,3591,Monthly,9.99,2024-06-12,2026-01-30,Churned,2026-01-30
7592,3592,Monthly,9.99,2024-04-30,,Active,
7593,3593,Monthly,9.99,2024-03-15,2025-10-11,Churned,2025-10-11
7594,3594,Monthly,9.99,2024-04-30,2025-03-08,Churned,2025-03-08
7595,3595,Monthly,9.99,2024-02-23,,Active,
7596,3596,Monthly,9.99,2024-06-30,2025-11-03,Churned,2025-11-03
7597,3597,Monthly,9.99,2024-06-25,2025-07-26,Churned,2025-07-26
7598,3598,Monthly,9.99,2024-04-17,,Active,
7599,3599,Monthly,9.99,2024-05-15,,Active,
7600,3600,Monthly,9.99,2024-04-26,,Active,
7601,3601,Monthly,9.99,2024-01-29,2025-09-05,Churned,2025-09-05
7602,3602,Monthly,9.99,2024-05-22,2025-03-29,Churned,2025-03-29
7603,3603,Monthly,9.99,2024-01-17,2025-08-25,Churned,2025-08-25
7604,3604,Monthly,9.99,2024-03-14,,Active,
7605,3605,Monthly,9.99,2024-03-17,2025-09-05,Churned,2025-09-05
7606,3606,Monthly,9.99,2024-01-31,2025-11-22,Churned,2025-11-22
7607,3607,Monthly,9.99,2024-02-19,2026-01-07,Churned,2026-01-07
7608,3608,Monthly,9.99,2024-05-21,2026-07-06,Churned,2026-07-06
7609,3609,Monthly,9.99,2024-03-01,,Active,
7610,3610,Monthly,9.99,2024-02-14,2025-10-10,Churned,2025-10-10
7611,3611,Monthly,9.99,2024-03-25,2025-10-29,Churned,2025-10-29
7612,3612,Monthly,0.0,2024-05-19,,Active,
7613,3613,Monthly,9.99,2024-01-06,2025-10-09,Churned,2025-10-09
7614,3614,Monthly,9.99,2024-05-31,,Active,
7615,3615,Monthly,9.99,2024-02-03,,Active,
7616,3616,Monthly,9.99,2024-04-03,2025-02-10,Churned,2025-02-10
7617,3617,Monthly,9.99,2024-05-06,,Active,
7618,3618,Monthly,9.99,2024-03-19,,Active,
7619,3619,Monthly,9.99,2024-04-09,,Active,
7620,3620,Monthly,9.99,2024-01-10,,Active,
7621,3621,Monthly,9.99,2024-02-21,2025-08-29,Churned,2025-08-29
7622,3622,Monthly,9.99,2024-04-20,2025-10-21,Churned,2025-10-21
7623,3623,Monthly,9.99,2024-05-06,2025-07-15,Churned,2025-07-15
7624,3624,Monthly,9.99,2024-06-01,2026-02-04,Churned,2026-02-04
7625,3625,Monthly,9.99,2024-02-26,,Active,
7626,3626,Monthly,9.99,2024-06-13,2025-10-13,Churned,2025-10-13
7627,3627,Monthly,9.99,2024-05-27,,Active,
7628,3628,Monthly,9.99,2024-05-07,2026-01-29,Churned,2026-01-29
7629,3629,Monthly,9.99,2024-03-21,2026-07-02,Churned,2026-07-02
7630,3630,Monthly,9.99,2024-01-12,,Active,
7631,3631,Monthly,9.99,2024-02-29,2025-11-01,Churned,2025-11-01
7632,3632,Monthly,9.99,2024-03-07,,Active,
7633,3633,Monthly,9.99,2024-06-12,2026-03-19,Churned,2026-03-19
7634,3634,Monthly,9.99,2024-03-21,2025-10-11,Churned,2025-10-11
7635,3635,Monthly,9.99,2024-05-14,2025-09-08,Churned,2025-09-08
7636,3636,Monthly,9.99,2024-04-23,,Active,
7637,3637,Monthly,9.99,2024-06-24,,Active,
7638,3638,Monthly,9.99,2024-02-10,2025-04-26,Churned,2025-04-26
7639,3639,Monthly,9.99,2024-05-30,,Active,
7640,3640,Monthly,9.99,2024-02-05,2026-03-15,Churned,2026-03-15
7641,3641,Monthly,9.99,2024-06-30,2025-12-24,Churned,2025-12-24
7642,3642,Monthly,9.99,2024-02-02,,Active,
7643,3643,Monthly,9.99,2024-06-30,2025-11-15,Churned,2025-11-15
7644,3644,Monthly,9.99,2024-04-15,2026-01-18,Churned,2026-01-18
7645,3645,Monthly,9.99,2024-04-30,2025-08-21,Churned,2025-08-21
7646,3646,Monthly,9.99,2024-02-07,2026-01-27,Churned,2026-01-27
7647,3647,Monthly,9.99,2024-01-27,,Active,
7648,3648,Monthly,9.99,2024-03-16,2026-03-04,Churned,2026-03-04
7649,3649,Monthly,9.99,2024-03-28,,Active,
7650,3650,Monthly,9.99,2024-05-04,,Active,
7651,3651,Monthly,9.99,2024-02-19,2025-12-10,Churned,2025-12-10
7652,3652,Monthly,9.99,2024-03-03,,Active,
7653,3653,Monthly,9.99,2024-05-24,,Active,
7654,3654,Monthly,9.99,2024-03-27,,active,
7655,3655,Monthly,9.99,2024-01-18,2025-10-16,Churned,2025-10-16
7656,3656,Monthly,9.99,2024-06-02,,Active,
7657,3657,Monthly,9.99,2024-06-24,2025-06-09,Churned,2025-06-09
7658,3658,Monthly,9.99,2024-04-06,,Active,
7659,3659,Monthly,9.99,2024-02-14,,Active,
7660,3660,Monthly,9.99,2024-04-23,,Active,
7661,3661,Monthly,9.99,2024-05-18,,Active,
7662,3662,Monthly,9.99,2024-02-10,2025-10-25,Churned,2025-10-25
7663,3663,Monthly,9.99,2024-05-27,,Active,
7664,3664,Monthly,9.99,2024-03-10,2024-04-27,Churned,2024-04-27
7665,3665,Monthly,9.99,2024-03-08,2026-07-03,Churned,2026-07-03
7666,3666,Monthly,9.99,2024-04-25,,Active,
7667,3667,Monthly,9.99,2024-06-27,2026-03-18,Churned,2026-03-18
7668,3668,Monthly,9.99,2024-01-23,2026-05-22,Churned,2026-05-22
7669,3669,Monthly,9.99,2024-05-13,2025-10-26,Churned,2025-10-26
7670,3670,Monthly,9.99,2024-04-06,2026-03-23,Churned,2026-03-23
7671,3671,Monthly,9.99,2024-04-09,,Active,
7672,3672,Monthly,9.99,2024-04-30,,active,
7673,3673,Monthly,9.99,2024-02-14,2025-05-04,Churned,2025-05-04
7674,3674,Monthly,9.99,2024-03-10,2025-07-17,Churned,2025-07-17
7675,3675,Monthly,9.99,2024-05-13,,Active,
7676,3676,Monthly,9.99,2024-01-11,,Active,
7677,3677,Monthly,9.99,2024-05-20,2025-10-19,Churned,2025-10-19
7678,3678,Monthly,9.99,2024-06-20,,Active,
7679,3679,Monthly,9.99,2024-04-30,,Active,
7680,3680,Monthly,9.99,2024-02-08,,Active,
7681,3681,Monthly,9.99,2024-06-07,,Active,
7682,3682,Monthly,9.99,2024-06-08,2026-01-19,Churned,2026-01-19
7683,3683,Monthly,9.99,2024-06-02,2025-11-06,Churned,2025-11-06
7684,3684,Monthly,9.99,2024-04-08,2025-09-02,Churned,2025-09-02
7685,3685,Monthly,9.99,2024-04-13,2025-08-14,Churned,2025-08-14
7686,3686,Monthly,9.99,2024-02-18,2026-02-24,Churned,2026-02-24
7687,3687,Monthly,9.99,2024-04-11,,Active,
7688,3688,Monthly,9.99,2024-01-02,,Active,
7689,3689,Monthly,9.99,2024-01-12,,Active,
7690,3690,Monthly,9.99,2024-06-05,2026-02-22,Churned,2026-02-22
7691,3691,Monthly,9.99,2024-01-12,2025-12-18,Churned,2025-12-18
7692,3692,Monthly,9.99,2024-03-03,,Active,
7693,3693,Monthly,9.99,2024-01-15,2026-05-05,Churned,2026-05-05
7694,3694,Monthly,9.99,2024-04-18,,Active,
7695,3695,Monthly,9.99,2024-04-01,,Active,
7696,3696,Monthly,9.99,2024-02-20,,Active,
7697,3697,Monthly,9.99,2024-04-17,2026-01-23,Churned,2026-01-23
7698,3698,Monthly,9.99,2024-03-25,2026-05-28,Churned,2026-05-28
7699,3699,Monthly,9.99,2024-05-20,,Active,
7700,3700,Monthly,9.99,2024-06-23,,active,
7701,3701,Monthly,9.99,2024-04-26,2026-06-02,Churned,2026-06-02
7702,3702,Monthly,9.99,2024-04-20,,Active,
7703,3703,Monthly,9.99,2024-02-16,2025-08-10,Churned,2025-08-10
7704,3704,Monthly,9.99,2024-05-18,2024-09-20,Churned,2024-09-20
7705,3705,Monthly,9.99,2024-01-18,2026-03-23,Churned,2026-03-23
7706,3706,Monthly,9.99,2024-01-01,2025-09-22,Churned,2025-09-22
7707,3707,Monthly,9.99,2024-05-28,2026-03-01,Churned,2026-03-01
7708,3708,Monthly,9.99,2024-05-15,2025-12-26,Churned,2025-12-26
7709,3709,Monthly,9.99,2024-01-18,,Active,
7710,3710,Monthly,9.99,2024-01-16,,Active,
7711,3711,Monthly,9.99,2024-02-29,2025-10-13,Churned,2025-10-13
7712,3712,Monthly,9.99,2024-02-24,,Active,
7713,3713,Monthly,9.99,2024-04-15,2025-06-19,Churned,2025-06-19
7714,3714,Monthly,9.99,2024-01-27,,Active,
7715,3715,Monthly,9.99,2024-01-13,2026-03-03,Churned,2026-03-03
7716,3716,Monthly,9.99,2024-04-06,2026-07-04,Churned,2026-07-04
7717,3717,Monthly,9.99,2024-05-21,2024-12-11,Churned,2024-12-11
7718,3718,Monthly,9.99,2024-01-11,2025-06-30,Churned,2025-06-30
7719,3719,Monthly,9.99,2024-05-08,,Active,
7720,3720,Monthly,9.99,2024-01-12,,Active,
7721,3721,Monthly,9.99,2024-02-12,,Active,
7722,3722,Monthly,0.0,2024-04-23,,Active,
7723,3723,Monthly,9.99,2024-02-06,2025-02-28,Churned,2025-02-28
7724,3724,Monthly,9.99,2024-02-27,2025-02-02,Churned,2025-02-02
7725,3725,Monthly,9.99,2024-03-09,,Active,
7726,3726,Monthly,9.99,2024-03-28,,Active,
7727,3727,Monthly,9.99,2024-01-10,,Active,
7728,3728,Monthly,9.99,2024-02-02,2025-12-02,Churned,2025-12-02
7729,3729,Monthly,9.99,2024-04-24,2026-04-18,Churned,2026-04-18
7730,3730,Monthly,9.99,2024-03-27,2025-11-28,Churned,2025-11-28
7731,3731,Monthly,9.99,2024-04-27,,Active,
7732,3732,Monthly,9.99,2024-05-29,2025-10-25,Churned,2025-10-25
7733,3733,Monthly,9.99,2024-03-28,2025-08-17,Churned,2025-08-17
7734,3734,Monthly,9.99,2024-04-20,,Active,
7735,3735,Monthly,9.99,2024-06-03,,Active,
7736,3736,Monthly,9.99,2024-03-02,,active,
7737,3737,Monthly,9.99,2024-04-17,2026-01-05,Churned,2026-01-05
7738,3738,Monthly,9.99,2024-03-03,,Active,
7739,3739,Monthly,9.99,2024-04-06,2025-11-27,Churned,2025-11-27
7740,3740,Monthly,9.99,2024-06-21,,Active,
7741,3741,Monthly,9.99,2024-02-20,2025-05-27,Churned,2025-05-27
7742,3742,Monthly,9.99,2024-03-22,,Active,
7743,3743,Monthly,9.99,2024-05-06,2025-03-03,Churned,2025-03-03
7744,3744,Monthly,9.99,2024-06-15,2025-08-20,Churned,2025-08-20
7745,3745,Monthly,9.99,2024-04-03,,Active,
7746,3746,Monthly,9.99,2024-06-25,2025-05-03,Churned,2025-05-03
7747,3747,Monthly,9.99,2024-06-20,2025-08-19,Churned,2025-08-19
7748,3748,Monthly,9.99,2024-01-18,2025-03-10,Churned,2025-03-10
7749,3749,Monthly,9.99,2024-03-22,,Active,
7750,3750,Monthly,9.99,2024-01-07,2025-12-24,Churned,2025-12-24
7751,3751,Monthly,9.99,2024-03-02,2025-11-16,Churned,2025-11-16
7752,3752,Monthly,9.99,2024-06-28,,Active,
7753,3753,Monthly,9.99,2024-01-24,,Active,
7754,3754,Monthly,0.0,2024-05-26,2026-01-29,Churned,2026-01-29
7755,3755,Monthly,9.99,2024-06-16,2026-03-17,Churned,2026-03-17
7756,3756,Monthly,9.99,2024-03-18,2026-01-03,Churned,2026-01-03
7757,3757,Monthly,9.99,2024-02-24,,Active,
7758,3758,Monthly,9.99,2024-05-06,,Active,
7759,3759,Monthly,9.99,2024-06-27,2025-10-02,Churned,2025-10-02
7760,3760,Monthly,9.99,2024-02-11,2024-03-04,Churned,2024-03-04
7761,3761,Monthly,9.99,2024-06-22,,active,
7762,3762,Monthly,9.99,2024-01-18,,ACTIVE,
7763,3763,Monthly,9.99,2024-02-08,,Active,
7764,3764,Monthly,9.99,2024-06-27,,Active,
7765,3765,Monthly,9.99,2024-05-09,,Active,
7766,3766,Monthly,9.99,2024-03-04,2026-04-27,Churned,2026-04-27
7767,3767,Monthly,9.99,2024-05-12,2025-08-29,Churned,2025-08-29
7768,3768,Monthly,9.99,2024-06-16,,Active,
7769,3769,Monthly,9.99,2024-02-20,2026-01-08,Churned,2026-01-08
7770,3770,Monthly,9.99,2024-06-25,,Active,
7771,3771,Monthly,9.99,2024-02-22,,Active,
7772,3772,Monthly,9.99,2024-06-03,2025-06-18,Churned,2025-06-18
7773,3773,Monthly,9.99,2024-01-28,,Active,
7774,3774,Monthly,9.99,2024-01-13,2025-10-18,churned,2025-10-18
7775,3775,Monthly,9.99,2024-05-16,2026-03-17,Churned,2026-03-17
7776,3776,Monthly,9.99,2024-06-15,2026-05-28,Churned,2026-05-28
7777,3777,Monthly,9.99,2024-06-26,2025-08-15,Churned,2025-08-15
7778,3778,Monthly,9.99,2024-01-30,2026-05-03,Churned,2026-05-03
7779,3779,Monthly,9.99,2024-03-01,2026-03-28,Churned,2026-03-28
7780,3780,Monthly,9.99,2024-06-11,,Active,
7781,3781,Monthly,9.99,2024-03-20,,Active,
7782,3782,Monthly,9.99,2024-02-29,,Active,
7783,3783,Monthly,9.99,2024-05-03,,Active,
7784,3784,Monthly,9.99,2024-03-09,2025-03-22,Churned,2025-03-22
7785,3785,Monthly,9.99,2024-01-18,,Active,
7786,3786,Monthly,9.99,2024-01-20,2026-02-02,Churned,2026-02-02
7787,3787,Monthly,9.99,2024-06-10,,Active,
7788,3788,Monthly,9.99,2024-03-06,,Active,
7789,3789,Monthly,9.99,2024-01-07,2024-04-24,Churned,2024-04-24
7790,3790,Monthly,9.99,2024-03-31,,Active,
7791,3791,Monthly,9.99,2024-04-15,2025-11-06,Churned,2025-11-06
7792,3792,Monthly,9.99,2024-04-30,,Active,
7793,3793,Monthly,9.99,2024-02-23,,Active,
7794,3794,Monthly,9.99,2024-06-10,2025-11-10,Churned,2025-11-10
7795,3795,Monthly,9.99,2024-04-02,2024-05-14,Churned,2024-05-14
7796,3796,Monthly,9.99,2024-01-05,,Active,
7797,3797,Monthly,9.99,2024-01-09,2025-07-28,Churned,2025-07-28
7798,3798,Monthly,9.99,2024-05-27,2025-09-27,Churned,2025-09-27
7799,3799,Monthly,9.99,2024-04-09,,Active,
7800,3800,Monthly,9.99,2024-06-27,2025-06-28,Churned,2025-06-28
7801,3801,Monthly,9.99,2024-01-18,2025-06-05,Churned,2025-06-05
7802,3802,Monthly,9.99,2024-03-22,,Active,
7803,3803,Monthly,9.99,2024-04-18,,Active,
7804,3804,Monthly,9.99,2024-04-23,,Active,
7805,3805,Monthly,9.99,2024-03-27,,Active,
7806,3806,Monthly,9.99,2024-01-24,2025-04-29,Churned,2025-04-29
7807,3807,Monthly,9.99,2024-03-30,2025-08-06,Churned,2025-08-06
7808,3808,Monthly,9.99,2024-06-21,2025-08-22,Churned,2025-08-22
7809,3809,Monthly,0.0,2024-01-13,,Active,
7810,3810,Monthly,9.99,2024-01-22,2026-06-07,Churned,2026-06-07
7811,3811,Monthly,9.99,2024-06-21,,Active,
7812,3812,Monthly,9.99,2024-01-31,,Active,
7813,3813,Monthly,9.99,2024-01-21,2026-03-14,Churned,2026-03-14
7814,3814,Monthly,9.99,2024-03-18,,Active,
7815,3815,Monthly,9.99,2024-02-17,,Active,
7816,3816,Monthly,9.99,2024-01-15,2025-07-24,Churned,2025-07-24
7817,3817,Monthly,9.99,2024-02-10,,Active,
7818,3818,Monthly,9.99,2024-04-13,,Active,
7819,3819,Monthly,9.99,2024-04-20,,Active,
7820,3820,Monthly,9.99,2024-04-14,,Active,
7821,3821,Monthly,9.99,2024-02-18,2026-02-10,Churned,2026-02-10
7822,3822,Monthly,9.99,2024-01-16,2025-10-25,Churned,2025-10-25
7823,3823,Monthly,9.99,2024-05-28,2026-02-27,Churned,2026-02-27
7824,3824,Monthly,9.99,2024-03-10,2025-05-11,Churned,2025-05-11
7825,3825,Monthly,9.99,2024-06-24,2026-03-29,Churned,2026-03-29
7826,3826,Monthly,9.99,2024-04-11,2025-06-10,Churned,2025-06-10
7827,3827,Monthly,9.99,2024-04-24,,Active,
7828,3828,Monthly,9.99,2024-03-26,2026-03-15,Churned,2026-03-15
7829,3829,Monthly,9.99,2024-02-02,,Active,
7830,3830,Monthly,9.99,2024-02-27,,Active,
7831,3831,Monthly,9.99,2024-01-11,2025-06-14,Churned,2025-06-14
7832,3832,Monthly,9.99,2024-04-12,,Active,
7833,3833,Monthly,9.99,2024-04-01,,Active,
7834,3834,Monthly,9.99,2024-05-06,,Active,
7835,3835,Monthly,9.99,2024-05-13,2025-03-03,Churned,2025-03-03
7836,3836,Monthly,9.99,2024-05-28,2025-06-23,Churned,2025-06-23
7837,3837,Monthly,9.99,2024-06-26,,Active,
7838,3838,Monthly,9.99,2024-02-20,,Active,
7839,3839,Monthly,9.99,2024-04-03,2025-02-18,Churned,2025-02-18
7840,3840,Monthly,9.99,2024-02-26,,Active,
7841,3841,Monthly,9.99,2024-04-17,2025-05-24,Churned,2025-05-24
7842,3842,Monthly,9.99,2024-06-25,2025-11-08,Churned,2025-11-08
7843,3843,Monthly,9.99,2024-01-08,2025-02-08,Churned,2025-02-08
7844,3844,Monthly,9.99,2024-04-02,2026-03-08,Churned,2026-03-08
7845,3845,Monthly,9.99,2024-04-26,,Active,
7846,3846,Monthly,9.99,2024-01-21,,Active,
7847,3847,Monthly,9.99,2024-04-02,,Active,
7848,3848,Monthly,9.99,2024-06-15,,Active,
7849,3849,Monthly,9.99,2024-04-30,2025-04-13,Churned,2025-04-13
7850,3850,Monthly,9.99,2024-04-01,2025-09-11,Churned,2025-09-11
7851,3851,Monthly,9.99,2024-04-30,,Active,
7852,3852,Monthly,9.99,2024-05-26,2025-10-26,Churned,2025-10-26
7853,3853,Monthly,9.99,2024-05-22,,Active,
7854,3854,Monthly,9.99,2024-04-30,,Active,
7855,3855,Monthly,9.99,2024-04-29,2025-02-09,Churned,2025-02-09
7856,3856,Monthly,9.99,2024-06-17,,Active,
7857,3857,Monthly,9.99,2024-05-09,2025-12-16,Churned,2025-12-16
7858,3858,Monthly,9.99,2024-05-28,2025-05-28,Churned,2025-05-28
7859,3859,Monthly,9.99,2024-02-23,,Active,
7860,3860,Monthly,9.99,2024-05-11,2026-06-16,Churned,2026-06-16
7861,3861,Monthly,9.99,2024-06-06,2025-04-15,Churned,2025-04-15
7862,3862,Monthly,9.99,2024-05-23,2025-10-08,Churned,2025-10-08
7863,3863,Monthly,0.0,2024-05-27,,Active,
7864,3864,Monthly,9.99,2024-05-20,2025-06-08,Churned,2025-06-08
7865,3865,Monthly,9.99,2024-04-09,2025-11-11,Churned,2025-11-11
7866,3866,Monthly,9.99,2024-04-23,2026-02-20,Churned,2026-02-20
7867,3867,Monthly,9.99,2024-03-08,2025-03-28,Churned,2025-03-28
7868,3868,Monthly,9.99,2024-03-23,,Active,
7869,3869,Monthly,9.99,2024-06-04,,Active,
7870,3870,Monthly,9.99,2024-04-13,,Active,
7871,3871,Monthly,9.99,2024-03-01,,Active,
7872,3872,Monthly,9.99,2024-04-07,,Active,
7873,3873,Monthly,9.99,2024-04-20,,Active,
7874,3874,Monthly,9.99,2024-03-27,2025-05-04,churned,2025-05-04
7875,3875,Monthly,0.0,2024-05-21,2025-10-22,Churned,2025-10-22
7876,3876,Monthly,9.99,2024-03-18,,Active,
7877,3877,Monthly,9.99,2024-06-18,2026-01-07,Churned,2026-01-07
7878,3878,Monthly,9.99,2024-03-27,,Active,
7879,3879,Monthly,9.99,2024-04-29,,Active,
7880,3880,Monthly,9.99,2024-06-04,,Active,
7881,3881,Monthly,9.99,2024-04-01,,Active,
7882,3882,Monthly,9.99,2024-01-21,2024-03-03,Churned,2024-03-03
7883,3883,Monthly,9.99,2024-02-07,,Active,
7884,3884,Monthly,9.99,2024-06-28,2025-07-30,Churned,2025-07-30
7885,3885,Monthly,9.99,2024-02-19,2026-04-24,Churned,2026-04-24
7886,3886,Monthly,9.99,2024-02-24,2026-07-01,Churned,2026-07-01
7887,3887,Monthly,9.99,2024-04-24,2025-11-04,Churned,2025-11-04
7888,3888,Monthly,9.99,2024-02-03,,Active,
7889,3889,Monthly,9.99,2024-04-19,,Active,
7890,3890,Monthly,9.99,2024-02-01,,Active,
7891,3891,Monthly,9.99,2024-02-16,2025-10-08,Churned,2025-10-08
7892,3892,Monthly,9.99,2024-02-08,2026-03-11,Churned,2026-03-11
7893,3893,Monthly,9.99,2024-05-29,2025-11-08,Churned,2025-11-08
7894,3894,Monthly,9.99,2024-03-29,,Active,
7895,3895,Monthly,9.99,2024-04-13,,active,
7896,3896,Monthly,9.99,2024-04-14,2025-07-14,Churned,2025-07-14
7897,3897,Monthly,9.99,2024-05-21,2025-09-25,Churned,2025-09-25
7898,3898,Monthly,9.99,2024-04-13,2025-10-03,Churned,2025-10-03
7899,3899,Monthly,9.99,2024-02-03,,Active,
7900,3900,Monthly,9.99,2024-01-11,,Active,
7901,3901,Monthly,9.99,2024-04-01,,Active,
7902,3902,Monthly,9.99,2024-06-09,,Active,
7903,3903,Monthly,9.99,2024-01-25,,Active,
7904,3904,Monthly,9.99,2024-03-16,2025-09-15,Churned,2025-09-15
7905,3905,Monthly,9.99,2024-04-24,,Active,
7906,3906,Monthly,9.99,2024-02-18,,Active,
7907,3907,Monthly,9.99,2024-01-12,,Active,
7908,3908,Monthly,9.99,2024-01-17,,Active,
7909,3909,Monthly,9.99,2024-03-11,,Active,
7910,3910,Monthly,9.99,2024-03-23,2024-12-30,Churned,2024-12-30
7911,3911,Monthly,9.99,2024-04-02,2025-05-27,Churned,2025-05-27
7912,3912,Monthly,9.99,2024-01-23,,Active,
7913,3913,Monthly,9.99,2024-02-08,,Active,
7914,3914,Monthly,9.99,2024-05-28,,Active,
7915,3915,Monthly,9.99,2024-06-13,,Active,
7916,3916,Monthly,9.99,2024-06-11,,Active,
7917,3917,Monthly,9.99,2024-02-08,2026-07-06,Churned,2026-07-06
7918,3918,Monthly,9.99,2024-05-24,2025-12-31,Churned,2025-12-31
7919,3919,Monthly,9.99,2024-05-25,,Active,
7920,3920,Monthly,9.99,2024-06-22,2025-06-17,Churned,2025-06-17
7921,3921,Monthly,9.99,2024-04-16,2025-10-26,Churned,2025-10-26
7922,3922,Monthly,9.99,2024-02-08,,Active,
7923,3923,Monthly,9.99,2024-04-29,,Active,
7924,3924,Monthly,9.99,2024-04-03,2025-12-09,Churned,2025-12-09
7925,3925,Monthly,9.99,2024-05-01,,active,
7926,3926,Monthly,9.99,2024-06-29,,Active,
7927,3927,Monthly,9.99,2024-01-19,,Active,
7928,3928,Monthly,9.99,2024-06-30,2026-03-02,Churned,2026-03-02
7929,3929,Monthly,9.99,2024-03-08,,Active,
7930,3930,Monthly,9.99,2024-05-31,,Active,
7931,3931,Monthly,9.99,2024-02-24,2026-01-03,Churned,2026-01-03
7932,3932,Monthly,9.99,2024-03-03,,Active,
7933,3933,Monthly,9.99,2024-01-07,,Active,
7934,3934,Monthly,9.99,2024-05-18,2024-06-25,Churned,2024-06-25
7935,3935,Monthly,9.99,2024-05-01,2026-03-06,Churned,2026-03-06
7936,3936,Monthly,9.99,2024-05-31,,Active,
7937,3937,Monthly,9.99,2024-03-14,2025-10-18,Churned,2025-10-18
7938,3938,Monthly,9.99,2024-06-03,2025-06-11,Churned,2025-06-11
7939,3939,Monthly,9.99,2024-03-20,2025-10-18,Churned,2025-10-18
7940,3940,Monthly,9.99,2024-04-30,2025-10-25,Churned,2025-10-25
7941,3941,Monthly,9.99,2024-01-01,2025-05-29,Churned,2025-05-29
7942,3942,Monthly,9.99,2024-02-16,,Active,
7943,3943,Monthly,9.99,2024-05-17,,Active,
7944,3944,Monthly,9.99,2024-02-20,2025-12-10,Churned,2025-12-10
7945,3945,Monthly,9.99,2024-06-18,2026-02-18,Churned,2026-02-18
7946,3946,Monthly,9.99,2024-02-29,2026-01-01,Churned,2026-01-01
7947,3947,Monthly,9.99,2024-05-23,,Active,
7948,3948,Monthly,9.99,2024-03-07,2025-11-14,Churned,2025-11-14
7949,3949,Monthly,9.99,2024-06-30,,Active,
7950,3950,Monthly,9.99,2024-05-15,,Active,
7951,3951,Monthly,9.99,2024-03-07,2025-12-28,Churned,2025-12-28
7952,3952,Monthly,9.99,2024-04-14,2026-02-23,Churned,2026-02-23
7953,3953,Monthly,9.99,2024-05-06,2026-02-20,Churned,2026-02-20
7954,3954,Monthly,9.99,2024-03-20,,Active,
7955,3955,Monthly,0.0,2024-06-16,,Active,
7956,3956,Monthly,9.99,2024-01-04,,Active,
7957,3957,Monthly,9.99,2024-02-27,2024-11-12,Churned,2024-11-12
7958,3958,Monthly,9.99,2024-03-05,,Active,
7959,3959,Monthly,9.99,2024-05-14,2025-07-27,Churned,2025-07-27
7960,3960,Monthly,9.99,2024-06-29,2026-04-10,Churned,2026-04-10
7961,3961,Monthly,9.99,2024-05-03,2026-05-29,Churned,2026-05-29
7962,3962,Monthly,9.99,2024-04-09,,Active,
7963,3963,Monthly,9.99,2024-04-27,2026-02-04,Churned,2026-02-04
7964,3964,Monthly,9.99,2024-03-09,2025-07-25,Churned,2025-07-25
7965,3965,Monthly,9.99,2024-06-23,2024-10-06,Churned,2024-10-06
7966,3966,Monthly,9.99,2024-03-19,2025-07-14,Churned,2025-07-14
7967,3967,Monthly,9.99,2024-04-15,,Active,
7968,3968,Monthly,9.99,2024-01-09,,Active,
7969,3969,Monthly,9.99,2024-05-02,2025-11-07,Churned,2025-11-07
7970,3970,Monthly,9.99,2024-04-15,2025-08-28,Churned,2025-08-28
7971,3971,Monthly,9.99,2024-06-17,2026-02-01,Churned,2026-02-01
7972,3972,Monthly,9.99,2024-05-12,,Active,
7973,3973,Monthly,9.99,2024-01-21,,Active,
7974,3974,Monthly,9.99,2024-06-14,2025-10-04,Churned,2025-10-04
7975,3975,Monthly,9.99,2024-02-13,2025-05-19,Churned,2025-05-19
7976,3976,Monthly,9.99,2024-02-28,,Active,
7977,3977,Monthly,9.99,2024-01-09,,Active,
7978,3978,Monthly,9.99,2024-05-28,,Active,
7979,3979,Monthly,9.99,2024-03-11,,Active,
7980,3980,Monthly,9.99,2024-01-01,2025-05-05,Churned,2025-05-05
7981,3981,Monthly,9.99,2024-01-12,,ACTIVE,
7982,3982,Monthly,9.99,2024-04-20,,Active,
7983,3983,Monthly,9.99,2024-04-10,,Active,
7984,3984,Monthly,9.99,2024-05-26,2025-05-01,Churned,2025-05-01
7985,3985,Monthly,9.99,2024-01-18,,Active,
7986,3986,Monthly,9.99,2024-06-01,,Active,
7987,3987,Monthly,9.99,2024-04-30,,Active,
7988,3988,Monthly,9.99,2024-03-23,,Active,
7989,3989,Monthly,9.99,2024-01-06,2026-02-19,Churned,2026-02-19
7990,3990,Monthly,9.99,2024-04-29,,Active,
7991,3991,Monthly,9.99,2024-01-22,2025-12-29,Churned,2025-12-29
7992,3992,Monthly,9.99,2024-04-12,2025-10-11,Churned,2025-10-11
7993,3993,Monthly,9.99,2024-06-14,2026-01-04,Churned,2026-01-04
7994,3994,Monthly,9.99,2024-03-04,,Active,
7995,3995,Monthly,9.99,2024-01-17,2026-04-11,Churned,2026-04-11
7996,3996,Monthly,9.99,2024-03-09,2025-08-28,Churned,2025-08-28
7997,3997,Monthly,9.99,2024-03-09,,Active,
7998,3998,Monthly,9.99,2024-03-25,2024-11-10,Churned,2024-11-10
7999,3999,Monthly,9.99,2024-01-15,,Active,
8000,4000,Monthly,9.99,2024-04-09,2025-06-07,Churned,2025-06-07
8001,4001,Monthly,9.99,2024-05-08,2026-07-01,Churned,2026-07-01
8002,4002,Monthly,9.99,2024-05-30,,Active,
8003,4003,Monthly,9.99,2024-03-28,,Active,
8004,4004,Monthly,9.99,2024-06-15,2024-07-21,Churned,2024-07-21
8005,4005,Monthly,9.99,2024-02-26,,Active,
8006,4006,Monthly,9.99,2024-04-12,,Active,
8007,4007,Monthly,9.99,2024-01-16,2025-10-07,Churned,2025-10-07
8008,4008,Monthly,9.99,2024-05-22,2025-06-16,Churned,2025-06-16
8009,4009,Monthly,9.99,2024-06-26,,Active,
8010,4010,Monthly,9.99,2024-01-09,,Active,
8011,4011,Monthly,9.99,2024-02-25,2025-06-28,Churned,2025-06-28
8012,4012,Monthly,9.99,2024-05-14,2025-06-02,Churned,2025-06-02
8013,4013,Monthly,9.99,2024-01-27,2026-05-12,Churned,2026-05-12
8014,4014,Monthly,9.99,2024-03-11,,Active,
8015,4015,Monthly,0.0,2024-04-29,,ACTIVE,
8016,4016,Monthly,9.99,2024-03-03,,Active,
8017,4017,Monthly,9.99,2024-03-08,2025-12-24,Churned,2025-12-24
8018,4018,Monthly,9.99,2024-03-13,,Active,
8019,4019,Monthly,0.0,2024-03-14,2026-03-06,Churned,2026-03-06
8020,4020,Monthly,9.99,2024-04-02,2025-09-21,Churned,2025-09-21
8021,4021,Monthly,9.99,2024-01-20,2025-05-14,Churned,2025-05-14
8022,4022,Monthly,9.99,2024-04-25,2025-05-06,Churned,2025-05-06
8023,4023,Monthly,9.99,2024-01-31,,Active,
8024,4024,Monthly,9.99,2024-04-30,2025-03-10,Churned,2025-03-10
8025,4025,Monthly,9.99,2024-03-13,2025-04-13,Churned,2025-04-13
8026,4026,Monthly,9.99,2024-02-03,,Active,
8027,4027,Monthly,9.99,2024-05-30,2025-11-22,Churned,2025-11-22
8028,4028,Monthly,9.99,2024-01-06,,Active,
8029,4029,Monthly,9.99,2024-04-11,,Active,
8030,4030,Monthly,9.99,2024-05-07,,Active,
8031,4031,Monthly,9.99,2024-03-31,2025-12-27,Churned,2025-12-27
8032,4032,Monthly,9.99,2024-04-18,2026-03-15,Churned,2026-03-15
8033,4033,Monthly,9.99,2024-04-16,2026-03-12,Churned,2026-03-12
8034,4034,Monthly,9.99,2024-05-28,2026-02-21,Churned,2026-02-21
8035,4035,Monthly,9.99,2024-03-25,,Active,
8036,4036,Monthly,9.99,2024-02-27,2026-06-06,Churned,2026-06-06
8037,4037,Monthly,9.99,2024-05-27,2024-07-05,Churned,2024-07-05
8038,4038,Monthly,9.99,2024-01-09,,Active,
8039,4039,Monthly,0.0,2024-02-14,2026-02-25,Churned,2026-02-25
8040,4040,Monthly,9.99,2024-04-20,,Active,
8041,4041,Monthly,9.99,2024-06-16,,Active,
8042,4042,Monthly,9.99,2024-04-15,,Active,
8043,4043,Monthly,9.99,2024-05-19,2026-07-02,Churned,2026-07-02
8044,4044,Monthly,9.99,2024-05-03,2025-10-16,Churned,2025-10-16
8045,4045,Monthly,9.99,2024-02-19,2025-12-13,Churned,2025-12-13
8046,4046,Monthly,9.99,2024-06-15,2025-11-06,Churned,2025-11-06
8047,4047,Monthly,9.99,2024-05-25,,Active,
8048,4048,Monthly,9.99,2024-06-05,,Active,
8049,4049,Monthly,9.99,2024-04-21,,Active,
8050,4050,Monthly,9.99,2024-05-29,2025-05-03,churned,2025-05-03
8051,4051,Monthly,9.99,2024-06-19,2026-07-02,Churned,2026-07-02
8052,4052,Monthly,9.99,2024-05-27,,Active,
8053,4053,Monthly,9.99,2024-05-23,,Active,
8054,4054,Monthly,9.99,2024-04-09,,Active,
8055,4055,Monthly,9.99,2024-03-03,2026-03-06,Churned,2026-03-06
8056,4056,Monthly,9.99,2024-04-25,,Active,
8057,4057,Monthly,9.99,2024-05-23,2025-02-20,Churned,2025-02-20
8058,4058,Monthly,9.99,2024-05-02,2026-05-31,Churned,2026-05-31
8059,4059,Monthly,9.99,2024-02-12,,Active,
8060,4060,Monthly,9.99,2024-02-15,2026-05-24,CHURNED,2026-05-24
8061,4061,Monthly,9.99,2024-01-26,2025-12-15,Churned,2025-12-15
8062,4062,Monthly,9.99,2024-06-17,,Active,
8063,4063,Monthly,9.99,2024-05-20,,Active,
8064,4064,Monthly,9.99,2024-05-08,,Active,
8065,4065,Monthly,9.99,2024-06-26,2026-03-09,Churned,2026-03-09
8066,4066,Monthly,9.99,2024-05-09,,Active,
8067,4067,Monthly,9.99,2024-03-30,,Active,
8068,4068,Monthly,9.99,2024-06-02,,active,
8069,4069,Monthly,9.99,2024-04-19,2025-12-28,Churned,2025-12-28
8070,4070,Monthly,9.99,2024-01-02,,Active,
8071,4071,Monthly,9.99,2024-01-03,,Active,
8072,4072,Monthly,9.99,2024-02-21,2026-04-03,Churned,2026-04-03
8073,4073,Monthly,9.99,2024-01-22,,Active,
8074,4074,Monthly,9.99,2024-01-12,,Active,
8075,4075,Monthly,9.99,2024-02-07,2025-10-05,Churned,2025-10-05
8076,4076,Monthly,0.0,2024-04-13,,Active,
8077,4077,Monthly,9.99,2024-04-01,,Active,
8078,4078,Monthly,9.99,2024-01-01,,Active,
8079,4079,Monthly,9.99,2024-04-26,2025-04-13,Churned,2025-04-13
8080,4080,Monthly,9.99,2024-02-28,,Active,
8081,4081,Monthly,9.99,2024-04-17,2025-07-24,Churned,2025-07-24
8082,4082,Monthly,9.99,2024-02-28,2025-09-19,Churned,2025-09-19
8083,4083,Monthly,9.99,2024-06-24,,Active,
8084,4084,Monthly,9.99,2024-03-19,2025-07-24,Churned,2025-07-24
8085,4085,Monthly,9.99,2024-03-04,2025-05-20,Churned,2025-05-20
8086,4086,Monthly,9.99,2024-02-19,2025-12-17,Churned,2025-12-17
8087,4087,Monthly,9.99,2024-04-24,2025-12-26,Churned,2025-12-26
8088,4088,Monthly,9.99,2024-01-29,2024-04-28,Churned,2024-04-28
8089,4089,Monthly,9.99,2024-06-09,,Active,
8090,4090,Monthly,9.99,2024-01-28,2026-04-30,Churned,2026-04-30
8091,4091,Monthly,9.99,2024-05-24,2024-06-15,Churned,2024-06-15
8092,4092,Monthly,9.99,2024-06-04,2026-03-02,Churned,2026-03-02
8093,4093,Monthly,9.99,2024-05-07,,ACTIVE,
8094,4094,Monthly,9.99,2024-06-29,,Active,
8095,4095,Monthly,9.99,2024-04-04,,Active,
8096,4096,Monthly,9.99,2024-04-10,,Active,
8097,4097,Monthly,9.99,2024-05-28,,Active,
8098,4098,Monthly,9.99,2024-01-17,2026-03-29,Churned,2026-03-29
8099,4099,Monthly,9.99,2024-01-01,2026-04-22,Churned,2026-04-22
8100,4100,Monthly,9.99,2024-01-13,2025-02-16,Churned,2025-02-16
8101,4101,Monthly,9.99,2024-06-20,2025-05-25,Churned,2025-05-25
8102,4102,Monthly,9.99,2024-06-20,2025-10-13,Churned,2025-10-13
8103,4103,Monthly,9.99,2024-04-19,,Active,
8104,4104,Monthly,9.99,2024-06-11,,Active,
8105,4105,Monthly,9.99,2024-03-31,2026-02-12,Churned,2026-02-12
8106,4106,Monthly,9.99,2024-05-15,2025-10-14,Churned,2025-10-14
8107,4107,Monthly,9.99,2024-05-14,,Active,
8108,4108,Monthly,9.99,2024-05-07,,active,
8109,4109,Monthly,9.99,2024-06-06,,Active,
8110,4110,Monthly,0.0,2024-06-03,2026-05-09,Churned,2026-05-09
8111,4111,Monthly,9.99,2024-01-16,2025-12-25,Churned,2025-12-25
8112,4112,Monthly,9.99,2024-01-23,2025-03-16,Churned,2025-03-16
8113,4113,Monthly,9.99,2024-01-20,2026-04-28,Churned,2026-04-28
8114,4114,Monthly,9.99,2024-03-01,,Active,
8115,4115,Monthly,9.99,2024-05-05,,Active,
8116,4116,Monthly,9.99,2024-04-04,,Active,
8117,4117,Monthly,9.99,2024-06-14,,Active,
8118,4118,Monthly,9.99,2024-04-22,,ACTIVE,
8119,4119,Monthly,9.99,2024-05-24,,Active,
8120,4120,Monthly,9.99,2024-02-22,2025-02-18,Churned,2025-02-18
8121,4121,Monthly,9.99,2024-05-30,2025-12-23,Churned,2025-12-23
8122,4122,Monthly,9.99,2024-06-28,2025-12-10,Churned,2025-12-10
8123,4123,Monthly,9.99,2024-05-27,2024-11-26,Churned,2024-11-26
8124,4124,Monthly,9.99,2024-04-12,,Active,
8125,4125,Monthly,9.99,2024-01-16,,Active,
8126,4126,Monthly,9.99,2024-02-19,2026-04-12,Churned,2026-04-12
8127,4127,Monthly,9.99,2024-06-12,2025-11-15,Churned,2025-11-15
8128,4128,Monthly,9.99,2024-06-09,,Active,
8129,4129,Monthly,0.0,2024-03-24,,Active,
8130,4130,Monthly,9.99,2024-04-15,2026-01-14,Churned,2026-01-14
8131,4131,Monthly,9.99,2024-03-13,,Active,
8132,4132,Monthly,9.99,2024-04-09,,Active,
8133,4133,Monthly,9.99,2024-01-22,,Active,
8134,4134,Monthly,9.99,2024-06-08,,Active,
8135,4135,Monthly,9.99,2024-03-04,2026-02-02,Churned,2026-02-02
8136,4136,Monthly,9.99,2024-01-20,2024-04-12,Churned,2024-04-12
8137,4137,Monthly,9.99,2024-01-28,2025-02-04,Churned,2025-02-04
8138,4138,Monthly,9.99,2024-03-26,2025-02-24,Churned,2025-02-24
8139,4139,Monthly,9.99,2024-03-28,2025-11-28,Churned,2025-11-28
8140,4140,Monthly,9.99,2024-04-22,,Active,
8141,4141,Monthly,9.99,2024-02-15,,Active,
8142,4142,Monthly,9.99,2024-01-27,,Active,
8143,4143,Monthly,9.99,2024-01-02,,Active,
8144,4144,Monthly,9.99,2024-03-13,,Active,
8145,4145,Monthly,9.99,2024-03-18,2026-03-19,churned,2026-03-19
8146,4146,Monthly,9.99,2024-05-08,,Active,
8147,4147,Monthly,9.99,2024-06-02,2026-06-25,Churned,2026-06-25
8148,4148,Monthly,9.99,2024-03-20,,Active,
8149,4149,Monthly,9.99,2024-01-30,2026-04-10,Churned,2026-04-10
8150,4150,Monthly,9.99,2024-04-01,2025-05-01,Churned,2025-05-01
8151,4151,Monthly,9.99,2024-01-04,,Active,
8152,4152,Monthly,9.99,2024-05-02,,Active,
8153,4153,Monthly,9.99,2024-03-05,,Active,
8154,4154,Monthly,9.99,2024-02-04,,Active,
8155,4155,Monthly,9.99,2024-04-19,,Active,
8156,4156,Monthly,9.99,2024-02-04,,Active,
8157,4157,Monthly,9.99,2024-02-25,,Active,
8158,4158,Monthly,9.99,2024-02-07,,Active,
8159,4159,Monthly,9.99,2024-01-17,2026-02-09,Churned,2026-02-09
8160,4160,Monthly,9.99,2024-04-21,2026-05-25,Churned,2026-05-25
8161,4161,Monthly,9.99,2024-06-17,,Active,
8162,4162,Monthly,9.99,2024-06-20,2026-05-15,Churned,2026-05-15
8163,4163,Monthly,9.99,2024-01-11,2026-02-26,Churned,2026-02-26
8164,4164,Monthly,9.99,2024-06-06,,Active,
8165,4165,Monthly,9.99,2024-06-15,,Active,
8166,4166,Monthly,9.99,2024-06-16,,ACTIVE,
8167,4167,Monthly,9.99,2024-03-29,,Active,
8168,4168,Monthly,9.99,2024-01-03,,Active,
8169,4169,Monthly,9.99,2024-03-12,,Active,
8170,4170,Monthly,9.99,2024-03-24,2025-06-18,CHURNED,2025-06-18
8171,4171,Monthly,9.99,2024-06-29,,Active,
8172,4172,Monthly,9.99,2024-04-19,,Active,
8173,4173,Monthly,9.99,2024-03-01,2025-11-01,Churned,2025-11-01
8174,4174,Monthly,9.99,2024-04-29,,Active,
8175,4175,Monthly,9.99,2024-05-19,,Active,
8176,4176,Monthly,9.99,2024-03-19,2025-04-06,Churned,2025-04-06
8177,4177,Monthly,9.99,2024-02-11,,Active,
8178,4178,Monthly,9.99,2024-03-19,,Active,
8179,4179,Monthly,9.99,2024-03-02,2026-07-02,Churned,2026-07-02
8180,4180,Monthly,9.99,2024-01-07,,Active,
8181,4181,Monthly,9.99,2024-04-16,,Active,
8182,4182,Monthly,9.99,2024-02-09,,Active,
8183,4183,Monthly,9.99,2024-01-17,,Active,
8184,4184,Monthly,9.99,2024-03-13,2025-07-01,Churned,2025-07-01
8185,4185,Monthly,9.99,2024-03-12,2026-04-21,Churned,2026-04-21
8186,4186,Monthly,9.99,2024-01-12,2025-10-04,Churned,2025-10-04
8187,4187,Monthly,9.99,2024-03-15,,Active,
8188,4188,Monthly,9.99,2024-04-30,2026-01-20,Churned,2026-01-20
8189,4189,Monthly,9.99,2024-06-26,,Active,
8190,4190,Monthly,9.99,2024-04-26,2025-07-27,Churned,2025-07-27
8191,4191,Monthly,9.99,2024-01-20,,Active,
8192,4192,Monthly,9.99,2024-02-11,,Active,
8193,4193,Monthly,9.99,2024-05-08,,Active,
8194,4194,Monthly,9.99,2024-05-17,,Active,
8195,4195,Monthly,9.99,2024-01-11,,Active,
8196,4196,Monthly,9.99,2024-05-25,,Active,
8197,4197,Monthly,9.99,2024-03-12,,Active,
8198,4198,Monthly,9.99,2024-04-15,,Active,
8199,4199,Monthly,9.99,2024-06-11,2025-10-31,Churned,2025-10-31
8200,4200,Monthly,9.99,2024-06-15,2026-01-05,Churned,2026-01-05
8201,4201,Monthly,9.99,2024-05-12,,Active,
8202,4202,Monthly,9.99,2024-02-04,,Active,
8203,4203,Monthly,9.99,2024-01-03,2026-07-04,Churned,2026-07-04
8204,4204,Monthly,9.99,2024-02-14,,Active,
8205,4205,Monthly,9.99,2024-03-12,2025-12-19,Churned,2025-12-19
8206,4206,Monthly,9.99,2024-05-13,,Active,
8207,4207,Monthly,9.99,2024-05-07,2025-11-08,Churned,2025-11-08
8208,4208,Monthly,9.99,2024-05-08,2025-12-31,Churned,2025-12-31
8209,4209,Monthly,9.99,2024-06-17,,Active,
8210,4210,Monthly,9.99,2024-05-24,,Active,
8211,4211,Monthly,9.99,2024-06-12,2026-02-21,Churned,2026-02-21
8212,4212,Monthly,9.99,2024-06-01,,Active,
8213,4213,Monthly,9.99,2024-01-06,2025-10-09,Churned,2025-10-09
8214,4214,Monthly,9.99,2024-03-14,2024-05-09,Churned,2024-05-09
8215,4215,Monthly,9.99,2024-02-01,2025-09-24,Churned,2025-09-24
8216,4216,Monthly,9.99,2024-04-27,2025-11-17,Churned,2025-11-17
8217,4217,Monthly,9.99,2024-06-25,2025-09-20,Churned,2025-09-20
8218,4218,Monthly,9.99,2024-03-27,,Active,
8219,4219,Monthly,9.99,2024-01-03,2026-03-19,Churned,2026-03-19
8220,4220,Monthly,9.99,2024-02-02,2026-02-28,Churned,2026-02-28
8221,4221,Monthly,9.99,2024-03-03,,Active,
8222,4222,Monthly,9.99,2024-04-14,2025-10-21,Churned,2025-10-21
8223,4223,Monthly,9.99,2024-02-06,2025-03-03,Churned,2025-03-03
8224,4224,Monthly,9.99,2024-03-22,,Active,
8225,4225,Monthly,9.99,2024-03-10,2026-01-18,Churned,2026-01-18
8226,4226,Monthly,9.99,2024-03-29,2025-11-29,Churned,2025-11-29
8227,4227,Monthly,9.99,2024-02-13,,Active,
8228,4228,Monthly,9.99,2024-06-10,,Active,
8229,4229,Monthly,0.0,2024-03-12,2024-07-24,Churned,2024-07-24
8230,4230,Monthly,9.99,2024-03-08,2026-05-15,Churned,2026-05-15
8231,4231,Monthly,9.99,2024-05-25,2025-08-07,Churned,2025-08-07
8232,4232,Monthly,9.99,2024-04-03,2026-07-07,Churned,2026-07-07
8233,4233,Monthly,9.99,2024-03-15,,Active,
8234,4234,Monthly,9.99,2024-02-10,2026-02-23,Churned,2026-02-23
8235,4235,Monthly,9.99,2024-04-21,,Active,
8236,4236,Monthly,9.99,2024-04-22,2025-06-10,CHURNED,2025-06-10
8237,4237,Monthly,9.99,2024-03-16,2025-02-24,churned,2025-02-24
8238,4238,Monthly,9.99,2024-06-26,2025-06-15,Churned,2025-06-15
8239,4239,Monthly,9.99,2024-02-09,2026-03-17,Churned,2026-03-17
8240,4240,Monthly,9.99,2024-03-08,2026-01-09,Churned,2026-01-09
8241,4241,Monthly,9.99,2024-03-31,2025-11-20,Churned,2025-11-20
8242,4242,Monthly,9.99,2024-03-14,,Active,
8243,4243,Monthly,9.99,2024-02-07,2026-04-25,Churned,2026-04-25
8244,4244,Monthly,9.99,2024-01-27,2026-02-10,Churned,2026-02-10
8245,4245,Monthly,9.99,2024-04-09,2025-12-20,CHURNED,2025-12-20
8246,4246,Monthly,9.99,2024-01-05,2024-03-18,Churned,2024-03-18
8247,4247,Monthly,9.99,2024-06-15,,Active,
8248,4248,Monthly,9.99,2024-04-17,,Active,
8249,4249,Monthly,9.99,2024-02-28,2025-02-01,Churned,2025-02-01
8250,4250,Monthly,9.99,2024-02-25,2026-03-04,Churned,2026-03-04
8251,4251,Annual,6.99,2024-02-05,,Active,
8252,4252,Annual,6.99,2024-06-27,,Active,
8253,4253,Annual,6.99,2024-05-07,2025-03-31,Churned,2025-03-31
8254,4254,Annual,6.99,2024-05-25,,Active,
8255,4255,Annual,6.99,2024-04-29,2025-08-28,Churned,2025-08-28
8256,4256,Annual,6.99,2024-03-11,,Active,
8257,4257,Annual,6.99,2024-04-05,2025-08-06,Churned,2025-08-06
8258,4258,Annual,6.99,2024-01-16,,Active,
8259,4259,Annual,6.99,2024-02-01,2025-06-03,Churned,2025-06-03
8260,4260,Annual,6.99,2024-01-10,2025-07-17,Churned,2025-07-17
8261,4261,Annual,6.99,2024-01-30,2024-06-15,Churned,2024-06-15
8262,4262,Annual,6.99,2024-01-01,2025-03-15,Churned,2025-03-15
8263,4263,Annual,6.99,2024-02-26,2025-10-11,Churned,2025-10-11
8264,4264,Annual,6.99,2024-05-04,,Active,
8265,4265,Annual,6.99,2024-01-12,2024-02-12,Churned,2024-02-12
8266,4266,Annual,6.99,2024-02-02,2026-02-25,Churned,2026-02-25
8267,4267,Annual,6.99,2024-02-04,2025-12-22,Churned,2025-12-22
8268,4268,Annual,6.99,2024-03-23,2025-10-27,Churned,2025-10-27
8269,4269,Annual,6.99,2024-03-07,,Active,
8270,4270,Annual,6.99,2024-04-06,2025-12-06,Churned,2025-12-06
8271,4271,Annual,6.99,2024-06-27,,Active,
8272,4272,Annual,6.99,2024-06-14,2026-03-22,Churned,2026-03-22
8273,4273,Annual,6.99,2024-06-08,2026-02-12,Churned,2026-02-12
8274,4274,Annual,6.99,2024-02-10,2024-12-30,Churned,2024-12-30
8275,4275,Annual,6.99,2024-03-07,2026-05-08,Churned,2026-05-08
8276,4276,Annual,6.99,2024-05-30,2026-04-28,Churned,2026-04-28
8277,4277,Annual,6.99,2024-06-27,,Active,
8278,4278,Annual,6.99,2024-02-10,2025-11-10,Churned,2025-11-10
8279,4279,Annual,6.99,2024-02-17,2024-11-25,Churned,2024-11-25
8280,4280,Annual,6.99,2024-01-30,2025-10-15,Churned,2025-10-15
8281,4281,Annual,6.99,2024-05-18,2025-04-21,Churned,2025-04-21
8282,4282,Annual,6.99,2024-06-04,,Active,
8283,4283,Annual,6.99,2024-04-13,,Active,
8284,4284,Annual,6.99,2024-06-22,,Active,
8285,4285,Annual,6.99,2024-01-12,,Active,
8286,4286,Annual,6.99,2024-04-23,,Active,
8287,4287,Annual,6.99,2024-03-13,2025-02-11,Churned,2025-02-11
8288,4288,Annual,6.99,2024-06-28,2024-07-29,Churned,2024-07-29
8289,4289,Annual,6.99,2024-01-02,2024-02-11,Churned,2024-02-11
8290,4290,Annual,6.99,2024-05-18,2024-09-12,Churned,2024-09-12
8291,4291,Annual,6.99,2024-03-05,2025-11-06,Churned,2025-11-06
8292,4292,Annual,6.99,2024-02-14,2025-10-12,Churned,2025-10-12
8293,4293,Annual,6.99,2024-05-24,2025-06-14,Churned,2025-06-14
8294,4294,Annual,6.99,2024-01-02,2024-01-28,Churned,2024-01-28
8295,4295,Annual,6.99,2024-05-03,2026-06-02,Churned,2026-06-02
8296,4296,Annual,6.99,2024-03-16,,Active,
8297,4297,Annual,6.99,2024-03-20,2025-08-12,Churned,2025-08-12
8298,4298,Annual,6.99,2024-04-12,2025-12-04,Churned,2025-12-04
8299,4299,Annual,6.99,2024-01-12,,Active,
8300,4300,Annual,6.99,2024-03-20,,Active,
8301,4301,Annual,6.99,2024-05-31,,Active,
8302,4302,Annual,6.99,2024-04-20,,Active,
8303,4303,Annual,6.99,2024-02-29,2025-10-11,Churned,2025-10-11
8304,4304,Annual,6.99,2024-04-20,2025-12-30,Churned,2025-12-30
8305,4305,Annual,6.99,2024-05-19,,Active,
8306,4306,Annual,6.99,2024-01-29,,Active,
8307,4307,Annual,6.99,2024-05-07,2025-10-03,Churned,2025-10-03
8308,4308,Annual,0.0,2024-02-19,,Active,
8309,4309,Annual,6.99,2024-04-25,,Active,
8310,4310,Annual,6.99,2024-03-25,2025-10-07,Churned,2025-10-07
8311,4311,Annual,6.99,2024-02-22,,Active,
8312,4312,Annual,6.99,2024-01-18,,Active,
8313,4313,Annual,6.99,2024-06-02,2025-11-01,Churned,2025-11-01
8314,4314,Annual,6.99,2024-04-18,2026-07-05,Churned,2026-07-05
8315,4315,Annual,6.99,2024-06-24,,Active,
8316,4316,Annual,6.99,2024-04-27,,Active,
8317,4317,Annual,6.99,2024-01-02,2025-12-12,Churned,2025-12-12
8318,4318,Annual,6.99,2024-06-07,,Active,
8319,4319,Annual,6.99,2024-02-02,,Active,
8320,4320,Annual,6.99,2024-04-07,2025-12-01,Churned,2025-12-01
8321,4321,Annual,6.99,2024-04-10,2024-12-30,Churned,2024-12-30
8322,4322,Annual,6.99,2024-02-09,2025-09-30,Churned,2025-09-30
8323,4323,Annual,6.99,2024-01-04,2025-06-05,Churned,2025-06-05
8324,4324,Annual,6.99,2024-03-11,,Active,
8325,4325,Annual,6.99,2024-03-12,,Active,
8326,4326,Annual,6.99,2024-05-29,,Active,
8327,4327,Annual,6.99,2024-02-21,2025-11-22,Churned,2025-11-22
8328,4328,Annual,6.99,2024-06-28,2026-01-11,Churned,2026-01-11
8329,4329,Annual,6.99,2024-03-31,2025-07-18,Churned,2025-07-18
8330,4330,Annual,6.99,2024-03-20,,Active,
8331,4331,Annual,6.99,2024-03-27,2025-05-13,Churned,2025-05-13
8332,4332,Annual,6.99,2024-02-15,,Active,
8333,4333,Annual,6.99,2024-03-06,2026-07-05,Churned,2026-07-05
8334,4334,Annual,6.99,2024-03-14,,Active,
8335,4335,Annual,6.99,2024-06-03,,Active,
8336,4336,Annual,0.0,2024-03-03,2025-11-05,Churned,2025-11-05
8337,4337,Annual,6.99,2024-01-22,2025-08-21,Churned,2025-08-21
8338,4338,Annual,6.99,2024-06-21,2025-05-25,Churned,2025-05-25
8339,4339,Annual,6.99,2024-04-10,2025-11-29,Churned,2025-11-29
8340,4340,Annual,6.99,2024-03-05,,Active,
8341,4341,Annual,6.99,2024-02-12,,Active,
8342,4342,Annual,6.99,2024-06-09,2025-07-07,CHURNED,2025-07-07
8343,4343,Annual,6.99,2024-02-25,2025-09-16,Churned,2025-09-16
8344,4344,Annual,6.99,2024-02-05,,Active,
8345,4345,Annual,6.99,2024-04-04,2025-10-08,Churned,2025-10-08
8346,4346,Annual,6.99,2024-03-11,,Active,
8347,4347,Annual,6.99,2024-06-20,,Active,
8348,4348,Annual,6.99,2024-02-21,2025-04-22,Churned,2025-04-22
8349,4349,Annual,6.99,2024-05-11,2025-10-31,Churned,2025-10-31
8350,4350,Annual,6.99,2024-05-24,2026-02-23,Churned,2026-02-23
8351,4351,Annual,6.99,2024-04-24,,Active,
8352,4352,Annual,6.99,2024-01-23,2025-11-18,Churned,2025-11-18
8353,4353,Annual,6.99,2024-03-27,,Active,
8354,4354,Annual,6.99,2024-04-11,2025-09-25,Churned,2025-09-25
8355,4355,Annual,6.99,2024-04-30,2024-05-23,Churned,2024-05-23
8356,4356,Annual,6.99,2024-06-07,2025-06-27,Churned,2025-06-27
8357,4357,Annual,6.99,2024-02-12,2025-12-19,Churned,2025-12-19
8358,4358,Annual,6.99,2024-02-04,2024-04-12,Churned,2024-04-12
8359,4359,Annual,6.99,2024-01-14,,Active,
8360,4360,Annual,6.99,2024-06-24,,Active,
8361,4361,Annual,6.99,2024-04-10,,Active,
8362,4362,Annual,6.99,2024-05-24,,Active,
8363,4363,Annual,6.99,2024-01-05,2025-08-28,Churned,2025-08-28
8364,4364,Annual,6.99,2024-04-06,,Active,
8365,4365,Annual,6.99,2024-02-10,2024-10-08,Churned,2024-10-08
8366,4366,Annual,6.99,2024-01-15,2025-02-09,Churned,2025-02-09
8367,4367,Annual,6.99,2024-04-20,,Active,
8368,4368,Annual,6.99,2024-01-13,,Active,
8369,4369,Annual,6.99,2024-06-06,2026-01-30,Churned,2026-01-30
8370,4370,Annual,6.99,2024-06-23,2025-12-23,Churned,2025-12-23
8371,4371,Annual,6.99,2024-03-23,2025-08-05,Churned,2025-08-05
8372,4372,Annual,6.99,2024-03-01,,Active,
8373,4373,Annual,6.99,2024-04-17,2025-02-20,Churned,2025-02-20
8374,4374,Annual,6.99,2024-03-04,2025-11-27,Churned,2025-11-27
8375,4375,Annual,6.99,2024-01-08,2025-04-05,CHURNED,2025-04-05
8376,4376,Annual,6.99,2024-01-26,2025-10-26,Churned,2025-10-26
8377,4377,Annual,6.99,2024-03-15,,Active,
8378,4378,Annual,6.99,2024-06-01,,Active,
8379,4379,Annual,6.99,2024-03-03,2026-04-13,Churned,2026-04-13
8380,4380,Annual,6.99,2024-01-02,2026-01-24,Churned,2026-01-24
8381,4381,Annual,6.99,2024-03-28,,Active,
8382,4382,Annual,6.99,2024-03-06,,Active,
8383,4383,Annual,6.99,2024-05-06,,Active,
8384,4384,Annual,6.99,2024-05-03,,Active,
8385,4385,Annual,6.99,2024-05-13,2025-02-26,Churned,2025-02-26
8386,4386,Annual,6.99,2024-02-22,,Active,
8387,4387,Annual,6.99,2024-02-05,2025-08-08,Churned,2025-08-08
8388,4388,Annual,6.99,2024-01-11,2025-07-16,Churned,2025-07-16
8389,4389,Annual,6.99,2024-02-25,2025-09-14,Churned,2025-09-14
8390,4390,Annual,6.99,2024-01-29,2025-12-28,Churned,2025-12-28
8391,4391,Annual,6.99,2024-06-02,,Active,
8392,4392,Annual,0.0,2024-04-20,,Active,
8393,4393,Annual,6.99,2024-01-06,,Active,
8394,4394,Annual,6.99,2024-01-16,,Active,
8395,4395,Annual,6.99,2024-03-15,,Active,
8396,4396,Annual,6.99,2024-05-05,2025-11-18,Churned,2025-11-18
8397,4397,Annual,6.99,2024-06-17,,Active,
8398,4398,Annual,6.99,2024-02-11,2025-04-03,Churned,2025-04-03
8399,4399,Annual,6.99,2024-05-24,,Active,
8400,4400,Annual,6.99,2024-01-24,,Active,
8401,4401,Annual,6.99,2024-06-07,2025-07-22,Churned,2025-07-22
8402,4402,Annual,6.99,2024-03-10,2025-09-22,Churned,2025-09-22
8403,4403,Annual,6.99,2024-03-31,,Active,
8404,4404,Annual,6.99,2024-01-23,,Active,
8405,4405,Annual,6.99,2024-03-17,,Active,
8406,4406,Annual,6.99,2024-01-26,2026-02-08,Churned,2026-02-08
8407,4407,Annual,6.99,2024-04-12,,Active,
8408,4408,Annual,6.99,2024-01-25,2025-05-06,Churned,2025-05-06
8409,4409,Annual,6.99,2024-05-03,2026-07-05,Churned,2026-07-05
8410,4410,Annual,6.99,2024-03-05,,active,
8411,4411,Annual,6.99,2024-02-04,,Active,
8412,4412,Annual,6.99,2024-05-14,2026-03-16,Churned,2026-03-16
8413,4413,Annual,6.99,2024-06-07,,Active,
8414,4414,Annual,6.99,2024-03-06,,Active,
8415,4415,Annual,6.99,2024-06-04,2026-01-30,Churned,2026-01-30
8416,4416,Annual,6.99,2024-05-22,2024-07-31,Churned,2024-07-31
8417,4417,Annual,6.99,2024-05-21,2025-02-25,Churned,2025-02-25
8418,4418,Annual,6.99,2024-02-27,2025-12-10,Churned,2025-12-10
8419,4419,Annual,6.99,2024-04-15,,Active,
8420,4420,Annual,6.99,2024-04-11,2024-05-14,Churned,2024-05-14
8421,4421,Annual,6.99,2024-02-13,,Active,
8422,4422,Annual,6.99,2024-03-11,,Active,
8423,4423,Annual,6.99,2024-03-15,2026-05-06,Churned,2026-05-06
8424,4424,Annual,6.99,2024-05-25,2025-06-29,Churned,2025-06-29
8425,4425,Annual,6.99,2024-06-09,,Active,
8426,4426,Annual,6.99,2024-04-14,,active,
8427,4427,Annual,6.99,2024-06-01,2025-08-02,Churned,2025-08-02
8428,4428,Annual,6.99,2024-06-08,2025-12-27,Churned,2025-12-27
8429,4429,Annual,6.99,2024-01-01,2025-03-24,Churned,2025-03-24
8430,4430,Annual,6.99,2024-02-26,,Active,
8431,4431,Annual,6.99,2024-04-29,2025-12-01,Churned,2025-12-01
8432,4432,Annual,6.99,2024-01-24,2026-05-29,CHURNED,2026-05-29
8433,4433,Annual,6.99,2024-03-19,2026-02-17,Churned,2026-02-17
8434,4434,Annual,6.99,2024-04-17,2026-03-10,Churned,2026-03-10
8435,4435,Annual,6.99,2024-06-04,2026-02-20,Churned,2026-02-20
8436,4436,Annual,6.99,2024-06-28,2025-03-24,Churned,2025-03-24
8437,4437,Annual,6.99,2024-01-03,2026-01-01,Churned,2026-01-01
8438,4438,Annual,6.99,2024-01-01,,Active,
8439,4439,Annual,6.99,2024-05-10,,Active,
8440,4440,Annual,6.99,2024-06-28,2026-03-02,Churned,2026-03-02
8441,4441,Annual,6.99,2024-06-11,2025-12-14,Churned,2025-12-14
8442,4442,Annual,6.99,2024-03-12,2025-10-21,Churned,2025-10-21
8443,4443,Annual,6.99,2024-06-29,,Active,
8444,4444,Annual,6.99,2024-03-23,2025-02-18,Churned,2025-02-18
8445,4445,Annual,6.99,2024-02-24,2025-12-16,Churned,2025-12-16
8446,4446,Annual,6.99,2024-03-21,2024-07-06,Churned,2024-07-06
8447,4447,Annual,6.99,2024-04-21,,Active,
8448,4448,Annual,6.99,2024-06-21,2026-06-27,Churned,2026-06-27
8449,4449,Annual,6.99,2024-03-28,2025-04-12,Churned,2025-04-12
8450,4450,Annual,6.99,2024-04-08,2025-07-25,Churned,2025-07-25
8451,4451,Annual,6.99,2024-04-10,,ACTIVE,
8452,4452,Annual,6.99,2024-05-08,2025-07-06,Churned,2025-07-06
8453,4453,Annual,6.99,2024-05-14,,Active,
8454,4454,Annual,6.99,2024-03-30,,Active,
8455,4455,Annual,6.99,2024-06-13,2026-02-10,Churned,2026-02-10
8456,4456,Annual,6.99,2024-04-16,2026-03-25,Churned,2026-03-25
8457,4457,Annual,6.99,2024-03-05,2026-01-06,Churned,2026-01-06
8458,4458,Annual,6.99,2024-02-13,,Active,
8459,4459,Annual,6.99,2024-05-05,,ACTIVE,
8460,4460,Annual,6.99,2024-05-24,,Active,
8461,4461,Annual,6.99,2024-06-22,2024-07-10,Churned,2024-07-10
8462,4462,Annual,6.99,2024-04-22,2024-05-15,churned,2024-05-15
8463,4463,Annual,6.99,2024-03-13,,Active,
8464,4464,Annual,6.99,2024-02-21,,Active,
8465,4465,Annual,6.99,2024-03-20,,Active,
8466,4466,Annual,6.99,2024-03-03,2025-08-29,Churned,2025-08-29
8467,4467,Annual,6.99,2024-02-06,2025-10-02,Churned,2025-10-02
8468,4468,Annual,6.99,2024-06-26,2026-03-29,Churned,2026-03-29
8469,4469,Annual,6.99,2024-03-03,2026-06-16,Churned,2026-06-16
8470,4470,Annual,6.99,2024-01-23,,Active,
8471,4471,Annual,6.99,2024-06-10,,Active,
8472,4472,Annual,6.99,2024-01-18,,Active,
8473,4473,Annual,6.99,2024-04-27,2025-05-29,Churned,2025-05-29
8474,4474,Annual,6.99,2024-03-30,,Active,
8475,4475,Annual,6.99,2024-06-27,,Active,
8476,4476,Annual,6.99,2024-02-22,2025-08-12,Churned,2025-08-12
8477,4477,Annual,6.99,2024-01-22,2025-11-20,Churned,2025-11-20
8478,4478,Annual,6.99,2024-01-08,2026-01-29,Churned,2026-01-29
8479,4479,Annual,6.99,2024-04-22,2026-03-18,Churned,2026-03-18
8480,4480,Annual,6.99,2024-05-02,,Active,
8481,4481,Annual,6.99,2024-03-06,2026-04-02,Churned,2026-04-02
8482,4482,Annual,6.99,2024-03-13,,Active,
8483,4483,Annual,6.99,2024-04-02,2026-01-19,Churned,2026-01-19
8484,4484,Annual,6.99,2024-05-15,,Active,
8485,4485,Annual,6.99,2024-04-01,2025-06-16,Churned,2025-06-16
8486,4486,Annual,6.99,2024-04-10,,Active,
8487,4487,Annual,6.99,2024-01-02,,ACTIVE,
8488,4488,Annual,6.99,2024-05-14,,Active,
8489,4489,Annual,6.99,2024-04-30,2026-02-04,Churned,2026-02-04
8490,4490,Annual,6.99,2024-06-06,2026-03-04,Churned,2026-03-04
8491,4491,Annual,6.99,2024-05-08,,Active,
8492,4492,Annual,6.99,2024-05-06,2026-01-08,Churned,2026-01-08
8493,4493,Annual,6.99,2024-03-17,,Active,
8494,4494,Annual,6.99,2024-03-09,2025-07-06,Churned,2025-07-06
8495,4495,Annual,6.99,2024-05-23,2024-06-18,Churned,2024-06-18
8496,4496,Annual,6.99,2024-04-18,2025-07-28,churned,2025-07-28
8497,4497,Annual,6.99,2024-03-24,,Active,
8498,4498,Annual,6.99,2024-05-24,,Active,
8499,4499,Annual,6.99,2024-04-04,2026-06-01,Churned,2026-06-01
8500,4500,Annual,6.99,2024-02-18,,Active,
8501,4501,Annual,6.99,2024-01-18,2025-12-03,Churned,2025-12-03
8502,4502,Annual,6.99,2024-03-20,2025-12-16,Churned,2025-12-16
8503,4503,Annual,6.99,2024-05-09,2026-02-15,Churned,2026-02-15
8504,4504,Annual,6.99,2024-02-11,2025-09-03,Churned,2025-09-03
8505,4505,Annual,6.99,2024-03-29,2025-10-22,Churned,2025-10-22
8506,4506,Annual,6.99,2024-03-13,2025-08-02,Churned,2025-08-02
8507,4507,Annual,6.99,2024-01-24,,Active,
8508,4508,Annual,6.99,2024-04-02,2025-08-21,Churned,2025-08-21
8509,4509,Annual,6.99,2024-02-18,,Active,
8510,4510,Annual,6.99,2024-03-15,,Active,
8511,4511,Annual,6.99,2024-06-30,,Active,
8512,4512,Annual,6.99,2024-03-19,2025-08-03,Churned,2025-08-03
8513,4513,Annual,6.99,2024-03-24,,Active,
8514,4514,Annual,6.99,2024-03-03,2024-04-02,Churned,2024-04-02
8515,4515,Annual,6.99,2024-04-15,,Active,
8516,4516,Annual,6.99,2024-01-25,,Active,
8517,4517,Annual,6.99,2024-02-23,2025-05-23,Churned,2025-05-23
8518,4518,Annual,6.99,2024-05-09,2025-11-27,Churned,2025-11-27
8519,4519,Annual,6.99,2024-02-19,,Active,
8520,4520,Annual,6.99,2024-01-08,,Active,
8521,4521,Annual,6.99,2024-02-09,,Active,
8522,4522,Annual,6.99,2024-01-26,,Active,
8523,4523,Annual,6.99,2024-05-08,,Active,
8524,4524,Annual,6.99,2024-03-13,,Active,
8525,4525,Annual,6.99,2024-06-02,2025-12-13,Churned,2025-12-13
8526,4526,Annual,6.99,2024-03-11,,Active,
8527,4527,Annual,6.99,2024-03-31,2026-01-26,Churned,2026-01-26
8528,4528,Annual,6.99,2024-04-09,2026-02-04,Churned,2026-02-04
8529,4529,Annual,6.99,2024-02-03,,Active,
8530,4530,Annual,6.99,2024-03-22,,Active,
8531,4531,Annual,6.99,2024-05-17,,Active,
8532,4532,Annual,6.99,2024-05-29,2025-03-26,Churned,2025-03-26
8533,4533,Annual,6.99,2024-02-23,2025-07-18,Churned,2025-07-18
8534,4534,Annual,6.99,2024-01-04,,active,
8535,4535,Annual,6.99,2024-05-23,2025-12-12,Churned,2025-12-12
8536,4536,Annual,6.99,2024-04-22,,Active,
8537,4537,Annual,6.99,2024-02-10,,Active,
8538,4538,Annual,6.99,2024-02-26,2025-03-16,Churned,2025-03-16
8539,4539,Annual,6.99,2024-04-06,,Active,
8540,4540,Annual,6.99,2024-06-17,,Active,
8541,4541,Annual,6.99,2024-01-09,,Active,
8542,4542,Annual,6.99,2024-01-02,,Active,
8543,4543,Annual,6.99,2024-03-02,2025-03-02,Churned,2025-03-02
8544,4544,Annual,6.99,2024-02-11,2025-10-18,Churned,2025-10-18
8545,4545,Annual,6.99,2024-03-10,2025-06-26,Churned,2025-06-26
8546,4546,Annual,6.99,2024-01-24,,Active,
8547,4547,Annual,6.99,2024-01-19,2025-03-30,Churned,2025-03-30
8548,4548,Annual,6.99,2024-04-22,2026-05-21,Churned,2026-05-21
8549,4549,Annual,6.99,2024-02-29,2026-02-16,Churned,2026-02-16
8550,4550,Annual,6.99,2024-04-06,,Active,
8551,4551,Annual,6.99,2024-06-18,,Active,
8552,4552,Annual,6.99,2024-05-29,,Active,
8553,4553,Annual,6.99,2024-05-27,2024-06-18,Churned,2024-06-18
8554,4554,Annual,6.99,2024-02-28,2025-12-10,Churned,2025-12-10
8555,4555,Annual,6.99,2024-04-20,2026-03-16,Churned,2026-03-16
8556,4556,Annual,6.99,2024-01-19,2025-09-16,Churned,2025-09-16
8557,4557,Annual,6.99,2024-05-16,2024-07-31,Churned,2024-07-31
8558,4558,Annual,6.99,2024-02-11,2025-08-23,Churned,2025-08-23
8559,4559,Annual,6.99,2024-02-16,2025-03-25,Churned,2025-03-25
8560,4560,Annual,6.99,2024-05-23,2026-01-08,Churned,2026-01-08
8561,4561,Annual,6.99,2024-01-15,,Active,
8562,4562,Annual,6.99,2024-06-19,,Active,
8563,4563,Annual,6.99,2024-04-23,,Active,
8564,4564,Annual,6.99,2024-04-06,,Active,
8565,4565,Annual,6.99,2024-02-14,2025-11-17,Churned,2025-11-17
8566,4566,Annual,6.99,2024-04-16,,Active,
8567,4567,Annual,6.99,2024-02-15,,Active,
8568,4568,Annual,6.99,2024-03-23,2025-07-31,Churned,2025-07-31
8569,4569,Annual,6.99,2024-04-03,,Active,
8570,4570,Annual,6.99,2024-02-29,,Active,
8571,4571,Annual,6.99,2024-06-15,,Active,
8572,4572,Annual,6.99,2024-02-23,2025-10-23,Churned,2025-10-23
8573,4573,Annual,6.99,2024-03-22,,Active,
8574,4574,Annual,6.99,2024-06-25,,Active,
8575,4575,Annual,6.99,2024-03-23,2026-04-05,Churned,2026-04-05
8576,4576,Annual,6.99,2024-06-12,,Active,
8577,4577,Annual,0.0,2024-06-22,,Active,
8578,4578,Annual,6.99,2024-06-25,2025-06-26,Churned,2025-06-26
8579,4579,Annual,6.99,2024-02-16,2025-11-29,Churned,2025-11-29
8580,4580,Annual,6.99,2024-04-23,2025-02-15,Churned,2025-02-15
8581,4581,Annual,6.99,2024-06-05,2025-07-28,Churned,2025-07-28
8582,4582,Annual,6.99,2024-06-28,2025-12-21,Churned,2025-12-21
8583,4583,Annual,6.99,2024-03-02,,Active,
8584,4584,Annual,6.99,2024-01-17,2025-09-30,Churned,2025-09-30
8585,4585,Annual,6.99,2024-01-01,,Active,
8586,4586,Annual,6.99,2024-03-24,,Active,
8587,4587,Annual,6.99,2024-01-26,,Active,
8588,4588,Annual,6.99,2024-04-03,2024-08-07,Churned,2024-08-07
8589,4589,Annual,6.99,2024-06-09,2025-11-21,Churned,2025-11-21
8590,4590,Annual,6.99,2024-05-27,2025-10-08,Churned,2025-10-08
8591,4591,Annual,6.99,2024-06-19,2025-10-13,Churned,2025-10-13
8592,4592,Annual,6.99,2024-01-27,2025-03-26,Churned,2025-03-26
8593,4593,Annual,6.99,2024-06-28,2024-07-18,Churned,2024-07-18
8594,4594,Annual,6.99,2024-06-10,,Active,
8595,4595,Annual,6.99,2024-01-25,,Active,
8596,4596,Annual,6.99,2024-02-06,,Active,
8597,4597,Annual,6.99,2024-04-06,2026-01-21,Churned,2026-01-21
8598,4598,Annual,6.99,2024-05-14,,Active,
8599,4599,Annual,6.99,2024-04-09,,Active,
8600,4600,Annual,6.99,2024-06-11,2025-07-26,Churned,2025-07-26
8601,4601,Annual,6.99,2024-01-07,,Active,
8602,4602,Annual,6.99,2024-02-07,,Active,
8603,4603,Annual,6.99,2024-05-14,2025-07-12,Churned,2025-07-12
8604,4604,Annual,6.99,2024-06-13,2025-11-02,Churned,2025-11-02
8605,4605,Annual,6.99,2024-06-17,2025-12-02,Churned,2025-12-02
8606,4606,Annual,6.99,2024-01-25,2026-04-11,Churned,2026-04-11
8607,4607,Annual,6.99,2024-03-06,2024-04-12,Churned,2024-04-12
8608,4608,Annual,6.99,2024-05-28,2026-01-15,Churned,2026-01-15
8609,4609,Annual,6.99,2024-06-16,2026-05-28,Churned,2026-05-28
8610,4610,Annual,6.99,2024-05-20,2025-09-10,Churned,2025-09-10
8611,4611,Annual,6.99,2024-01-12,2025-10-29,Churned,2025-10-29
8612,4612,Annual,6.99,2024-06-02,,Active,
8613,4613,Annual,6.99,2024-06-02,,Active,
8614,4614,Annual,6.99,2024-06-22,2025-04-20,Churned,2025-04-20
8615,4615,Annual,6.99,2024-05-23,2026-03-17,Churned,2026-03-17
8616,4616,Annual,6.99,2024-03-14,2025-11-27,Churned,2025-11-27
8617,4617,Annual,6.99,2024-03-26,,Active,
8618,4618,Annual,6.99,2024-01-08,2026-02-06,Churned,2026-02-06
8619,4619,Annual,6.99,2024-01-14,,Active,
8620,4620,Annual,6.99,2024-05-04,,Active,
8621,4621,Annual,6.99,2024-05-15,,Active,
8622,4622,Annual,0.0,2024-04-13,,Active,
8623,4623,Annual,6.99,2024-04-30,2026-03-23,Churned,2026-03-23
8624,4624,Annual,6.99,2024-02-09,2024-08-27,CHURNED,2024-08-27
8625,4625,Annual,6.99,2024-02-25,2025-10-13,Churned,2025-10-13
8626,4626,Annual,6.99,2024-04-22,,Active,
8627,4627,Annual,6.99,2024-01-26,2025-08-25,Churned,2025-08-25
8628,4628,Annual,6.99,2024-03-03,,Active,
8629,4629,Annual,6.99,2024-02-26,2025-10-17,Churned,2025-10-17
8630,4630,Annual,6.99,2024-06-27,2025-11-27,Churned,2025-11-27
8631,4631,Annual,6.99,2024-05-23,2026-04-10,Churned,2026-04-10
8632,4632,Annual,6.99,2024-06-03,,Active,
8633,4633,Annual,6.99,2024-06-16,2026-02-24,Churned,2026-02-24
8634,4634,Annual,6.99,2024-01-18,2025-10-06,Churned,2025-10-06
8635,4635,Annual,6.99,2024-02-29,,Active,
8636,4636,Annual,6.99,2024-04-30,2025-11-28,Churned,2025-11-28
8637,4637,Annual,6.99,2024-01-06,,Active,
8638,4638,Annual,6.99,2024-01-09,,Active,
8639,4639,Annual,6.99,2024-01-18,,Active,
8640,4640,Annual,6.99,2024-04-15,2025-03-19,Churned,2025-03-19
8641,4641,Annual,6.99,2024-04-17,,Active,
8642,4642,Annual,6.99,2024-01-18,,Active,
8643,4643,Annual,6.99,2024-06-08,,Active,
8644,4644,Annual,6.99,2024-04-13,,Active,
8645,4645,Annual,6.99,2024-02-19,2026-01-09,Churned,2026-01-09
8646,4646,Annual,6.99,2024-05-15,2025-04-05,Churned,2025-04-05
8647,4647,Annual,6.99,2024-06-30,2026-05-20,Churned,2026-05-20
8648,4648,Annual,6.99,2024-04-23,2025-11-15,Churned,2025-11-15
8649,4649,Annual,6.99,2024-01-11,,Active,
8650,4650,Annual,6.99,2024-05-23,2026-03-25,Churned,2026-03-25
8651,4651,Annual,6.99,2024-03-07,2024-04-16,Churned,2024-04-16
8652,4652,Annual,6.99,2024-06-13,,Active,
8653,4653,Annual,6.99,2024-04-24,,Active,
8654,4654,Annual,6.99,2024-05-03,,Active,
8655,4655,Annual,6.99,2024-05-31,2025-05-27,Churned,2025-05-27
8656,4656,Annual,6.99,2024-01-01,,Active,
8657,4657,Annual,6.99,2024-02-10,2025-10-17,Churned,2025-10-17
8658,4658,Annual,6.99,2024-04-11,2025-04-04,Churned,2025-04-04
8659,4659,Annual,6.99,2024-04-24,2025-09-27,Churned,2025-09-27
8660,4660,Annual,6.99,2024-03-16,2026-03-31,Churned,2026-03-31
8661,4661,Annual,6.99,2024-05-20,,Active,
8662,4662,Annual,6.99,2024-04-22,2026-02-11,Churned,2026-02-11
8663,4663,Annual,6.99,2024-02-29,2025-06-17,Churned,2025-06-17
8664,4664,Annual,6.99,2024-01-14,,Active,
8665,4665,Annual,6.99,2024-04-21,2026-05-09,Churned,2026-05-09
8666,4666,Annual,6.99,2024-02-17,2025-12-12,Churned,2025-12-12
8667,4667,Annual,6.99,2024-02-04,2025-06-02,Churned,2025-06-02
8668,4668,Annual,6.99,2024-03-23,2026-03-23,Churned,2026-03-23
8669,4669,Annual,6.99,2024-04-15,,Active,
8670,4670,Annual,6.99,2024-04-29,2025-09-12,Churned,2025-09-12
8671,4671,Annual,6.99,2024-04-25,2025-08-13,Churned,2025-08-13
8672,4672,Annual,6.99,2024-03-26,,Active,
8673,4673,Annual,6.99,2024-05-07,,Active,
8674,4674,Annual,6.99,2024-05-16,2024-11-16,Churned,2024-11-16
8675,4675,Annual,6.99,2024-03-22,,Active,
8676,4676,Annual,6.99,2024-02-17,2026-02-12,Churned,2026-02-12
8677,4677,Annual,6.99,2024-04-02,2024-08-12,Churned,2024-08-12
8678,4678,Annual,6.99,2024-02-14,2025-11-20,Churned,2025-11-20
8679,4679,Annual,6.99,2024-06-08,2025-12-08,Churned,2025-12-08
8680,4680,Annual,6.99,2024-06-23,,Active,
8681,4681,Annual,6.99,2024-02-06,2026-03-22,Churned,2026-03-22
8682,4682,Annual,6.99,2024-01-01,2025-03-12,Churned,2025-03-12
8683,4683,Annual,6.99,2024-05-22,,Active,
8684,4684,Annual,6.99,2024-06-14,2024-07-28,churned,2024-07-28
8685,4685,Annual,6.99,2024-06-02,,Active,
8686,4686,Annual,6.99,2024-03-09,2026-03-05,Churned,2026-03-05
8687,4687,Annual,6.99,2024-01-29,2026-06-19,Churned,2026-06-19
8688,4688,Annual,6.99,2024-05-12,,Active,
8689,4689,Annual,6.99,2024-03-01,,Active,
8690,4690,Annual,6.99,2024-01-20,2025-11-12,Churned,2025-11-12
8691,4691,Annual,6.99,2024-02-06,,Active,
8692,4692,Annual,6.99,2024-02-10,,Active,
8693,4693,Annual,6.99,2024-06-25,2026-01-22,Churned,2026-01-22
8694,4694,Annual,6.99,2024-02-27,2025-07-29,Churned,2025-07-29
8695,4695,Annual,6.99,2024-01-31,2025-12-04,Churned,2025-12-04
8696,4696,Annual,6.99,2024-03-14,2026-01-02,Churned,2026-01-02
8697,4697,Annual,6.99,2024-01-26,,Active,
8698,4698,Annual,6.99,2024-02-03,2025-12-04,Churned,2025-12-04
8699,4699,Annual,6.99,2024-01-25,2025-10-01,Churned,2025-10-01
8700,4700,Annual,6.99,2024-03-23,2025-11-28,Churned,2025-11-28
8701,4701,Annual,6.99,2024-03-20,2025-04-29,Churned,2025-04-29
8702,4702,Annual,6.99,2024-06-21,,Active,
8703,4703,Annual,6.99,2024-06-05,2025-11-22,Churned,2025-11-22
8704,4704,Annual,6.99,2024-04-27,,Active,
8705,4705,Annual,6.99,2024-02-29,2026-07-01,CHURNED,2026-07-01
8706,4706,Annual,6.99,2024-06-11,2025-12-07,Churned,2025-12-07
8707,4707,Annual,6.99,2024-01-05,2026-03-03,Churned,2026-03-03
8708,4708,Annual,6.99,2024-01-05,,Active,
8709,4709,Annual,6.99,2024-03-12,2025-10-04,Churned,2025-10-04
8710,4710,Annual,6.99,2024-02-17,2025-12-27,Churned,2025-12-27
8711,4711,Annual,6.99,2024-05-26,,Active,
8712,4712,Annual,6.99,2024-06-11,2026-01-07,CHURNED,2026-01-07
8713,4713,Annual,6.99,2024-02-28,2025-08-28,Churned,2025-08-28
8714,4714,Annual,6.99,2024-04-24,,Active,
8715,4715,Annual,6.99,2024-03-24,2025-12-03,Churned,2025-12-03
8716,4716,Annual,6.99,2024-02-16,,Active,
8717,4717,Annual,6.99,2024-05-13,2024-06-22,Churned,2024-06-22
8718,4718,Annual,6.99,2024-01-09,,Active,
8719,4719,Annual,6.99,2024-05-09,2026-01-08,Churned,2026-01-08
8720,4720,Annual,6.99,2024-06-25,,Active,
8721,4721,Annual,6.99,2024-05-01,2026-07-07,Churned,2026-07-07
8722,4722,Annual,6.99,2024-03-02,2025-10-16,Churned,2025-10-16
8723,4723,Annual,6.99,2024-04-17,2025-08-17,Churned,2025-08-17
8724,4724,Annual,6.99,2024-05-14,,Active,
8725,4725,Annual,6.99,2024-01-21,,Active,
8726,4726,Annual,6.99,2024-05-29,2025-10-09,Churned,2025-10-09
8727,4727,Annual,6.99,2024-06-10,2025-08-03,Churned,2025-08-03
8728,4728,Annual,6.99,2024-02-05,2025-12-06,Churned,2025-12-06
8729,4729,Annual,6.99,2024-05-24,2026-02-20,Churned,2026-02-20
8730,4730,Annual,6.99,2024-02-04,,Active,
8731,4731,Annual,6.99,2024-03-06,,Active,
8732,4732,Annual,6.99,2024-05-05,,Active,
8733,4733,Annual,6.99,2024-04-11,2025-10-25,Churned,2025-10-25
8734,4734,Annual,6.99,2024-03-08,,Active,
8735,4735,Annual,6.99,2024-06-21,,Active,
8736,4736,Annual,6.99,2024-06-17,,Active,
8737,4737,Annual,6.99,2024-02-01,2025-10-07,Churned,2025-10-07
8738,4738,Annual,6.99,2024-03-01,2025-10-12,Churned,2025-10-12
8739,4739,Annual,6.99,2024-03-05,2025-06-06,Churned,2025-06-06
8740,4740,Annual,6.99,2024-02-22,2025-06-18,Churned,2025-06-18
8741,4741,Annual,6.99,2024-05-02,2025-11-08,Churned,2025-11-08
8742,4742,Annual,6.99,2024-06-18,,Active,
8743,4743,Annual,6.99,2024-05-07,2025-12-09,Churned,2025-12-09
8744,4744,Annual,6.99,2024-02-13,,Active,
8745,4745,Annual,6.99,2024-03-30,,Active,
8746,4746,Annual,6.99,2024-03-24,,Active,
8747,4747,Annual,6.99,2024-05-23,,Active,
8748,4748,Annual,6.99,2024-04-08,,Active,
8749,4749,Annual,6.99,2024-06-05,2026-01-15,Churned,2026-01-15
8750,4750,Annual,6.99,2024-04-11,,Active,
8751,4751,Annual,6.99,2024-01-10,,Active,
8752,4752,Annual,6.99,2024-01-05,2026-02-25,Churned,2026-02-25
8753,4753,Annual,6.99,2024-01-20,,Active,
8754,4754,Annual,6.99,2024-05-08,2025-10-14,Churned,2025-10-14
8755,4755,Annual,6.99,2024-06-25,,Active,
8756,4756,Annual,6.99,2024-05-03,,Active,
8757,4757,Annual,6.99,2024-04-30,2024-06-07,Churned,2024-06-07
8758,4758,Annual,6.99,2024-02-16,2026-01-24,Churned,2026-01-24
8759,4759,Annual,6.99,2024-05-20,2025-09-18,Churned,2025-09-18
8760,4760,Annual,6.99,2024-01-27,,Active,
8761,4761,Annual,6.99,2024-01-17,,Active,
8762,4762,Annual,6.99,2024-02-04,2026-03-13,Churned,2026-03-13
8763,4763,Annual,6.99,2024-05-31,,Active,
8764,4764,Annual,6.99,2024-06-02,,Active,
8765,4765,Annual,6.99,2024-06-20,,Active,
8766,4766,Annual,6.99,2024-05-20,,Active,
8767,4767,Annual,6.99,2024-04-22,,Active,
8768,4768,Annual,6.99,2024-02-10,2026-03-16,Churned,2026-03-16
8769,4769,Annual,6.99,2024-04-26,,Active,
8770,4770,Annual,6.99,2024-03-31,2026-06-14,Churned,2026-06-14
8771,4771,Annual,6.99,2024-03-30,,active,
8772,4772,Annual,6.99,2024-05-23,,Active,
8773,4773,Annual,6.99,2024-04-21,2025-11-15,Churned,2025-11-15
8774,4774,Annual,6.99,2024-04-08,,Active,
8775,4775,Annual,6.99,2024-04-23,2025-09-12,Churned,2025-09-12
8776,4776,Annual,6.99,2024-06-26,,Active,
8777,4777,Annual,6.99,2024-05-04,2025-09-21,Churned,2025-09-21
8778,4778,Annual,6.99,2024-02-12,,Active,
8779,4779,Annual,6.99,2024-01-07,,Active,
8780,4780,Annual,6.99,2024-05-30,2024-07-10,Churned,2024-07-10
8781,4781,Annual,6.99,2024-06-04,2026-03-15,Churned,2026-03-15
8782,4782,Annual,6.99,2024-06-06,2026-03-14,Churned,2026-03-14
8783,4783,Annual,6.99,2024-04-02,,Active,
8784,4784,Annual,6.99,2024-06-02,2024-12-30,Churned,2024-12-30
8785,4785,Annual,6.99,2024-05-02,,Active,
8786,4786,Annual,6.99,2024-04-23,2025-07-12,Churned,2025-07-12
8787,4787,Annual,6.99,2024-05-06,2025-10-21,Churned,2025-10-21
8788,4788,Annual,6.99,2024-01-08,2025-07-17,Churned,2025-07-17
8789,4789,Annual,6.99,2024-05-20,2026-04-23,Churned,2026-04-23
8790,4790,Annual,6.99,2024-03-15,,Active,
8791,4791,Annual,6.99,2024-03-04,,Active,
8792,4792,Annual,6.99,2024-02-19,,Active,
8793,4793,Annual,6.99,2024-02-10,,Active,
8794,4794,Annual,6.99,2024-06-10,,Active,
8795,4795,Annual,6.99,2024-04-29,,Active,
8796,4796,Annual,6.99,2024-04-08,,Active,
8797,4797,Annual,6.99,2024-01-03,2025-03-31,Churned,2025-03-31
8798,4798,Annual,6.99,2024-02-05,2025-09-25,Churned,2025-09-25
8799,4799,Annual,6.99,2024-01-05,2026-03-11,Churned,2026-03-11
8800,4800,Annual,6.99,2024-05-12,,Active,
8801,4801,Annual,6.99,2024-04-18,2025-12-18,Churned,2025-12-18
8802,4802,Annual,6.99,2024-06-12,2025-12-06,Churned,2025-12-06
8803,4803,Annual,6.99,2024-05-09,,Active,
8804,4804,Annual,6.99,2024-04-10,2025-11-11,Churned,2025-11-11
8805,4805,Annual,6.99,2024-04-26,,Active,
8806,4806,Annual,6.99,2024-04-24,2025-07-14,Churned,2025-07-14
8807,4807,Annual,6.99,2024-02-16,,Active,
8808,4808,Annual,6.99,2024-05-26,,Active,
8809,4809,Annual,6.99,2024-05-24,2025-07-07,Churned,2025-07-07
8810,4810,Annual,6.99,2024-06-23,2026-01-13,churned,2026-01-13
8811,4811,Annual,6.99,2024-02-11,2025-11-02,Churned,2025-11-02
8812,4812,Annual,6.99,2024-03-30,2025-03-13,Churned,2025-03-13
8813,4813,Annual,6.99,2024-01-01,,Active,
8814,4814,Annual,6.99,2024-01-04,2025-09-23,Churned,2025-09-23
8815,4815,Annual,6.99,2024-05-18,,Active,
8816,4816,Annual,6.99,2024-04-30,2024-08-08,Churned,2024-08-08
8817,4817,Annual,6.99,2024-01-16,2026-01-30,Churned,2026-01-30
8818,4818,Annual,6.99,2024-05-13,,Active,
8819,4819,Annual,6.99,2024-04-21,2025-08-16,Churned,2025-08-16
8820,4820,Annual,6.99,2024-03-20,,Active,
8821,4821,Annual,6.99,2024-05-26,,Active,
8822,4822,Annual,6.99,2024-06-15,,Active,
8823,4823,Annual,6.99,2024-04-10,2026-07-01,Churned,2026-07-01
8824,4824,Annual,6.99,2024-05-10,2025-12-29,Churned,2025-12-29
8825,4825,Annual,6.99,2024-06-19,,Active,
8826,4826,Annual,6.99,2024-03-04,2025-02-06,Churned,2025-02-06
8827,4827,Annual,6.99,2024-05-20,,Active,
8828,4828,Annual,6.99,2024-01-03,2025-12-31,CHURNED,2025-12-31
8829,4829,Annual,6.99,2024-05-31,,Active,
8830,4830,Annual,6.99,2024-01-05,,Active,
8831,4831,Annual,0.0,2024-01-26,2026-01-20,Churned,2026-01-20
8832,4832,Annual,6.99,2024-02-09,2024-05-11,Churned,2024-05-11
8833,4833,Annual,6.99,2024-02-11,,Active,
8834,4834,Annual,6.99,2024-04-03,,Active,
8835,4835,Annual,6.99,2024-02-29,2025-08-12,Churned,2025-08-12
8836,4836,Annual,6.99,2024-02-14,,Active,
8837,4837,Annual,6.99,2024-04-16,,Active,
8838,4838,Annual,6.99,2024-03-29,,Active,
8839,4839,Annual,6.99,2024-04-04,2024-09-04,Churned,2024-09-04
8840,4840,Annual,6.99,2024-04-28,2025-09-21,CHURNED,2025-09-21
8841,4841,Annual,6.99,2024-02-19,2026-02-23,Churned,2026-02-23
8842,4842,Annual,6.99,2024-06-20,,Active,
8843,4843,Annual,6.99,2024-03-10,,Active,
8844,4844,Annual,6.99,2024-03-24,2026-01-24,Churned,2026-01-24
8845,4845,Annual,6.99,2024-02-23,2025-07-11,Churned,2025-07-11
8846,4846,Annual,0.0,2024-03-31,,Active,
8847,4847,Annual,6.99,2024-04-04,2026-02-20,Churned,2026-02-20
8848,4848,Annual,0.0,2024-04-22,2026-06-25,Churned,2026-06-25
8849,4849,Annual,6.99,2024-02-24,,Active,
8850,4850,Annual,6.99,2024-03-03,,Active,
8851,4851,Annual,6.99,2024-06-06,,Active,
8852,4852,Annual,6.99,2024-05-17,,Active,
8853,4853,Annual,6.99,2024-06-05,,Active,
8854,4854,Annual,6.99,2024-04-13,2026-06-06,Churned,2026-06-06
8855,4855,Annual,6.99,2024-06-15,,Active,
8856,4856,Annual,6.99,2024-02-22,2025-11-28,Churned,2025-11-28
8857,4857,Annual,6.99,2024-05-16,,Active,
8858,4858,Annual,6.99,2024-01-27,,Active,
8859,4859,Annual,6.99,2024-06-01,,Active,
8860,4860,Annual,6.99,2024-01-19,,Active,
8861,4861,Annual,6.99,2024-03-03,,Active,
8862,4862,Annual,6.99,2024-01-04,,Active,
8863,4863,Annual,6.99,2024-02-06,,Active,
8864,4864,Annual,6.99,2024-06-03,,Active,
8865,4865,Annual,6.99,2024-04-19,2026-03-20,Churned,2026-03-20
8866,4866,Annual,6.99,2024-01-16,,Active,
8867,4867,Annual,6.99,2024-01-05,2025-06-04,Churned,2025-06-04
8868,4868,Annual,6.99,2024-02-17,,Active,
8869,4869,Annual,6.99,2024-01-24,2025-11-17,Churned,2025-11-17
8870,4870,Annual,6.99,2024-02-27,,Active,
8871,4871,Annual,6.99,2024-05-28,,Active,
8872,4872,Annual,6.99,2024-03-28,,Active,
8873,4873,Annual,6.99,2024-06-15,2025-12-26,Churned,2025-12-26
8874,4874,Annual,6.99,2024-02-13,2025-10-26,Churned,2025-10-26
8875,4875,Annual,6.99,2024-05-27,2025-05-06,Churned,2025-05-06
8876,4876,Annual,6.99,2024-06-22,,Active,
8877,4877,Annual,6.99,2024-06-13,2025-07-07,Churned,2025-07-07
8878,4878,Annual,6.99,2024-06-10,2026-02-14,Churned,2026-02-14
8879,4879,Annual,6.99,2024-06-02,,Active,
8880,4880,Annual,6.99,2024-03-12,2025-02-28,Churned,2025-02-28
8881,4881,Annual,6.99,2024-01-09,,Active,
8882,4882,Annual,6.99,2024-04-02,,Active,
8883,4883,Annual,6.99,2024-05-28,,Active,
8884,4884,Annual,6.99,2024-02-23,2025-08-23,Churned,2025-08-23
8885,4885,Annual,6.99,2024-05-25,2025-06-02,Churned,2025-06-02
8886,4886,Annual,6.99,2024-04-07,2026-05-24,Churned,2026-05-24
8887,4887,Annual,6.99,2024-06-25,2025-10-14,Churned,2025-10-14
8888,4888,Annual,6.99,2024-01-29,,Active,
8889,4889,Annual,6.99,2024-03-26,2025-08-01,Churned,2025-08-01
8890,4890,Annual,6.99,2024-04-03,,Active,
8891,4891,Annual,6.99,2024-01-08,,Active,
8892,4892,Annual,6.99,2024-01-14,,Active,
8893,4893,Annual,6.99,2024-04-24,2026-01-06,Churned,2026-01-06
8894,4894,Annual,6.99,2024-02-19,,active,
8895,4895,Annual,6.99,2024-06-22,,Active,
8896,4896,Annual,6.99,2024-05-21,2025-10-21,CHURNED,2025-10-21
8897,4897,Annual,6.99,2024-02-11,2025-12-05,Churned,2025-12-05
8898,4898,Annual,6.99,2024-04-16,,Active,
8899,4899,Annual,6.99,2024-03-08,2026-01-03,Churned,2026-01-03
8900,4900,Annual,6.99,2024-05-18,2025-12-28,Churned,2025-12-28
8901,4901,Annual,6.99,2024-04-13,2026-05-11,Churned,2026-05-11
8902,4902,Annual,6.99,2024-02-02,2025-08-03,Churned,2025-08-03
8903,4903,Annual,6.99,2024-01-08,,Active,
8904,4904,Annual,6.99,2024-01-08,2025-12-02,Churned,2025-12-02
8905,4905,Annual,6.99,2024-02-03,,Active,
8906,4906,Annual,6.99,2024-01-20,,Active,
8907,4907,Annual,6.99,2024-03-05,2024-04-07,Churned,2024-04-07
8908,4908,Annual,6.99,2024-05-15,2026-06-18,Churned,2026-06-18
8909,4909,Annual,6.99,2024-01-19,,ACTIVE,
8910,4910,Annual,6.99,2024-06-28,,Active,
8911,4911,Annual,6.99,2024-05-06,,Active,
8912,4912,Annual,6.99,2024-03-10,,Active,
8913,4913,Annual,6.99,2024-06-25,,Active,
8914,4914,Annual,6.99,2024-03-02,2026-01-31,Churned,2026-01-31
8915,4915,Annual,6.99,2024-05-17,2025-03-12,Churned,2025-03-12
8916,4916,Annual,6.99,2024-05-14,2025-09-06,Churned,2025-09-06
8917,4917,Annual,6.99,2024-05-05,2024-06-06,Churned,2024-06-06
8918,4918,Annual,6.99,2024-06-03,2025-10-29,Churned,2025-10-29
8919,4919,Annual,6.99,2024-01-20,2025-11-15,Churned,2025-11-15
8920,4920,Annual,6.99,2024-02-24,2026-03-25,Churned,2026-03-25
8921,4921,Annual,6.99,2024-01-05,,Active,
8922,4922,Annual,6.99,2024-03-30,2025-05-31,Churned,2025-05-31
8923,4923,Annual,6.99,2024-05-09,2026-07-03,Churned,2026-07-03
8924,4924,Annual,6.99,2024-04-19,,Active,
8925,4925,Annual,6.99,2024-05-04,2025-07-30,Churned,2025-07-30
8926,4926,Annual,6.99,2024-02-21,2026-06-03,Churned,2026-06-03
8927,4927,Annual,6.99,2024-05-21,2024-06-21,Churned,2024-06-21
8928,4928,Annual,6.99,2024-05-07,2026-03-11,Churned,2026-03-11
8929,4929,Annual,6.99,2024-04-19,2026-05-02,Churned,2026-05-02
8930,4930,Annual,6.99,2024-02-14,,Active,
8931,4931,Annual,6.99,2024-03-06,2026-03-24,Churned,2026-03-24
8932,4932,Annual,6.99,2024-04-22,2025-03-29,Churned,2025-03-29
8933,4933,Annual,6.99,2024-06-06,,Active,
8934,4934,Annual,0.0,2024-03-25,2024-07-10,Churned,2024-07-10
8935,4935,Annual,6.99,2024-06-24,,Active,
8936,4936,Annual,6.99,2024-02-16,,Active,
8937,4937,Annual,6.99,2024-06-23,2025-09-23,Churned,2025-09-23
8938,4938,Annual,6.99,2024-06-11,2025-06-14,Churned,2025-06-14
8939,4939,Annual,6.99,2024-03-07,2025-11-06,Churned,2025-11-06
8940,4940,Annual,6.99,2024-02-05,2025-11-18,Churned,2025-11-18
8941,4941,Annual,6.99,2024-05-14,2026-05-30,Churned,2026-05-30
8942,4942,Annual,6.99,2024-01-27,,Active,
8943,4943,Annual,6.99,2024-02-13,,Active,
8944,4944,Annual,6.99,2024-06-15,2025-03-06,Churned,2025-03-06
8945,4945,Annual,6.99,2024-02-29,2026-05-12,Churned,2026-05-12
8946,4946,Annual,6.99,2024-02-20,2025-03-12,Churned,2025-03-12
8947,4947,Annual,6.99,2024-02-23,2025-08-09,churned,2025-08-09
8948,4948,Annual,6.99,2024-01-08,2026-06-30,Churned,2026-06-30
8949,4949,Annual,6.99,2024-05-09,,Active,
8950,4950,Annual,6.99,2024-01-08,,Active,
8951,4951,Annual,6.99,2024-02-04,2026-02-04,Churned,2026-02-04
8952,4952,Annual,6.99,2024-05-11,,Active,
8953,4953,Annual,6.99,2024-03-01,2026-03-08,Churned,2026-03-08
8954,4954,Annual,6.99,2024-06-18,2025-03-06,Churned,2025-03-06
8955,4955,Annual,6.99,2024-06-27,,Active,
8956,4956,Annual,6.99,2024-05-05,2025-11-02,Churned,2025-11-02
8957,4957,Annual,6.99,2024-04-29,2026-01-26,Churned,2026-01-26
8958,4958,Annual,6.99,2024-01-25,2026-07-03,Churned,2026-07-03
8959,4959,Annual,6.99,2024-01-12,,Active,
8960,4960,Annual,6.99,2024-04-20,2026-01-28,Churned,2026-01-28
8961,4961,Annual,6.99,2024-04-18,2026-03-15,Churned,2026-03-15
8962,4962,Annual,6.99,2024-04-22,2026-01-22,Churned,2026-01-22
8963,4963,Annual,6.99,2024-05-02,,Active,
8964,4964,Annual,6.99,2024-05-17,2025-07-14,Churned,2025-07-14
8965,4965,Annual,6.99,2024-04-21,2026-03-07,Churned,2026-03-07
8966,4966,Annual,6.99,2024-04-24,,Active,
8967,4967,Annual,6.99,2024-04-04,,Active,
8968,4968,Annual,6.99,2024-04-10,2025-07-02,Churned,2025-07-02
8969,4969,Annual,6.99,2024-03-06,,Active,
8970,4970,Annual,6.99,2024-05-02,2025-02-16,Churned,2025-02-16
8971,4971,Annual,6.99,2024-05-12,2026-03-23,Churned,2026-03-23
8972,4972,Annual,6.99,2024-03-05,,Active,
8973,4973,Annual,6.99,2024-04-02,2026-01-20,Churned,2026-01-20
8974,4974,Annual,6.99,2024-02-04,,Active,
8975,4975,Annual,6.99,2024-01-21,,Active,
8976,4976,Annual,6.99,2024-06-23,2026-04-28,Churned,2026-04-28
8977,4977,Annual,6.99,2024-01-28,2026-05-15,Churned,2026-05-15
8978,4978,Annual,6.99,2024-06-10,2026-01-16,Churned,2026-01-16
8979,4979,Annual,6.99,2024-01-26,2025-12-22,Churned,2025-12-22
8980,4980,Annual,6.99,2024-04-27,,Active,
8981,4981,Annual,6.99,2024-03-12,,Active,
8982,4982,Annual,6.99,2024-03-19,2026-02-23,Churned,2026-02-23
8983,4983,Annual,6.99,2024-03-02,2025-07-12,Churned,2025-07-12
8984,4984,Annual,6.99,2024-06-01,2025-06-25,Churned,2025-06-25
8985,4985,Annual,6.99,2024-03-09,,Active,
8986,4986,Annual,6.99,2024-05-27,,Active,
8987,4987,Annual,6.99,2024-05-28,2025-11-11,Churned,2025-11-11
8988,4988,Annual,6.99,2024-05-02,,Active,
8989,4989,Annual,6.99,2024-04-30,,Active,
8990,4990,Annual,6.99,2024-05-17,,Active,
8991,4991,Annual,6.99,2024-04-20,2025-09-25,Churned,2025-09-25
8992,4992,Annual,6.99,2024-04-03,2025-12-20,Churned,2025-12-20
8993,4993,Annual,6.99,2024-04-21,2026-01-21,Churned,2026-01-21
8994,4994,Annual,6.99,2024-01-30,,Active,
8995,4995,Annual,6.99,2024-05-31,2026-01-05,Churned,2026-01-05
8996,4996,Annual,6.99,2024-05-03,2025-12-11,Churned,2025-12-11
8997,4997,Annual,6.99,2024-01-15,2024-02-27,Churned,2024-02-27
8998,4998,Annual,6.99,2024-03-13,2026-02-21,Churned,2026-02-21
8999,4999,Annual,6.99,2024-03-23,2026-05-22,Churned,2026-05-22
9000,5000,Annual,0.0,2024-05-20,2026-03-06,Churned,2026-03-06
9001,5001,Annual,6.99,2024-03-27,2025-11-19,Churned,2025-11-19
9002,5002,Annual,6.99,2024-02-11,,Active,
9003,5003,Annual,6.99,2024-05-26,,Active,
9004,5004,Annual,6.99,2024-02-10,2026-04-14,Churned,2026-04-14
9005,5005,Annual,6.99,2024-05-18,2024-12-30,Churned,2024-12-30
9006,5006,Annual,6.99,2024-02-14,2024-06-21,Churned,2024-06-21
9007,5007,Annual,6.99,2024-05-03,2025-12-03,Churned,2025-12-03
9008,5008,Annual,6.99,2024-03-06,,Active,
9009,5009,Annual,6.99,2024-06-23,,active,
9010,5010,Annual,6.99,2024-03-29,2024-12-30,Churned,2024-12-30
9011,5011,Annual,6.99,2024-05-02,,Active,
9012,5012,Annual,6.99,2024-03-19,,Active,
9013,5013,Annual,6.99,2024-04-20,2025-10-23,Churned,2025-10-23
9014,5014,Annual,6.99,2024-04-07,2025-07-02,Churned,2025-07-02
9015,5015,Annual,6.99,2024-03-17,,Active,
9016,5016,Annual,6.99,2024-01-25,2025-12-03,Churned,2025-12-03
9017,5017,Annual,6.99,2024-02-18,2025-08-14,Churned,2025-08-14
9018,5018,Annual,6.99,2024-06-23,,Active,
9019,5019,Annual,6.99,2024-02-23,2026-03-20,Churned,2026-03-20
9020,5020,Annual,6.99,2024-03-17,2025-12-18,Churned,2025-12-18
9021,5021,Annual,6.99,2024-03-03,,Active,
9022,5022,Annual,6.99,2024-01-21,2024-03-02,Churned,2024-03-02
9023,5023,Annual,6.99,2024-02-10,2025-12-15,Churned,2025-12-15
9024,5024,Annual,6.99,2024-06-28,2025-11-09,Churned,2025-11-09
9025,5025,Annual,6.99,2024-03-02,,Active,
9026,5026,Annual,6.99,2024-05-14,,Active,
9027,5027,Annual,6.99,2024-01-22,2024-02-14,Churned,2024-02-14
9028,5028,Annual,6.99,2024-04-07,,Active,
9029,5029,Annual,6.99,2024-01-13,,Active,
9030,5030,Annual,6.99,2024-02-04,,Active,
9031,5031,Annual,6.99,2024-04-22,2026-01-03,Churned,2026-01-03
9032,5032,Annual,6.99,2024-02-23,2025-08-22,Churned,2025-08-22
9033,5033,Annual,6.99,2024-04-23,2025-03-12,Churned,2025-03-12
9034,5034,Annual,6.99,2024-01-17,,Active,
9035,5035,Annual,6.99,2024-01-08,2026-02-10,Churned,2026-02-10
9036,5036,Annual,6.99,2024-02-24,2025-12-19,Churned,2025-12-19
9037,5037,Annual,6.99,2024-03-15,2025-12-14,Churned,2025-12-14
9038,5038,Annual,6.99,2024-02-10,,Active,
9039,5039,Annual,6.99,2024-03-26,,Active,
9040,5040,Annual,6.99,2024-03-10,2025-12-06,Churned,2025-12-06
9041,5041,Annual,6.99,2024-01-09,,Active,
9042,5042,Annual,6.99,2024-05-26,,Active,
9043,5043,Annual,6.99,2024-02-08,2025-08-14,Churned,2025-08-14
9044,5044,Annual,6.99,2024-06-04,,Active,
9045,5045,Annual,6.99,2024-03-22,,Active,
9046,5046,Annual,6.99,2024-04-09,,Active,
9047,5047,Annual,6.99,2024-03-07,,Active,
9048,5048,Annual,6.99,2024-05-22,2025-07-10,Churned,2025-07-10
9049,5049,Annual,6.99,2024-06-20,,Active,
9050,5050,Annual,6.99,2024-03-24,2025-09-05,Churned,2025-09-05
9051,5051,Annual,6.99,2024-06-08,2025-08-26,Churned,2025-08-26
9052,5052,Annual,6.99,2024-01-16,,Active,
9053,5053,Annual,6.99,2024-02-15,2026-01-11,Churned,2026-01-11
9054,5054,Annual,6.99,2024-04-15,2026-03-13,Churned,2026-03-13
9055,5055,Annual,6.99,2024-04-07,,Active,
9056,5056,Annual,6.99,2024-05-27,,Active,
9057,5057,Annual,6.99,2024-01-27,2024-02-15,Churned,2024-02-15
9058,5058,Annual,6.99,2024-05-06,,Active,
9059,5059,Annual,6.99,2024-05-17,2025-07-22,Churned,2025-07-22
9060,5060,Annual,6.99,2024-04-02,2026-05-31,Churned,2026-05-31
9061,5061,Annual,6.99,2024-05-04,2025-05-01,Churned,2025-05-01
9062,5062,Annual,6.99,2024-01-31,,Active,
9063,5063,Annual,6.99,2024-02-15,2026-06-30,Churned,2026-06-30
9064,5064,Annual,6.99,2024-03-12,,Active,
9065,5065,Annual,6.99,2024-05-29,2025-11-23,Churned,2025-11-23
9066,5066,Annual,6.99,2024-06-20,,Active,
9067,5067,Annual,0.0,2024-01-04,,Active,
9068,5068,Annual,6.99,2024-06-15,,Active,
9069,5069,Annual,6.99,2024-03-27,2026-02-23,Churned,2026-02-23
9070,5070,Annual,6.99,2024-04-21,2026-01-26,Churned,2026-01-26
9071,5071,Annual,6.99,2024-02-19,2025-07-10,Churned,2025-07-10
9072,5072,Annual,6.99,2024-02-18,2025-10-02,Churned,2025-10-02
9073,5073,Annual,6.99,2024-05-20,2024-07-06,Churned,2024-07-06
9074,5074,Annual,6.99,2024-06-15,2025-08-16,Churned,2025-08-16
9075,5075,Annual,6.99,2024-01-15,2024-08-04,Churned,2024-08-04
9076,5076,Annual,0.0,2024-03-02,,Active,
9077,5077,Annual,6.99,2024-01-16,,Active,
9078,5078,Annual,6.99,2024-04-08,,Active,
9079,5079,Annual,6.99,2024-04-29,,Active,
9080,5080,Annual,6.99,2024-04-30,,Active,
9081,5081,Annual,6.99,2024-04-04,2025-11-09,Churned,2025-11-09
9082,5082,Annual,6.99,2024-01-31,2026-01-09,Churned,2026-01-09
9083,5083,Annual,6.99,2024-05-18,2025-10-29,Churned,2025-10-29
9084,5084,Annual,6.99,2024-05-08,,Active,
9085,5085,Annual,6.99,2024-05-17,2025-07-28,Churned,2025-07-28
9086,5086,Annual,6.99,2024-01-24,,Active,
9087,5087,Annual,6.99,2024-02-01,2025-05-19,Churned,2025-05-19
9088,5088,Annual,6.99,2024-01-07,,Active,
9089,5089,Annual,6.99,2024-06-10,2025-07-18,Churned,2025-07-18
9090,5090,Annual,6.99,2024-02-09,2025-05-26,Churned,2025-05-26
9091,5091,Annual,6.99,2024-05-10,2025-10-25,Churned,2025-10-25
9092,5092,Annual,6.99,2024-04-06,,Active,
9093,5093,Annual,6.99,2024-02-01,2025-06-29,Churned,2025-06-29
9094,5094,Annual,6.99,2024-01-18,,Active,
9095,5095,Annual,6.99,2024-04-19,,Active,
9096,5096,Annual,6.99,2024-06-01,2025-11-08,churned,2025-11-08
9097,5097,Annual,6.99,2024-05-29,,Active,
9098,5098,Annual,6.99,2024-06-07,,Active,
9099,5099,Annual,6.99,2024-01-03,,Active,
9100,5100,Annual,6.99,2024-05-25,,Active,
9101,5101,Annual,6.99,2024-03-07,2025-11-15,Churned,2025-11-15
9102,5102,Annual,6.99,2024-04-19,2025-09-17,Churned,2025-09-17
9103,5103,Annual,6.99,2024-05-02,,Active,
9104,5104,Annual,6.99,2024-05-04,,Active,
9105,5105,Annual,6.99,2024-01-12,,Active,
9106,5106,Annual,6.99,2024-01-13,,Active,
9107,5107,Annual,6.99,2024-05-09,,Active,
9108,5108,Annual,6.99,2024-06-24,2025-12-25,Churned,2025-12-25
9109,5109,Annual,6.99,2024-04-06,2025-12-29,Churned,2025-12-29
9110,5110,Annual,6.99,2024-02-10,2026-02-04,Churned,2026-02-04
9111,5111,Annual,0.0,2024-05-08,2025-09-02,Churned,2025-09-02
9112,5112,Annual,6.99,2024-01-26,,Active,
9113,5113,Annual,6.99,2024-01-16,,Active,
9114,5114,Annual,6.99,2024-03-07,,Active,
9115,5115,Annual,6.99,2024-05-16,,Active,
9116,5116,Annual,6.99,2024-06-11,,Active,
9117,5117,Annual,6.99,2024-04-18,2025-11-18,Churned,2025-11-18
9118,5118,Annual,6.99,2024-03-18,2025-11-19,Churned,2025-11-19
9119,5119,Annual,6.99,2024-02-14,,Active,
9120,5120,Annual,6.99,2024-05-14,2026-06-03,Churned,2026-06-03
9121,5121,Annual,6.99,2024-06-11,2026-01-20,Churned,2026-01-20
9122,5122,Annual,6.99,2024-01-31,2026-02-19,Churned,2026-02-19
9123,5123,Annual,6.99,2024-03-05,,Active,
9124,5124,Annual,6.99,2024-06-06,2026-04-08,Churned,2026-04-08
9125,5125,Annual,6.99,2024-04-12,2026-01-25,Churned,2026-01-25
9126,5126,Annual,6.99,2024-06-02,2026-02-16,Churned,2026-02-16
9127,5127,Annual,6.99,2024-03-28,,Active,
9128,5128,Annual,6.99,2024-02-15,,ACTIVE,
9129,5129,Annual,6.99,2024-01-12,,Active,
9130,5130,Annual,6.99,2024-02-29,2025-09-19,Churned,2025-09-19
9131,5131,Annual,6.99,2024-06-19,2024-12-30,Churned,2024-12-30
9132,5132,Annual,6.99,2024-04-17,2025-09-21,Churned,2025-09-21
9133,5133,Annual,6.99,2024-03-09,2025-08-12,Churned,2025-08-12
9134,5134,Annual,6.99,2024-05-28,2025-04-03,Churned,2025-04-03
9135,5135,Annual,6.99,2024-01-20,,Active,
9136,5136,Annual,6.99,2024-04-21,2026-07-04,Churned,2026-07-04
9137,5137,Annual,6.99,2024-05-31,2024-06-22,Churned,2024-06-22
9138,5138,Annual,6.99,2024-05-12,,Active,
9139,5139,Annual,6.99,2024-06-15,2025-11-10,Churned,2025-11-10
9140,5140,Annual,6.99,2024-05-20,2026-05-17,Churned,2026-05-17
9141,5141,Annual,6.99,2024-02-20,2026-01-02,Churned,2026-01-02
9142,5142,Annual,6.99,2024-04-24,2025-04-04,Churned,2025-04-04
9143,5143,Annual,6.99,2024-01-24,,Active,
9144,5144,Annual,6.99,2024-02-07,,Active,
9145,5145,Annual,6.99,2024-04-15,,Active,
9146,5146,Annual,6.99,2024-03-13,,Active,
9147,5147,Annual,6.99,2024-04-05,,Active,
9148,5148,Annual,6.99,2024-06-02,2025-12-04,Churned,2025-12-04
9149,5149,Annual,6.99,2024-01-18,2026-01-24,Churned,2026-01-24
9150,5150,Annual,6.99,2024-01-13,2025-11-28,Churned,2025-11-28
9151,5151,Annual,6.99,2024-02-04,2025-10-12,Churned,2025-10-12
9152,5152,Annual,6.99,2024-02-07,2025-11-15,Churned,2025-11-15
9153,5153,Annual,6.99,2024-03-13,,Active,
9154,5154,Annual,6.99,2024-06-11,,Active,
9155,5155,Annual,6.99,2024-03-16,2025-07-18,Churned,2025-07-18
9156,5156,Annual,6.99,2024-06-01,2025-04-16,Churned,2025-04-16
9157,5157,Annual,6.99,2024-06-11,2026-02-15,Churned,2026-02-15
9158,5158,Annual,6.99,2024-01-13,,Active,
9159,5159,Annual,6.99,2024-04-30,,Active,
9160,5160,Annual,6.99,2024-06-22,,Active,
9161,5161,Annual,6.99,2024-03-08,2026-01-09,Churned,2026-01-09
9162,5162,Annual,6.99,2024-03-02,,Active,
9163,5163,Annual,6.99,2024-06-07,,Active,
9164,5164,Annual,6.99,2024-02-11,,Active,
9165,5165,Annual,6.99,2024-05-10,,Active,
9166,5166,Annual,6.99,2024-06-11,2025-11-03,Churned,2025-11-03
9167,5167,Annual,6.99,2024-01-06,,Active,
9168,5168,Annual,6.99,2024-06-17,,Active,
9169,5169,Annual,6.99,2024-05-06,2026-02-11,Churned,2026-02-11
9170,5170,Annual,6.99,2024-03-25,2025-08-15,Churned,2025-08-15
9171,5171,Annual,6.99,2024-01-28,2025-11-16,Churned,2025-11-16
9172,5172,Annual,6.99,2024-04-02,,Active,
9173,5173,Annual,6.99,2024-01-05,2026-02-06,Churned,2026-02-06
9174,5174,Annual,6.99,2024-03-13,,Active,
9175,5175,Annual,6.99,2024-02-27,,ACTIVE,
9176,5176,Annual,6.99,2024-06-19,2025-11-02,Churned,2025-11-02
9177,5177,Annual,6.99,2024-04-28,,Active,
9178,5178,Annual,6.99,2024-05-15,,Active,
9179,5179,Annual,6.99,2024-01-02,2025-09-03,Churned,2025-09-03
9180,5180,Annual,6.99,2024-04-17,,Active,
9181,5181,Annual,6.99,2024-02-23,2025-09-01,Churned,2025-09-01
9182,5182,Annual,6.99,2024-04-08,,Active,
9183,5183,Annual,6.99,2024-03-30,2025-11-20,Churned,2025-11-20
9184,5184,Annual,6.99,2024-04-24,2025-11-29,Churned,2025-11-29
9185,5185,Annual,6.99,2024-01-30,2025-10-23,Churned,2025-10-23
9186,5186,Annual,6.99,2024-03-08,2025-05-16,Churned,2025-05-16
9187,5187,Annual,6.99,2024-04-25,2025-10-15,Churned,2025-10-15
9188,5188,Annual,6.99,2024-06-21,,Active,
9189,5189,Annual,6.99,2024-01-23,,Active,
9190,5190,Annual,6.99,2024-04-05,,Active,
9191,5191,Annual,6.99,2024-01-03,,Active,
9192,5192,Annual,6.99,2024-01-01,,Active,
9193,5193,Annual,6.99,2024-06-13,2025-12-22,Churned,2025-12-22
9194,5194,Annual,6.99,2024-05-02,2025-10-15,Churned,2025-10-15
9195,5195,Annual,6.99,2024-02-08,2025-09-05,Churned,2025-09-05
9196,5196,Annual,6.99,2024-06-28,2025-08-06,Churned,2025-08-06
9197,5197,Annual,6.99,2024-04-28,,Active,
9198,5198,Annual,6.99,2024-01-01,2025-07-19,Churned,2025-07-19
9199,5199,Annual,6.99,2024-05-27,,ACTIVE,
9200,5200,Annual,6.99,2024-02-01,,Active,
9201,5201,Annual,6.99,2024-01-31,,Active,
9202,5202,Annual,6.99,2024-01-27,2025-12-27,Churned,2025-12-27
9203,5203,Annual,6.99,2024-04-17,,Active,
9204,5204,Annual,6.99,2024-05-05,,Active,
9205,5205,Annual,6.99,2024-02-25,,Active,
9206,5206,Annual,6.99,2024-04-24,2026-03-26,Churned,2026-03-26
9207,5207,Annual,6.99,2024-04-22,2024-06-07,Churned,2024-06-07
9208,5208,Annual,6.99,2024-02-19,,Active,
9209,5209,Annual,6.99,2024-03-24,,Active,
9210,5210,Annual,6.99,2024-02-16,2026-02-07,Churned,2026-02-07
9211,5211,Annual,6.99,2024-04-25,2025-04-17,Churned,2025-04-17
9212,5212,Annual,6.99,2024-04-05,2025-12-15,Churned,2025-12-15
9213,5213,Annual,6.99,2024-06-16,,Active,
9214,5214,Annual,6.99,2024-01-06,,Active,
9215,5215,Annual,6.99,2024-03-08,2025-02-23,Churned,2025-02-23
9216,5216,Annual,6.99,2024-02-09,,Active,
9217,5217,Annual,6.99,2024-06-24,,Active,
9218,5218,Annual,6.99,2024-05-13,,Active,
9219,5219,Annual,6.99,2024-04-09,,Active,
9220,5220,Annual,6.99,2024-04-14,2025-02-01,Churned,2025-02-01
9221,5221,Annual,6.99,2024-01-03,2025-11-23,Churned,2025-11-23
9222,5222,Annual,6.99,2024-02-15,2025-09-10,Churned,2025-09-10
9223,5223,Annual,6.99,2024-03-29,,Active,
9224,5224,Annual,6.99,2024-04-29,,Active,
9225,5225,Annual,6.99,2024-02-24,2025-05-28,Churned,2025-05-28
9226,5226,Annual,6.99,2024-03-08,,Active,
9227,5227,Annual,6.99,2024-03-24,2026-07-04,Churned,2026-07-04
9228,5228,Annual,6.99,2024-03-08,2025-10-10,Churned,2025-10-10
9229,5229,Annual,6.99,2024-03-21,,active,
9230,5230,Annual,6.99,2024-01-27,2026-04-04,Churned,2026-04-04
9231,5231,Annual,6.99,2024-02-22,2025-06-28,Churned,2025-06-28
9232,5232,Annual,6.99,2024-02-12,,Active,
9233,5233,Annual,6.99,2024-01-25,2025-08-26,Churned,2025-08-26
9234,5234,Annual,6.99,2024-04-21,,Active,
9235,5235,Annual,6.99,2024-06-25,2024-08-06,Churned,2024-08-06
9236,5236,Annual,6.99,2024-03-15,2025-05-02,CHURNED,2025-05-02
9237,5237,Annual,6.99,2024-02-16,2025-08-09,Churned,2025-08-09
9238,5238,Annual,6.99,2024-04-02,,Active,
9239,5239,Annual,6.99,2024-02-04,2025-10-19,Churned,2025-10-19
9240,5240,Annual,6.99,2024-04-27,2025-03-20,Churned,2025-03-20
9241,5241,Annual,6.99,2024-02-25,2026-02-27,Churned,2026-02-27
9242,5242,Annual,6.99,2024-03-27,2026-01-02,Churned,2026-01-02
9243,5243,Annual,6.99,2024-04-22,,Active,
9244,5244,Annual,6.99,2024-02-17,2025-03-11,Churned,2025-03-11
9245,5245,Annual,6.99,2024-02-27,,Active,
9246,5246,Annual,6.99,2024-06-14,2025-10-13,Churned,2025-10-13
9247,5247,Annual,6.99,2024-02-09,2025-12-08,Churned,2025-12-08
9248,5248,Annual,6.99,2024-03-06,,Active,
9249,5249,Annual,6.99,2024-01-15,2026-06-16,Churned,2026-06-16
9250,5250,Annual,6.99,2024-06-15,2025-08-25,Churned,2025-08-25
9251,5251,Annual,6.99,2024-02-08,2025-12-15,Churned,2025-12-15
9252,5252,Annual,6.99,2024-06-26,,Active,
9253,5253,Annual,6.99,2024-06-15,,Active,
9254,5254,Annual,6.99,2024-03-21,2025-10-06,Churned,2025-10-06
9255,5255,Annual,6.99,2024-05-15,,Active,
9256,5256,Annual,6.99,2024-01-01,2026-01-15,Churned,2026-01-15
9257,5257,Annual,6.99,2024-04-15,,Active,
9258,5258,Annual,6.99,2024-03-10,2025-02-19,Churned,2025-02-19
9259,5259,Annual,6.99,2024-06-30,2025-04-29,Churned,2025-04-29
9260,5260,Annual,6.99,2024-01-19,2025-12-12,Churned,2025-12-12
9261,5261,Annual,6.99,2024-01-12,2026-03-26,Churned,2026-03-26
9262,5262,Annual,6.99,2024-03-07,,Active,
9263,5263,Annual,6.99,2024-02-12,2024-03-28,Churned,2024-03-28
9264,5264,Annual,6.99,2024-06-26,2025-11-28,Churned,2025-11-28
9265,5265,Annual,6.99,2024-05-15,2026-01-25,Churned,2026-01-25
9266,5266,Annual,6.99,2024-05-14,2026-02-15,Churned,2026-02-15
9267,5267,Annual,6.99,2024-01-07,,Active,
9268,5268,Annual,6.99,2024-05-25,,Active,
9269,5269,Annual,6.99,2024-06-17,,Active,
9270,5270,Annual,6.99,2024-06-15,2025-12-02,Churned,2025-12-02
9271,5271,Annual,6.99,2024-06-16,,Active,
9272,5272,Annual,6.99,2024-04-09,,Active,
9273,5273,Annual,6.99,2024-06-10,2026-02-05,Churned,2026-02-05
9274,5274,Annual,0.0,2024-02-22,,Active,
9275,5275,Annual,6.99,2024-04-12,2026-02-07,Churned,2026-02-07
9276,5276,Annual,6.99,2024-01-31,2025-10-11,Churned,2025-10-11
9277,5277,Annual,6.99,2024-02-26,2024-08-01,Churned,2024-08-01
9278,5278,Annual,6.99,2024-01-01,2024-04-12,Churned,2024-04-12
9279,5279,Annual,6.99,2024-03-02,,Active,
9280,5280,Annual,6.99,2024-02-21,,Active,
9281,5281,Annual,6.99,2024-03-17,,Active,
9282,5282,Annual,6.99,2024-03-02,,Active,
9283,5283,Annual,6.99,2024-06-11,2026-05-28,Churned,2026-05-28
9284,5284,Annual,6.99,2024-03-14,2026-01-21,CHURNED,2026-01-21
9285,5285,Annual,6.99,2024-02-13,,Active,
9286,5286,Annual,6.99,2024-01-05,,ACTIVE,
9287,5287,Annual,6.99,2024-05-28,2025-10-18,Churned,2025-10-18
9288,5288,Annual,6.99,2024-01-25,2024-02-27,Churned,2024-02-27
9289,5289,Annual,6.99,2024-06-03,,Active,
9290,5290,Annual,6.99,2024-02-12,2025-04-10,Churned,2025-04-10
9291,5291,Annual,6.99,2024-01-08,,Active,
9292,5292,Annual,6.99,2024-03-15,,Active,
9293,5293,Annual,6.99,2024-03-27,,Active,
9294,5294,Annual,6.99,2024-06-09,2026-02-03,Churned,2026-02-03
9295,5295,Annual,6.99,2024-04-18,2025-05-30,Churned,2025-05-30
9296,5296,Annual,6.99,2024-01-24,2025-06-13,Churned,2025-06-13
9297,5297,Annual,6.99,2024-01-30,,Active,
9298,5298,Annual,6.99,2024-05-05,,Active,
9299,5299,Annual,6.99,2024-01-21,,Active,
9300,5300,Annual,6.99,2024-03-29,,Active,
9301,5301,Annual,6.99,2024-04-24,2025-09-04,Churned,2025-09-04
9302,5302,Annual,6.99,2024-02-22,2025-12-05,Churned,2025-12-05
9303,5303,Annual,6.99,2024-05-19,,Active,
9304,5304,Annual,6.99,2024-01-16,2025-05-28,Churned,2025-05-28
9305,5305,Annual,6.99,2024-04-28,2025-10-27,Churned,2025-10-27
9306,5306,Annual,6.99,2024-06-23,,Active,
9307,5307,Annual,6.99,2024-01-04,2025-08-03,Churned,2025-08-03
9308,5308,Annual,6.99,2024-01-28,2025-08-09,Churned,2025-08-09
9309,5309,Annual,6.99,2024-06-21,2026-07-04,Churned,2026-07-04
9310,5310,Annual,6.99,2024-05-24,,Active,
9311,5311,Annual,6.99,2024-03-27,2026-02-27,Churned,2026-02-27
9312,5312,Annual,6.99,2024-02-28,2024-07-06,Churned,2024-07-06
9313,5313,Annual,6.99,2024-06-27,2025-08-29,churned,2025-08-29
9314,5314,Annual,6.99,2024-01-26,2026-03-16,churned,2026-03-16
9315,5315,Annual,6.99,2024-06-29,2025-10-02,Churned,2025-10-02
9316,5316,Annual,6.99,2024-04-26,2025-06-18,Churned,2025-06-18
9317,5317,Annual,6.99,2024-04-05,2025-08-28,Churned,2025-08-28
9318,5318,Annual,6.99,2024-04-14,2025-11-28,Churned,2025-11-28
9319,5319,Annual,6.99,2024-02-18,,Active,
9320,5320,Annual,6.99,2024-03-23,2026-02-21,Churned,2026-02-21
9321,5321,Annual,6.99,2024-04-24,2026-01-02,Churned,2026-01-02
9322,5322,Annual,6.99,2024-06-26,2025-04-22,Churned,2025-04-22
9323,5323,Annual,6.99,2024-04-30,2025-06-10,Churned,2025-06-10
9324,5324,Annual,6.99,2024-06-18,2025-12-13,Churned,2025-12-13
9325,5325,Annual,6.99,2024-01-20,,Active,
9326,5326,Annual,6.99,2024-01-17,,Active,
9327,5327,Annual,6.99,2024-04-28,,Active,
9328,5328,Annual,6.99,2024-03-23,2025-10-02,Churned,2025-10-02
9329,5329,Annual,6.99,2024-01-26,,Active,
9330,5330,Annual,6.99,2024-01-05,,Active,
9331,5331,Annual,6.99,2024-01-12,,Active,
9332,5332,Annual,6.99,2024-04-20,,Active,
9333,5333,Annual,6.99,2024-06-20,2024-12-30,Churned,2024-12-30
9334,5334,Annual,6.99,2024-04-29,,Active,
9335,5335,Annual,6.99,2024-05-24,2026-03-11,Churned,2026-03-11
9336,5336,Annual,6.99,2024-02-21,2026-05-24,Churned,2026-05-24
9337,5337,Annual,6.99,2024-01-29,2026-02-15,Churned,2026-02-15
9338,5338,Annual,6.99,2024-06-25,,Active,
9339,5339,Annual,6.99,2024-06-27,2025-10-21,Churned,2025-10-21
9340,5340,Annual,6.99,2024-02-23,,active,
9341,5341,Annual,6.99,2024-04-11,,Active,
9342,5342,Annual,6.99,2024-04-26,2025-11-15,Churned,2025-11-15
9343,5343,Annual,6.99,2024-06-25,,Active,
9344,5344,Annual,6.99,2024-05-17,2025-09-24,Churned,2025-09-24
9345,5345,Annual,6.99,2024-05-25,,ACTIVE,
9346,5346,Annual,6.99,2024-06-14,2025-02-04,Churned,2025-02-04
9347,5347,Annual,6.99,2024-04-17,2025-10-24,Churned,2025-10-24
9348,5348,Annual,6.99,2024-03-17,2025-09-12,CHURNED,2025-09-12
9349,5349,Annual,6.99,2024-01-14,,Active,
9350,5350,Annual,6.99,2024-01-22,,Active,
9351,5351,Annual,6.99,2024-01-27,2025-04-28,Churned,2025-04-28
9352,5352,Annual,6.99,2024-05-20,,Active,
9353,5353,Annual,6.99,2024-05-02,,Active,
9354,5354,Annual,6.99,2024-02-18,,Active,
9355,5355,Annual,6.99,2024-05-01,2025-05-15,Churned,2025-05-15
9356,5356,Annual,6.99,2024-06-30,2025-11-19,CHURNED,2025-11-19
9357,5357,Annual,6.99,2024-05-09,2025-09-26,Churned,2025-09-26
9358,5358,Annual,6.99,2024-06-25,2026-02-20,Churned,2026-02-20
9359,5359,Annual,6.99,2024-03-20,2025-11-06,Churned,2025-11-06
9360,5360,Annual,6.99,2024-02-03,2024-11-20,Churned,2024-11-20
9361,5361,Annual,6.99,2024-05-02,2026-03-18,Churned,2026-03-18
9362,5362,Annual,6.99,2024-01-28,2025-10-06,Churned,2025-10-06
9363,5363,Annual,0.0,2024-05-10,2025-02-06,Churned,2025-02-06
9364,5364,Annual,6.99,2024-05-20,2025-06-01,Churned,2025-06-01
9365,5365,Annual,6.99,2024-01-27,,Active,
9366,5366,Annual,6.99,2024-02-22,2026-03-16,Churned,2026-03-16
9367,5367,Annual,6.99,2024-01-11,,Active,
9368,5368,Annual,6.99,2024-02-24,,Active,
9369,5369,Annual,6.99,2024-04-10,2024-07-27,Churned,2024-07-27
9370,5370,Annual,6.99,2024-05-26,,Active,
9371,5371,Annual,6.99,2024-06-21,2025-08-02,Churned,2025-08-02
9372,5372,Annual,6.99,2024-02-12,,Active,
9373,5373,Annual,6.99,2024-02-28,2025-07-15,churned,2025-07-15
9374,5374,Annual,6.99,2024-04-02,2026-01-13,Churned,2026-01-13
9375,5375,Annual,6.99,2024-04-05,,Active,
9376,5376,Annual,6.99,2024-04-06,,Active,
9377,5377,Annual,6.99,2024-03-22,2024-04-19,Churned,2024-04-19
9378,5378,Annual,6.99,2024-05-14,2025-11-14,Churned,2025-11-14
9379,5379,Annual,6.99,2024-06-05,2026-01-11,Churned,2026-01-11
9380,5380,Annual,6.99,2024-06-25,2026-03-03,Churned,2026-03-03
9381,5381,Annual,6.99,2024-03-23,,Active,
9382,5382,Annual,6.99,2024-05-22,2025-12-03,Churned,2025-12-03
9383,5383,Annual,6.99,2024-05-14,2025-08-19,Churned,2025-08-19
9384,5384,Annual,6.99,2024-03-01,2025-10-13,Churned,2025-10-13
9385,5385,Annual,6.99,2024-02-03,2025-11-01,Churned,2025-11-01
9386,5386,Annual,6.99,2024-04-25,2025-05-09,Churned,2025-05-09
9387,5387,Annual,6.99,2024-02-11,,Active,
9388,5388,Annual,6.99,2024-05-30,2026-07-06,Churned,2026-07-06
9389,5389,Annual,6.99,2024-05-19,,Active,
9390,5390,Annual,6.99,2024-05-02,,Active,
9391,5391,Annual,6.99,2024-01-10,2026-02-09,Churned,2026-02-09
9392,5392,Annual,6.99,2024-02-17,,ACTIVE,
9393,5393,Annual,6.99,2024-01-17,2026-01-10,Churned,2026-01-10
9394,5394,Annual,6.99,2024-04-26,,Active,
9395,5395,Annual,6.99,2024-03-02,2025-05-12,Churned,2025-05-12
9396,5396,Annual,6.99,2024-06-02,2025-12-31,Churned,2025-12-31
9397,5397,Annual,6.99,2024-01-01,2025-03-24,Churned,2025-03-24
9398,5398,Annual,6.99,2024-06-02,,Active,
9399,5399,Annual,6.99,2024-03-18,2025-09-10,Churned,2025-09-10
9400,5400,Annual,6.99,2024-04-13,2025-09-29,Churned,2025-09-29
9401,5401,Annual,6.99,2024-02-29,,Active,
9402,5402,Annual,6.99,2024-02-06,2025-11-23,Churned,2025-11-23
9403,5403,Annual,6.99,2024-03-05,,Active,
9404,5404,Annual,6.99,2024-03-17,2025-07-11,Churned,2025-07-11
9405,5405,Annual,6.99,2024-02-03,,Active,
9406,5406,Annual,0.0,2024-05-15,,Active,
9407,5407,Annual,6.99,2024-05-30,,Active,
9408,5408,Annual,6.99,2024-04-19,,Active,
9409,5409,Annual,6.99,2024-03-21,,Active,
9410,5410,Annual,6.99,2024-03-24,2026-01-23,Churned,2026-01-23
9411,5411,Annual,6.99,2024-02-14,,Active,
9412,5412,Annual,6.99,2024-02-27,,Active,
9413,5413,Annual,6.99,2024-03-09,,Active,
9414,5414,Annual,6.99,2024-04-03,,Active,
9415,5415,Annual,6.99,2024-05-04,2025-09-07,Churned,2025-09-07
9416,5416,Annual,6.99,2024-04-19,,Active,
9417,5417,Annual,6.99,2024-05-18,2025-06-09,churned,2025-06-09
9418,5418,Annual,6.99,2024-06-03,2026-03-26,Churned,2026-03-26
9419,5419,Annual,6.99,2024-06-22,,ACTIVE,
9420,5420,Annual,6.99,2024-04-20,2025-04-03,Churned,2025-04-03
9421,5421,Annual,6.99,2024-05-10,2026-05-31,Churned,2026-05-31
9422,5422,Annual,6.99,2024-01-19,2025-10-28,Churned,2025-10-28
9423,5423,Annual,6.99,2024-03-22,,Active,
9424,5424,Annual,6.99,2024-03-29,,Active,
9425,5425,Annual,6.99,2024-01-06,2026-01-16,Churned,2026-01-16
9426,5426,Annual,6.99,2024-04-26,,Active,
9427,5427,Annual,6.99,2024-04-06,,Active,
9428,5428,Annual,6.99,2024-06-25,,Active,
9429,5429,Annual,6.99,2024-03-31,2025-09-28,Churned,2025-09-28
9430,5430,Annual,6.99,2024-05-28,,Active,
9431,5431,Annual,6.99,2024-06-08,2026-01-23,Churned,2026-01-23
9432,5432,Annual,6.99,2024-04-07,,Active,
9433,5433,Annual,6.99,2024-04-23,,active,
9434,5434,Annual,6.99,2024-01-08,2025-12-13,Churned,2025-12-13
9435,5435,Annual,6.99,2024-05-15,2026-02-14,Churned,2026-02-14
9436,5436,Annual,6.99,2024-05-10,,Active,
9437,5437,Annual,6.99,2024-06-10,,Active,
9438,5438,Annual,6.99,2024-03-15,2025-05-13,Churned,2025-05-13
9439,5439,Annual,6.99,2024-02-23,2026-03-28,Churned,2026-03-28
9440,5440,Annual,6.99,2024-03-25,2025-02-21,Churned,2025-02-21
9441,5441,Annual,6.99,2024-06-18,2026-01-18,Churned,2026-01-18
9442,5442,Annual,6.99,2024-02-23,,Active,
9443,5443,Annual,6.99,2024-02-12,,Active,
9444,5444,Annual,6.99,2024-03-01,,Active,
9445,5445,Annual,6.99,2024-02-16,,Active,
9446,5446,Annual,6.99,2024-06-07,,Active,
9447,5447,Annual,6.99,2024-04-17,,Active,
9448,5448,Annual,6.99,2024-06-28,,ACTIVE,
9449,5449,Annual,6.99,2024-01-02,2026-03-05,Churned,2026-03-05
9450,5450,Annual,6.99,2024-05-25,2025-03-31,Churned,2025-03-31
9451,5451,Annual,6.99,2024-06-27,,Active,
9452,5452,Annual,6.99,2024-05-05,2025-10-30,Churned,2025-10-30
9453,5453,Annual,6.99,2024-01-10,2025-08-22,Churned,2025-08-22
9454,5454,Annual,6.99,2024-05-15,2025-10-21,Churned,2025-10-21
9455,5455,Annual,0.0,2024-06-04,,Active,
9456,5456,Annual,6.99,2024-06-16,2026-03-15,Churned,2026-03-15
9457,5457,Annual,6.99,2024-05-18,,ACTIVE,
9458,5458,Annual,6.99,2024-04-28,,Active,
9459,5459,Annual,6.99,2024-01-22,,Active,
9460,5460,Annual,6.99,2024-05-03,,Active,
9461,5461,Annual,6.99,2024-03-14,2025-04-17,Churned,2025-04-17
9462,5462,Annual,6.99,2024-04-28,2025-06-08,Churned,2025-06-08
9463,5463,Annual,6.99,2024-03-29,2026-02-17,Churned,2026-02-17
9464,5464,Annual,6.99,2024-02-23,2024-05-16,Churned,2024-05-16
9465,5465,Annual,6.99,2024-03-30,,Active,
9466,5466,Annual,6.99,2024-01-08,,Active,
9467,5467,Annual,6.99,2024-06-25,,Active,
9468,5468,Annual,6.99,2024-06-28,,Active,
9469,5469,Annual,6.99,2024-01-26,,Active,
9470,5470,Annual,6.99,2024-06-17,2025-02-07,Churned,2025-02-07
9471,5471,Annual,6.99,2024-02-08,2026-02-20,Churned,2026-02-20
9472,5472,Annual,6.99,2024-04-11,,Active,
9473,5473,Annual,6.99,2024-05-01,,Active,
9474,5474,Annual,6.99,2024-04-29,2025-10-23,Churned,2025-10-23
9475,5475,Annual,6.99,2024-02-26,,Active,
9476,5476,Annual,6.99,2024-06-20,2025-10-09,Churned,2025-10-09
9477,5477,Annual,6.99,2024-03-31,,Active,
9478,5478,Annual,6.99,2024-01-25,2026-06-11,Churned,2026-06-11
9479,5479,Annual,6.99,2024-03-19,2026-04-10,Churned,2026-04-10
9480,5480,Annual,6.99,2024-06-13,,Active,
9481,5481,Annual,6.99,2024-02-02,,active,
9482,5482,Annual,6.99,2024-05-20,,Active,
9483,5483,Annual,0.0,2024-02-19,2026-04-08,Churned,2026-04-08
9484,5484,Annual,6.99,2024-02-25,,Active,
9485,5485,Annual,6.99,2024-06-26,,Active,
9486,5486,Annual,6.99,2024-02-07,2026-07-05,Churned,2026-07-05
9487,5487,Annual,6.99,2024-05-05,,Active,
9488,5488,Annual,6.99,2024-05-15,2026-03-27,Churned,2026-03-27
9489,5489,Annual,6.99,2024-03-26,,Active,
9490,5490,Annual,6.99,2024-02-09,,Active,
9491,5491,Annual,6.99,2024-01-25,,Active,
9492,5492,Annual,6.99,2024-01-02,2026-06-18,Churned,2026-06-18
9493,5493,Annual,6.99,2024-02-16,2026-02-03,Churned,2026-02-03
9494,5494,Annual,6.99,2024-01-30,2025-06-16,Churned,2025-06-16
9495,5495,Annual,6.99,2024-02-06,2025-11-07,Churned,2025-11-07
9496,5496,Annual,0.0,2024-01-06,2025-09-12,CHURNED,2025-09-12
9497,5497,Annual,6.99,2024-04-17,,Active,
9498,5498,Annual,6.99,2024-04-21,,Active,
9499,5499,Annual,0.0,2024-02-02,2025-10-16,Churned,2025-10-16
9500,5500,Annual,6.99,2024-01-04,,Active,
9501,5501,Annual,6.99,2024-01-28,2026-04-24,Churned,2026-04-24
9502,5502,Annual,6.99,2024-04-28,2026-03-21,Churned,2026-03-21
9503,5503,Annual,6.99,2024-03-21,2026-04-15,Churned,2026-04-15
9504,5504,Annual,6.99,2024-01-19,2025-03-06,Churned,2025-03-06
9505,5505,Annual,6.99,2024-06-03,2025-03-21,Churned,2025-03-21
9506,5506,Annual,6.99,2024-03-05,2024-04-08,Churned,2024-04-08
9507,5507,Annual,6.99,2024-06-11,2025-08-18,Churned,2025-08-18
9508,5508,Annual,6.99,2024-03-16,,Active,
9509,5509,Annual,6.99,2024-04-16,2025-12-24,Churned,2025-12-24
9510,5510,Annual,6.99,2024-04-08,,Active,
9511,5511,Annual,6.99,2024-01-07,2026-02-08,Churned,2026-02-08
9512,5512,Annual,6.99,2024-03-26,2024-05-03,Churned,2024-05-03
9513,5513,Annual,6.99,2024-06-16,2025-12-12,churned,2025-12-12
9514,5514,Annual,6.99,2024-05-18,2026-03-02,Churned,2026-03-02
9515,5515,Annual,6.99,2024-06-14,2026-03-08,Churned,2026-03-08
9516,5516,Annual,6.99,2024-05-23,,Active,
9517,5517,Annual,6.99,2024-02-12,2025-11-12,Churned,2025-11-12
9518,5518,Annual,6.99,2024-05-17,2025-06-20,Churned,2025-06-20
9519,5519,Annual,6.99,2024-03-09,,Active,
9520,5520,Annual,6.99,2024-04-02,,Active,
9521,5521,Annual,6.99,2024-06-16,,Active,
9522,5522,Annual,6.99,2024-05-22,,Active,
9523,5523,Annual,6.99,2024-06-02,2026-01-19,Churned,2026-01-19
9524,5524,Annual,6.99,2024-04-29,,active,
9525,5525,Annual,6.99,2024-03-08,2025-05-30,Churned,2025-05-30
9526,5526,Annual,6.99,2024-05-11,,Active,
9527,5527,Annual,6.99,2024-01-12,2025-07-27,Churned,2025-07-27
9528,5528,Annual,6.99,2024-05-18,2025-10-28,Churned,2025-10-28
9529,5529,Annual,6.99,2024-06-18,,ACTIVE,
9530,5530,Annual,6.99,2024-06-17,2025-12-31,Churned,2025-12-31
9531,5531,Annual,6.99,2024-06-27,2025-10-30,Churned,2025-10-30
9532,5532,Annual,6.99,2024-03-27,2025-10-29,Churned,2025-10-29
9533,5533,Annual,6.99,2024-03-16,2025-12-03,Churned,2025-12-03
9534,5534,Annual,6.99,2024-03-29,2025-12-23,Churned,2025-12-23
9535,5535,Annual,6.99,2024-04-18,,Active,
9536,5536,Annual,6.99,2024-05-16,2025-12-27,Churned,2025-12-27
9537,5537,Annual,6.99,2024-02-03,2025-10-28,Churned,2025-10-28
9538,5538,Annual,6.99,2024-06-25,,Active,
9539,5539,Annual,6.99,2024-03-08,2025-03-30,Churned,2025-03-30
9540,5540,Annual,6.99,2024-04-26,,Active,
9541,5541,Annual,6.99,2024-05-02,,Active,
9542,5542,Annual,6.99,2024-04-08,2025-08-09,Churned,2025-08-09
9543,5543,Annual,6.99,2024-06-17,2025-10-10,Churned,2025-10-10
9544,5544,Annual,6.99,2024-03-31,,Active,
9545,5545,Annual,0.0,2024-03-08,2025-11-27,Churned,2025-11-27
9546,5546,Annual,6.99,2024-03-20,2025-02-08,Churned,2025-02-08
9547,5547,Annual,6.99,2024-03-26,2026-01-27,Churned,2026-01-27
9548,5548,Annual,6.99,2024-04-22,,Active,
9549,5549,Annual,6.99,2024-01-27,2026-03-30,Churned,2026-03-30
9550,5550,Annual,6.99,2024-04-28,2026-01-16,Churned,2026-01-16
9551,5551,Annual,6.99,2024-02-19,,Active,
9552,5552,Annual,6.99,2024-04-22,,Active,
9553,5553,Annual,6.99,2024-02-22,2026-02-13,Churned,2026-02-13
9554,5554,Annual,6.99,2024-04-16,,Active,
9555,5555,Annual,6.99,2024-03-21,2025-11-03,Churned,2025-11-03
9556,5556,Annual,6.99,2024-01-18,,Active,
9557,5557,Annual,6.99,2024-02-04,,Active,
9558,5558,Annual,6.99,2024-05-16,2025-10-17,Churned,2025-10-17
9559,5559,Annual,6.99,2024-03-23,,Active,
9560,5560,Annual,6.99,2024-05-12,,Active,
9561,5561,Annual,6.99,2024-03-19,2025-09-03,Churned,2025-09-03
9562,5562,Annual,6.99,2024-04-04,2025-11-06,Churned,2025-11-06
9563,5563,Annual,6.99,2024-01-27,,Active,
9564,5564,Annual,6.99,2024-03-13,2025-11-11,Churned,2025-11-11
9565,5565,Annual,6.99,2024-04-28,,Active,
9566,5566,Annual,6.99,2024-03-16,,Active,
9567,5567,Annual,6.99,2024-04-03,,Active,
9568,5568,Annual,6.99,2024-02-13,2025-08-15,Churned,2025-08-15
9569,5569,Annual,6.99,2024-01-25,2026-03-23,Churned,2026-03-23
9570,5570,Annual,6.99,2024-06-17,,Active,
9571,5571,Annual,6.99,2024-06-16,2025-08-17,Churned,2025-08-17
9572,5572,Annual,6.99,2024-03-01,2025-11-13,Churned,2025-11-13
9573,5573,Annual,6.99,2024-04-03,2026-01-11,Churned,2026-01-11
9574,5574,Annual,6.99,2024-05-09,2024-12-30,Churned,2024-12-30
9575,5575,Annual,6.99,2024-04-03,,Active,
9576,5576,Annual,6.99,2024-02-23,,Active,
9577,5577,Annual,6.99,2024-03-29,,Active,
9578,5578,Annual,6.99,2024-02-02,,Active,
9579,5579,Annual,6.99,2024-04-04,,Active,
9580,5580,Annual,6.99,2024-03-23,,Active,
9581,5581,Annual,6.99,2024-04-11,2025-06-11,Churned,2025-06-11
9582,5582,Annual,6.99,2024-02-16,2025-10-14,Churned,2025-10-14
9583,5583,Annual,6.99,2024-04-19,,Active,
9584,5584,Annual,6.99,2024-01-21,,Active,
9585,5585,Annual,6.99,2024-02-09,,Active,
9586,5586,Annual,6.99,2024-02-03,,Active,
9587,5587,Annual,6.99,2024-03-02,,Active,
9588,5588,Annual,6.99,2024-02-18,2025-12-30,Churned,2025-12-30
9589,5589,Annual,6.99,2024-03-26,2026-01-18,Churned,2026-01-18
9590,5590,Annual,6.99,2024-02-11,,Active,
9591,5591,Annual,6.99,2024-06-27,,Active,
9592,5592,Annual,6.99,2024-04-02,,Active,
9593,5593,Annual,6.99,2024-01-14,2025-02-20,Churned,2025-02-20
9594,5594,Annual,6.99,2024-03-26,2025-09-22,Churned,2025-09-22
9595,5595,Annual,6.99,2024-05-30,2025-08-20,Churned,2025-08-20
9596,5596,Annual,6.99,2024-02-20,2025-10-24,Churned,2025-10-24
9597,5597,Annual,6.99,2024-02-12,2025-11-03,Churned,2025-11-03
9598,5598,Annual,6.99,2024-01-22,,Active,
9599,5599,Annual,6.99,2024-05-04,2025-12-06,Churned,2025-12-06
9600,5600,Annual,6.99,2024-06-24,2025-02-01,Churned,2025-02-01
9601,5601,Annual,6.99,2024-02-09,,Active,
9602,5602,Annual,6.99,2024-06-27,2025-06-28,Churned,2025-06-28
9603,5603,Annual,6.99,2024-04-27,,Active,
9604,5604,Annual,6.99,2024-05-13,2025-12-01,Churned,2025-12-01
9605,5605,Annual,6.99,2024-01-09,2026-05-24,Churned,2026-05-24
9606,5606,Annual,6.99,2024-02-17,,Active,
9607,5607,Annual,6.99,2024-05-03,,Active,
9608,5608,Annual,6.99,2024-03-17,,Active,
9609,5609,Annual,6.99,2024-03-04,2025-09-01,Churned,2025-09-01
9610,5610,Annual,6.99,2024-06-19,,ACTIVE,
9611,5611,Annual,6.99,2024-02-03,,Active,
9612,5612,Annual,6.99,2024-06-19,2025-12-14,Churned,2025-12-14
9613,5613,Annual,6.99,2024-02-06,2025-08-31,Churned,2025-08-31
9614,5614,Annual,6.99,2024-03-21,2026-07-01,Churned,2026-07-01
9615,5615,Annual,6.99,2024-03-24,2026-01-28,CHURNED,2026-01-28
9616,5616,Annual,6.99,2024-04-14,2025-08-29,Churned,2025-08-29
9617,5617,Annual,6.99,2024-03-29,2026-04-02,Churned,2026-04-02
9618,5618,Annual,6.99,2024-04-15,,Active,
9619,5619,Annual,6.99,2024-02-17,,Active,
9620,5620,Annual,6.99,2024-05-20,,Active,
9621,5621,Annual,6.99,2024-06-09,2024-07-10,Churned,2024-07-10
9622,5622,Annual,6.99,2024-01-18,2026-01-29,Churned,2026-01-29
9623,5623,Annual,6.99,2024-06-04,,Active,
9624,5624,Annual,6.99,2024-03-06,,Active,
9625,5625,Annual,6.99,2024-06-25,2026-06-12,Churned,2026-06-12
9626,5626,Annual,6.99,2024-02-23,,Active,
9627,5627,Annual,6.99,2024-01-16,,Active,
9628,5628,Annual,6.99,2024-01-03,2026-01-21,Churned,2026-01-21
9629,5629,Annual,6.99,2024-04-20,2026-02-17,Churned,2026-02-17
9630,5630,Annual,6.99,2024-01-19,,Active,
9631,5631,Annual,6.99,2024-06-24,2025-10-20,Churned,2025-10-20
9632,5632,Annual,6.99,2024-01-21,2025-12-03,Churned,2025-12-03
9633,5633,Annual,6.99,2024-06-06,,Active,
9634,5634,Annual,6.99,2024-03-06,,Active,
9635,5635,Annual,6.99,2024-05-07,,Active,
9636,5636,Annual,6.99,2024-02-15,,Active,
9637,5637,Annual,6.99,2024-02-02,,Active,
9638,5638,Annual,6.99,2024-05-29,2024-10-09,Churned,2024-10-09
9639,5639,Annual,6.99,2024-06-29,2025-08-22,Churned,2025-08-22
9640,5640,Annual,6.99,2024-01-29,2025-07-02,Churned,2025-07-02
9641,5641,Annual,6.99,2024-03-19,,Active,
9642,5642,Annual,6.99,2024-02-19,2025-09-23,Churned,2025-09-23
9643,5643,Annual,6.99,2024-06-30,2024-08-04,Churned,2024-08-04
9644,5644,Annual,6.99,2024-01-10,,Active,
9645,5645,Annual,6.99,2024-03-10,2025-09-26,Churned,2025-09-26
9646,5646,Annual,6.99,2024-05-09,,Active,
9647,5647,Annual,6.99,2024-02-27,,Active,
9648,5648,Annual,6.99,2024-04-26,2026-03-15,Churned,2026-03-15
9649,5649,Annual,6.99,2024-04-09,,ACTIVE,
9650,5650,Annual,6.99,2024-06-22,2025-09-30,Churned,2025-09-30
9651,5651,Annual,6.99,2024-01-23,2025-03-01,Churned,2025-03-01
9652,5652,Annual,6.99,2024-06-20,2025-03-02,Churned,2025-03-02
9653,5653,Annual,6.99,2024-02-22,2025-09-10,Churned,2025-09-10
9654,5654,Annual,6.99,2024-05-06,,Active,
9655,5655,Annual,6.99,2024-01-13,,Active,
9656,5656,Annual,6.99,2024-06-30,2025-09-13,Churned,2025-09-13
9657,5657,Annual,6.99,2024-05-29,2025-07-30,Churned,2025-07-30
9658,5658,Annual,6.99,2024-04-05,2026-02-13,Churned,2026-02-13
9659,5659,Annual,6.99,2024-01-24,,Active,
9660,5660,Annual,6.99,2024-05-13,2025-11-10,Churned,2025-11-10
9661,5661,Annual,6.99,2024-06-27,,ACTIVE,
9662,5662,Annual,6.99,2024-05-06,2025-08-10,Churned,2025-08-10
9663,5663,Annual,6.99,2024-06-19,2025-11-07,Churned,2025-11-07
9664,5664,Annual,6.99,2024-02-20,2025-06-05,Churned,2025-06-05
9665,5665,Annual,6.99,2024-04-30,,Active,
9666,5666,Annual,6.99,2024-06-18,2026-01-27,Churned,2026-01-27
9667,5667,Annual,6.99,2024-02-13,,ACTIVE,
9668,5668,Annual,6.99,2024-01-30,,Active,
9669,5669,Annual,6.99,2024-03-06,2024-04-02,Churned,2024-04-02
9670,5670,Annual,6.99,2024-06-29,2026-04-28,Churned,2026-04-28
9671,5671,Annual,6.99,2024-04-11,,Active,
9672,5672,Annual,6.99,2024-06-29,2025-07-14,Churned,2025-07-14
9673,5673,Annual,6.99,2024-06-25,,Active,
9674,5674,Annual,6.99,2024-04-07,,Active,
9675,5675,Annual,6.99,2024-03-25,2026-04-13,Churned,2026-04-13
9676,5676,Annual,6.99,2024-06-08,2026-01-16,Churned,2026-01-16
9677,5677,Annual,6.99,2024-06-04,2026-01-10,Churned,2026-01-10
9678,5678,Annual,6.99,2024-06-12,2025-10-18,Churned,2025-10-18
9679,5679,Annual,6.99,2024-04-06,,Active,
9680,5680,Annual,6.99,2024-04-29,,Active,
9681,5681,Annual,6.99,2024-05-26,2025-06-20,Churned,2025-06-20
9682,5682,Annual,6.99,2024-03-28,,Active,
9683,5683,Annual,6.99,2024-02-10,,Active,
9684,5684,Annual,6.99,2024-01-06,,Active,
9685,5685,Annual,6.99,2024-02-03,,Active,
9686,5686,Annual,6.99,2024-06-12,,Active,
9687,5687,Annual,6.99,2024-05-20,2026-02-10,Churned,2026-02-10
9688,5688,Annual,6.99,2024-01-06,,Active,
9689,5689,Annual,6.99,2024-04-13,2025-08-24,Churned,2025-08-24
9690,5690,Annual,6.99,2024-02-21,,Active,
9691,5691,Annual,6.99,2024-01-06,,Active,
9692,5692,Annual,6.99,2024-03-11,,Active,
9693,5693,Annual,6.99,2024-01-23,,Active,
9694,5694,Annual,6.99,2024-06-30,,Active,
9695,5695,Annual,6.99,2024-06-01,2025-04-09,Churned,2025-04-09
9696,5696,Annual,6.99,2024-03-26,,Active,
9697,5697,Annual,0.0,2024-06-15,2025-02-10,Churned,2025-02-10
9698,5698,Annual,6.99,2024-04-30,2024-08-04,Churned,2024-08-04
9699,5699,Annual,6.99,2024-03-21,,Active,
9700,5700,Annual,6.99,2024-03-08,,active,
9701,5701,Annual,6.99,2024-05-06,,ACTIVE,
9702,5702,Annual,6.99,2024-06-20,,Active,
9703,5703,Annual,6.99,2024-06-22,,Active,
9704,5704,Annual,6.99,2024-04-24,2024-12-30,Churned,2024-12-30
9705,5705,Annual,6.99,2024-02-04,2025-11-26,Churned,2025-11-26
9706,5706,Annual,6.99,2024-06-17,,Active,
9707,5707,Annual,6.99,2024-06-14,,Active,
9708,5708,Annual,6.99,2024-02-15,2024-03-20,CHURNED,2024-03-20
9709,5709,Annual,6.99,2024-05-10,2026-01-28,Churned,2026-01-28
9710,5710,Annual,6.99,2024-06-17,2025-10-24,Churned,2025-10-24
9711,5711,Annual,6.99,2024-03-07,2025-08-16,Churned,2025-08-16
9712,5712,Annual,6.99,2024-05-23,2025-08-02,Churned,2025-08-02
9713,5713,Annual,6.99,2024-03-02,2025-08-29,Churned,2025-08-29
9714,5714,Annual,6.99,2024-03-31,,Active,
9715,5715,Annual,6.99,2024-05-29,2026-02-21,Churned,2026-02-21
9716,5716,Annual,6.99,2024-02-15,2025-10-13,Churned,2025-10-13
9717,5717,Annual,6.99,2024-04-18,,Active,
9718,5718,Annual,6.99,2024-04-25,2025-12-23,Churned,2025-12-23
9719,5719,Annual,6.99,2024-04-29,2025-11-09,Churned,2025-11-09
9720,5720,Annual,6.99,2024-04-14,2025-05-02,Churned,2025-05-02
9721,5721,Annual,6.99,2024-03-01,2026-03-12,Churned,2026-03-12
9722,5722,Annual,6.99,2024-05-25,,Active,
9723,5723,Annual,6.99,2024-06-21,2025-05-24,CHURNED,2025-05-24
9724,5724,Annual,6.99,2024-04-10,2025-07-24,Churned,2025-07-24
9725,5725,Annual,6.99,2024-05-06,,Active,
9726,5726,Annual,6.99,2024-04-23,2025-02-05,Churned,2025-02-05
9727,5727,Annual,6.99,2024-04-04,2025-10-23,Churned,2025-10-23
9728,5728,Annual,6.99,2024-02-18,2025-05-01,Churned,2025-05-01
9729,5729,Annual,6.99,2024-05-02,,Active,
9730,5730,Annual,6.99,2024-01-17,2025-10-21,Churned,2025-10-21
9731,5731,Annual,6.99,2024-01-07,,Active,
9732,5732,Annual,6.99,2024-04-10,2026-03-14,Churned,2026-03-14
9733,5733,Annual,6.99,2024-03-23,2025-07-11,Churned,2025-07-11
9734,5734,Annual,6.99,2024-01-23,,Active,
9735,5735,Annual,6.99,2024-06-01,2025-09-09,Churned,2025-09-09
9736,5736,Annual,6.99,2024-02-29,2026-01-27,Churned,2026-01-27
9737,5737,Annual,6.99,2024-02-17,2025-07-05,Churned,2025-07-05
9738,5738,Annual,6.99,2024-02-19,2025-11-10,Churned,2025-11-10
9739,5739,Annual,6.99,2024-04-20,2025-10-26,Churned,2025-10-26
9740,5740,Annual,6.99,2024-05-09,2025-10-15,Churned,2025-10-15
9741,5741,Annual,6.99,2024-02-19,2024-09-27,Churned,2024-09-27
9742,5742,Annual,6.99,2024-05-28,2025-02-12,Churned,2025-02-12
9743,5743,Annual,6.99,2024-03-08,2026-02-11,Churned,2026-02-11
9744,5744,Annual,6.99,2024-02-13,,Active,
9745,5745,Annual,6.99,2024-01-05,,Active,
9746,5746,Annual,6.99,2024-01-01,,Active,
9747,5747,Annual,6.99,2024-04-19,2026-06-20,Churned,2026-06-20
9748,5748,Annual,6.99,2024-01-10,2025-10-10,Churned,2025-10-10
9749,5749,Annual,6.99,2024-01-21,,Active,
9750,5750,Annual,6.99,2024-04-01,,Active,
9751,5751,Annual,6.99,2024-03-26,2024-04-14,Churned,2024-04-14
9752,5752,Annual,6.99,2024-01-28,2025-10-24,Churned,2025-10-24
9753,5753,Annual,6.99,2024-03-15,,Active,
9754,5754,Annual,6.99,2024-03-18,2024-11-15,Churned,2024-11-15
9755,5755,Annual,6.99,2024-05-13,,Active,
9756,5756,Annual,6.99,2024-04-16,,Active,
9757,5757,Annual,6.99,2024-06-04,,Active,
9758,5758,Annual,6.99,2024-06-10,2025-04-21,CHURNED,2025-04-21
9759,5759,Annual,6.99,2024-03-19,2025-12-19,Churned,2025-12-19
9760,5760,Annual,6.99,2024-03-17,2025-10-10,Churned,2025-10-10
9761,5761,Annual,6.99,2024-01-25,,Active,
9762,5762,Annual,6.99,2024-06-12,2026-01-16,Churned,2026-01-16
9763,5763,Annual,6.99,2024-05-25,2026-04-01,Churned,2026-04-01
9764,5764,Annual,6.99,2024-04-12,,Active,
9765,5765,Annual,0.0,2024-03-26,,Active,
9766,5766,Annual,6.99,2024-02-06,,Active,
9767,5767,Annual,6.99,2024-05-18,2026-01-28,Churned,2026-01-28
9768,5768,Annual,6.99,2024-01-07,2026-01-16,Churned,2026-01-16
9769,5769,Annual,6.99,2024-06-25,2026-01-24,Churned,2026-01-24
9770,5770,Annual,6.99,2024-03-06,,Active,
9771,5771,Annual,6.99,2024-01-19,,Active,
9772,5772,Annual,6.99,2024-03-11,2026-02-06,Churned,2026-02-06
9773,5773,Annual,6.99,2024-06-19,,Active,
9774,5774,Annual,6.99,2024-06-28,2025-11-10,Churned,2025-11-10
9775,5775,Annual,6.99,2024-06-18,2026-03-14,Churned,2026-03-14
9776,5776,Annual,6.99,2024-01-15,,Active,
9777,5777,Annual,6.99,2024-01-29,2025-02-19,Churned,2025-02-19
9778,5778,Annual,6.99,2024-03-28,2025-06-14,Churned,2025-06-14
9779,5779,Annual,6.99,2024-04-15,,ACTIVE,
9780,5780,Annual,6.99,2024-01-17,,Active,
9781,5781,Annual,6.99,2024-04-04,2026-02-13,Churned,2026-02-13
9782,5782,Annual,6.99,2024-03-19,,Active,
9783,5783,Annual,6.99,2024-03-08,2025-12-16,Churned,2025-12-16
9784,5784,Annual,6.99,2024-06-06,,Active,
9785,5785,Annual,6.99,2024-02-29,2025-10-02,Churned,2025-10-02
9786,5786,Annual,6.99,2024-03-14,,Active,
9787,5787,Annual,6.99,2024-05-26,2025-06-02,Churned,2025-06-02
9788,5788,Annual,6.99,2024-04-04,,Active,
9789,5789,Annual,6.99,2024-05-21,2025-08-28,Churned,2025-08-28
9790,5790,Annual,6.99,2024-01-06,,Active,
9791,5791,Annual,6.99,2024-06-16,,ACTIVE,
9792,5792,Annual,6.99,2024-01-29,2025-11-17,churned,2025-11-17
9793,5793,Annual,6.99,2024-02-28,2026-06-06,Churned,2026-06-06
9794,5794,Annual,6.99,2024-02-23,,Active,
9795,5795,Annual,6.99,2024-05-08,,active,
9796,5796,Annual,6.99,2024-05-02,,Active,
9797,5797,Annual,6.99,2024-06-15,2025-10-09,Churned,2025-10-09
9798,5798,Annual,6.99,2024-05-31,,Active,
9799,5799,Annual,6.99,2024-03-15,,Active,
9800,5800,Annual,6.99,2024-05-09,2026-03-05,Churned,2026-03-05
9801,5801,Annual,6.99,2024-01-13,,Active,
9802,5802,Annual,6.99,2024-05-03,,Active,
9803,5803,Annual,6.99,2024-02-27,,Active,
9804,5804,Annual,6.99,2024-01-29,2026-03-09,Churned,2026-03-09
9805,5805,Annual,6.99,2024-03-19,,Active,
9806,5806,Annual,6.99,2024-01-29,2026-05-08,Churned,2026-05-08
9807,5807,Annual,6.99,2024-03-23,2025-07-15,Churned,2025-07-15
9808,5808,Annual,6.99,2024-02-15,2026-01-25,Churned,2026-01-25
9809,5809,Annual,6.99,2024-02-22,2025-02-22,Churned,2025-02-22
9810,5810,Annual,6.99,2024-01-06,2026-03-21,Churned,2026-03-21
9811,5811,Annual,6.99,2024-06-10,,Active,
9812,5812,Annual,6.99,2024-03-19,2025-08-09,Churned,2025-08-09
9813,5813,Annual,6.99,2024-05-17,,Active,
9814,5814,Annual,6.99,2024-05-14,,Active,
9815,5815,Annual,6.99,2024-04-16,2025-03-01,Churned,2025-03-01
9816,5816,Annual,6.99,2024-03-03,2026-02-18,Churned,2026-02-18
9817,5817,Annual,6.99,2024-05-06,2025-04-12,Churned,2025-04-12
9818,5818,Annual,6.99,2024-04-22,,Active,
9819,5819,Annual,6.99,2024-06-13,2026-01-20,Churned,2026-01-20
9820,5820,Annual,6.99,2024-02-20,,Active,
9821,5821,Annual,6.99,2024-02-16,,Active,
9822,5822,Annual,6.99,2024-06-14,2024-10-07,Churned,2024-10-07
9823,5823,Annual,6.99,2024-02-09,2025-02-04,Churned,2025-02-04
9824,5824,Annual,6.99,2024-02-09,,Active,
9825,5825,Annual,6.99,2024-03-15,,Active,
9826,5826,Annual,6.99,2024-06-24,2025-10-08,Churned,2025-10-08
9827,5827,Annual,6.99,2024-04-05,,Active,
9828,5828,Annual,6.99,2024-06-08,2024-06-26,Churned,2024-06-26
9829,5829,Annual,6.99,2024-01-30,2025-12-16,Churned,2025-12-16
9830,5830,Annual,6.99,2024-04-11,,Active,
9831,5831,Annual,6.99,2024-06-22,2025-11-23,Churned,2025-11-23
9832,5832,Annual,6.99,2024-04-15,,Active,
9833,5833,Annual,6.99,2024-06-03,,Active,
9834,5834,Annual,6.99,2024-01-21,2025-04-28,Churned,2025-04-28
9835,5835,Annual,6.99,2024-03-14,2025-11-24,Churned,2025-11-24
9836,5836,Annual,6.99,2024-06-01,2025-04-03,Churned,2025-04-03
9837,5837,Annual,6.99,2024-04-11,,Active,
9838,5838,Annual,6.99,2024-05-15,,Active,
9839,5839,Annual,6.99,2024-02-22,2025-11-25,Churned,2025-11-25
9840,5840,Annual,6.99,2024-04-03,,Active,
9841,5841,Annual,0.0,2024-01-08,2025-04-14,Churned,2025-04-14
9842,5842,Annual,6.99,2024-04-14,,Active,
9843,5843,Annual,6.99,2024-04-03,2025-07-19,Churned,2025-07-19
9844,5844,Annual,6.99,2024-01-31,2026-04-27,CHURNED,2026-04-27
9845,5845,Annual,6.99,2024-06-20,2025-10-16,Churned,2025-10-16
9846,5846,Annual,6.99,2024-01-22,2026-03-12,Churned,2026-03-12
9847,5847,Annual,6.99,2024-06-18,2025-09-02,Churned,2025-09-02
9848,5848,Annual,6.99,2024-04-25,2025-12-18,Churned,2025-12-18
9849,5849,Annual,6.99,2024-05-17,2025-11-02,CHURNED,2025-11-02
9850,5850,Annual,6.99,2024-04-10,2026-05-07,Churned,2026-05-07
9851,5851,Annual,6.99,2024-05-05,2025-08-31,Churned,2025-08-31
9852,5852,Annual,6.99,2024-05-28,,active,
9853,5853,Annual,6.99,2024-03-04,2025-09-15,Churned,2025-09-15
9854,5854,Annual,6.99,2024-04-13,,Active,
9855,5855,Annual,6.99,2024-05-13,,Active,
9856,5856,Annual,6.99,2024-02-21,,Active,
9857,5857,Annual,6.99,2024-06-11,2024-12-30,Churned,2024-12-30
9858,5858,Annual,0.0,2024-01-06,,Active,
9859,5859,Annual,6.99,2024-04-03,,Active,
9860,5860,Annual,6.99,2024-01-02,,Active,
9861,5861,Annual,6.99,2024-01-29,2025-12-07,Churned,2025-12-07
9862,5862,Annual,6.99,2024-06-10,,Active,
9863,5863,Annual,6.99,2024-05-07,,Active,
9864,5864,Annual,6.99,2024-05-26,2026-03-11,Churned,2026-03-11
9865,5865,Annual,6.99,2024-05-11,2025-07-22,Churned,2025-07-22
9866,5866,Annual,6.99,2024-06-19,,Active,
9867,5867,Annual,6.99,2024-06-08,2026-01-12,Churned,2026-01-12
9868,5868,Annual,6.99,2024-02-02,2025-04-20,CHURNED,2025-04-20
9869,5869,Annual,6.99,2024-06-30,2025-03-13,Churned,2025-03-13
9870,5870,Annual,6.99,2024-03-22,2025-07-06,Churned,2025-07-06
9871,5871,Annual,6.99,2024-04-23,2026-03-25,Churned,2026-03-25
9872,5872,Annual,6.99,2024-05-19,2026-01-23,Churned,2026-01-23
9873,5873,Annual,6.99,2024-05-28,,Active,
9874,5874,Annual,6.99,2024-04-13,2024-05-16,Churned,2024-05-16
9875,5875,Annual,6.99,2024-02-04,2025-04-04,Churned,2025-04-04
9876,5876,Annual,6.99,2024-04-12,2025-08-18,Churned,2025-08-18
9877,5877,Annual,6.99,2024-01-17,,Active,
9878,5878,Annual,6.99,2024-05-28,,Active,
9879,5879,Annual,6.99,2024-02-17,,Active,
9880,5880,Annual,6.99,2024-03-15,,Active,
9881,5881,Annual,6.99,2024-01-27,2025-10-12,Churned,2025-10-12
9882,5882,Annual,6.99,2024-03-10,,ACTIVE,
9883,5883,Annual,6.99,2024-05-31,2025-05-17,Churned,2025-05-17
9884,5884,Annual,6.99,2024-03-06,2026-02-05,Churned,2026-02-05
9885,5885,Annual,6.99,2024-05-23,,active,
9886,5886,Annual,6.99,2024-03-23,,Active,
9887,5887,Annual,6.99,2024-01-17,2025-05-14,Churned,2025-05-14
9888,5888,Annual,6.99,2024-02-20,,Active,
9889,5889,Annual,6.99,2024-06-12,2025-12-06,Churned,2025-12-06
9890,5890,Annual,6.99,2024-02-06,2026-06-16,Churned,2026-06-16
9891,5891,Annual,6.99,2024-05-21,,Active,
9892,5892,Annual,6.99,2024-06-24,2025-09-25,Churned,2025-09-25
9893,5893,Annual,6.99,2024-03-16,2025-12-01,Churned,2025-12-01
9894,5894,Annual,6.99,2024-02-25,2026-01-11,Churned,2026-01-11
9895,5895,Annual,6.99,2024-01-21,2026-01-22,Churned,2026-01-22
9896,5896,Annual,6.99,2024-06-20,2026-05-19,Churned,2026-05-19
9897,5897,Annual,6.99,2024-04-16,,Active,
9898,5898,Annual,6.99,2024-05-15,,Active,
9899,5899,Annual,6.99,2024-06-01,2026-06-25,Churned,2026-06-25
9900,5900,Annual,6.99,2024-01-17,,Active,
9901,5901,Annual,6.99,2024-06-25,2026-02-06,Churned,2026-02-06
9902,5902,Annual,6.99,2024-02-06,,Active,
9903,5903,Annual,6.99,2024-01-27,,Active,
9904,5904,Annual,6.99,2024-06-03,,Active,
9905,5905,Annual,0.0,2024-06-10,2025-11-14,Churned,2025-11-14
9906,5906,Annual,6.99,2024-04-10,,Active,
9907,5907,Annual,6.99,2024-05-13,,Active,
9908,5908,Annual,6.99,2024-03-20,2025-08-22,Churned,2025-08-22
9909,5909,Annual,6.99,2024-04-28,,Active,
9910,5910,Annual,6.99,2024-06-14,2025-06-25,Churned,2025-06-25
9911,5911,Annual,6.99,2024-01-25,2026-04-06,Churned,2026-04-06
9912,5912,Annual,6.99,2024-03-26,2026-02-12,Churned,2026-02-12
9913,5913,Annual,6.99,2024-06-17,2025-10-26,Churned,2025-10-26
9914,5914,Annual,6.99,2024-05-13,2026-01-17,Churned,2026-01-17
9915,5915,Annual,0.0,2024-01-22,2025-10-27,Churned,2025-10-27
9916,5916,Annual,6.99,2024-01-09,2025-10-10,Churned,2025-10-10
9917,5917,Annual,6.99,2024-01-09,2025-06-16,Churned,2025-06-16
9918,5918,Annual,6.99,2024-01-06,2025-12-19,Churned,2025-12-19
9919,5919,Annual,6.99,2024-04-25,,Active,
9920,5920,Annual,6.99,2024-01-01,2025-04-29,Churned,2025-04-29
9921,5921,Annual,6.99,2024-03-13,2025-02-15,Churned,2025-02-15
9922,5922,Annual,6.99,2024-01-11,2025-04-04,Churned,2025-04-04
9923,5923,Annual,6.99,2024-02-06,,Active,
9924,5924,Annual,6.99,2024-01-24,,Active,
9925,5925,Annual,6.99,2024-04-04,,Active,
9926,5926,Annual,6.99,2024-06-28,2025-04-30,Churned,2025-04-30
9927,5927,Annual,6.99,2024-02-23,,Active,
9928,5928,Annual,6.99,2024-04-16,,Active,
9929,5929,Annual,6.99,2024-02-23,2025-08-27,Churned,2025-08-27
9930,5930,Annual,6.99,2024-06-12,2026-03-14,Churned,2026-03-14
9931,5931,Annual,6.99,2024-06-09,2026-01-21,Churned,2026-01-21
9932,5932,Annual,6.99,2024-06-29,,Active,
9933,5933,Annual,6.99,2024-05-16,2026-01-26,Churned,2026-01-26
9934,5934,Annual,6.99,2024-01-18,2026-05-31,Churned,2026-05-31
9935,5935,Annual,6.99,2024-01-07,2025-11-10,Churned,2025-11-10
9936,5936,Annual,6.99,2024-05-27,2026-06-01,Churned,2026-06-01
9937,5937,Annual,6.99,2024-03-22,,Active,
9938,5938,Annual,6.99,2024-04-25,2026-02-12,Churned,2026-02-12
9939,5939,Annual,6.99,2024-01-05,2025-09-09,Churned,2025-09-09
9940,5940,Annual,6.99,2024-06-11,,Active,
9941,5941,Annual,6.99,2024-06-08,,Active,
9942,5942,Annual,6.99,2024-06-12,,Active,
9943,5943,Annual,6.99,2024-05-13,2025-06-29,Churned,2025-06-29
9944,5944,Annual,6.99,2024-01-14,,Active,
9945,5945,Annual,6.99,2024-05-22,2026-07-06,Churned,2026-07-06
9946,5946,Annual,6.99,2024-06-28,2026-01-22,Churned,2026-01-22
9947,5947,Annual,6.99,2024-03-20,,Active,
9948,5948,Annual,6.99,2024-02-18,2026-01-05,Churned,2026-01-05
9949,5949,Annual,6.99,2024-03-05,2026-01-08,Churned,2026-01-08
9950,5950,Annual,6.99,2024-02-23,2026-02-10,Churned,2026-02-10
9951,5951,Annual,6.99,2024-02-08,,Active,
9952,5952,Annual,6.99,2024-04-01,2025-05-31,Churned,2025-05-31
9953,5953,Annual,6.99,2024-04-19,,Active,
9954,5954,Annual,6.99,2024-01-27,2026-07-04,Churned,2026-07-04
9955,5955,Annual,6.99,2024-04-16,,Active,
9956,5956,Annual,6.99,2024-06-12,,Active,
9957,5957,Annual,0.0,2024-03-24,,Active,
9958,5958,Annual,6.99,2024-05-07,2025-10-20,Churned,2025-10-20
9959,5959,Annual,6.99,2024-04-16,2025-11-16,Churned,2025-11-16
9960,5960,Annual,6.99,2024-05-29,2025-11-03,Churned,2025-11-03
9961,5961,Annual,6.99,2024-04-03,,Active,
9962,5962,Annual,6.99,2024-01-18,2025-10-25,Churned,2025-10-25
9963,5963,Annual,6.99,2024-01-01,2026-02-13,Churned,2026-02-13
9964,5964,Annual,6.99,2024-05-19,2025-10-18,Churned,2025-10-18
9965,5965,Annual,6.99,2024-06-29,2025-11-29,Churned,2025-11-29
9966,5966,Annual,6.99,2024-03-25,,Active,
9967,5967,Annual,6.99,2024-02-14,,Active,
9968,5968,Annual,6.99,2024-04-07,,Active,
9969,5969,Annual,6.99,2024-03-16,2026-07-07,Churned,2026-07-07
9970,5970,Annual,6.99,2024-06-01,2025-11-20,Churned,2025-11-20
9971,5971,Annual,6.99,2024-06-10,2025-12-13,Churned,2025-12-13
9972,5972,Annual,6.99,2024-03-29,,Active,
9973,5973,Annual,6.99,2024-05-01,,Active,
9974,5974,Annual,6.99,2024-03-18,,Active,
9975,5975,Annual,6.99,2024-04-18,2026-03-10,Churned,2026-03-10
9976,5976,Annual,6.99,2024-03-13,,Active,
9977,5977,Annual,6.99,2024-03-09,2026-06-20,CHURNED,2026-06-20
9978,5978,Annual,6.99,2024-06-21,2025-05-06,Churned,2025-05-06
9979,5979,Annual,6.99,2024-06-22,2025-12-12,Churned,2025-12-12
9980,5980,Annual,6.99,2024-05-25,2025-12-19,Churned,2025-12-19
9981,5981,Annual,6.99,2024-03-20,2026-05-06,Churned,2026-05-06
9982,5982,Annual,6.99,2024-01-01,2025-09-23,Churned,2025-09-23
9983,5983,Annual,6.99,2024-06-23,,Active,
9984,5984,Annual,6.99,2024-02-13,2025-12-12,Churned,2025-12-12
9985,5985,Annual,6.99,2024-04-02,,Active,
9986,5986,Annual,6.99,2024-02-03,2024-03-12,Churned,2024-03-12
9987,5987,Annual,6.99,2024-04-21,,Active,
9988,5988,Annual,6.99,2024-02-27,,Active,
9989,5989,Annual,6.99,2024-05-30,,Active,
9990,5990,Annual,6.99,2024-02-19,2026-02-02,CHURNED,2026-02-02
9991,5991,Annual,6.99,2024-01-22,,Active,
9992,5992,Annual,6.99,2024-05-12,2024-06-17,Churned,2024-06-17
9993,5993,Annual,6.99,2024-05-01,2026-05-30,Churned,2026-05-30
9994,5994,Annual,6.99,2024-01-21,2026-04-13,Churned,2026-04-13
9995,5995,Annual,6.99,2024-05-04,2024-06-18,Churned,2024-06-18
9996,5996,Annual,6.99,2024-01-18,,Active,
9997,5997,Annual,6.99,2024-05-12,,Active,
9998,5998,Annual,6.99,2024-03-06,2026-01-03,Churned,2026-01-03
9999,5999,Annual,6.99,2024-05-31,,Active,
10000,6000,Annual,6.99,2024-03-11,,Active,
10001,6001,Monthly,9.99,2025-01-03,,Active,
10002,6002,Annual,6.99,2025-01-24,2025-11-04,Churned,2025-11-04
10003,6003,Monthly,9.99,2025-01-21,2026-01-08,Churned,2026-01-08
10004,6004,Monthly,9.99,2025-01-14,,Active,
10005,6005,Monthly,9.99,2025-01-14,,Active,
10006,6006,Monthly,9.99,2025-01-27,2025-02-12,Churned,2025-02-12
10007,6007,Monthly,9.99,2025-01-03,2025-05-20,Churned,2025-05-20
10008,6008,Monthly,9.99,2025-01-22,2025-03-06,Churned,2025-03-06
10009,6009,Annual,6.99,2025-01-07,2026-03-20,Churned,2026-03-20
10010,6010,Annual,6.99,2025-01-03,2025-10-15,CHURNED,2025-10-15
10011,6011,Monthly,9.99,2025-01-17,2025-05-15,Churned,2025-05-15
10012,6012,Monthly,9.99,2025-01-31,,Active,
10013,6013,Annual,6.99,2025-01-23,2026-02-24,Churned,2026-02-24
10014,6014,Monthly,9.99,2025-01-24,2025-04-16,Churned,2025-04-16
10015,6015,Annual,6.99,2025-01-23,2025-06-03,Churned,2025-06-03
10016,6016,Monthly,9.99,2025-01-25,,Active,
10017,6017,Annual,6.99,2025-01-16,2025-05-05,Churned,2025-05-05
10018,6018,Annual,6.99,2025-01-04,2025-07-03,Churned,2025-07-03
10019,6019,Annual,6.99,2025-01-27,,Active,
10020,6020,Annual,6.99,2025-01-14,,Active,
10021,6021,Annual,6.99,2025-01-16,2026-03-30,Churned,2026-03-30
10022,6022,Annual,6.99,2025-01-12,2025-09-05,Churned,2025-09-05
10023,6023,Annual,6.99,2025-01-06,2025-10-09,Churned,2025-10-09
10024,6024,Annual,6.99,2025-01-29,2025-11-06,Churned,2025-11-06
10025,6025,Monthly,9.99,2025-01-25,2025-02-14,Churned,2025-02-14
10026,6026,Monthly,9.99,2025-01-20,,active,
10027,6027,Annual,6.99,2025-01-13,,Active,
10028,6028,Annual,6.99,2025-01-26,2026-01-18,Churned,2026-01-18
10029,6029,Annual,6.99,2025-01-17,2025-10-07,Churned,2025-10-07
10030,6030,Annual,6.99,2025-01-14,,Active,
10031,6031,Annual,6.99,2025-01-14,,Active,
10032,6032,Monthly,9.99,2025-01-08,2026-06-02,Churned,2026-06-02
10033,6033,Monthly,9.99,2025-01-03,,Active,
10034,6034,Monthly,9.99,2025-01-18,,Active,
10035,6035,Monthly,9.99,2025-01-28,,active,
10036,6036,Monthly,9.99,2025-01-02,2025-05-12,Churned,2025-05-12
10037,6037,Annual,6.99,2025-01-27,2025-12-08,Churned,2025-12-08
10038,6038,Monthly,9.99,2025-01-26,,Active,
10039,6039,Monthly,9.99,2025-01-09,,Active,
10040,6040,Monthly,9.99,2025-01-20,2025-11-12,Churned,2025-11-12
10041,6041,Monthly,9.99,2025-01-06,2025-02-18,Churned,2025-02-18
10042,6042,Monthly,9.99,2025-01-24,,Active,
10043,6043,Monthly,9.99,2025-01-22,,Active,
10044,6044,Monthly,9.99,2025-01-11,,Active,
10045,6045,Annual,6.99,2025-01-03,,Active,
10046,6046,Monthly,9.99,2025-01-31,,Active,
10047,6047,Annual,6.99,2025-01-14,2026-01-10,Churned,2026-01-10
10048,6048,Monthly,9.99,2025-01-28,2025-09-17,Churned,2025-09-17
10049,6049,Monthly,9.99,2025-01-22,,Active,
10050,6050,Annual,6.99,2025-01-25,2025-10-31,Churned,2025-10-31
10051,6051,Monthly,9.99,2025-01-24,2025-11-17,Churned,2025-11-17
10052,6052,Annual,6.99,2025-01-07,,Active,
10053,6053,Monthly,9.99,2025-01-12,2025-12-14,Churned,2025-12-14
10054,6054,Monthly,9.99,2025-01-15,,Active,
10055,6055,Monthly,9.99,2025-01-16,,active,
10056,6056,Monthly,9.99,2025-01-02,2026-04-24,Churned,2026-04-24
10057,6057,Annual,6.99,2025-01-17,2025-07-14,Churned,2025-07-14
10058,6058,Annual,6.99,2025-01-05,2025-08-26,Churned,2025-08-26
10059,6059,Monthly,9.99,2025-01-24,2026-03-19,Churned,2026-03-19
10060,6060,Annual,6.99,2025-01-22,2026-01-06,Churned,2026-01-06
10061,6061,Monthly,9.99,2025-01-29,,Active,
10062,6062,Annual,6.99,2025-01-24,,Active,
10063,6063,Monthly,9.99,2025-01-12,2025-11-16,Churned,2025-11-16
10064,6064,Monthly,9.99,2025-01-30,2025-04-30,Churned,2025-04-30
10065,6065,Monthly,9.99,2025-01-13,,Active,
10066,6066,Annual,6.99,2025-01-11,,Active,
10067,6067,Monthly,9.99,2025-01-29,,Active,
10068,6068,Monthly,9.99,2025-01-12,,Active,
10069,6069,Annual,6.99,2025-01-03,2025-10-26,Churned,2025-10-26
10070,6070,Monthly,9.99,2025-01-15,2025-12-14,Churned,2025-12-14
10071,6071,Monthly,9.99,2025-01-25,2025-12-06,Churned,2025-12-06
10072,6072,Annual,6.99,2025-01-06,,Active,
10073,6073,Monthly,9.99,2025-01-15,,Active,
10074,6074,Annual,6.99,2025-01-05,,Active,
10075,6075,Monthly,9.99,2025-01-22,2025-11-07,Churned,2025-11-07
10076,6076,Monthly,9.99,2025-01-15,2026-05-05,Churned,2026-05-05
10077,6077,Monthly,9.99,2025-01-11,2025-10-01,Churned,2025-10-01
10078,6078,Monthly,9.99,2025-01-08,,Active,
10079,6079,Annual,6.99,2025-01-18,2026-03-09,Churned,2026-03-09
10080,6080,Monthly,9.99,2025-01-21,,Active,
10081,6081,Monthly,9.99,2025-01-30,,active,
10082,6082,Monthly,9.99,2025-01-14,,Active,
10083,6083,Monthly,9.99,2025-01-05,,Active,
10084,6084,Annual,6.99,2025-01-26,,Active,
10085,6085,Monthly,9.99,2025-01-20,2026-07-05,Churned,2026-07-05
10086,6086,Annual,6.99,2025-01-22,,Active,
10087,6087,Monthly,9.99,2025-01-04,,Active,
10088,6088,Monthly,9.99,2025-01-10,,Active,
10089,6089,Annual,6.99,2025-01-24,2026-02-16,Churned,2026-02-16
10090,6090,Monthly,9.99,2025-01-26,,Active,
10091,6091,Annual,6.99,2025-01-14,,Active,
10092,6092,Monthly,9.99,2025-01-25,,Active,
10093,6093,Monthly,9.99,2025-01-27,2026-01-03,Churned,2026-01-03
10094,6094,Annual,6.99,2025-01-13,2025-12-15,Churned,2025-12-15
10095,6095,Monthly,9.99,2025-01-28,2025-05-12,Churned,2025-05-12
10096,6096,Monthly,9.99,2025-01-09,,Active,
10097,6097,Annual,6.99,2025-01-08,,Active,
10098,6098,Monthly,9.99,2025-01-22,2026-02-24,Churned,2026-02-24
10099,6099,Annual,6.99,2025-01-20,2025-06-26,Churned,2025-06-26
10100,6100,Monthly,9.99,2025-01-05,2026-06-24,Churned,2026-06-24
10101,6101,Annual,6.99,2025-01-26,,Active,
10102,6102,Monthly,9.99,2025-01-07,,Active,
10103,6103,Monthly,9.99,2025-01-25,,Active,
10104,6104,Annual,6.99,2025-01-01,,Active,
10105,6105,Annual,6.99,2025-01-25,2025-07-31,Churned,2025-07-31
10106,6106,Monthly,9.99,2025-01-25,,Active,
10107,6107,Monthly,9.99,2025-01-25,,Active,
10108,6108,Monthly,9.99,2025-01-21,,Active,
10109,6109,Annual,6.99,2025-01-15,,ACTIVE,
10110,6110,Annual,6.99,2025-01-22,,active,
10111,6111,Monthly,9.99,2025-01-09,2025-11-05,Churned,2025-11-05
10112,6112,Monthly,9.99,2025-01-25,,Active,
10113,6113,Monthly,9.99,2025-01-18,2025-03-21,Churned,2025-03-21
10114,6114,Monthly,9.99,2025-01-15,,Active,
10115,6115,Monthly,9.99,2025-01-16,2025-12-24,Churned,2025-12-24
10116,6116,Annual,6.99,2025-01-18,2025-12-20,Churned,2025-12-20
10117,6117,Annual,6.99,2025-01-02,,Active,
10118,6118,Monthly,9.99,2025-01-05,,Active,
10119,6119,Monthly,9.99,2025-01-08,,Active,
10120,6120,Annual,6.99,2025-01-04,2025-04-28,Churned,2025-04-28
10121,6121,Monthly,9.99,2025-01-14,,Active,
10122,6122,Monthly,9.99,2025-01-21,,Active,
10123,6123,Monthly,9.99,2025-01-21,,Active,
10124,6124,Annual,6.99,2025-01-15,2025-04-17,Churned,2025-04-17
10125,6125,Monthly,9.99,2025-01-27,2025-04-23,Churned,2025-04-23
10126,6126,Annual,6.99,2025-01-18,,Active,
10127,6127,Monthly,9.99,2025-01-03,,Active,
10128,6128,Annual,6.99,2025-01-24,,Active,
10129,6129,Annual,6.99,2025-01-18,,Active,
10130,6130,Monthly,9.99,2025-01-20,2026-05-31,Churned,2026-05-31
10131,6131,Annual,6.99,2025-01-18,2025-12-03,Churned,2025-12-03
10132,6132,Monthly,9.99,2025-01-18,2026-04-28,Churned,2026-04-28
10133,6133,Annual,6.99,2025-01-03,,Active,
10134,6134,Monthly,9.99,2025-01-18,,Active,
10135,6135,Monthly,9.99,2025-01-25,2025-05-12,Churned,2025-05-12
10136,6136,Monthly,9.99,2025-01-10,2025-12-06,Churned,2025-12-06
10137,6137,Annual,6.99,2025-01-19,,Active,
10138,6138,Annual,6.99,2025-01-01,,Active,
10139,6139,Monthly,9.99,2025-01-11,2025-11-17,Churned,2025-11-17
10140,6140,Monthly,9.99,2025-01-14,2025-12-05,Churned,2025-12-05
10141,6141,Annual,6.99,2025-01-31,2025-12-05,Churned,2025-12-05
10142,6142,Annual,6.99,2025-01-07,,ACTIVE,
10143,6143,Monthly,9.99,2025-01-09,2026-05-18,Churned,2026-05-18
10144,6144,Annual,6.99,2025-01-13,,Active,
10145,6145,Monthly,9.99,2025-01-31,,Active,
10146,6146,Annual,6.99,2025-01-27,2025-10-31,Churned,2025-10-31
10147,6147,Annual,6.99,2025-01-02,,Active,
10148,6148,Monthly,9.99,2025-01-08,,Active,
10149,6149,Monthly,9.99,2025-01-26,,Active,
10150,6150,Annual,6.99,2025-01-02,2025-11-10,Churned,2025-11-10
10151,6151,Monthly,9.99,2025-01-27,,Active,
10152,6152,Monthly,9.99,2025-01-09,2025-12-28,Churned,2025-12-28
10153,6153,Monthly,9.99,2025-01-29,,Active,
10154,6154,Monthly,9.99,2025-01-10,2025-10-29,Churned,2025-10-29
10155,6155,Monthly,9.99,2025-01-14,,Active,
10156,6156,Monthly,9.99,2025-01-21,,Active,
10157,6157,Monthly,9.99,2025-01-04,2025-10-31,Churned,2025-10-31
10158,6158,Monthly,9.99,2025-01-18,2025-06-19,Churned,2025-06-19
10159,6159,Annual,6.99,2025-01-16,2026-05-14,Churned,2026-05-14
10160,6160,Monthly,9.99,2025-01-25,2025-06-19,Churned,2025-06-19
10161,6161,Monthly,9.99,2025-01-31,,Active,
10162,6162,Monthly,9.99,2025-01-21,,Active,
10163,6163,Monthly,9.99,2025-01-13,,Active,
10164,6164,Annual,6.99,2025-01-13,2025-04-30,Churned,2025-04-30
10165,6165,Monthly,9.99,2025-01-13,,Active,
10166,6166,Annual,6.99,2025-01-26,,Active,
10167,6167,Monthly,9.99,2025-01-10,,Active,
10168,6168,Monthly,9.99,2025-01-06,2026-03-30,Churned,2026-03-30
10169,6169,Monthly,9.99,2025-01-11,2025-10-18,Churned,2025-10-18
10170,6170,Monthly,9.99,2025-01-01,2026-01-17,Churned,2026-01-17
10171,6171,Monthly,9.99,2025-01-04,2026-02-24,Churned,2026-02-24
10172,6172,Monthly,9.99,2025-01-03,,Active,
10173,6173,Monthly,9.99,2025-01-24,,Active,
10174,6174,Monthly,9.99,2025-01-23,2026-07-03,Churned,2026-07-03
10175,6175,Monthly,9.99,2025-01-22,2026-03-02,Churned,2026-03-02
10176,6176,Annual,0.0,2025-01-15,2026-04-28,Churned,2026-04-28
10177,6177,Monthly,9.99,2025-01-23,2025-04-19,Churned,2025-04-19
10178,6178,Annual,6.99,2025-01-05,,Active,
10179,6179,Monthly,9.99,2025-01-28,,Active,
10180,6180,Monthly,9.99,2025-01-16,,Active,
10181,6181,Monthly,9.99,2025-01-30,2025-08-04,Churned,2025-08-04
10182,6182,Annual,6.99,2025-01-05,,Active,
10183,6183,Annual,6.99,2025-01-16,2025-11-28,Churned,2025-11-28
10184,6184,Monthly,9.99,2025-01-22,2025-07-21,Churned,2025-07-21
10185,6185,Annual,6.99,2025-01-16,2025-09-02,Churned,2025-09-02
10186,6186,Annual,6.99,2025-01-14,,Active,
10187,6187,Monthly,9.99,2025-01-06,,Active,
10188,6188,Monthly,9.99,2025-01-12,,Active,
10189,6189,Annual,6.99,2025-01-08,,Active,
10190,6190,Annual,6.99,2025-01-10,,Active,
10191,6191,Monthly,9.99,2025-01-22,2026-05-23,Churned,2026-05-23
10192,6192,Monthly,9.99,2025-01-20,,Active,
10193,6193,Monthly,9.99,2025-01-19,,Active,
10194,6194,Annual,6.99,2025-01-12,,Active,
10195,6195,Annual,6.99,2025-01-30,2026-03-30,Churned,2026-03-30
10196,6196,Annual,6.99,2025-01-03,2025-08-11,Churned,2025-08-11
10197,6197,Monthly,9.99,2025-01-11,2026-01-25,Churned,2026-01-25
10198,6198,Annual,6.99,2025-01-04,2025-07-01,Churned,2025-07-01
10199,6199,Annual,6.99,2025-01-11,,Active,
10200,6200,Monthly,9.99,2025-01-30,,Active,
10201,6201,Monthly,9.99,2025-01-12,2025-12-24,Churned,2025-12-24
10202,6202,Monthly,9.99,2025-01-29,2025-09-01,Churned,2025-09-01
10203,6203,Monthly,9.99,2025-01-16,,Active,
10204,6204,Monthly,9.99,2025-01-22,2025-10-16,Churned,2025-10-16
10205,6205,Monthly,9.99,2025-01-15,,Active,
10206,6206,Annual,6.99,2025-01-09,,Active,
10207,6207,Monthly,9.99,2025-01-24,2025-09-18,Churned,2025-09-18
10208,6208,Monthly,9.99,2025-01-31,2026-01-25,Churned,2026-01-25
10209,6209,Monthly,9.99,2025-01-09,2025-05-15,Churned,2025-05-15
10210,6210,Monthly,9.99,2025-01-25,,Active,
10211,6211,Monthly,9.99,2025-01-09,2025-07-09,Churned,2025-07-09
10212,6212,Annual,6.99,2025-01-23,,Active,
10213,6213,Monthly,9.99,2025-01-25,2025-02-04,Churned,2025-02-04
10214,6214,Annual,6.99,2025-01-14,,Active,
10215,6215,Monthly,9.99,2025-01-23,,Active,
10216,6216,Annual,6.99,2025-01-09,,Active,
10217,6217,Annual,6.99,2025-01-03,,Active,
10218,6218,Monthly,9.99,2025-01-03,2025-07-01,Churned,2025-07-01
10219,6219,Monthly,9.99,2025-01-14,2026-01-14,Churned,2026-01-14
10220,6220,Monthly,9.99,2025-01-28,2026-01-07,Churned,2026-01-07
10221,6221,Annual,6.99,2025-01-04,2025-12-15,Churned,2025-12-15
10222,6222,Annual,6.99,2025-01-15,,Active,
10223,6223,Monthly,9.99,2025-01-22,,Active,
10224,6224,Annual,6.99,2025-01-07,,Active,
10225,6225,Annual,6.99,2025-01-23,2025-10-24,Churned,2025-10-24
10226,6226,Monthly,9.99,2025-01-10,2025-12-08,Churned,2025-12-08
10227,6227,Annual,6.99,2025-01-26,2026-07-05,Churned,2026-07-05
10228,6228,Annual,6.99,2025-01-18,2025-05-10,Churned,2025-05-10
10229,6229,Monthly,9.99,2025-01-17,2025-03-03,Churned,2025-03-03
10230,6230,Monthly,9.99,2025-01-06,,Active,
10231,6231,Monthly,9.99,2025-01-15,2026-01-09,CHURNED,2026-01-09
10232,6232,Monthly,9.99,2025-01-27,,ACTIVE,
10233,6233,Monthly,9.99,2025-01-01,,Active,
10234,6234,Annual,6.99,2025-01-24,,Active,
10235,6235,Monthly,9.99,2025-01-16,,Active,
10236,6236,Monthly,9.99,2025-01-23,,Active,
10237,6237,Monthly,9.99,2025-01-21,,Active,
10238,6238,Monthly,9.99,2025-01-14,,Active,
10239,6239,Monthly,9.99,2025-01-10,,Active,
10240,6240,Annual,6.99,2025-01-20,,Active,
10241,6241,Annual,6.99,2025-01-05,2025-11-10,Churned,2025-11-10
10242,6242,Annual,6.99,2025-01-19,,Active,
10243,6243,Monthly,9.99,2025-01-03,,Active,
10244,6244,Annual,6.99,2025-01-21,2025-03-21,Churned,2025-03-21
10245,6245,Monthly,9.99,2025-01-20,2025-07-03,Churned,2025-07-03
10246,6246,Annual,6.99,2025-01-03,,Active,
10247,6247,Monthly,9.99,2025-01-24,,Active,
10248,6248,Monthly,9.99,2025-01-13,2026-04-21,Churned,2026-04-21
10249,6249,Annual,6.99,2025-01-25,2026-02-17,Churned,2026-02-17
10250,6250,Annual,6.99,2025-01-02,2026-01-18,Churned,2026-01-18
10251,6251,Annual,6.99,2025-01-06,2025-07-12,Churned,2025-07-12
10252,6252,Monthly,9.99,2025-01-16,2025-09-07,Churned,2025-09-07
10253,6253,Annual,6.99,2025-01-06,2025-07-29,Churned,2025-07-29
10254,6254,Monthly,9.99,2025-01-11,2026-03-16,Churned,2026-03-16
10255,6255,Monthly,9.99,2025-01-21,,Active,
10256,6256,Monthly,9.99,2025-01-05,2025-02-18,Churned,2025-02-18
10257,6257,Monthly,9.99,2025-01-22,2025-11-10,Churned,2025-11-10
10258,6258,Monthly,9.99,2025-01-04,2025-09-30,Churned,2025-09-30
10259,6259,Monthly,9.99,2025-01-06,,Active,
10260,6260,Annual,6.99,2025-01-19,,Active,
10261,6261,Monthly,9.99,2025-01-25,,Active,
10262,6262,Annual,6.99,2025-01-06,2025-04-17,Churned,2025-04-17
10263,6263,Monthly,9.99,2025-01-10,2026-01-06,Churned,2026-01-06
10264,6264,Monthly,9.99,2025-01-29,,Active,
10265,6265,Monthly,9.99,2025-01-31,2025-10-17,Churned,2025-10-17
10266,6266,Monthly,9.99,2025-01-19,,Active,
10267,6267,Annual,6.99,2025-01-14,2025-10-05,Churned,2025-10-05
10268,6268,Monthly,9.99,2025-01-11,,Active,
10269,6269,Monthly,9.99,2025-01-19,2026-01-03,Churned,2026-01-03
10270,6270,Monthly,9.99,2025-01-19,2026-05-06,Churned,2026-05-06
10271,6271,Monthly,9.99,2025-01-10,2025-02-13,Churned,2025-02-13
10272,6272,Annual,6.99,2025-01-01,,Active,
10273,6273,Annual,0.0,2025-01-05,2026-05-17,Churned,2026-05-17
10274,6274,Annual,6.99,2025-01-30,2025-12-11,Churned,2025-12-11
10275,6275,Monthly,9.99,2025-01-13,2025-12-10,Churned,2025-12-10
10276,6276,Annual,6.99,2025-01-15,,Active,
10277,6277,Monthly,9.99,2025-01-15,2025-10-16,Churned,2025-10-16
10278,6278,Monthly,9.99,2025-01-25,,Active,
10279,6279,Annual,6.99,2025-01-03,,Active,
10280,6280,Monthly,9.99,2025-01-03,,Active,
10281,6281,Monthly,9.99,2025-01-09,,Active,
10282,6282,Annual,6.99,2025-01-16,,Active,
10283,6283,Annual,6.99,2025-01-21,2025-10-12,Churned,2025-10-12
10284,6284,Annual,6.99,2025-01-16,,Active,
10285,6285,Annual,6.99,2025-01-14,2025-12-19,Churned,2025-12-19
10286,6286,Monthly,9.99,2025-01-30,2025-12-21,Churned,2025-12-21
10287,6287,Monthly,9.99,2025-01-05,2026-02-24,Churned,2026-02-24
10288,6288,Annual,6.99,2025-01-18,,Active,
10289,6289,Monthly,9.99,2025-01-17,,Active,
10290,6290,Annual,6.99,2025-01-15,,Active,
10291,6291,Monthly,9.99,2025-01-26,2026-06-07,Churned,2026-06-07
10292,6292,Monthly,9.99,2025-01-09,,Active,
10293,6293,Monthly,9.99,2025-01-30,,Active,
10294,6294,Annual,6.99,2025-01-11,,Active,
10295,6295,Monthly,9.99,2025-01-17,,Active,
10296,6296,Monthly,9.99,2025-01-17,2025-05-31,Churned,2025-05-31
10297,6297,Annual,6.99,2025-01-27,,Active,
10298,6298,Annual,6.99,2025-01-14,2026-02-24,Churned,2026-02-24
10299,6299,Annual,6.99,2025-01-09,,Active,
10300,6300,Monthly,9.99,2025-01-01,2026-06-10,Churned,2026-06-10
10301,6301,Monthly,9.99,2025-01-12,,Active,
10302,6302,Monthly,9.99,2025-01-26,,Active,
10303,6303,Monthly,9.99,2025-01-01,,Active,
10304,6304,Monthly,9.99,2025-01-28,2026-02-02,Churned,2026-02-02
10305,6305,Monthly,9.99,2025-01-17,2025-11-03,Churned,2025-11-03
10306,6306,Annual,6.99,2025-01-05,2025-10-26,Churned,2025-10-26
10307,6307,Monthly,9.99,2025-01-10,,Active,
10308,6308,Annual,6.99,2025-01-18,,Active,
10309,6309,Annual,6.99,2025-01-10,2026-07-07,Churned,2026-07-07
10310,6310,Monthly,9.99,2025-01-04,,Active,
10311,6311,Monthly,9.99,2025-01-21,,Active,
10312,6312,Monthly,9.99,2025-01-21,2025-10-05,Churned,2025-10-05
10313,6313,Monthly,9.99,2025-01-04,,Active,
10314,6314,Monthly,9.99,2025-01-09,2026-05-03,Churned,2026-05-03
10315,6315,Monthly,9.99,2025-01-08,2026-01-26,Churned,2026-01-26
10316,6316,Annual,6.99,2025-01-21,2025-06-06,Churned,2025-06-06
10317,6317,Annual,6.99,2025-01-23,,Active,
10318,6318,Monthly,9.99,2025-01-23,2025-10-09,Churned,2025-10-09
10319,6319,Annual,6.99,2025-01-30,,Active,
10320,6320,Monthly,9.99,2025-01-24,,Active,
10321,6321,Annual,6.99,2025-01-10,2025-08-16,Churned,2025-08-16
10322,6322,Annual,6.99,2025-01-04,2025-05-20,Churned,2025-05-20
10323,6323,Monthly,9.99,2025-01-20,2025-04-12,Churned,2025-04-12
10324,6324,Annual,6.99,2025-01-29,2026-05-14,CHURNED,2026-05-14
10325,6325,Monthly,9.99,2025-01-31,,Active,
10326,6326,Monthly,9.99,2025-01-08,2026-01-16,Churned,2026-01-16
10327,6327,Annual,6.99,2025-01-08,2025-10-26,Churned,2025-10-26
10328,6328,Monthly,9.99,2025-01-02,2026-04-05,Churned,2026-04-05
10329,6329,Monthly,9.99,2025-01-05,,Active,
10330,6330,Monthly,9.99,2025-01-18,2025-06-07,Churned,2025-06-07
10331,6331,Monthly,9.99,2025-01-17,,Active,
10332,6332,Monthly,9.99,2025-01-12,2025-11-01,Churned,2025-11-01
10333,6333,Monthly,9.99,2025-01-10,2025-04-02,Churned,2025-04-02
10334,6334,Annual,6.99,2025-01-26,2026-07-07,Churned,2026-07-07
10335,6335,Monthly,9.99,2025-01-15,2025-08-24,Churned,2025-08-24
10336,6336,Monthly,9.99,2025-01-26,,Active,
10337,6337,Monthly,9.99,2025-01-30,2025-08-13,Churned,2025-08-13
10338,6338,Monthly,9.99,2025-01-10,2025-07-20,Churned,2025-07-20
10339,6339,Monthly,9.99,2025-01-07,2026-05-02,Churned,2026-05-02
10340,6340,Monthly,9.99,2025-01-30,2026-01-27,Churned,2026-01-27
10341,6341,Monthly,9.99,2025-01-20,2026-03-22,Churned,2026-03-22
10342,6342,Annual,6.99,2025-01-10,2026-02-24,Churned,2026-02-24
10343,6343,Annual,6.99,2025-01-20,2025-10-27,Churned,2025-10-27
10344,6344,Monthly,9.99,2025-01-16,,Active,
10345,6345,Monthly,9.99,2025-01-29,,Active,
10346,6346,Monthly,9.99,2025-01-08,2026-04-14,Churned,2026-04-14
10347,6347,Annual,6.99,2025-01-31,,ACTIVE,
10348,6348,Monthly,9.99,2025-01-30,2026-07-02,Churned,2026-07-02
10349,6349,Monthly,9.99,2025-01-06,,Active,
10350,6350,Monthly,9.99,2025-01-06,,Active,
10351,6351,Monthly,9.99,2025-01-17,2025-02-22,Churned,2025-02-22
10352,6352,Monthly,9.99,2025-01-02,2025-09-13,Churned,2025-09-13
10353,6353,Monthly,9.99,2025-01-10,2025-08-19,Churned,2025-08-19
10354,6354,Monthly,9.99,2025-01-14,,Active,
10355,6355,Monthly,9.99,2025-01-31,,Active,
10356,6356,Monthly,9.99,2025-01-31,2026-02-28,Churned,2026-02-28
10357,6357,Monthly,9.99,2025-01-05,2026-02-19,Churned,2026-02-19
10358,6358,Annual,6.99,2025-01-28,2025-03-11,Churned,2025-03-11
10359,6359,Annual,6.99,2025-01-03,2026-02-18,Churned,2026-02-18
10360,6360,Monthly,9.99,2025-01-24,2026-02-22,Churned,2026-02-22
10361,6361,Monthly,9.99,2025-01-27,2025-12-04,Churned,2025-12-04
10362,6362,Monthly,9.99,2025-01-28,2025-11-08,Churned,2025-11-08
10363,6363,Annual,6.99,2025-01-07,,Active,
10364,6364,Monthly,9.99,2025-01-28,,Active,
10365,6365,Annual,6.99,2025-01-04,2025-12-09,Churned,2025-12-09
10366,6366,Monthly,9.99,2025-01-17,2026-05-08,Churned,2026-05-08
10367,6367,Monthly,9.99,2025-01-15,2025-05-12,Churned,2025-05-12
10368,6368,Monthly,9.99,2025-01-10,,Active,
10369,6369,Monthly,9.99,2025-01-01,2026-04-28,Churned,2026-04-28
10370,6370,Annual,6.99,2025-01-24,2025-12-25,Churned,2025-12-25
10371,6371,Monthly,9.99,2025-01-11,,Active,
10372,6372,Monthly,9.99,2025-01-21,,Active,
10373,6373,Monthly,9.99,2025-01-13,,Active,
10374,6374,Monthly,9.99,2025-01-12,2025-08-08,Churned,2025-08-08
10375,6375,Monthly,9.99,2025-01-28,2025-10-13,CHURNED,2025-10-13
10376,6376,Annual,6.99,2025-01-03,2025-07-08,Churned,2025-07-08
10377,6377,Annual,6.99,2025-01-23,2026-07-02,Churned,2026-07-02
10378,6378,Annual,6.99,2025-01-24,,Active,
10379,6379,Monthly,9.99,2025-01-12,,Active,
10380,6380,Monthly,9.99,2025-01-09,2025-05-12,Churned,2025-05-12
10381,6381,Monthly,9.99,2025-01-01,2026-02-22,Churned,2026-02-22
10382,6382,Annual,6.99,2025-01-30,2025-11-09,Churned,2025-11-09
10383,6383,Annual,6.99,2025-01-30,,Active,
10384,6384,Annual,6.99,2025-01-08,,Active,
10385,6385,Monthly,0.0,2025-01-01,2025-09-23,Churned,2025-09-23
10386,6386,Monthly,9.99,2025-01-04,2026-07-03,Churned,2026-07-03
10387,6387,Monthly,9.99,2025-01-03,,Active,
10388,6388,Monthly,9.99,2025-01-26,,Active,
10389,6389,Annual,6.99,2025-01-28,2025-07-17,Churned,2025-07-17
10390,6390,Monthly,9.99,2025-01-05,,Active,
10391,6391,Monthly,9.99,2025-01-24,,Active,
10392,6392,Monthly,9.99,2025-01-06,,Active,
10393,6393,Annual,6.99,2025-01-12,2025-10-05,Churned,2025-10-05
10394,6394,Monthly,9.99,2025-01-19,,Active,
10395,6395,Monthly,9.99,2025-01-23,2026-03-09,CHURNED,2026-03-09
10396,6396,Monthly,9.99,2025-01-28,,Active,
10397,6397,Monthly,9.99,2025-01-02,,Active,
10398,6398,Annual,6.99,2025-01-07,,Active,
10399,6399,Monthly,9.99,2025-01-09,,Active,
10400,6400,Monthly,9.99,2025-01-10,2025-07-08,Churned,2025-07-08
10401,6401,Annual,6.99,2025-01-31,,Active,
10402,6402,Monthly,9.99,2025-01-25,2026-04-16,Churned,2026-04-16
10403,6403,Monthly,9.99,2025-01-10,,Active,
10404,6404,Monthly,9.99,2025-01-31,,Active,
10405,6405,Annual,6.99,2025-01-16,,Active,
10406,6406,Annual,6.99,2025-01-16,2025-07-11,Churned,2025-07-11
10407,6407,Monthly,9.99,2025-01-14,2026-04-27,Churned,2026-04-27
10408,6408,Monthly,9.99,2025-01-05,,Active,
10409,6409,Monthly,9.99,2025-01-29,,Active,
10410,6410,Monthly,9.99,2025-01-01,2025-10-25,Churned,2025-10-25
10411,6411,Monthly,9.99,2025-01-06,2025-08-05,Churned,2025-08-05
10412,6412,Monthly,9.99,2025-01-08,,Active,
10413,6413,Annual,6.99,2025-01-09,,Active,
10414,6414,Annual,6.99,2025-01-05,2025-09-25,Churned,2025-09-25
10415,6415,Annual,6.99,2025-01-01,2025-10-15,Churned,2025-10-15
10416,6416,Monthly,9.99,2025-01-22,2025-03-26,Churned,2025-03-26
10417,6417,Annual,6.99,2025-01-31,2026-03-08,Churned,2026-03-08
10418,6418,Annual,6.99,2025-01-04,,Active,
10419,6419,Monthly,9.99,2025-01-10,2025-11-04,Churned,2025-11-04
10420,6420,Annual,6.99,2025-01-16,,Active,
10421,6421,Annual,6.99,2025-01-29,,Active,
10422,6422,Monthly,9.99,2025-01-22,2025-08-30,Churned,2025-08-30
10423,6423,Monthly,9.99,2025-01-24,2025-10-15,Churned,2025-10-15
10424,6424,Monthly,9.99,2025-01-19,2025-08-26,Churned,2025-08-26
10425,6425,Monthly,9.99,2025-01-13,,Active,
10426,6426,Annual,6.99,2025-01-07,,Active,
10427,6427,Monthly,9.99,2025-01-27,2025-02-23,Churned,2025-02-23
10428,6428,Monthly,9.99,2025-01-25,2025-10-08,Churned,2025-10-08
10429,6429,Monthly,9.99,2025-01-01,,Active,
10430,6430,Monthly,9.99,2025-01-23,2025-09-30,Churned,2025-09-30
10431,6431,Monthly,9.99,2025-01-03,2025-11-02,churned,2025-11-02
10432,6432,Monthly,9.99,2025-01-23,2026-02-23,Churned,2026-02-23
10433,6433,Monthly,9.99,2025-01-26,2025-08-27,Churned,2025-08-27
10434,6434,Annual,6.99,2025-01-05,,Active,
10435,6435,Monthly,9.99,2025-01-14,2025-10-29,Churned,2025-10-29
10436,6436,Monthly,9.99,2025-01-04,,Active,
10437,6437,Monthly,9.99,2025-01-18,2025-08-01,Churned,2025-08-01
10438,6438,Monthly,0.0,2025-01-29,2025-10-25,Churned,2025-10-25
10439,6439,Annual,6.99,2025-01-03,2026-05-07,Churned,2026-05-07
10440,6440,Monthly,9.99,2025-01-13,,Active,
10441,6441,Monthly,9.99,2025-01-31,2025-07-19,Churned,2025-07-19
10442,6442,Monthly,9.99,2025-01-10,2026-04-13,Churned,2026-04-13
10443,6443,Annual,6.99,2025-01-05,2026-07-02,Churned,2026-07-02
10444,6444,Annual,6.99,2025-01-16,2025-04-19,Churned,2025-04-19
10445,6445,Monthly,9.99,2025-01-16,,Active,
10446,6446,Monthly,9.99,2025-01-21,2025-10-09,Churned,2025-10-09
10447,6447,Monthly,9.99,2025-01-10,,Active,
10448,6448,Annual,6.99,2025-01-30,,Active,
10449,6449,Annual,6.99,2025-01-17,2026-01-28,Churned,2026-01-28
10450,6450,Annual,6.99,2025-01-09,2025-10-22,Churned,2025-10-22
10451,6451,Monthly,9.99,2025-01-30,,Active,
10452,6452,Monthly,9.99,2025-01-29,2026-03-13,Churned,2026-03-13
10453,6453,Monthly,9.99,2025-01-16,2025-12-16,Churned,2025-12-16
10454,6454,Monthly,9.99,2025-01-01,,active,
10455,6455,Annual,6.99,2025-01-19,2025-12-14,Churned,2025-12-14
10456,6456,Monthly,9.99,2025-01-18,,Active,
10457,6457,Annual,6.99,2025-01-05,2025-08-14,Churned,2025-08-14
10458,6458,Annual,6.99,2025-01-20,,Active,
10459,6459,Monthly,9.99,2025-01-27,,Active,
10460,6460,Annual,6.99,2025-01-04,2025-07-30,Churned,2025-07-30
10461,6461,Monthly,9.99,2025-01-23,,Active,
10462,6462,Monthly,9.99,2025-01-05,,Active,
10463,6463,Monthly,0.0,2025-01-24,2026-01-20,Churned,2026-01-20
10464,6464,Monthly,9.99,2025-01-13,2026-02-02,Churned,2026-02-02
10465,6465,Monthly,9.99,2025-01-01,2026-06-06,Churned,2026-06-06
10466,6466,Monthly,9.99,2025-01-30,,Active,
10467,6467,Annual,6.99,2025-01-06,,Active,
10468,6468,Annual,6.99,2025-01-19,,Active,
10469,6469,Monthly,9.99,2025-01-06,2025-08-30,Churned,2025-08-30
10470,6470,Monthly,9.99,2025-01-29,2026-06-30,Churned,2026-06-30
10471,6471,Annual,6.99,2025-01-23,2026-02-05,Churned,2026-02-05
10472,6472,Monthly,9.99,2025-01-25,2026-03-06,Churned,2026-03-06
10473,6473,Monthly,9.99,2025-01-14,2025-02-09,Churned,2025-02-09
10474,6474,Monthly,9.99,2025-01-15,2025-04-19,Churned,2025-04-19
10475,6475,Monthly,9.99,2025-01-20,,Active,
10476,6476,Monthly,9.99,2025-01-25,2025-12-19,Churned,2025-12-19
10477,6477,Monthly,9.99,2025-01-27,,Active,
10478,6478,Monthly,9.99,2025-01-01,2025-12-29,Churned,2025-12-29
10479,6479,Annual,6.99,2025-01-21,,Active,
10480,6480,Monthly,9.99,2025-01-04,,Active,
10481,6481,Annual,6.99,2025-01-09,2026-06-30,Churned,2026-06-30
10482,6482,Monthly,9.99,2025-01-26,,Active,
10483,6483,Annual,6.99,2025-01-08,,Active,
10484,6484,Annual,6.99,2025-01-25,,Active,
10485,6485,Annual,6.99,2025-01-15,2026-06-12,Churned,2026-06-12
10486,6486,Monthly,9.99,2025-01-08,2026-06-16,Churned,2026-06-16
10487,6487,Annual,6.99,2025-01-11,2026-05-20,Churned,2026-05-20
10488,6488,Annual,6.99,2025-01-17,,Active,
10489,6489,Monthly,9.99,2025-01-24,,Active,
10490,6490,Monthly,9.99,2025-01-19,,Active,
10491,6491,Monthly,9.99,2025-01-29,,Active,
10492,6492,Monthly,9.99,2025-01-27,2025-12-29,Churned,2025-12-29
10493,6493,Monthly,9.99,2025-01-24,2025-10-10,Churned,2025-10-10
10494,6494,Annual,6.99,2025-01-19,2026-05-26,Churned,2026-05-26
10495,6495,Annual,6.99,2025-01-09,2025-08-27,Churned,2025-08-27
10496,6496,Monthly,9.99,2025-01-13,2026-02-01,Churned,2026-02-01
10497,6497,Annual,6.99,2025-01-04,2025-11-24,Churned,2025-11-24
10498,6498,Monthly,9.99,2025-01-12,2025-11-04,Churned,2025-11-04
10499,6499,Monthly,9.99,2025-01-29,,active,
10500,6500,Monthly,9.99,2025-01-14,2025-03-02,Churned,2025-03-02
10501,6501,Monthly,9.99,2025-01-04,,Active,
10502,6502,Monthly,9.99,2025-01-21,2025-12-30,Churned,2025-12-30
10503,6503,Monthly,9.99,2025-01-30,2025-09-22,Churned,2025-09-22
10504,6504,Monthly,9.99,2025-01-27,2026-02-18,Churned,2026-02-18
10505,6505,Annual,6.99,2025-01-09,,Active,
10506,6506,Annual,6.99,2025-01-15,,Active,
10507,6507,Monthly,9.99,2025-01-17,2025-12-11,Churned,2025-12-11
10508,6508,Annual,6.99,2025-01-08,,Active,
10509,6509,Monthly,9.99,2025-01-09,2026-02-21,Churned,2026-02-21
10510,6510,Monthly,9.99,2025-01-08,2025-08-11,Churned,2025-08-11
10511,6511,Monthly,9.99,2025-01-31,2026-01-22,Churned,2026-01-22
10512,6512,Monthly,9.99,2025-01-24,,active,
10513,6513,Monthly,9.99,2025-01-27,,Active,
10514,6514,Monthly,9.99,2025-01-26,2026-03-29,Churned,2026-03-29
10515,6515,Annual,6.99,2025-01-30,2026-01-13,Churned,2026-01-13
10516,6516,Monthly,9.99,2025-01-04,2025-08-15,Churned,2025-08-15
10517,6517,Annual,6.99,2025-01-28,2025-10-14,Churned,2025-10-14
10518,6518,Monthly,9.99,2025-01-03,2025-12-21,Churned,2025-12-21
10519,6519,Monthly,9.99,2025-01-15,,Active,
10520,6520,Monthly,9.99,2025-01-19,2025-07-22,Churned,2025-07-22
10521,6521,Monthly,9.99,2025-01-12,,Active,
10522,6522,Monthly,9.99,2025-01-05,2025-09-19,Churned,2025-09-19
10523,6523,Annual,6.99,2025-01-06,2025-10-23,Churned,2025-10-23
10524,6524,Monthly,9.99,2025-01-26,2026-04-19,Churned,2026-04-19
10525,6525,Monthly,9.99,2025-01-10,,Active,
10526,6526,Monthly,9.99,2025-01-10,2025-03-23,Churned,2025-03-23
10527,6527,Monthly,9.99,2025-01-29,,Active,
10528,6528,Annual,6.99,2025-01-05,,Active,
10529,6529,Annual,6.99,2025-01-29,,Active,
10530,6530,Annual,6.99,2025-01-29,,Active,
10531,6531,Annual,6.99,2025-01-19,2025-09-28,Churned,2025-09-28
10532,6532,Monthly,9.99,2025-01-06,,Active,
10533,6533,Monthly,9.99,2025-01-05,,Active,
10534,6534,Monthly,9.99,2025-01-09,,Active,
10535,6535,Monthly,0.0,2025-01-18,2025-09-15,Churned,2025-09-15
10536,6536,Monthly,9.99,2025-01-05,2025-12-08,Churned,2025-12-08
10537,6537,Monthly,9.99,2025-01-15,,Active,
10538,6538,Annual,6.99,2025-01-04,,Active,
10539,6539,Monthly,9.99,2025-01-17,2025-07-07,Churned,2025-07-07
10540,6540,Annual,6.99,2025-01-01,2026-03-25,Churned,2026-03-25
10541,6541,Monthly,9.99,2025-01-22,2026-01-12,Churned,2026-01-12
10542,6542,Monthly,9.99,2025-01-02,2025-10-20,Churned,2025-10-20
10543,6543,Monthly,9.99,2025-01-07,2025-02-17,Churned,2025-02-17
10544,6544,Monthly,9.99,2025-01-06,2025-12-27,Churned,2025-12-27
10545,6545,Annual,6.99,2025-01-26,2026-01-04,Churned,2026-01-04
10546,6546,Monthly,9.99,2025-01-02,2026-03-10,Churned,2026-03-10
10547,6547,Monthly,9.99,2025-01-14,2026-01-29,Churned,2026-01-29
10548,6548,Monthly,9.99,2025-01-19,,Active,
10549,6549,Monthly,9.99,2025-01-16,,Active,
10550,6550,Monthly,9.99,2025-01-22,,Active,
10551,6551,Monthly,0.0,2025-01-25,2025-11-17,Churned,2025-11-17
10552,6552,Monthly,9.99,2025-01-13,,Active,
10553,6553,Monthly,9.99,2025-01-26,,Active,
10554,6554,Monthly,9.99,2025-01-10,,Active,
10555,6555,Monthly,9.99,2025-01-31,,Active,
10556,6556,Monthly,9.99,2025-01-16,2025-12-07,Churned,2025-12-07
10557,6557,Monthly,9.99,2025-01-23,2025-05-25,Churned,2025-05-25
10558,6558,Monthly,9.99,2025-01-28,2025-10-29,Churned,2025-10-29
10559,6559,Annual,6.99,2025-01-25,,Active,
10560,6560,Annual,6.99,2025-01-27,,Active,
10561,6561,Monthly,9.99,2025-01-17,2025-08-30,Churned,2025-08-30
10562,6562,Monthly,9.99,2025-01-02,,Active,
10563,6563,Monthly,9.99,2025-01-16,,Active,
10564,6564,Annual,6.99,2025-01-06,2025-09-29,Churned,2025-09-29
10565,6565,Monthly,9.99,2025-01-28,,Active,
10566,6566,Monthly,9.99,2025-01-08,,Active,
10567,6567,Monthly,9.99,2025-01-08,2025-11-07,Churned,2025-11-07
10568,6568,Annual,6.99,2025-01-08,2026-02-20,Churned,2026-02-20
10569,6569,Monthly,9.99,2025-01-20,,Active,
10570,6570,Monthly,9.99,2025-01-18,2025-08-03,Churned,2025-08-03
10571,6571,Monthly,9.99,2025-01-30,2026-01-07,Churned,2026-01-07
10572,6572,Monthly,9.99,2025-01-13,2025-08-22,Churned,2025-08-22
10573,6573,Monthly,9.99,2025-01-09,,Active,
10574,6574,Monthly,9.99,2025-01-02,2026-01-17,Churned,2026-01-17
10575,6575,Monthly,9.99,2025-01-01,,Active,
10576,6576,Monthly,9.99,2025-01-12,,Active,
10577,6577,Monthly,9.99,2025-01-29,,Active,
10578,6578,Monthly,9.99,2025-01-17,2026-01-02,Churned,2026-01-02
10579,6579,Monthly,9.99,2025-01-28,2025-08-21,Churned,2025-08-21
10580,6580,Annual,6.99,2025-01-04,,Active,
10581,6581,Monthly,9.99,2025-01-03,2025-02-05,Churned,2025-02-05
10582,6582,Monthly,9.99,2025-01-26,2025-07-26,Churned,2025-07-26
10583,6583,Annual,6.99,2025-01-04,2026-02-08,Churned,2026-02-08
10584,6584,Monthly,9.99,2025-01-02,2025-11-16,Churned,2025-11-16
10585,6585,Annual,6.99,2025-01-13,2026-01-21,Churned,2026-01-21
10586,6586,Monthly,9.99,2025-01-29,,Active,
10587,6587,Annual,6.99,2025-01-22,,Active,
10588,6588,Monthly,9.99,2025-01-04,2025-11-25,Churned,2025-11-25
10589,6589,Annual,6.99,2025-01-26,,Active,
10590,6590,Monthly,9.99,2025-01-27,,Active,
10591,6591,Monthly,9.99,2025-01-25,,Active,
10592,6592,Monthly,9.99,2025-01-28,,Active,
10593,6593,Monthly,9.99,2025-01-08,,Active,
10594,6594,Monthly,9.99,2025-01-31,2026-07-02,Churned,2026-07-02
10595,6595,Monthly,9.99,2025-01-10,2025-07-22,Churned,2025-07-22
10596,6596,Annual,6.99,2025-01-25,2025-11-19,Churned,2025-11-19
10597,6597,Monthly,9.99,2025-01-18,2025-04-10,Churned,2025-04-10
10598,6598,Annual,6.99,2025-01-25,,Active,
10599,6599,Monthly,9.99,2025-01-20,2025-07-18,Churned,2025-07-18
10600,6600,Monthly,9.99,2025-01-20,,Active,
10601,6601,Monthly,9.99,2025-02-24,2026-03-20,Churned,2026-03-20
10602,6602,Monthly,9.99,2025-02-20,2026-02-17,CHURNED,2026-02-17
10603,6603,Annual,6.99,2025-02-19,2025-06-14,Churned,2025-06-14
10604,6604,Monthly,9.99,2025-02-15,2026-03-03,Churned,2026-03-03
10605,6605,Monthly,9.99,2025-02-01,2025-08-10,Churned,2025-08-10
10606,6606,Monthly,9.99,2025-02-11,2025-08-22,Churned,2025-08-22
10607,6607,Annual,6.99,2025-02-21,,Active,
10608,6608,Annual,6.99,2025-02-23,,Active,
10609,6609,Annual,6.99,2025-02-16,,Active,
10610,6610,Annual,6.99,2025-02-20,2025-05-24,Churned,2025-05-24
10611,6611,Annual,6.99,2025-02-01,2026-03-08,Churned,2026-03-08
10612,6612,Monthly,9.99,2025-02-14,2025-12-08,Churned,2025-12-08
10613,6613,Annual,6.99,2025-02-15,,Active,
10614,6614,Monthly,9.99,2025-02-25,2026-03-15,Churned,2026-03-15
10615,6615,Annual,6.99,2025-02-09,,Active,
10616,6616,Annual,6.99,2025-02-07,2026-06-23,Churned,2026-06-23
10617,6617,Monthly,9.99,2025-02-10,2026-01-24,Churned,2026-01-24
10618,6618,Monthly,9.99,2025-02-05,,Active,
10619,6619,Monthly,0.0,2025-02-16,2026-02-26,Churned,2026-02-26
10620,6620,Monthly,9.99,2025-02-18,,Active,
10621,6621,Annual,6.99,2025-02-23,2025-08-03,Churned,2025-08-03
10622,6622,Annual,6.99,2025-02-28,,Active,
10623,6623,Monthly,9.99,2025-02-03,,Active,
10624,6624,Monthly,9.99,2025-02-07,,Active,
10625,6625,Monthly,9.99,2025-02-09,,Active,
10626,6626,Annual,6.99,2025-02-07,2026-01-07,Churned,2026-01-07
10627,6627,Monthly,9.99,2025-02-24,,Active,
10628,6628,Monthly,9.99,2025-02-04,2025-08-23,Churned,2025-08-23
10629,6629,Annual,6.99,2025-02-01,2026-05-19,Churned,2026-05-19
10630,6630,Annual,6.99,2025-02-25,,Active,
10631,6631,Monthly,9.99,2025-02-27,2026-03-08,Churned,2026-03-08
10632,6632,Monthly,9.99,2025-02-07,2025-12-22,Churned,2025-12-22
10633,6633,Monthly,9.99,2025-02-10,2025-07-24,Churned,2025-07-24
10634,6634,Monthly,9.99,2025-02-15,,Active,
10635,6635,Monthly,9.99,2025-02-15,2025-11-08,Churned,2025-11-08
10636,6636,Annual,6.99,2025-02-28,,Active,
10637,6637,Monthly,9.99,2025-02-12,2026-03-08,Churned,2026-03-08
10638,6638,Annual,6.99,2025-02-01,,Active,
10639,6639,Monthly,9.99,2025-02-12,,Active,
10640,6640,Annual,6.99,2025-02-16,,Active,
10641,6641,Annual,6.99,2025-02-15,2025-10-30,Churned,2025-10-30
10642,6642,Monthly,9.99,2025-02-15,,Active,
10643,6643,Monthly,9.99,2025-02-26,,Active,
10644,6644,Monthly,9.99,2025-02-23,,Active,
10645,6645,Monthly,9.99,2025-02-08,,Active,
10646,6646,Monthly,9.99,2025-02-10,2025-05-12,Churned,2025-05-12
10647,6647,Monthly,9.99,2025-02-19,2025-11-04,Churned,2025-11-04
10648,6648,Monthly,9.99,2025-02-12,2026-01-18,Churned,2026-01-18
10649,6649,Monthly,9.99,2025-02-12,2026-07-02,Churned,2026-07-02
10650,6650,Monthly,9.99,2025-02-05,2026-02-06,Churned,2026-02-06
10651,6651,Monthly,9.99,2025-02-08,,Active,
10652,6652,Monthly,9.99,2025-02-21,2025-12-11,Churned,2025-12-11
10653,6653,Annual,6.99,2025-02-24,2025-07-14,Churned,2025-07-14
10654,6654,Monthly,9.99,2025-02-22,2026-03-21,Churned,2026-03-21
10655,6655,Annual,6.99,2025-02-09,,Active,
10656,6656,Annual,6.99,2025-02-04,,Active,
10657,6657,Monthly,9.99,2025-02-05,,Active,
10658,6658,Annual,6.99,2025-02-12,2026-01-27,Churned,2026-01-27
10659,6659,Monthly,9.99,2025-02-15,2025-09-25,Churned,2025-09-25
10660,6660,Monthly,9.99,2025-02-26,,Active,
10661,6661,Annual,6.99,2025-02-26,2025-11-06,Churned,2025-11-06
10662,6662,Monthly,9.99,2025-02-01,2026-05-22,Churned,2026-05-22
10663,6663,Annual,6.99,2025-02-20,,Active,
10664,6664,Monthly,9.99,2025-02-09,,Active,
10665,6665,Monthly,9.99,2025-02-06,,Active,
10666,6666,Annual,6.99,2025-02-16,2025-05-10,Churned,2025-05-10
10667,6667,Annual,6.99,2025-02-01,,Active,
10668,6668,Annual,6.99,2025-02-10,2026-01-26,Churned,2026-01-26
10669,6669,Monthly,9.99,2025-02-16,2025-07-20,Churned,2025-07-20
10670,6670,Annual,6.99,2025-02-08,2026-01-06,Churned,2026-01-06
10671,6671,Monthly,9.99,2025-02-17,,Active,
10672,6672,Annual,6.99,2025-02-13,,Active,
10673,6673,Monthly,9.99,2025-02-23,2026-02-10,Churned,2026-02-10
10674,6674,Annual,6.99,2025-02-06,2025-12-14,Churned,2025-12-14
10675,6675,Monthly,9.99,2025-02-02,2026-02-07,Churned,2026-02-07
10676,6676,Annual,6.99,2025-02-15,2025-06-28,Churned,2025-06-28
10677,6677,Monthly,9.99,2025-02-08,2025-10-26,Churned,2025-10-26
10678,6678,Monthly,9.99,2025-02-20,,Active,
10679,6679,Annual,6.99,2025-02-03,2025-07-05,Churned,2025-07-05
10680,6680,Monthly,9.99,2025-02-17,2025-11-23,Churned,2025-11-23
10681,6681,Annual,6.99,2025-02-28,2025-11-19,Churned,2025-11-19
10682,6682,Monthly,9.99,2025-02-03,2026-01-30,Churned,2026-01-30
10683,6683,Monthly,9.99,2025-02-09,,Active,
10684,6684,Monthly,9.99,2025-02-24,2025-11-02,Churned,2025-11-02
10685,6685,Annual,6.99,2025-02-15,2026-01-05,Churned,2026-01-05
10686,6686,Annual,6.99,2025-02-05,,Active,
10687,6687,Annual,6.99,2025-02-06,,Active,
10688,6688,Annual,6.99,2025-02-22,2026-06-15,Churned,2026-06-15
10689,6689,Annual,6.99,2025-02-25,,Active,
10690,6690,Monthly,9.99,2025-02-11,2026-04-10,Churned,2026-04-10
10691,6691,Monthly,9.99,2025-02-14,,Active,
10692,6692,Monthly,9.99,2025-02-22,2025-09-26,Churned,2025-09-26
10693,6693,Monthly,9.99,2025-02-05,2026-01-01,Churned,2026-01-01
10694,6694,Annual,6.99,2025-02-06,2026-03-31,Churned,2026-03-31
10695,6695,Monthly,9.99,2025-02-22,,Active,
10696,6696,Annual,6.99,2025-02-06,2026-03-29,Churned,2026-03-29
10697,6697,Annual,6.99,2025-02-22,2025-06-05,Churned,2025-06-05
10698,6698,Monthly,9.99,2025-02-14,2025-06-28,Churned,2025-06-28
10699,6699,Monthly,9.99,2025-02-28,,Active,
10700,6700,Monthly,9.99,2025-02-01,2025-12-27,Churned,2025-12-27
10701,6701,Annual,6.99,2025-02-27,,Active,
10702,6702,Monthly,9.99,2025-02-07,2025-12-30,Churned,2025-12-30
10703,6703,Annual,6.99,2025-02-01,,Active,
10704,6704,Annual,6.99,2025-02-21,2025-11-29,Churned,2025-11-29
10705,6705,Monthly,9.99,2025-02-15,,Active,
10706,6706,Annual,6.99,2025-02-24,,Active,
10707,6707,Monthly,9.99,2025-02-04,2025-11-11,Churned,2025-11-11
10708,6708,Monthly,9.99,2025-02-03,2026-01-01,Churned,2026-01-01
10709,6709,Annual,6.99,2025-02-16,2025-10-31,Churned,2025-10-31
10710,6710,Monthly,9.99,2025-02-25,2026-01-27,churned,2026-01-27
10711,6711,Monthly,9.99,2025-02-12,2025-05-29,Churned,2025-05-29
10712,6712,Monthly,9.99,2025-02-23,,Active,
10713,6713,Monthly,9.99,2025-02-26,2025-10-14,Churned,2025-10-14
10714,6714,Monthly,9.99,2025-02-25,2025-05-06,Churned,2025-05-06
10715,6715,Annual,6.99,2025-02-15,,Active,
10716,6716,Monthly,9.99,2025-02-20,,Active,
10717,6717,Monthly,9.99,2025-02-15,,Active,
10718,6718,Annual,6.99,2025-02-19,2025-11-11,Churned,2025-11-11
10719,6719,Monthly,9.99,2025-02-16,,Active,
10720,6720,Monthly,9.99,2025-02-15,2026-01-30,Churned,2026-01-30
10721,6721,Monthly,9.99,2025-02-13,,Active,
10722,6722,Monthly,9.99,2025-02-19,,Active,
10723,6723,Monthly,9.99,2025-02-22,2025-09-13,CHURNED,2025-09-13
10724,6724,Monthly,9.99,2025-02-26,2026-06-30,Churned,2026-06-30
10725,6725,Monthly,9.99,2025-02-18,2025-08-01,Churned,2025-08-01
10726,6726,Monthly,9.99,2025-02-03,2026-02-17,Churned,2026-02-17
10727,6727,Annual,6.99,2025-02-17,2025-11-22,Churned,2025-11-22
10728,6728,Annual,6.99,2025-02-09,2025-07-03,Churned,2025-07-03
10729,6729,Monthly,9.99,2025-02-01,2025-03-02,Churned,2025-03-02
10730,6730,Monthly,9.99,2025-02-03,2026-07-04,Churned,2026-07-04
10731,6731,Monthly,9.99,2025-02-17,,Active,
10732,6732,Annual,6.99,2025-02-27,,Active,
10733,6733,Annual,6.99,2025-02-15,,Active,
10734,6734,Monthly,9.99,2025-02-13,,Active,
10735,6735,Monthly,9.99,2025-02-03,2026-01-15,Churned,2026-01-15
10736,6736,Annual,6.99,2025-02-19,,Active,
10737,6737,Monthly,9.99,2025-02-02,2025-04-02,Churned,2025-04-02
10738,6738,Monthly,9.99,2025-02-24,,Active,
10739,6739,Monthly,9.99,2025-02-23,2025-06-20,Churned,2025-06-20
10740,6740,Annual,6.99,2025-02-28,,Active,
10741,6741,Monthly,9.99,2025-02-08,2025-12-13,Churned,2025-12-13
10742,6742,Monthly,9.99,2025-02-05,,Active,
10743,6743,Monthly,9.99,2025-02-09,2025-06-22,Churned,2025-06-22
10744,6744,Annual,6.99,2025-02-23,2025-10-17,Churned,2025-10-17
10745,6745,Monthly,9.99,2025-02-07,,Active,
10746,6746,Monthly,9.99,2025-02-25,2026-01-17,Churned,2026-01-17
10747,6747,Annual,6.99,2025-02-05,,Active,
10748,6748,Monthly,9.99,2025-02-02,2026-07-04,Churned,2026-07-04
10749,6749,Monthly,9.99,2025-02-07,,Active,
10750,6750,Monthly,9.99,2025-02-22,2025-12-20,Churned,2025-12-20
10751,6751,Annual,6.99,2025-02-17,2025-12-26,Churned,2025-12-26
10752,6752,Monthly,9.99,2025-02-10,2025-07-31,Churned,2025-07-31
10753,6753,Annual,6.99,2025-02-19,,Active,
10754,6754,Monthly,9.99,2025-02-19,,Active,
10755,6755,Monthly,9.99,2025-02-16,,Active,
10756,6756,Annual,6.99,2025-02-15,,Active,
10757,6757,Annual,6.99,2025-02-03,2025-10-02,Churned,2025-10-02
10758,6758,Annual,6.99,2025-02-08,2025-06-28,Churned,2025-06-28
10759,6759,Monthly,9.99,2025-02-15,,Active,
10760,6760,Monthly,9.99,2025-02-04,2025-08-16,Churned,2025-08-16
10761,6761,Monthly,9.99,2025-02-14,2026-02-14,Churned,2026-02-14
10762,6762,Annual,6.99,2025-02-04,,Active,
10763,6763,Annual,6.99,2025-02-23,2026-01-01,Churned,2026-01-01
10764,6764,Annual,6.99,2025-02-03,2025-07-03,Churned,2025-07-03
10765,6765,Monthly,9.99,2025-02-03,,Active,
10766,6766,Monthly,9.99,2025-02-18,2025-07-04,Churned,2025-07-04
10767,6767,Monthly,9.99,2025-02-07,2026-06-01,Churned,2026-06-01
10768,6768,Annual,6.99,2025-02-10,,Active,
10769,6769,Monthly,9.99,2025-02-09,,Active,
10770,6770,Annual,6.99,2025-02-07,2025-05-03,CHURNED,2025-05-03
10771,6771,Monthly,9.99,2025-02-22,2025-12-06,Churned,2025-12-06
10772,6772,Monthly,9.99,2025-02-20,2025-05-20,Churned,2025-05-20
10773,6773,Monthly,9.99,2025-02-07,2026-02-02,Churned,2026-02-02
10774,6774,Monthly,9.99,2025-02-20,2025-12-29,Churned,2025-12-29
10775,6775,Annual,6.99,2025-02-20,,Active,
10776,6776,Monthly,9.99,2025-02-16,,Active,
10777,6777,Annual,6.99,2025-02-17,,Active,
10778,6778,Monthly,9.99,2025-02-27,,Active,
10779,6779,Annual,6.99,2025-02-13,2025-08-31,Churned,2025-08-31
10780,6780,Annual,6.99,2025-02-11,,Active,
10781,6781,Annual,6.99,2025-02-16,2025-12-16,churned,2025-12-16
10782,6782,Annual,6.99,2025-02-24,2026-07-03,Churned,2026-07-03
10783,6783,Monthly,9.99,2025-02-20,2025-12-18,Churned,2025-12-18
10784,6784,Monthly,9.99,2025-02-03,,Active,
10785,6785,Annual,6.99,2025-02-13,,Active,
10786,6786,Monthly,9.99,2025-02-21,,Active,
10787,6787,Monthly,0.0,2025-02-07,2025-07-21,Churned,2025-07-21
10788,6788,Annual,6.99,2025-02-28,,Active,
10789,6789,Monthly,9.99,2025-02-23,2026-07-02,Churned,2026-07-02
10790,6790,Monthly,9.99,2025-02-24,,Active,
10791,6791,Monthly,9.99,2025-02-03,2026-02-06,Churned,2026-02-06
10792,6792,Monthly,9.99,2025-02-17,,Active,
10793,6793,Monthly,9.99,2025-02-15,,Active,
10794,6794,Annual,6.99,2025-02-18,2025-07-30,Churned,2025-07-30
10795,6795,Annual,6.99,2025-02-24,,ACTIVE,
10796,6796,Monthly,9.99,2025-02-10,2025-11-21,Churned,2025-11-21
10797,6797,Monthly,9.99,2025-02-15,,Active,
10798,6798,Monthly,9.99,2025-02-20,2025-10-15,Churned,2025-10-15
10799,6799,Annual,6.99,2025-02-22,,Active,
10800,6800,Annual,0.0,2025-02-22,2025-12-22,Churned,2025-12-22
10801,6801,Annual,6.99,2025-02-10,2026-03-23,Churned,2026-03-23
10802,6802,Annual,6.99,2025-02-28,,Active,
10803,6803,Annual,6.99,2025-02-01,2025-10-17,Churned,2025-10-17
10804,6804,Monthly,9.99,2025-02-14,2025-08-15,Churned,2025-08-15
10805,6805,Monthly,9.99,2025-02-18,,Active,
10806,6806,Monthly,9.99,2025-02-02,2025-07-22,Churned,2025-07-22
10807,6807,Monthly,9.99,2025-02-13,,Active,
10808,6808,Annual,6.99,2025-02-17,2026-03-10,Churned,2026-03-10
10809,6809,Monthly,9.99,2025-02-18,,Active,
10810,6810,Annual,6.99,2025-02-04,2026-01-27,Churned,2026-01-27
10811,6811,Monthly,9.99,2025-02-08,2025-05-27,Churned,2025-05-27
10812,6812,Annual,6.99,2025-02-07,2026-02-07,CHURNED,2026-02-07
10813,6813,Monthly,9.99,2025-02-18,,Active,
10814,6814,Monthly,9.99,2025-02-10,2026-01-31,Churned,2026-01-31
10815,6815,Monthly,9.99,2025-02-17,2025-11-04,Churned,2025-11-04
10816,6816,Monthly,9.99,2025-02-21,,Active,
10817,6817,Monthly,9.99,2025-02-23,,Active,
10818,6818,Annual,6.99,2025-02-06,2025-10-24,Churned,2025-10-24
10819,6819,Monthly,9.99,2025-02-26,,Active,
10820,6820,Monthly,9.99,2025-02-05,2026-03-09,Churned,2026-03-09
10821,6821,Monthly,9.99,2025-02-01,2025-12-01,Churned,2025-12-01
10822,6822,Monthly,9.99,2025-02-02,2026-04-13,Churned,2026-04-13
10823,6823,Annual,6.99,2025-02-06,,Active,
10824,6824,Monthly,9.99,2025-02-25,,Active,
10825,6825,Monthly,9.99,2025-02-06,2026-04-12,CHURNED,2026-04-12
10826,6826,Annual,6.99,2025-02-20,,Active,
10827,6827,Annual,6.99,2025-02-12,2025-07-30,Churned,2025-07-30
10828,6828,Annual,6.99,2025-02-02,2026-06-22,churned,2026-06-22
10829,6829,Monthly,9.99,2025-02-13,2026-02-11,Churned,2026-02-11
10830,6830,Annual,6.99,2025-02-01,2026-02-26,Churned,2026-02-26
10831,6831,Annual,6.99,2025-02-14,2025-07-17,Churned,2025-07-17
10832,6832,Annual,6.99,2025-02-16,2026-01-09,Churned,2026-01-09
10833,6833,Monthly,9.99,2025-02-15,2025-11-18,Churned,2025-11-18
10834,6834,Annual,6.99,2025-02-08,,Active,
10835,6835,Annual,6.99,2025-02-22,2025-12-30,Churned,2025-12-30
10836,6836,Monthly,9.99,2025-02-17,2025-12-07,Churned,2025-12-07
10837,6837,Annual,6.99,2025-02-08,2026-07-02,Churned,2026-07-02
10838,6838,Monthly,9.99,2025-02-13,2026-01-04,Churned,2026-01-04
10839,6839,Monthly,9.99,2025-02-04,2025-08-25,Churned,2025-08-25
10840,6840,Monthly,9.99,2025-02-26,2025-11-01,Churned,2025-11-01
10841,6841,Monthly,9.99,2025-02-22,,Active,
10842,6842,Monthly,9.99,2025-02-09,,Active,
10843,6843,Annual,6.99,2025-02-19,2026-02-24,Churned,2026-02-24
10844,6844,Annual,6.99,2025-02-20,2025-11-30,Churned,2025-11-30
10845,6845,Annual,6.99,2025-02-18,2025-10-22,Churned,2025-10-22
10846,6846,Annual,6.99,2025-02-02,2025-11-18,Churned,2025-11-18
10847,6847,Monthly,9.99,2025-02-25,,Active,
10848,6848,Annual,6.99,2025-02-27,,Active,
10849,6849,Annual,6.99,2025-02-28,2025-08-25,Churned,2025-08-25
10850,6850,Monthly,9.99,2025-02-28,2026-01-27,Churned,2026-01-27
10851,6851,Monthly,9.99,2025-02-27,,Active,
10852,6852,Annual,6.99,2025-02-21,,Active,
10853,6853,Annual,6.99,2025-02-02,2025-11-02,Churned,2025-11-02
10854,6854,Annual,6.99,2025-02-14,,Active,
10855,6855,Annual,6.99,2025-02-07,2025-12-25,Churned,2025-12-25
10856,6856,Monthly,9.99,2025-02-07,2025-11-25,Churned,2025-11-25
10857,6857,Monthly,0.0,2025-02-24,,active,
10858,6858,Monthly,9.99,2025-02-23,,Active,
10859,6859,Monthly,9.99,2025-02-15,,Active,
10860,6860,Monthly,9.99,2025-02-21,2026-02-11,Churned,2026-02-11
10861,6861,Monthly,9.99,2025-02-04,,Active,
10862,6862,Annual,6.99,2025-02-07,2025-07-07,Churned,2025-07-07
10863,6863,Annual,6.99,2025-02-25,2025-10-15,Churned,2025-10-15
10864,6864,Monthly,9.99,2025-02-13,2025-12-08,Churned,2025-12-08
10865,6865,Monthly,9.99,2025-02-16,2025-06-18,Churned,2025-06-18
10866,6866,Annual,6.99,2025-02-13,2025-04-09,Churned,2025-04-09
10867,6867,Annual,6.99,2025-02-06,,Active,
10868,6868,Annual,6.99,2025-02-24,2025-12-22,Churned,2025-12-22
10869,6869,Annual,6.99,2025-02-22,,Active,
10870,6870,Monthly,9.99,2025-02-20,2025-10-24,Churned,2025-10-24
10871,6871,Monthly,9.99,2025-02-10,,Active,
10872,6872,Monthly,9.99,2025-02-19,,Active,
10873,6873,Annual,6.99,2025-02-27,,Active,
10874,6874,Annual,0.0,2025-02-19,,Active,
10875,6875,Monthly,9.99,2025-02-14,2025-09-06,CHURNED,2025-09-06
10876,6876,Monthly,9.99,2025-02-08,,Active,
10877,6877,Annual,6.99,2025-02-15,,Active,
10878,6878,Annual,6.99,2025-02-11,2026-03-26,Churned,2026-03-26
10879,6879,Monthly,9.99,2025-02-18,2025-11-11,Churned,2025-11-11
10880,6880,Monthly,9.99,2025-02-02,2025-10-15,Churned,2025-10-15
10881,6881,Monthly,9.99,2025-02-06,2025-11-03,Churned,2025-11-03
10882,6882,Monthly,9.99,2025-02-23,2025-10-31,Churned,2025-10-31
10883,6883,Monthly,9.99,2025-02-11,2025-04-21,Churned,2025-04-21
10884,6884,Monthly,9.99,2025-02-13,2025-09-19,Churned,2025-09-19
10885,6885,Annual,6.99,2025-02-16,,Active,
10886,6886,Monthly,9.99,2025-02-13,2025-03-02,Churned,2025-03-02
10887,6887,Monthly,9.99,2025-02-22,,Active,
10888,6888,Annual,6.99,2025-02-07,,Active,
10889,6889,Monthly,9.99,2025-02-22,,Active,
10890,6890,Monthly,9.99,2025-02-06,2026-02-06,Churned,2026-02-06
10891,6891,Annual,6.99,2025-02-11,2025-05-30,Churned,2025-05-30
10892,6892,Annual,6.99,2025-02-17,2026-05-11,Churned,2026-05-11
10893,6893,Monthly,9.99,2025-02-25,2025-12-23,Churned,2025-12-23
10894,6894,Monthly,9.99,2025-02-07,2025-09-08,Churned,2025-09-08
10895,6895,Monthly,9.99,2025-02-17,,Active,
10896,6896,Monthly,9.99,2025-02-02,2025-04-11,Churned,2025-04-11
10897,6897,Monthly,9.99,2025-02-03,2025-12-29,Churned,2025-12-29
10898,6898,Monthly,9.99,2025-02-22,2025-06-10,Churned,2025-06-10
10899,6899,Monthly,9.99,2025-02-21,,Active,
10900,6900,Monthly,9.99,2025-02-11,2025-11-14,Churned,2025-11-14
10901,6901,Monthly,9.99,2025-02-18,,Active,
10902,6902,Monthly,9.99,2025-02-11,2025-12-19,Churned,2025-12-19
10903,6903,Monthly,9.99,2025-02-08,2025-11-18,Churned,2025-11-18
10904,6904,Annual,6.99,2025-02-13,2026-05-31,Churned,2026-05-31
10905,6905,Monthly,9.99,2025-02-09,,Active,
10906,6906,Monthly,9.99,2025-02-23,,Active,
10907,6907,Annual,6.99,2025-02-12,,Active,
10908,6908,Monthly,9.99,2025-02-09,,Active,
10909,6909,Monthly,9.99,2025-02-16,2025-10-13,Churned,2025-10-13
10910,6910,Annual,6.99,2025-02-22,,Active,
10911,6911,Annual,6.99,2025-02-08,,Active,
10912,6912,Monthly,9.99,2025-02-27,2025-10-23,Churned,2025-10-23
10913,6913,Monthly,9.99,2025-02-13,2025-07-19,Churned,2025-07-19
10914,6914,Annual,6.99,2025-02-19,,Active,
10915,6915,Monthly,9.99,2025-02-27,,Active,
10916,6916,Annual,6.99,2025-02-13,,Active,
10917,6917,Monthly,9.99,2025-02-06,,Active,
10918,6918,Monthly,9.99,2025-02-21,,Active,
10919,6919,Monthly,9.99,2025-02-01,2025-12-10,Churned,2025-12-10
10920,6920,Monthly,9.99,2025-02-13,,Active,
10921,6921,Monthly,9.99,2025-02-28,,Active,
10922,6922,Monthly,0.0,2025-02-12,,Active,
10923,6923,Annual,6.99,2025-02-20,2026-01-16,Churned,2026-01-16
10924,6924,Annual,6.99,2025-02-15,,Active,
10925,6925,Annual,6.99,2025-02-07,2025-04-16,Churned,2025-04-16
10926,6926,Monthly,9.99,2025-02-09,,Active,
10927,6927,Monthly,9.99,2025-02-15,2026-03-25,Churned,2026-03-25
10928,6928,Monthly,9.99,2025-02-03,2026-05-23,Churned,2026-05-23
10929,6929,Annual,6.99,2025-02-12,2026-03-30,Churned,2026-03-30
10930,6930,Annual,6.99,2025-02-12,,Active,
10931,6931,Monthly,9.99,2025-02-24,2025-09-25,Churned,2025-09-25
10932,6932,Monthly,9.99,2025-02-04,,Active,
10933,6933,Annual,6.99,2025-02-24,2025-03-01,Churned,2025-03-01
10934,6934,Annual,6.99,2025-02-12,,Active,
10935,6935,Annual,6.99,2025-02-19,,Active,
10936,6936,Monthly,9.99,2025-02-16,2025-06-11,Churned,2025-06-11
10937,6937,Annual,6.99,2025-02-09,2025-04-27,Churned,2025-04-27
10938,6938,Annual,6.99,2025-02-27,,Active,
10939,6939,Monthly,9.99,2025-02-07,,Active,
10940,6940,Annual,6.99,2025-02-02,2026-02-26,Churned,2026-02-26
10941,6941,Monthly,9.99,2025-02-22,,Active,
10942,6942,Annual,6.99,2025-02-18,,Active,
10943,6943,Monthly,9.99,2025-02-25,,Active,
10944,6944,Monthly,9.99,2025-02-13,2025-11-04,Churned,2025-11-04
10945,6945,Annual,6.99,2025-02-01,2025-09-10,Churned,2025-09-10
10946,6946,Annual,6.99,2025-02-01,2025-10-26,Churned,2025-10-26
10947,6947,Monthly,9.99,2025-02-13,,Active,
10948,6948,Monthly,9.99,2025-02-07,2025-07-18,Churned,2025-07-18
10949,6949,Annual,6.99,2025-02-26,,Active,
10950,6950,Annual,6.99,2025-02-04,2026-01-16,Churned,2026-01-16
10951,6951,Annual,6.99,2025-02-25,2025-08-19,Churned,2025-08-19
10952,6952,Monthly,9.99,2025-02-07,,Active,
10953,6953,Monthly,9.99,2025-02-04,,Active,
10954,6954,Monthly,9.99,2025-02-08,,Active,
10955,6955,Annual,6.99,2025-02-05,2026-01-06,Churned,2026-01-06
10956,6956,Monthly,9.99,2025-02-12,,Active,
10957,6957,Monthly,9.99,2025-02-10,2026-07-01,Churned,2026-07-01
10958,6958,Annual,6.99,2025-02-15,,Active,
10959,6959,Annual,6.99,2025-02-16,2026-06-24,Churned,2026-06-24
10960,6960,Monthly,9.99,2025-02-01,2025-04-28,Churned,2025-04-28
10961,6961,Monthly,9.99,2025-02-04,2025-11-14,Churned,2025-11-14
10962,6962,Monthly,9.99,2025-02-05,,Active,
10963,6963,Monthly,9.99,2025-02-06,2025-11-03,churned,2025-11-03
10964,6964,Monthly,9.99,2025-02-03,2025-04-24,Churned,2025-04-24
10965,6965,Annual,6.99,2025-02-09,,Active,
10966,6966,Annual,6.99,2025-02-16,,Active,
10967,6967,Annual,6.99,2025-02-09,2025-12-03,Churned,2025-12-03
10968,6968,Monthly,9.99,2025-02-10,,Active,
10969,6969,Monthly,9.99,2025-02-14,,Active,
10970,6970,Annual,6.99,2025-02-16,,Active,
10971,6971,Annual,6.99,2025-02-10,,Active,
10972,6972,Monthly,9.99,2025-02-07,2025-06-05,Churned,2025-06-05
10973,6973,Monthly,9.99,2025-02-12,,Active,
10974,6974,Monthly,9.99,2025-02-01,,Active,
10975,6975,Annual,6.99,2025-02-14,,Active,
10976,6976,Monthly,9.99,2025-02-27,2026-03-13,Churned,2026-03-13
10977,6977,Monthly,9.99,2025-02-12,2025-11-11,Churned,2025-11-11
10978,6978,Monthly,9.99,2025-02-04,2025-03-14,Churned,2025-03-14
10979,6979,Monthly,9.99,2025-02-20,,Active,
10980,6980,Monthly,9.99,2025-02-04,,active,
10981,6981,Monthly,9.99,2025-02-06,2025-10-02,Churned,2025-10-02
10982,6982,Monthly,9.99,2025-02-05,2026-02-09,Churned,2026-02-09
10983,6983,Monthly,0.0,2025-02-25,,Active,
10984,6984,Monthly,9.99,2025-02-28,2025-11-01,Churned,2025-11-01
10985,6985,Monthly,9.99,2025-02-16,,Active,
10986,6986,Monthly,9.99,2025-02-18,,Active,
10987,6987,Annual,6.99,2025-02-19,,Active,
10988,6988,Annual,6.99,2025-02-18,,Active,
10989,6989,Monthly,9.99,2025-02-16,,Active,
10990,6990,Monthly,9.99,2025-02-28,2025-11-05,Churned,2025-11-05
10991,6991,Monthly,9.99,2025-02-21,,Active,
10992,6992,Monthly,9.99,2025-02-03,2026-03-24,Churned,2026-03-24
10993,6993,Monthly,9.99,2025-02-11,,Active,
10994,6994,Monthly,9.99,2025-02-28,2025-11-16,Churned,2025-11-16
10995,6995,Annual,6.99,2025-02-12,,Active,
10996,6996,Annual,6.99,2025-02-06,,Active,
10997,6997,Monthly,9.99,2025-02-25,,Active,
10998,6998,Annual,6.99,2025-02-18,2026-06-17,Churned,2026-06-17
10999,6999,Monthly,9.99,2025-02-16,,Active,
11000,7000,Monthly,9.99,2025-02-12,2026-03-09,Churned,2026-03-09
11001,7001,Monthly,9.99,2025-02-04,2025-10-11,Churned,2025-10-11
11002,7002,Annual,6.99,2025-02-11,2026-02-01,Churned,2026-02-01
11003,7003,Monthly,9.99,2025-02-13,2026-03-16,Churned,2026-03-16
11004,7004,Annual,6.99,2025-02-27,2025-10-24,Churned,2025-10-24
11005,7005,Monthly,9.99,2025-02-09,2025-08-28,Churned,2025-08-28
11006,7006,Annual,6.99,2025-02-05,,Active,
11007,7007,Monthly,9.99,2025-02-12,2025-07-05,Churned,2025-07-05
11008,7008,Monthly,9.99,2025-02-28,2025-06-20,Churned,2025-06-20
11009,7009,Annual,6.99,2025-02-14,2026-05-01,Churned,2026-05-01
11010,7010,Annual,6.99,2025-02-11,2025-12-25,Churned,2025-12-25
11011,7011,Monthly,9.99,2025-02-19,2025-12-27,Churned,2025-12-27
11012,7012,Annual,6.99,2025-02-19,,Active,
11013,7013,Annual,6.99,2025-02-09,2025-03-07,Churned,2025-03-07
11014,7014,Monthly,9.99,2025-02-28,,Active,
11015,7015,Monthly,9.99,2025-02-17,2026-05-10,Churned,2026-05-10
11016,7016,Monthly,9.99,2025-02-02,,Active,
11017,7017,Monthly,9.99,2025-02-12,,Active,
11018,7018,Monthly,9.99,2025-02-26,,Active,
11019,7019,Monthly,9.99,2025-02-12,2026-01-23,Churned,2026-01-23
11020,7020,Monthly,9.99,2025-02-16,,Active,
11021,7021,Monthly,9.99,2025-02-18,,Active,
11022,7022,Annual,6.99,2025-02-20,2025-03-30,Churned,2025-03-30
11023,7023,Annual,6.99,2025-02-25,,Active,
11024,7024,Monthly,9.99,2025-02-05,,Active,
11025,7025,Annual,6.99,2025-02-15,2025-05-10,Churned,2025-05-10
11026,7026,Monthly,9.99,2025-02-15,2025-11-28,Churned,2025-11-28
11027,7027,Annual,6.99,2025-02-05,,Active,
11028,7028,Monthly,9.99,2025-02-19,,Active,
11029,7029,Annual,0.0,2025-02-04,2025-12-18,Churned,2025-12-18
11030,7030,Monthly,9.99,2025-02-13,,Active,
11031,7031,Monthly,9.99,2025-02-10,2026-07-03,Churned,2026-07-03
11032,7032,Monthly,9.99,2025-02-05,2025-12-23,Churned,2025-12-23
11033,7033,Annual,6.99,2025-02-24,,Active,
11034,7034,Annual,6.99,2025-02-07,2025-09-11,Churned,2025-09-11
11035,7035,Monthly,9.99,2025-02-08,,Active,
11036,7036,Annual,6.99,2025-02-24,2026-06-15,Churned,2026-06-15
11037,7037,Monthly,9.99,2025-02-25,,Active,
11038,7038,Annual,6.99,2025-02-01,2025-08-16,Churned,2025-08-16
11039,7039,Annual,6.99,2025-02-08,,Active,
11040,7040,Monthly,0.0,2025-02-20,2026-03-18,Churned,2026-03-18
11041,7041,Monthly,9.99,2025-02-22,2025-07-10,Churned,2025-07-10
11042,7042,Annual,6.99,2025-02-28,2025-07-22,Churned,2025-07-22
11043,7043,Monthly,9.99,2025-02-16,2026-05-13,Churned,2026-05-13
11044,7044,Annual,6.99,2025-02-01,2025-10-19,Churned,2025-10-19
11045,7045,Monthly,9.99,2025-02-25,,Active,
11046,7046,Monthly,9.99,2025-02-05,2026-07-02,Churned,2026-07-02
11047,7047,Monthly,9.99,2025-02-04,2026-03-07,Churned,2026-03-07
11048,7048,Monthly,9.99,2025-02-19,,Active,
11049,7049,Annual,6.99,2025-02-17,2026-01-17,Churned,2026-01-17
11050,7050,Monthly,0.0,2025-02-02,,Active,
11051,7051,Monthly,9.99,2025-02-05,2025-11-14,Churned,2025-11-14
11052,7052,Monthly,9.99,2025-02-17,,Active,
11053,7053,Monthly,9.99,2025-02-08,2025-06-06,Churned,2025-06-06
11054,7054,Monthly,9.99,2025-02-20,,active,
11055,7055,Monthly,9.99,2025-02-12,2026-01-10,Churned,2026-01-10
11056,7056,Monthly,9.99,2025-02-17,,Active,
11057,7057,Monthly,9.99,2025-02-14,2025-03-25,Churned,2025-03-25
11058,7058,Monthly,9.99,2025-02-11,,Active,
11059,7059,Monthly,9.99,2025-02-10,,Active,
11060,7060,Monthly,9.99,2025-02-20,,Active,
11061,7061,Annual,6.99,2025-02-15,,Active,
11062,7062,Monthly,9.99,2025-02-17,2026-06-15,Churned,2026-06-15
11063,7063,Annual,6.99,2025-02-17,2025-09-09,Churned,2025-09-09
11064,7064,Monthly,9.99,2025-02-06,,Active,
11065,7065,Annual,6.99,2025-02-26,2026-01-17,Churned,2026-01-17
11066,7066,Annual,6.99,2025-02-16,2025-12-29,Churned,2025-12-29
11067,7067,Monthly,9.99,2025-02-21,2025-03-24,Churned,2025-03-24
11068,7068,Monthly,9.99,2025-02-25,,Active,
11069,7069,Monthly,9.99,2025-02-26,2025-08-28,Churned,2025-08-28
11070,7070,Monthly,9.99,2025-02-19,,Active,
11071,7071,Annual,6.99,2025-02-23,,Active,
11072,7072,Monthly,9.99,2025-02-14,,Active,
11073,7073,Monthly,9.99,2025-02-21,2025-08-10,Churned,2025-08-10
11074,7074,Monthly,9.99,2025-02-10,2026-03-02,Churned,2026-03-02
11075,7075,Monthly,9.99,2025-02-20,2025-11-05,Churned,2025-11-05
11076,7076,Annual,6.99,2025-02-03,,Active,
11077,7077,Monthly,9.99,2025-02-26,,Active,
11078,7078,Monthly,9.99,2025-02-07,2026-03-12,Churned,2026-03-12
11079,7079,Annual,6.99,2025-02-19,2026-01-23,Churned,2026-01-23
11080,7080,Monthly,9.99,2025-02-01,,Active,
11081,7081,Monthly,9.99,2025-02-05,,Active,
11082,7082,Annual,6.99,2025-02-28,2025-05-27,Churned,2025-05-27
11083,7083,Monthly,9.99,2025-02-24,,Active,
11084,7084,Annual,6.99,2025-02-07,2025-09-17,Churned,2025-09-17
11085,7085,Annual,6.99,2025-02-04,2026-04-09,Churned,2026-04-09
11086,7086,Monthly,9.99,2025-02-23,2025-10-19,Churned,2025-10-19
11087,7087,Annual,6.99,2025-02-28,2026-01-02,Churned,2026-01-02
11088,7088,Annual,6.99,2025-02-05,2026-03-10,Churned,2026-03-10
11089,7089,Monthly,9.99,2025-02-19,,Active,
11090,7090,Annual,6.99,2025-02-08,,Active,
11091,7091,Monthly,9.99,2025-02-21,,Active,
11092,7092,Monthly,9.99,2025-02-12,2025-10-28,Churned,2025-10-28
11093,7093,Annual,6.99,2025-02-04,,Active,
11094,7094,Monthly,9.99,2025-02-10,,Active,
11095,7095,Annual,6.99,2025-02-16,2025-04-29,Churned,2025-04-29
11096,7096,Monthly,9.99,2025-02-23,2025-03-30,Churned,2025-03-30
11097,7097,Annual,6.99,2025-02-01,2025-07-16,CHURNED,2025-07-16
11098,7098,Monthly,9.99,2025-02-27,,Active,
11099,7099,Annual,6.99,2025-02-19,2026-01-20,Churned,2026-01-20
11100,7100,Monthly,0.0,2025-02-25,,Active,
11101,7101,Annual,6.99,2025-02-27,,Active,
11102,7102,Annual,6.99,2025-02-05,2025-12-14,Churned,2025-12-14
11103,7103,Monthly,9.99,2025-02-03,2025-09-18,CHURNED,2025-09-18
11104,7104,Monthly,9.99,2025-02-22,,Active,
11105,7105,Monthly,9.99,2025-02-06,2026-01-12,Churned,2026-01-12
11106,7106,Annual,6.99,2025-02-05,,Active,
11107,7107,Annual,6.99,2025-02-14,2025-10-28,Churned,2025-10-28
11108,7108,Monthly,9.99,2025-02-26,2025-10-25,Churned,2025-10-25
11109,7109,Monthly,9.99,2025-02-23,,Active,
11110,7110,Monthly,9.99,2025-02-15,2026-01-06,churned,2026-01-06
11111,7111,Monthly,9.99,2025-02-06,2025-08-15,Churned,2025-08-15
11112,7112,Monthly,9.99,2025-02-10,2025-11-10,Churned,2025-11-10
11113,7113,Annual,6.99,2025-02-20,,Active,
11114,7114,Monthly,9.99,2025-02-05,,Active,
11115,7115,Monthly,9.99,2025-02-15,,Active,
11116,7116,Annual,6.99,2025-02-01,,Active,
11117,7117,Monthly,9.99,2025-02-10,2025-10-22,Churned,2025-10-22
11118,7118,Annual,6.99,2025-02-07,,Active,
11119,7119,Annual,6.99,2025-02-20,2025-04-19,Churned,2025-04-19
11120,7120,Monthly,9.99,2025-02-26,2026-07-06,Churned,2026-07-06
11121,7121,Annual,6.99,2025-02-05,,Active,
11122,7122,Monthly,9.99,2025-02-23,,Active,
11123,7123,Annual,6.99,2025-02-19,,Active,
11124,7124,Annual,6.99,2025-02-28,,Active,
11125,7125,Annual,6.99,2025-02-26,2025-10-19,Churned,2025-10-19
11126,7126,Annual,6.99,2025-02-03,2025-07-21,Churned,2025-07-21
11127,7127,Monthly,9.99,2025-02-21,,Active,
11128,7128,Annual,6.99,2025-02-17,,Active,
11129,7129,Monthly,9.99,2025-02-04,2025-12-15,Churned,2025-12-15
11130,7130,Monthly,9.99,2025-02-08,2025-12-12,Churned,2025-12-12
11131,7131,Monthly,9.99,2025-02-26,2026-02-05,Churned,2026-02-05
11132,7132,Annual,6.99,2025-02-16,2025-05-18,Churned,2025-05-18
11133,7133,Monthly,9.99,2025-02-10,2025-03-18,Churned,2025-03-18
11134,7134,Monthly,9.99,2025-02-09,2025-07-31,Churned,2025-07-31
11135,7135,Monthly,9.99,2025-02-24,,Active,
11136,7136,Annual,6.99,2025-02-08,,Active,
11137,7137,Monthly,9.99,2025-02-05,2025-07-17,Churned,2025-07-17
11138,7138,Monthly,9.99,2025-02-17,,Active,
11139,7139,Annual,6.99,2025-02-28,,Active,
11140,7140,Annual,6.99,2025-02-06,,Active,
11141,7141,Monthly,9.99,2025-02-08,2026-01-08,Churned,2026-01-08
11142,7142,Annual,6.99,2025-02-14,,Active,
11143,7143,Annual,6.99,2025-02-06,,Active,
11144,7144,Annual,6.99,2025-02-19,2025-10-29,Churned,2025-10-29
11145,7145,Monthly,9.99,2025-02-08,,Active,
11146,7146,Monthly,9.99,2025-02-04,,ACTIVE,
11147,7147,Annual,6.99,2025-02-08,2025-11-11,Churned,2025-11-11
11148,7148,Monthly,9.99,2025-02-27,,Active,
11149,7149,Monthly,9.99,2025-02-27,2025-11-25,Churned,2025-11-25
11150,7150,Annual,6.99,2025-02-15,2025-10-13,Churned,2025-10-13
11151,7151,Monthly,9.99,2025-02-12,2026-02-22,Churned,2026-02-22
11152,7152,Annual,6.99,2025-02-23,,Active,
11153,7153,Annual,6.99,2025-02-06,,Active,
11154,7154,Monthly,0.0,2025-02-19,,Active,
11155,7155,Monthly,9.99,2025-02-20,,ACTIVE,
11156,7156,Annual,6.99,2025-02-20,,Active,
11157,7157,Monthly,9.99,2025-02-07,2025-10-17,Churned,2025-10-17
11158,7158,Monthly,9.99,2025-02-21,,Active,
11159,7159,Annual,6.99,2025-02-18,2026-03-10,Churned,2026-03-10
11160,7160,Monthly,9.99,2025-02-25,2025-12-18,CHURNED,2025-12-18
11161,7161,Monthly,9.99,2025-02-05,2026-03-10,Churned,2026-03-10
11162,7162,Annual,6.99,2025-02-18,,Active,
11163,7163,Monthly,9.99,2025-02-24,2026-03-15,Churned,2026-03-15
11164,7164,Monthly,9.99,2025-02-08,2026-02-14,Churned,2026-02-14
11165,7165,Annual,6.99,2025-02-21,,Active,
11166,7166,Monthly,9.99,2025-02-03,2025-07-21,Churned,2025-07-21
11167,7167,Monthly,9.99,2025-02-21,2025-06-25,Churned,2025-06-25
11168,7168,Monthly,9.99,2025-02-17,,Active,
11169,7169,Monthly,9.99,2025-02-06,2025-10-01,Churned,2025-10-01
11170,7170,Monthly,9.99,2025-02-02,2025-05-03,Churned,2025-05-03
11171,7171,Annual,6.99,2025-02-21,,Active,
11172,7172,Monthly,9.99,2025-02-07,2026-03-30,Churned,2026-03-30
11173,7173,Monthly,9.99,2025-02-14,2025-08-03,Churned,2025-08-03
11174,7174,Monthly,9.99,2025-02-02,2025-12-22,Churned,2025-12-22
11175,7175,Monthly,9.99,2025-02-27,2025-12-20,Churned,2025-12-20
11176,7176,Annual,6.99,2025-02-16,,Active,
11177,7177,Annual,6.99,2025-02-27,2025-10-05,Churned,2025-10-05
11178,7178,Monthly,9.99,2025-02-05,,Active,
11179,7179,Annual,6.99,2025-02-06,2025-10-30,Churned,2025-10-30
11180,7180,Monthly,9.99,2025-02-18,,Active,
11181,7181,Monthly,9.99,2025-02-17,,Active,
11182,7182,Annual,6.99,2025-02-23,,Active,
11183,7183,Annual,6.99,2025-02-26,2025-11-23,Churned,2025-11-23
11184,7184,Monthly,0.0,2025-02-24,2025-06-11,Churned,2025-06-11
11185,7185,Annual,6.99,2025-02-04,,Active,
11186,7186,Monthly,9.99,2025-02-09,,Active,
11187,7187,Monthly,9.99,2025-02-26,,Active,
11188,7188,Annual,6.99,2025-02-16,,Active,
11189,7189,Annual,6.99,2025-02-25,2025-12-22,Churned,2025-12-22
11190,7190,Monthly,9.99,2025-02-16,2026-01-01,Churned,2026-01-01
11191,7191,Annual,6.99,2025-02-02,,Active,
11192,7192,Monthly,9.99,2025-02-14,2025-03-31,Churned,2025-03-31
11193,7193,Annual,6.99,2025-02-24,2026-05-25,Churned,2026-05-25
11194,7194,Annual,6.99,2025-02-19,2025-06-05,Churned,2025-06-05
11195,7195,Monthly,9.99,2025-02-04,2026-05-20,Churned,2026-05-20
11196,7196,Annual,6.99,2025-02-06,,Active,
11197,7197,Annual,6.99,2025-02-24,2026-03-16,Churned,2026-03-16
11198,7198,Monthly,9.99,2025-02-28,,Active,
11199,7199,Monthly,9.99,2025-02-22,,Active,
11200,7200,Annual,6.99,2025-02-03,2026-06-27,Churned,2026-06-27
11201,7201,Annual,6.99,2025-02-18,,Active,
11202,7202,Monthly,9.99,2025-02-24,2025-09-08,Churned,2025-09-08
11203,7203,Monthly,9.99,2025-02-18,,Active,
11204,7204,Monthly,9.99,2025-02-17,2026-05-30,Churned,2026-05-30
11205,7205,Monthly,9.99,2025-02-14,,Active,
11206,7206,Monthly,9.99,2025-02-07,,Active,
11207,7207,Monthly,9.99,2025-02-08,2025-11-15,Churned,2025-11-15
11208,7208,Annual,6.99,2025-02-21,,Active,
11209,7209,Monthly,9.99,2025-02-02,2025-07-08,Churned,2025-07-08
11210,7210,Monthly,9.99,2025-02-03,2026-06-28,Churned,2026-06-28
11211,7211,Monthly,9.99,2025-02-12,,Active,
11212,7212,Monthly,9.99,2025-02-22,,Active,
11213,7213,Annual,6.99,2025-02-19,2025-03-27,Churned,2025-03-27
11214,7214,Monthly,9.99,2025-02-17,,Active,
11215,7215,Monthly,9.99,2025-02-15,2025-12-08,Churned,2025-12-08
11216,7216,Monthly,9.99,2025-02-04,,Active,
11217,7217,Monthly,9.99,2025-02-10,2025-07-26,Churned,2025-07-26
11218,7218,Monthly,9.99,2025-02-03,2026-02-27,Churned,2026-02-27
11219,7219,Annual,6.99,2025-02-22,,Active,
11220,7220,Monthly,9.99,2025-02-22,,Active,
11221,7221,Monthly,9.99,2025-02-08,,Active,
11222,7222,Monthly,9.99,2025-02-09,,Active,
11223,7223,Monthly,9.99,2025-02-09,2026-05-14,Churned,2026-05-14
11224,7224,Monthly,9.99,2025-02-25,,Active,
11225,7225,Monthly,9.99,2025-02-14,2025-11-09,Churned,2025-11-09
11226,7226,Monthly,9.99,2025-02-22,2025-04-27,Churned,2025-04-27
11227,7227,Annual,6.99,2025-02-13,2025-09-11,Churned,2025-09-11
11228,7228,Monthly,9.99,2025-02-20,2026-07-01,Churned,2026-07-01
11229,7229,Monthly,9.99,2025-02-15,2025-11-22,Churned,2025-11-22
11230,7230,Monthly,9.99,2025-02-08,2025-10-06,Churned,2025-10-06
11231,7231,Monthly,9.99,2025-02-25,,Active,
11232,7232,Annual,6.99,2025-02-20,2026-02-25,Churned,2026-02-25
11233,7233,Monthly,9.99,2025-02-22,2025-03-22,Churned,2025-03-22
11234,7234,Monthly,9.99,2025-02-27,2025-09-14,Churned,2025-09-14
11235,7235,Monthly,9.99,2025-02-07,,Active,
11236,7236,Annual,6.99,2025-02-03,2026-02-13,Churned,2026-02-13
11237,7237,Monthly,9.99,2025-02-17,,Active,
11238,7238,Annual,6.99,2025-02-10,2026-01-11,Churned,2026-01-11
11239,7239,Monthly,9.99,2025-02-13,2026-07-06,Churned,2026-07-06
11240,7240,Monthly,9.99,2025-02-07,,Active,
11241,7241,Annual,6.99,2025-02-12,2026-04-27,Churned,2026-04-27
11242,7242,Monthly,9.99,2025-02-12,2026-07-03,Churned,2026-07-03
11243,7243,Monthly,9.99,2025-02-10,2025-12-04,Churned,2025-12-04
11244,7244,Monthly,9.99,2025-02-21,,Active,
11245,7245,Annual,6.99,2025-02-17,2025-10-25,Churned,2025-10-25
11246,7246,Monthly,9.99,2025-02-14,,Active,
11247,7247,Annual,6.99,2025-02-04,2025-09-09,Churned,2025-09-09
11248,7248,Monthly,9.99,2025-02-16,2025-11-17,Churned,2025-11-17
11249,7249,Monthly,9.99,2025-02-05,,Active,
11250,7250,Annual,6.99,2025-02-09,2026-01-03,Churned,2026-01-03
11251,7251,Monthly,9.99,2025-03-28,,Active,
11252,7252,Annual,6.99,2025-03-19,,Active,
11253,7253,Annual,6.99,2025-03-11,2026-03-03,churned,2026-03-03
11254,7254,Monthly,9.99,2025-03-23,2025-10-31,Churned,2025-10-31
11255,7255,Monthly,9.99,2025-03-20,2025-11-24,Churned,2025-11-24
11256,7256,Annual,6.99,2025-03-24,2026-01-10,Churned,2026-01-10
11257,7257,Monthly,9.99,2025-03-03,2025-11-04,Churned,2025-11-04
11258,7258,Annual,6.99,2025-03-02,2025-07-14,Churned,2025-07-14
11259,7259,Monthly,9.99,2025-03-20,,Active,
11260,7260,Annual,6.99,2025-03-10,2025-07-06,Churned,2025-07-06
11261,7261,Monthly,9.99,2025-03-08,2026-03-13,Churned,2026-03-13
11262,7262,Monthly,9.99,2025-03-14,,Active,
11263,7263,Annual,6.99,2025-03-23,,Active,
11264,7264,Monthly,9.99,2025-03-06,,Active,
11265,7265,Annual,6.99,2025-03-31,,Active,
11266,7266,Annual,6.99,2025-03-14,,Active,
11267,7267,Annual,6.99,2025-03-05,,Active,
11268,7268,Annual,6.99,2025-03-03,2025-12-05,Churned,2025-12-05
11269,7269,Monthly,9.99,2025-03-27,2026-01-17,Churned,2026-01-17
11270,7270,Annual,6.99,2025-03-04,,Active,
11271,7271,Monthly,9.99,2025-03-13,2026-03-18,Churned,2026-03-18
11272,7272,Annual,6.99,2025-03-21,2026-02-05,Churned,2026-02-05
11273,7273,Monthly,9.99,2025-03-16,,Active,
11274,7274,Monthly,9.99,2025-03-09,,Active,
11275,7275,Monthly,9.99,2025-03-04,2026-01-06,Churned,2026-01-06
11276,7276,Annual,6.99,2025-03-23,2025-06-02,Churned,2025-06-02
11277,7277,Annual,6.99,2025-03-16,,Active,
11278,7278,Monthly,9.99,2025-03-02,2025-11-08,Churned,2025-11-08
11279,7279,Monthly,0.0,2025-03-06,,Active,
11280,7280,Monthly,9.99,2025-03-18,2026-01-22,Churned,2026-01-22
11281,7281,Annual,6.99,2025-03-06,,Active,
11282,7282,Annual,6.99,2025-03-13,2025-10-04,Churned,2025-10-04
11283,7283,Monthly,9.99,2025-03-04,,Active,
11284,7284,Monthly,9.99,2025-03-25,2026-02-27,Churned,2026-02-27
11285,7285,Monthly,9.99,2025-03-20,,active,
11286,7286,Annual,6.99,2025-03-25,2026-01-12,Churned,2026-01-12
11287,7287,Annual,6.99,2025-03-02,,Active,
11288,7288,Monthly,9.99,2025-03-12,,Active,
11289,7289,Monthly,9.99,2025-03-09,2025-10-29,Churned,2025-10-29
11290,7290,Annual,6.99,2025-03-20,2026-01-04,Churned,2026-01-04
11291,7291,Monthly,9.99,2025-03-26,2025-08-21,Churned,2025-08-21
11292,7292,Monthly,9.99,2025-03-08,,Active,
11293,7293,Annual,6.99,2025-03-24,,Active,
11294,7294,Monthly,9.99,2025-03-18,,Active,
11295,7295,Monthly,9.99,2025-03-26,2026-03-16,Churned,2026-03-16
11296,7296,Monthly,9.99,2025-03-03,2026-06-22,Churned,2026-06-22
11297,7297,Monthly,9.99,2025-03-31,2026-01-28,Churned,2026-01-28
11298,7298,Monthly,9.99,2025-03-14,2026-01-19,Churned,2026-01-19
11299,7299,Annual,6.99,2025-03-09,2026-04-12,Churned,2026-04-12
11300,7300,Monthly,9.99,2025-03-06,,Active,
11301,7301,Monthly,9.99,2025-03-31,2025-11-06,Churned,2025-11-06
11302,7302,Monthly,9.99,2025-03-28,2025-12-02,Churned,2025-12-02
11303,7303,Monthly,9.99,2025-03-05,,Active,
11304,7304,Monthly,9.99,2025-03-14,2026-03-02,Churned,2026-03-02
11305,7305,Monthly,9.99,2025-03-23,,active,
11306,7306,Monthly,9.99,2025-03-19,,Active,
11307,7307,Monthly,9.99,2025-03-06,,Active,
11308,7308,Monthly,9.99,2025-03-12,,Active,
11309,7309,Monthly,9.99,2025-03-12,2026-04-09,Churned,2026-04-09
11310,7310,Annual,6.99,2025-03-09,,Active,
11311,7311,Monthly,9.99,2025-03-30,2025-07-11,Churned,2025-07-11
11312,7312,Monthly,9.99,2025-03-07,2025-12-11,Churned,2025-12-11
11313,7313,Annual,6.99,2025-03-22,2025-11-24,Churned,2025-11-24
11314,7314,Monthly,9.99,2025-03-29,2025-12-26,Churned,2025-12-26
11315,7315,Annual,6.99,2025-03-25,,Active,
11316,7316,Annual,6.99,2025-03-25,2026-02-05,Churned,2026-02-05
11317,7317,Annual,6.99,2025-03-05,,Active,
11318,7318,Annual,6.99,2025-03-05,,Active,
11319,7319,Annual,6.99,2025-03-25,2026-04-20,Churned,2026-04-20
11320,7320,Monthly,9.99,2025-03-24,,Active,
11321,7321,Monthly,9.99,2025-03-23,,Active,
11322,7322,Annual,6.99,2025-03-13,,Active,
11323,7323,Annual,6.99,2025-03-17,2026-04-12,Churned,2026-04-12
11324,7324,Monthly,9.99,2025-03-01,2025-06-28,Churned,2025-06-28
11325,7325,Annual,6.99,2025-03-10,,Active,
11326,7326,Monthly,9.99,2025-03-17,2025-08-04,Churned,2025-08-04
11327,7327,Monthly,9.99,2025-03-04,,Active,
11328,7328,Monthly,9.99,2025-03-05,,ACTIVE,
11329,7329,Monthly,9.99,2025-03-02,2025-05-24,Churned,2025-05-24
11330,7330,Monthly,9.99,2025-03-07,2025-05-23,Churned,2025-05-23
11331,7331,Monthly,9.99,2025-03-31,,Active,
11332,7332,Monthly,9.99,2025-03-22,2025-12-05,Churned,2025-12-05
11333,7333,Annual,6.99,2025-03-30,2025-04-25,Churned,2025-04-25
11334,7334,Annual,6.99,2025-03-08,2025-08-21,Churned,2025-08-21
11335,7335,Annual,6.99,2025-03-19,,Active,
11336,7336,Monthly,9.99,2025-03-28,,Active,
11337,7337,Monthly,9.99,2025-03-11,2026-03-15,Churned,2026-03-15
11338,7338,Annual,6.99,2025-03-21,,Active,
11339,7339,Annual,6.99,2025-03-22,2025-08-11,Churned,2025-08-11
11340,7340,Monthly,9.99,2025-03-26,,Active,
11341,7341,Monthly,9.99,2025-03-31,,Active,
11342,7342,Monthly,9.99,2025-03-20,2025-12-18,Churned,2025-12-18
11343,7343,Monthly,0.0,2025-03-19,,Active,
11344,7344,Annual,0.0,2025-03-27,,Active,
11345,7345,Monthly,9.99,2025-03-22,,Active,
11346,7346,Monthly,9.99,2025-03-12,2026-01-03,Churned,2026-01-03
11347,7347,Monthly,9.99,2025-03-20,,ACTIVE,
11348,7348,Monthly,9.99,2025-03-18,,Active,
11349,7349,Monthly,9.99,2025-03-08,,Active,
11350,7350,Annual,6.99,2025-03-16,,Active,
11351,7351,Monthly,9.99,2025-03-20,,Active,
11352,7352,Monthly,9.99,2025-03-29,,Active,
11353,7353,Monthly,9.99,2025-03-18,2026-02-14,Churned,2026-02-14
11354,7354,Monthly,9.99,2025-03-06,2026-06-14,Churned,2026-06-14
11355,7355,Monthly,9.99,2025-03-31,,Active,
11356,7356,Annual,6.99,2025-03-18,2026-01-03,Churned,2026-01-03
11357,7357,Monthly,9.99,2025-03-09,,Active,
11358,7358,Monthly,9.99,2025-03-24,,Active,
11359,7359,Annual,6.99,2025-03-12,2025-06-02,Churned,2025-06-02
11360,7360,Monthly,9.99,2025-03-12,,Active,
11361,7361,Monthly,9.99,2025-03-27,2026-03-16,Churned,2026-03-16
11362,7362,Monthly,9.99,2025-03-27,,Active,
11363,7363,Monthly,9.99,2025-03-17,2025-09-13,Churned,2025-09-13
11364,7364,Monthly,0.0,2025-03-12,2026-02-28,Churned,2026-02-28
11365,7365,Monthly,9.99,2025-03-27,2026-02-22,Churned,2026-02-22
11366,7366,Monthly,9.99,2025-03-06,,Active,
11367,7367,Monthly,9.99,2025-03-24,,Active,
11368,7368,Annual,6.99,2025-03-19,2026-01-27,Churned,2026-01-27
11369,7369,Monthly,9.99,2025-03-27,2026-01-15,Churned,2026-01-15
11370,7370,Monthly,9.99,2025-03-14,,Active,
11371,7371,Monthly,9.99,2025-03-26,,Active,
11372,7372,Monthly,9.99,2025-03-01,2026-06-02,Churned,2026-06-02
11373,7373,Annual,6.99,2025-03-24,2026-01-16,Churned,2026-01-16
11374,7374,Monthly,9.99,2025-03-03,2026-06-22,Churned,2026-06-22
11375,7375,Annual,6.99,2025-03-20,,Active,
11376,7376,Annual,6.99,2025-03-07,,Active,
11377,7377,Monthly,9.99,2025-03-30,2025-12-12,Churned,2025-12-12
11378,7378,Annual,6.99,2025-03-24,2025-09-23,churned,2025-09-23
11379,7379,Monthly,9.99,2025-03-04,2026-02-25,Churned,2026-02-25
11380,7380,Annual,6.99,2025-03-28,2026-02-24,Churned,2026-02-24
11381,7381,Monthly,9.99,2025-03-08,2025-10-13,Churned,2025-10-13
11382,7382,Monthly,9.99,2025-03-17,2025-10-11,Churned,2025-10-11
11383,7383,Annual,6.99,2025-03-03,2025-10-04,Churned,2025-10-04
11384,7384,Monthly,9.99,2025-03-04,,Active,
11385,7385,Monthly,9.99,2025-03-08,2026-02-23,Churned,2026-02-23
11386,7386,Monthly,9.99,2025-03-17,,Active,
11387,7387,Monthly,9.99,2025-03-17,,Active,
11388,7388,Monthly,9.99,2025-03-27,2025-12-10,Churned,2025-12-10
11389,7389,Monthly,9.99,2025-03-06,2025-10-09,Churned,2025-10-09
11390,7390,Annual,6.99,2025-03-24,2026-04-01,Churned,2026-04-01
11391,7391,Annual,6.99,2025-03-01,2025-07-11,Churned,2025-07-11
11392,7392,Monthly,9.99,2025-03-10,,Active,
11393,7393,Monthly,9.99,2025-03-06,,Active,
11394,7394,Monthly,9.99,2025-03-04,,Active,
11395,7395,Monthly,9.99,2025-03-19,,Active,
11396,7396,Annual,6.99,2025-03-28,,Active,
11397,7397,Monthly,9.99,2025-03-21,2026-02-24,Churned,2026-02-24
11398,7398,Annual,6.99,2025-03-27,2026-02-10,Churned,2026-02-10
11399,7399,Monthly,9.99,2025-03-19,,Active,
11400,7400,Annual,6.99,2025-03-02,,Active,
11401,7401,Annual,6.99,2025-03-11,2026-01-05,Churned,2026-01-05
11402,7402,Monthly,9.99,2025-03-26,2025-11-25,Churned,2025-11-25
11403,7403,Annual,6.99,2025-03-02,2025-10-10,Churned,2025-10-10
11404,7404,Monthly,9.99,2025-03-04,,Active,
11405,7405,Monthly,9.99,2025-03-26,,Active,
11406,7406,Annual,6.99,2025-03-02,,ACTIVE,
11407,7407,Annual,6.99,2025-03-30,2026-01-07,churned,2026-01-07
11408,7408,Monthly,9.99,2025-03-24,,Active,
11409,7409,Monthly,9.99,2025-03-21,,Active,
11410,7410,Monthly,9.99,2025-03-17,2025-11-14,Churned,2025-11-14
11411,7411,Annual,6.99,2025-03-03,2025-06-07,Churned,2025-06-07
11412,7412,Monthly,9.99,2025-03-13,2025-04-07,Churned,2025-04-07
11413,7413,Monthly,9.99,2025-03-26,2025-12-07,Churned,2025-12-07
11414,7414,Monthly,9.99,2025-03-29,,Active,
11415,7415,Monthly,9.99,2025-03-14,,Active,
11416,7416,Annual,6.99,2025-03-27,2025-07-08,Churned,2025-07-08
11417,7417,Monthly,9.99,2025-03-25,,Active,
11418,7418,Monthly,9.99,2025-03-02,2026-02-07,Churned,2026-02-07
11419,7419,Monthly,9.99,2025-03-20,,ACTIVE,
11420,7420,Monthly,9.99,2025-03-20,,Active,
11421,7421,Annual,6.99,2025-03-17,,Active,
11422,7422,Annual,6.99,2025-03-24,,Active,
11423,7423,Annual,6.99,2025-03-28,2026-04-03,Churned,2026-04-03
11424,7424,Monthly,9.99,2025-03-18,2026-01-18,Churned,2026-01-18
11425,7425,Annual,6.99,2025-03-10,,ACTIVE,
11426,7426,Monthly,9.99,2025-03-31,,Active,
11427,7427,Annual,6.99,2025-03-30,2025-08-27,Churned,2025-08-27
11428,7428,Monthly,9.99,2025-03-22,,Active,
11429,7429,Monthly,9.99,2025-03-20,2026-01-07,Churned,2026-01-07
11430,7430,Monthly,9.99,2025-03-04,2025-11-05,Churned,2025-11-05
11431,7431,Annual,6.99,2025-03-13,,Active,
11432,7432,Monthly,9.99,2025-03-07,2025-09-01,Churned,2025-09-01
11433,7433,Annual,6.99,2025-03-16,2026-03-22,Churned,2026-03-22
11434,7434,Monthly,9.99,2025-03-26,,Active,
11435,7435,Monthly,9.99,2025-03-07,,Active,
11436,7436,Monthly,9.99,2025-03-31,,Active,
11437,7437,Annual,6.99,2025-03-05,,Active,
11438,7438,Monthly,9.99,2025-03-04,,Active,
11439,7439,Monthly,9.99,2025-03-31,,Active,
11440,7440,Monthly,9.99,2025-03-04,2026-03-02,Churned,2026-03-02
11441,7441,Monthly,9.99,2025-03-23,2025-07-10,Churned,2025-07-10
11442,7442,Monthly,9.99,2025-03-24,,Active,
11443,7443,Annual,6.99,2025-03-11,2025-04-15,Churned,2025-04-15
11444,7444,Monthly,9.99,2025-03-02,2026-01-09,Churned,2026-01-09
11445,7445,Annual,6.99,2025-03-10,2026-02-15,Churned,2026-02-15
11446,7446,Monthly,9.99,2025-03-03,,Active,
11447,7447,Annual,6.99,2025-03-21,2026-03-14,Churned,2026-03-14
11448,7448,Monthly,9.99,2025-03-28,,Active,
11449,7449,Monthly,9.99,2025-03-31,,Active,
11450,7450,Annual,6.99,2025-03-25,2026-07-01,Churned,2026-07-01
11451,7451,Monthly,9.99,2025-03-25,,Active,
11452,7452,Monthly,9.99,2025-03-28,,Active,
11453,7453,Monthly,9.99,2025-03-24,2026-01-31,Churned,2026-01-31
11454,7454,Monthly,9.99,2025-03-21,2026-01-28,Churned,2026-01-28
11455,7455,Annual,6.99,2025-03-31,2026-04-21,Churned,2026-04-21
11456,7456,Monthly,9.99,2025-03-10,,Active,
11457,7457,Monthly,9.99,2025-03-13,2025-08-17,Churned,2025-08-17
11458,7458,Monthly,9.99,2025-03-29,,Active,
11459,7459,Monthly,9.99,2025-03-10,,Active,
11460,7460,Annual,6.99,2025-03-10,,active,
11461,7461,Annual,6.99,2025-03-05,2025-10-07,Churned,2025-10-07
11462,7462,Monthly,9.99,2025-03-09,2026-04-16,Churned,2026-04-16
11463,7463,Monthly,9.99,2025-03-19,,Active,
11464,7464,Annual,6.99,2025-03-28,,Active,
11465,7465,Annual,6.99,2025-03-05,2025-04-08,Churned,2025-04-08
11466,7466,Monthly,0.0,2025-03-22,2025-07-30,Churned,2025-07-30
11467,7467,Monthly,9.99,2025-03-24,,Active,
11468,7468,Monthly,9.99,2025-03-28,2025-08-22,Churned,2025-08-22
11469,7469,Annual,6.99,2025-03-24,,Active,
11470,7470,Monthly,9.99,2025-03-05,2026-02-10,Churned,2026-02-10
11471,7471,Monthly,9.99,2025-03-16,2025-07-24,Churned,2025-07-24
11472,7472,Monthly,9.99,2025-03-30,2025-04-05,Churned,2025-04-05
11473,7473,Annual,6.99,2025-03-29,,Active,
11474,7474,Annual,6.99,2025-03-19,2025-11-25,Churned,2025-11-25
11475,7475,Annual,6.99,2025-03-30,2025-06-18,Churned,2025-06-18
11476,7476,Monthly,9.99,2025-03-21,,Active,
11477,7477,Monthly,9.99,2025-03-03,,Active,
11478,7478,Annual,6.99,2025-03-29,2026-02-05,Churned,2026-02-05
11479,7479,Monthly,9.99,2025-03-06,,Active,
11480,7480,Monthly,9.99,2025-03-12,,Active,
11481,7481,Annual,6.99,2025-03-08,2026-03-21,Churned,2026-03-21
11482,7482,Monthly,9.99,2025-03-23,,Active,
11483,7483,Monthly,9.99,2025-03-01,,Active,
11484,7484,Monthly,9.99,2025-03-20,,Active,
11485,7485,Monthly,9.99,2025-03-27,,Active,
11486,7486,Monthly,9.99,2025-03-25,2025-11-24,Churned,2025-11-24
11487,7487,Annual,6.99,2025-03-10,,Active,
11488,7488,Annual,6.99,2025-03-28,,Active,
11489,7489,Annual,6.99,2025-03-12,,Active,
11490,7490,Annual,6.99,2025-03-22,,Active,
11491,7491,Monthly,9.99,2025-03-16,,Active,
11492,7492,Monthly,9.99,2025-03-03,,Active,
11493,7493,Monthly,9.99,2025-03-01,,Active,
11494,7494,Annual,6.99,2025-03-06,,Active,
11495,7495,Monthly,9.99,2025-03-29,2025-08-23,Churned,2025-08-23
11496,7496,Annual,6.99,2025-03-30,,Active,
11497,7497,Monthly,9.99,2025-03-13,,Active,
11498,7498,Annual,6.99,2025-03-31,,Active,
11499,7499,Monthly,9.99,2025-03-02,,Active,
11500,7500,Monthly,9.99,2025-03-30,,Active,
11501,7501,Annual,6.99,2025-03-08,2025-04-23,Churned,2025-04-23
11502,7502,Monthly,9.99,2025-03-02,2025-09-14,Churned,2025-09-14
11503,7503,Monthly,9.99,2025-03-24,2025-12-23,Churned,2025-12-23
11504,7504,Monthly,9.99,2025-03-12,2025-12-22,Churned,2025-12-22
11505,7505,Monthly,9.99,2025-03-10,2025-10-02,Churned,2025-10-02
11506,7506,Annual,6.99,2025-03-24,2026-02-27,Churned,2026-02-27
11507,7507,Monthly,9.99,2025-03-11,,Active,
11508,7508,Annual,6.99,2025-03-24,,Active,
11509,7509,Monthly,9.99,2025-03-07,,active,
11510,7510,Annual,6.99,2025-03-03,2026-07-02,Churned,2026-07-02
11511,7511,Monthly,9.99,2025-03-11,2025-08-25,Churned,2025-08-25
11512,7512,Monthly,9.99,2025-03-19,2026-01-03,Churned,2026-01-03
11513,7513,Annual,6.99,2025-03-07,,Active,
11514,7514,Monthly,9.99,2025-03-05,,Active,
11515,7515,Monthly,9.99,2025-03-24,2026-03-11,Churned,2026-03-11
11516,7516,Annual,6.99,2025-03-16,,Active,
11517,7517,Monthly,9.99,2025-03-14,,Active,
11518,7518,Monthly,9.99,2025-03-08,2026-03-30,Churned,2026-03-30
11519,7519,Monthly,9.99,2025-03-01,,Active,
11520,7520,Monthly,9.99,2025-03-02,,Active,
11521,7521,Monthly,9.99,2025-03-22,,Active,
11522,7522,Monthly,9.99,2025-03-03,,Active,
11523,7523,Annual,6.99,2025-03-08,,Active,
11524,7524,Annual,6.99,2025-03-29,,Active,
11525,7525,Annual,6.99,2025-03-11,2025-08-15,Churned,2025-08-15
11526,7526,Monthly,9.99,2025-03-24,2025-10-29,Churned,2025-10-29
11527,7527,Monthly,9.99,2025-03-11,,Active,
11528,7528,Monthly,9.99,2025-03-29,2026-01-04,Churned,2026-01-04
11529,7529,Annual,6.99,2025-03-26,,Active,
11530,7530,Monthly,9.99,2025-03-15,2025-10-13,Churned,2025-10-13
11531,7531,Monthly,9.99,2025-03-22,,Active,
11532,7532,Monthly,9.99,2025-03-13,,Active,
11533,7533,Annual,6.99,2025-03-30,,Active,
11534,7534,Monthly,9.99,2025-03-12,,Active,
11535,7535,Annual,6.99,2025-03-26,,Active,
11536,7536,Annual,6.99,2025-03-20,2026-04-01,Churned,2026-04-01
11537,7537,Monthly,9.99,2025-03-20,,Active,
11538,7538,Monthly,9.99,2025-03-11,2025-11-28,Churned,2025-11-28
11539,7539,Monthly,9.99,2025-03-26,,Active,
11540,7540,Monthly,9.99,2025-03-24,2026-02-25,Churned,2026-02-25
11541,7541,Monthly,9.99,2025-03-26,2026-05-26,Churned,2026-05-26
11542,7542,Annual,6.99,2025-03-25,2025-10-25,Churned,2025-10-25
11543,7543,Monthly,9.99,2025-03-05,,Active,
11544,7544,Annual,6.99,2025-03-28,,Active,
11545,7545,Annual,6.99,2025-03-27,,Active,
11546,7546,Monthly,9.99,2025-03-08,,Active,
11547,7547,Monthly,9.99,2025-03-31,,Active,
11548,7548,Annual,6.99,2025-03-17,2025-10-13,Churned,2025-10-13
11549,7549,Monthly,9.99,2025-03-10,,Active,
11550,7550,Monthly,9.99,2025-03-07,2025-10-10,Churned,2025-10-10
11551,7551,Monthly,9.99,2025-03-12,2025-10-10,Churned,2025-10-10
11552,7552,Monthly,9.99,2025-03-02,2025-12-30,Churned,2025-12-30
11553,7553,Monthly,9.99,2025-03-22,,Active,
11554,7554,Monthly,9.99,2025-03-22,,Active,
11555,7555,Monthly,9.99,2025-03-21,2026-03-02,Churned,2026-03-02
11556,7556,Monthly,9.99,2025-03-18,,Active,
11557,7557,Monthly,9.99,2025-03-12,,Active,
11558,7558,Annual,6.99,2025-03-23,,Active,
11559,7559,Annual,6.99,2025-03-28,,Active,
11560,7560,Annual,6.99,2025-03-03,2026-06-07,Churned,2026-06-07
11561,7561,Monthly,9.99,2025-03-12,2025-05-08,Churned,2025-05-08
11562,7562,Monthly,9.99,2025-03-31,2026-03-12,Churned,2026-03-12
11563,7563,Monthly,9.99,2025-03-27,2026-02-16,Churned,2026-02-16
11564,7564,Monthly,9.99,2025-03-31,,Active,
11565,7565,Monthly,9.99,2025-03-06,2026-05-11,Churned,2026-05-11
11566,7566,Monthly,9.99,2025-03-15,2026-07-07,Churned,2026-07-07
11567,7567,Monthly,9.99,2025-03-05,,Active,
11568,7568,Monthly,9.99,2025-03-27,,Active,
11569,7569,Monthly,9.99,2025-03-17,2026-07-03,Churned,2026-07-03
11570,7570,Annual,6.99,2025-03-08,,Active,
11571,7571,Monthly,9.99,2025-03-03,2025-10-20,Churned,2025-10-20
11572,7572,Monthly,9.99,2025-03-23,,Active,
11573,7573,Monthly,9.99,2025-03-26,2026-06-03,Churned,2026-06-03
11574,7574,Monthly,9.99,2025-03-28,2026-04-13,Churned,2026-04-13
11575,7575,Monthly,9.99,2025-03-31,2025-08-10,Churned,2025-08-10
11576,7576,Monthly,9.99,2025-03-26,2026-06-10,Churned,2026-06-10
11577,7577,Annual,6.99,2025-03-25,,Active,
11578,7578,Monthly,9.99,2025-03-26,2026-06-04,Churned,2026-06-04
11579,7579,Monthly,9.99,2025-03-31,2026-07-02,Churned,2026-07-02
11580,7580,Monthly,9.99,2025-03-15,,Active,
11581,7581,Monthly,9.99,2025-03-24,,Active,
11582,7582,Annual,6.99,2025-03-26,,Active,
11583,7583,Monthly,9.99,2025-03-04,2025-11-10,Churned,2025-11-10
11584,7584,Monthly,9.99,2025-03-22,2025-11-22,CHURNED,2025-11-22
11585,7585,Monthly,9.99,2025-03-11,,Active,
11586,7586,Monthly,9.99,2025-03-05,2025-11-11,Churned,2025-11-11
11587,7587,Monthly,9.99,2025-03-06,2025-12-12,Churned,2025-12-12
11588,7588,Monthly,9.99,2025-03-04,,Active,
11589,7589,Annual,6.99,2025-03-28,,Active,
11590,7590,Annual,6.99,2025-03-24,2025-12-23,Churned,2025-12-23
11591,7591,Monthly,9.99,2025-03-04,,Active,
11592,7592,Monthly,9.99,2025-03-20,2026-07-04,Churned,2026-07-04
11593,7593,Monthly,9.99,2025-03-21,2025-10-12,Churned,2025-10-12
11594,7594,Annual,6.99,2025-03-17,2026-06-09,Churned,2026-06-09
11595,7595,Annual,6.99,2025-03-19,,Active,
11596,7596,Annual,6.99,2025-03-29,,Active,
11597,7597,Monthly,9.99,2025-03-17,,Active,
11598,7598,Monthly,9.99,2025-03-21,,Active,
11599,7599,Monthly,9.99,2025-03-18,,Active,
11600,7600,Annual,6.99,2025-03-13,,Active,
11601,7601,Monthly,9.99,2025-03-28,,Active,
11602,7602,Monthly,9.99,2025-03-13,,Active,
11603,7603,Annual,6.99,2025-03-25,,Active,
11604,7604,Monthly,9.99,2025-03-19,2025-12-02,Churned,2025-12-02
11605,7605,Monthly,0.0,2025-03-22,2025-08-23,Churned,2025-08-23
11606,7606,Annual,6.99,2025-03-24,,Active,
11607,7607,Annual,6.99,2025-03-23,,Active,
11608,7608,Monthly,9.99,2025-03-18,,Active,
11609,7609,Monthly,9.99,2025-03-20,,Active,
11610,7610,Monthly,9.99,2025-03-16,,Active,
11611,7611,Monthly,9.99,2025-03-11,2025-12-01,Churned,2025-12-01
11612,7612,Monthly,0.0,2025-03-23,2025-09-29,Churned,2025-09-29
11613,7613,Monthly,9.99,2025-03-28,,Active,
11614,7614,Monthly,9.99,2025-03-22,,Active,
11615,7615,Annual,6.99,2025-03-24,,Active,
11616,7616,Monthly,9.99,2025-03-26,2025-12-03,Churned,2025-12-03
11617,7617,Annual,6.99,2025-03-12,2026-03-22,Churned,2026-03-22
11618,7618,Annual,6.99,2025-03-02,2026-01-03,Churned,2026-01-03
11619,7619,Monthly,9.99,2025-03-11,2025-10-06,Churned,2025-10-06
11620,7620,Monthly,9.99,2025-03-24,,Active,
11621,7621,Annual,0.0,2025-03-26,2026-01-19,Churned,2026-01-19
11622,7622,Monthly,9.99,2025-03-16,2025-12-03,Churned,2025-12-03
11623,7623,Monthly,9.99,2025-03-25,,Active,
11624,7624,Annual,6.99,2025-03-03,2025-10-06,Churned,2025-10-06
11625,7625,Monthly,9.99,2025-03-20,2025-09-04,Churned,2025-09-04
11626,7626,Monthly,9.99,2025-03-22,2026-01-15,Churned,2026-01-15
11627,7627,Annual,6.99,2025-03-16,2026-03-04,Churned,2026-03-04
11628,7628,Annual,6.99,2025-03-23,,Active,
11629,7629,Monthly,9.99,2025-03-16,2025-12-29,Churned,2025-12-29
11630,7630,Annual,6.99,2025-03-17,2025-11-14,Churned,2025-11-14
11631,7631,Annual,6.99,2025-03-19,,Active,
11632,7632,Monthly,9.99,2025-03-25,,Active,
11633,7633,Monthly,9.99,2025-03-08,,Active,
11634,7634,Monthly,9.99,2025-03-10,,Active,
11635,7635,Monthly,9.99,2025-03-13,,Active,
11636,7636,Monthly,9.99,2025-03-07,,Active,
11637,7637,Monthly,9.99,2025-03-11,2025-11-16,Churned,2025-11-16
11638,7638,Monthly,9.99,2025-03-11,2025-11-08,Churned,2025-11-08
11639,7639,Monthly,9.99,2025-03-10,2025-07-02,Churned,2025-07-02
11640,7640,Monthly,9.99,2025-03-13,,Active,
11641,7641,Monthly,9.99,2025-03-16,,Active,
11642,7642,Monthly,9.99,2025-03-22,2025-05-07,Churned,2025-05-07
11643,7643,Monthly,9.99,2025-03-10,2025-04-11,Churned,2025-04-11
11644,7644,Monthly,9.99,2025-03-27,,Active,
11645,7645,Monthly,9.99,2025-03-15,,Active,
11646,7646,Monthly,9.99,2025-03-23,,Active,
11647,7647,Monthly,9.99,2025-03-04,,Active,
11648,7648,Monthly,9.99,2025-03-06,,Active,
11649,7649,Annual,6.99,2025-03-15,2025-11-22,Churned,2025-11-22
11650,7650,Annual,6.99,2025-03-12,2025-11-15,Churned,2025-11-15
11651,7651,Annual,6.99,2025-03-16,,Active,
11652,7652,Monthly,9.99,2025-03-05,2026-03-31,Churned,2026-03-31
11653,7653,Monthly,9.99,2025-03-15,,Active,
11654,7654,Annual,6.99,2025-03-22,,Active,
11655,7655,Monthly,9.99,2025-03-23,,Active,
11656,7656,Annual,6.99,2025-03-08,2026-02-01,Churned,2026-02-01
11657,7657,Annual,6.99,2025-03-11,2025-06-13,Churned,2025-06-13
11658,7658,Monthly,9.99,2025-03-17,,Active,
11659,7659,Monthly,9.99,2025-03-17,,Active,
11660,7660,Monthly,9.99,2025-03-25,2026-03-13,Churned,2026-03-13
11661,7661,Monthly,9.99,2025-03-13,,Active,
11662,7662,Monthly,9.99,2025-03-21,,Active,
11663,7663,Annual,6.99,2025-03-28,,Active,
11664,7664,Monthly,9.99,2025-03-10,2025-08-08,Churned,2025-08-08
11665,7665,Monthly,9.99,2025-03-26,2026-01-19,Churned,2026-01-19
11666,7666,Annual,6.99,2025-03-11,2026-04-18,Churned,2026-04-18
11667,7667,Monthly,0.0,2025-03-11,2025-11-12,Churned,2025-11-12
11668,7668,Monthly,9.99,2025-03-21,,Active,
11669,7669,Monthly,9.99,2025-03-20,,Active,
11670,7670,Monthly,9.99,2025-03-18,,Active,
11671,7671,Monthly,9.99,2025-03-08,,Active,
11672,7672,Annual,6.99,2025-03-03,,Active,
11673,7673,Monthly,9.99,2025-03-29,,Active,
11674,7674,Monthly,9.99,2025-03-28,2025-11-02,CHURNED,2025-11-02
11675,7675,Annual,6.99,2025-03-28,,Active,
11676,7676,Annual,6.99,2025-03-16,,Active,
11677,7677,Monthly,9.99,2025-03-28,2026-01-28,Churned,2026-01-28
11678,7678,Annual,6.99,2025-03-15,,Active,
11679,7679,Monthly,9.99,2025-03-03,,Active,
11680,7680,Monthly,9.99,2025-03-07,,Active,
11681,7681,Annual,6.99,2025-03-09,2025-05-07,Churned,2025-05-07
11682,7682,Monthly,9.99,2025-03-12,2025-10-08,Churned,2025-10-08
11683,7683,Annual,6.99,2025-03-30,,Active,
11684,7684,Monthly,9.99,2025-03-11,2026-07-03,Churned,2026-07-03
11685,7685,Monthly,9.99,2025-03-19,,Active,
11686,7686,Annual,6.99,2025-03-09,,Active,
11687,7687,Monthly,9.99,2025-03-20,2025-12-16,Churned,2025-12-16
11688,7688,Monthly,9.99,2025-03-18,,Active,
11689,7689,Monthly,9.99,2025-03-05,,Active,
11690,7690,Monthly,9.99,2025-03-15,,Active,
11691,7691,Monthly,9.99,2025-03-04,,Active,
11692,7692,Monthly,9.99,2025-03-28,2025-09-18,Churned,2025-09-18
11693,7693,Annual,6.99,2025-03-22,,Active,
11694,7694,Monthly,9.99,2025-03-30,2026-01-07,Churned,2026-01-07
11695,7695,Annual,6.99,2025-03-28,,Active,
11696,7696,Monthly,9.99,2025-03-07,2025-07-18,Churned,2025-07-18
11697,7697,Monthly,9.99,2025-03-22,2026-01-14,Churned,2026-01-14
11698,7698,Monthly,9.99,2025-03-04,,Active,
11699,7699,Monthly,9.99,2025-03-30,,Active,
11700,7700,Annual,6.99,2025-03-25,,Active,
11701,7701,Monthly,9.99,2025-03-22,,ACTIVE,
11702,7702,Monthly,9.99,2025-03-31,,Active,
11703,7703,Monthly,9.99,2025-03-27,,Active,
11704,7704,Monthly,9.99,2025-03-27,,Active,
11705,7705,Annual,6.99,2025-03-04,,Active,
11706,7706,Monthly,9.99,2025-03-01,,Active,
11707,7707,Annual,6.99,2025-03-30,,Active,
11708,7708,Annual,6.99,2025-03-08,,Active,
11709,7709,Monthly,9.99,2025-03-14,,Active,
11710,7710,Monthly,9.99,2025-03-02,,Active,
11711,7711,Annual,6.99,2025-03-20,,Active,
11712,7712,Annual,6.99,2025-03-26,2025-09-24,CHURNED,2025-09-24
11713,7713,Monthly,0.0,2025-03-27,,Active,
11714,7714,Annual,6.99,2025-03-19,2025-09-22,Churned,2025-09-22
11715,7715,Annual,6.99,2025-03-21,,Active,
11716,7716,Annual,6.99,2025-03-16,,Active,
11717,7717,Annual,6.99,2025-03-14,2026-03-13,Churned,2026-03-13
11718,7718,Annual,6.99,2025-03-18,2025-07-26,Churned,2025-07-26
11719,7719,Monthly,9.99,2025-03-30,,Active,
11720,7720,Annual,6.99,2025-03-08,,Active,
11721,7721,Monthly,9.99,2025-03-15,,Active,
11722,7722,Monthly,9.99,2025-03-19,2025-08-04,Churned,2025-08-04
11723,7723,Monthly,9.99,2025-03-18,2025-12-10,Churned,2025-12-10
11724,7724,Monthly,9.99,2025-03-01,2025-05-29,Churned,2025-05-29
11725,7725,Monthly,9.99,2025-03-09,2026-01-25,Churned,2026-01-25
11726,7726,Monthly,9.99,2025-03-21,2025-07-01,Churned,2025-07-01
11727,7727,Monthly,0.0,2025-03-22,,Active,
11728,7728,Monthly,9.99,2025-03-23,,Active,
11729,7729,Monthly,9.99,2025-03-31,2025-09-30,Churned,2025-09-30
11730,7730,Monthly,9.99,2025-03-21,,Active,
11731,7731,Annual,0.0,2025-03-18,,Active,
11732,7732,Monthly,9.99,2025-03-11,2025-04-28,Churned,2025-04-28
11733,7733,Monthly,9.99,2025-03-12,,Active,
11734,7734,Annual,6.99,2025-03-26,2026-06-26,Churned,2026-06-26
11735,7735,Monthly,9.99,2025-03-15,,ACTIVE,
11736,7736,Annual,6.99,2025-03-23,2025-12-25,Churned,2025-12-25
11737,7737,Annual,6.99,2025-03-04,,Active,
11738,7738,Monthly,9.99,2025-03-04,2025-10-02,Churned,2025-10-02
11739,7739,Annual,6.99,2025-03-07,,Active,
11740,7740,Monthly,9.99,2025-03-07,,Active,
11741,7741,Monthly,9.99,2025-03-19,,Active,
11742,7742,Monthly,9.99,2025-03-20,2025-09-11,Churned,2025-09-11
11743,7743,Monthly,9.99,2025-03-18,2025-12-24,Churned,2025-12-24
11744,7744,Monthly,9.99,2025-03-09,,Active,
11745,7745,Monthly,9.99,2025-03-18,,Active,
11746,7746,Monthly,9.99,2025-03-04,2026-03-20,Churned,2026-03-20
11747,7747,Monthly,9.99,2025-03-15,2025-06-24,Churned,2025-06-24
11748,7748,Monthly,9.99,2025-03-05,2025-09-29,Churned,2025-09-29
11749,7749,Monthly,9.99,2025-03-03,2025-11-07,Churned,2025-11-07
11750,7750,Monthly,9.99,2025-03-06,2025-12-29,Churned,2025-12-29
11751,7751,Monthly,9.99,2025-03-04,2025-07-14,Churned,2025-07-14
11752,7752,Annual,6.99,2025-03-15,,Active,
11753,7753,Annual,6.99,2025-03-17,2025-06-11,Churned,2025-06-11
11754,7754,Monthly,9.99,2025-03-19,2025-07-16,Churned,2025-07-16
11755,7755,Annual,6.99,2025-03-14,,Active,
11756,7756,Monthly,9.99,2025-03-06,2026-01-15,Churned,2026-01-15
11757,7757,Monthly,9.99,2025-03-01,2025-07-11,CHURNED,2025-07-11
11758,7758,Monthly,9.99,2025-03-23,2025-11-23,Churned,2025-11-23
11759,7759,Annual,6.99,2025-03-31,2026-07-04,Churned,2026-07-04
11760,7760,Monthly,9.99,2025-03-09,2025-12-08,Churned,2025-12-08
11761,7761,Monthly,9.99,2025-03-07,,Active,
11762,7762,Annual,6.99,2025-03-10,2025-10-04,Churned,2025-10-04
11763,7763,Monthly,9.99,2025-03-07,2026-02-25,Churned,2026-02-25
11764,7764,Monthly,9.99,2025-03-07,2025-08-23,Churned,2025-08-23
11765,7765,Monthly,9.99,2025-03-16,2025-08-02,Churned,2025-08-02
11766,7766,Monthly,9.99,2025-03-25,,Active,
11767,7767,Annual,6.99,2025-03-23,2025-09-27,Churned,2025-09-27
11768,7768,Monthly,0.0,2025-03-30,,Active,
11769,7769,Monthly,9.99,2025-03-12,,Active,
11770,7770,Annual,6.99,2025-03-16,,Active,
11771,7771,Monthly,9.99,2025-03-12,,Active,
11772,7772,Monthly,9.99,2025-03-02,,Active,
11773,7773,Monthly,9.99,2025-03-13,,Active,
11774,7774,Monthly,9.99,2025-03-09,2026-05-13,Churned,2026-05-13
11775,7775,Monthly,9.99,2025-03-15,,Active,
11776,7776,Monthly,9.99,2025-03-05,,Active,
11777,7777,Annual,6.99,2025-03-23,,Active,
11778,7778,Annual,6.99,2025-03-27,,Active,
11779,7779,Monthly,9.99,2025-03-30,,Active,
11780,7780,Monthly,9.99,2025-03-03,2025-12-17,Churned,2025-12-17
11781,7781,Monthly,9.99,2025-03-04,,Active,
11782,7782,Annual,6.99,2025-03-30,2025-06-18,Churned,2025-06-18
11783,7783,Monthly,9.99,2025-03-27,,Active,
11784,7784,Annual,6.99,2025-03-19,,Active,
11785,7785,Annual,6.99,2025-03-10,2025-10-31,Churned,2025-10-31
11786,7786,Annual,6.99,2025-03-17,,Active,
11787,7787,Monthly,9.99,2025-03-17,,Active,
11788,7788,Monthly,9.99,2025-03-27,2025-12-07,Churned,2025-12-07
11789,7789,Annual,6.99,2025-03-17,,Active,
11790,7790,Annual,6.99,2025-03-01,,Active,
11791,7791,Monthly,9.99,2025-03-22,,Active,
11792,7792,Monthly,9.99,2025-03-25,,Active,
11793,7793,Monthly,9.99,2025-03-10,2025-07-11,Churned,2025-07-11
11794,7794,Annual,6.99,2025-03-04,2025-10-18,Churned,2025-10-18
11795,7795,Monthly,9.99,2025-03-05,2025-06-01,Churned,2025-06-01
11796,7796,Monthly,9.99,2025-03-27,,Active,
11797,7797,Monthly,9.99,2025-03-14,2026-03-21,Churned,2026-03-21
11798,7798,Annual,6.99,2025-03-17,2025-07-14,Churned,2025-07-14
11799,7799,Monthly,9.99,2025-03-30,2025-09-08,Churned,2025-09-08
11800,7800,Annual,6.99,2025-03-02,2025-12-15,Churned,2025-12-15
11801,7801,Annual,0.0,2025-03-07,,Active,
11802,7802,Annual,6.99,2025-03-26,2025-09-28,Churned,2025-09-28
11803,7803,Monthly,9.99,2025-03-17,2025-10-10,Churned,2025-10-10
11804,7804,Monthly,9.99,2025-03-01,2025-09-29,Churned,2025-09-29
11805,7805,Monthly,9.99,2025-03-22,,Active,
11806,7806,Monthly,9.99,2025-03-05,,Active,
11807,7807,Monthly,9.99,2025-03-25,2026-01-26,Churned,2026-01-26
11808,7808,Annual,6.99,2025-03-25,2026-06-29,Churned,2026-06-29
11809,7809,Monthly,9.99,2025-03-26,2026-06-08,Churned,2026-06-08
11810,7810,Annual,6.99,2025-03-15,,Active,
11811,7811,Monthly,9.99,2025-03-09,2025-11-13,Churned,2025-11-13
11812,7812,Annual,6.99,2025-03-28,,Active,
11813,7813,Monthly,9.99,2025-03-18,2025-08-22,Churned,2025-08-22
11814,7814,Monthly,9.99,2025-03-20,,Active,
11815,7815,Annual,6.99,2025-03-05,2026-02-10,churned,2026-02-10
11816,7816,Annual,6.99,2025-03-20,,Active,
11817,7817,Monthly,9.99,2025-03-18,2025-10-08,Churned,2025-10-08
11818,7818,Annual,6.99,2025-03-10,2025-08-23,Churned,2025-08-23
11819,7819,Annual,6.99,2025-03-24,2025-10-01,Churned,2025-10-01
11820,7820,Annual,6.99,2025-03-05,,Active,
11821,7821,Monthly,9.99,2025-03-23,2026-05-09,CHURNED,2026-05-09
11822,7822,Monthly,9.99,2025-03-30,2025-08-24,Churned,2025-08-24
11823,7823,Annual,6.99,2025-03-18,2025-12-06,Churned,2025-12-06
11824,7824,Monthly,9.99,2025-03-04,2025-12-22,Churned,2025-12-22
11825,7825,Monthly,9.99,2025-03-18,,Active,
11826,7826,Annual,6.99,2025-03-17,,Active,
11827,7827,Monthly,9.99,2025-03-18,2025-09-14,Churned,2025-09-14
11828,7828,Monthly,9.99,2025-03-09,,Active,
11829,7829,Annual,6.99,2025-03-20,,Active,
11830,7830,Annual,6.99,2025-03-09,2025-11-26,Churned,2025-11-26
11831,7831,Annual,6.99,2025-03-18,,Active,
11832,7832,Annual,6.99,2025-03-19,2026-03-05,Churned,2026-03-05
11833,7833,Monthly,9.99,2025-03-21,2025-11-26,Churned,2025-11-26
11834,7834,Monthly,9.99,2025-03-25,,Active,
11835,7835,Monthly,9.99,2025-03-28,2025-05-30,Churned,2025-05-30
11836,7836,Annual,6.99,2025-03-25,2025-12-27,Churned,2025-12-27
11837,7837,Annual,6.99,2025-03-25,2025-08-29,Churned,2025-08-29
11838,7838,Monthly,9.99,2025-03-27,,Active,
11839,7839,Monthly,9.99,2025-03-08,2026-03-01,Churned,2026-03-01
11840,7840,Annual,6.99,2025-03-10,,Active,
11841,7841,Monthly,9.99,2025-03-17,,Active,
11842,7842,Monthly,9.99,2025-03-15,,Active,
11843,7843,Monthly,9.99,2025-03-22,2026-04-07,Churned,2026-04-07
11844,7844,Monthly,9.99,2025-03-01,2025-11-19,Churned,2025-11-19
11845,7845,Monthly,9.99,2025-03-05,,Active,
11846,7846,Annual,6.99,2025-03-24,,Active,
11847,7847,Annual,6.99,2025-03-26,,Active,
11848,7848,Monthly,9.99,2025-03-10,,Active,
11849,7849,Annual,6.99,2025-03-10,,Active,
11850,7850,Annual,6.99,2025-03-18,,Active,
11851,7851,Monthly,9.99,2025-03-15,2025-10-27,Churned,2025-10-27
11852,7852,Monthly,9.99,2025-03-06,,Active,
11853,7853,Monthly,9.99,2025-03-16,2025-07-30,Churned,2025-07-30
11854,7854,Monthly,9.99,2025-03-26,2025-07-17,Churned,2025-07-17
11855,7855,Monthly,9.99,2025-03-23,2025-12-18,Churned,2025-12-18
11856,7856,Annual,6.99,2025-03-26,,Active,
11857,7857,Monthly,9.99,2025-03-20,2025-04-02,Churned,2025-04-02
11858,7858,Monthly,9.99,2025-03-28,2025-08-28,Churned,2025-08-28
11859,7859,Monthly,0.0,2025-03-08,,Active,
11860,7860,Annual,6.99,2025-03-02,2025-08-31,Churned,2025-08-31
11861,7861,Annual,6.99,2025-03-04,,Active,
11862,7862,Monthly,9.99,2025-03-31,,Active,
11863,7863,Annual,6.99,2025-03-20,,Active,
11864,7864,Annual,6.99,2025-03-08,2025-11-18,Churned,2025-11-18
11865,7865,Monthly,9.99,2025-03-27,2026-01-11,Churned,2026-01-11
11866,7866,Monthly,9.99,2025-03-10,,Active,
11867,7867,Annual,6.99,2025-03-19,,Active,
11868,7868,Annual,6.99,2025-03-08,,Active,
11869,7869,Annual,6.99,2025-03-03,2025-05-17,Churned,2025-05-17
11870,7870,Monthly,9.99,2025-03-09,2025-07-20,Churned,2025-07-20
11871,7871,Monthly,9.99,2025-03-08,,Active,
11872,7872,Annual,6.99,2025-03-18,2026-02-13,Churned,2026-02-13
11873,7873,Monthly,9.99,2025-03-01,,Active,
11874,7874,Annual,6.99,2025-03-08,2026-02-26,Churned,2026-02-26
11875,7875,Annual,6.99,2025-03-18,2025-12-07,Churned,2025-12-07
11876,7876,Annual,6.99,2025-03-13,2026-03-04,Churned,2026-03-04
11877,7877,Monthly,9.99,2025-03-20,,Active,
11878,7878,Annual,6.99,2025-03-21,,Active,
11879,7879,Annual,6.99,2025-03-30,,Active,
11880,7880,Monthly,9.99,2025-03-26,2025-10-13,Churned,2025-10-13
11881,7881,Monthly,9.99,2025-03-08,,Active,
11882,7882,Annual,6.99,2025-03-22,,Active,
11883,7883,Annual,6.99,2025-03-20,2025-05-11,Churned,2025-05-11
11884,7884,Annual,6.99,2025-03-19,2026-03-20,Churned,2026-03-20
11885,7885,Monthly,9.99,2025-03-25,,Active,
11886,7886,Monthly,9.99,2025-03-05,,Active,
11887,7887,Annual,6.99,2025-03-12,2025-10-20,Churned,2025-10-20
11888,7888,Monthly,9.99,2025-03-26,2025-09-28,Churned,2025-09-28
11889,7889,Monthly,9.99,2025-03-28,2025-12-12,Churned,2025-12-12
11890,7890,Annual,6.99,2025-03-02,2025-11-05,Churned,2025-11-05
11891,7891,Annual,6.99,2025-03-15,,Active,
11892,7892,Annual,6.99,2025-03-09,2026-01-25,Churned,2026-01-25
11893,7893,Annual,6.99,2025-03-06,,Active,
11894,7894,Monthly,9.99,2025-03-02,,Active,
11895,7895,Annual,6.99,2025-03-17,2025-04-01,Churned,2025-04-01
11896,7896,Monthly,9.99,2025-03-21,2026-07-07,Churned,2026-07-07
11897,7897,Monthly,9.99,2025-03-17,2025-04-25,Churned,2025-04-25
11898,7898,Monthly,9.99,2025-03-12,,Active,
11899,7899,Monthly,9.99,2025-03-24,,Active,
11900,7900,Monthly,9.99,2025-03-21,,Active,
11901,7901,Monthly,9.99,2025-03-29,,Active,
11902,7902,Monthly,9.99,2025-03-11,,Active,
11903,7903,Monthly,9.99,2025-03-08,2026-01-29,Churned,2026-01-29
11904,7904,Annual,6.99,2025-03-15,,Active,
11905,7905,Monthly,9.99,2025-03-16,,Active,
11906,7906,Annual,6.99,2025-03-15,,Active,
11907,7907,Monthly,9.99,2025-03-26,,Active,
11908,7908,Monthly,9.99,2025-03-02,2025-09-27,Churned,2025-09-27
11909,7909,Monthly,9.99,2025-03-17,,Active,
11910,7910,Monthly,9.99,2025-03-14,2025-05-02,Churned,2025-05-02
11911,7911,Annual,6.99,2025-03-07,,Active,
11912,7912,Monthly,9.99,2025-03-20,,Active,
11913,7913,Annual,6.99,2025-03-25,,active,
11914,7914,Monthly,9.99,2025-03-17,,Active,
11915,7915,Monthly,9.99,2025-03-03,2026-01-23,Churned,2026-01-23
11916,7916,Annual,6.99,2025-03-03,,Active,
11917,7917,Monthly,9.99,2025-03-14,2026-02-06,Churned,2026-02-06
11918,7918,Annual,6.99,2025-03-21,2026-03-31,Churned,2026-03-31
11919,7919,Monthly,9.99,2025-03-10,,Active,
11920,7920,Monthly,9.99,2025-03-10,2026-01-18,Churned,2026-01-18
11921,7921,Monthly,9.99,2025-03-27,,Active,
11922,7922,Monthly,9.99,2025-03-01,2025-07-30,CHURNED,2025-07-30
11923,7923,Monthly,9.99,2025-03-03,,Active,
11924,7924,Monthly,9.99,2025-03-05,,Active,
11925,7925,Monthly,9.99,2025-03-31,,Active,
11926,7926,Monthly,9.99,2025-03-16,,Active,
11927,7927,Monthly,9.99,2025-03-05,2026-04-20,Churned,2026-04-20
11928,7928,Monthly,9.99,2025-03-10,,Active,
11929,7929,Monthly,9.99,2025-03-31,,Active,
11930,7930,Annual,6.99,2025-03-22,,Active,
11931,7931,Annual,6.99,2025-03-07,,Active,
11932,7932,Annual,6.99,2025-03-08,,Active,
11933,7933,Annual,6.99,2025-03-03,2025-12-09,Churned,2025-12-09
11934,7934,Monthly,9.99,2025-03-24,2026-03-21,Churned,2026-03-21
11935,7935,Annual,6.99,2025-03-05,,Active,
11936,7936,Monthly,9.99,2025-03-09,,Active,
11937,7937,Annual,6.99,2025-03-11,2025-11-17,Churned,2025-11-17
11938,7938,Annual,6.99,2025-03-20,2026-07-01,Churned,2026-07-01
11939,7939,Monthly,9.99,2025-03-19,2026-02-07,Churned,2026-02-07
11940,7940,Monthly,9.99,2025-03-25,,Active,
11941,7941,Monthly,9.99,2025-03-10,,Active,
11942,7942,Monthly,9.99,2025-03-12,2025-06-10,Churned,2025-06-10
11943,7943,Monthly,9.99,2025-03-13,2026-02-10,Churned,2026-02-10
11944,7944,Monthly,9.99,2025-03-02,2025-10-29,Churned,2025-10-29
11945,7945,Annual,6.99,2025-03-23,,Active,
11946,7946,Annual,6.99,2025-03-17,,Active,
11947,7947,Monthly,9.99,2025-03-15,,Active,
11948,7948,Monthly,9.99,2025-03-31,2025-09-12,Churned,2025-09-12
11949,7949,Monthly,9.99,2025-03-06,2025-10-26,Churned,2025-10-26
11950,7950,Monthly,9.99,2025-03-31,2025-08-02,Churned,2025-08-02
11951,7951,Monthly,9.99,2025-04-02,,Active,
11952,7952,Monthly,9.99,2025-04-06,2026-05-05,Churned,2026-05-05
11953,7953,Annual,6.99,2025-04-16,,Active,
11954,7954,Annual,6.99,2025-04-14,2026-05-11,Churned,2026-05-11
11955,7955,Monthly,9.99,2025-04-05,,Active,
11956,7956,Monthly,9.99,2025-04-24,2025-12-08,Churned,2025-12-08
11957,7957,Monthly,9.99,2025-04-10,,Active,
11958,7958,Monthly,9.99,2025-04-26,,active,
11959,7959,Monthly,9.99,2025-04-01,,Active,
11960,7960,Annual,6.99,2025-04-08,,Active,
11961,7961,Annual,6.99,2025-04-09,2025-07-27,Churned,2025-07-27
11962,7962,Annual,6.99,2025-04-18,,Active,
11963,7963,Monthly,9.99,2025-04-13,2025-12-26,Churned,2025-12-26
11964,7964,Monthly,9.99,2025-04-05,2025-11-08,Churned,2025-11-08
11965,7965,Monthly,9.99,2025-04-18,2026-02-06,Churned,2026-02-06
11966,7966,Monthly,9.99,2025-04-29,2025-09-26,Churned,2025-09-26
11967,7967,Monthly,9.99,2025-04-05,2025-10-12,Churned,2025-10-12
11968,7968,Monthly,9.99,2025-04-08,,Active,
11969,7969,Monthly,9.99,2025-04-15,2025-12-07,Churned,2025-12-07
11970,7970,Monthly,9.99,2025-04-22,2025-12-12,Churned,2025-12-12
11971,7971,Monthly,9.99,2025-04-05,2025-05-05,Churned,2025-05-05
11972,7972,Annual,6.99,2025-04-07,2025-11-12,Churned,2025-11-12
11973,7973,Monthly,9.99,2025-04-08,2026-01-13,Churned,2026-01-13
11974,7974,Annual,6.99,2025-04-19,2026-07-05,Churned,2026-07-05
11975,7975,Annual,6.99,2025-04-03,2026-07-06,Churned,2026-07-06
11976,7976,Monthly,9.99,2025-04-20,,Active,
11977,7977,Monthly,9.99,2025-04-13,,Active,
11978,7978,Annual,6.99,2025-04-10,2026-04-20,Churned,2026-04-20
11979,7979,Annual,6.99,2025-04-26,,Active,
11980,7980,Monthly,9.99,2025-04-25,,Active,
11981,7981,Annual,6.99,2025-04-25,,Active,
11982,7982,Annual,6.99,2025-04-27,2026-05-17,Churned,2026-05-17
11983,7983,Monthly,9.99,2025-04-08,,Active,
11984,7984,Monthly,9.99,2025-04-26,2026-01-19,Churned,2026-01-19
11985,7985,Monthly,9.99,2025-04-06,2025-10-15,Churned,2025-10-15
11986,7986,Monthly,9.99,2025-04-10,,Active,
11987,7987,Annual,6.99,2025-04-17,,Active,
11988,7988,Annual,6.99,2025-04-23,2025-09-10,Churned,2025-09-10
11989,7989,Monthly,9.99,2025-04-18,,Active,
11990,7990,Monthly,9.99,2025-04-17,,Active,
11991,7991,Annual,6.99,2025-04-12,,Active,
11992,7992,Annual,6.99,2025-04-18,,Active,
11993,7993,Annual,6.99,2025-04-15,2025-11-03,Churned,2025-11-03
11994,7994,Annual,6.99,2025-04-15,,Active,
11995,7995,Annual,6.99,2025-04-18,,Active,
11996,7996,Annual,6.99,2025-04-19,2025-10-11,Churned,2025-10-11
11997,7997,Monthly,9.99,2025-04-10,,Active,
11998,7998,Annual,6.99,2025-04-05,2026-06-28,Churned,2026-06-28
11999,7999,Monthly,9.99,2025-04-09,,Active,
12000,8000,Monthly,9.99,2025-04-13,2025-05-24,Churned,2025-05-24
12001,8001,Monthly,9.99,2025-04-05,2026-02-14,Churned,2026-02-14
12002,8002,Monthly,9.99,2025-04-06,2025-05-04,Churned,2025-05-04
12003,8003,Monthly,9.99,2025-04-29,2025-12-17,Churned,2025-12-17
12004,8004,Annual,6.99,2025-04-09,,Active,
12005,8005,Monthly,9.99,2025-04-23,2025-08-19,Churned,2025-08-19
12006,8006,Annual,6.99,2025-04-04,,Active,
12007,8007,Annual,0.0,2025-04-30,2025-06-01,Churned,2025-06-01
12008,8008,Annual,6.99,2025-04-07,,Active,
12009,8009,Monthly,9.99,2025-04-12,2025-11-10,Churned,2025-11-10
12010,8010,Annual,6.99,2025-04-24,2025-07-05,Churned,2025-07-05
12011,8011,Monthly,9.99,2025-04-07,,Active,
12012,8012,Monthly,9.99,2025-04-17,2026-01-26,Churned,2026-01-26
12013,8013,Monthly,9.99,2025-04-24,,Active,
12014,8014,Annual,6.99,2025-04-01,,Active,
12015,8015,Monthly,9.99,2025-04-01,,Active,
12016,8016,Monthly,9.99,2025-04-24,2025-11-02,Churned,2025-11-02
12017,8017,Monthly,9.99,2025-04-08,2026-03-15,Churned,2026-03-15
12018,8018,Monthly,9.99,2025-04-28,2026-01-20,Churned,2026-01-20
12019,8019,Monthly,9.99,2025-04-28,,Active,
12020,8020,Monthly,9.99,2025-04-27,,Active,
12021,8021,Monthly,9.99,2025-04-30,2025-11-27,Churned,2025-11-27
12022,8022,Annual,6.99,2025-04-25,,Active,
12023,8023,Annual,6.99,2025-04-12,,Active,
12024,8024,Annual,6.99,2025-04-30,,Active,
12025,8025,Annual,6.99,2025-04-11,,Active,
12026,8026,Annual,6.99,2025-04-18,,Active,
12027,8027,Annual,6.99,2025-04-01,,Active,
12028,8028,Monthly,9.99,2025-04-29,,Active,
12029,8029,Monthly,9.99,2025-04-18,2025-07-03,Churned,2025-07-03
12030,8030,Monthly,9.99,2025-04-29,,Active,
12031,8031,Monthly,9.99,2025-04-11,,Active,
12032,8032,Monthly,9.99,2025-04-10,,Active,
12033,8033,Annual,6.99,2025-04-16,,Active,
12034,8034,Monthly,9.99,2025-04-26,2026-02-03,Churned,2026-02-03
12035,8035,Annual,6.99,2025-04-17,2026-04-16,Churned,2026-04-16
12036,8036,Monthly,9.99,2025-04-24,2025-12-10,Churned,2025-12-10
12037,8037,Monthly,9.99,2025-04-07,2025-10-23,Churned,2025-10-23
12038,8038,Monthly,9.99,2025-04-24,,Active,
12039,8039,Annual,6.99,2025-04-22,2026-07-04,Churned,2026-07-04
12040,8040,Monthly,9.99,2025-04-27,2025-11-12,Churned,2025-11-12
12041,8041,Annual,6.99,2025-04-02,2026-07-02,Churned,2026-07-02
12042,8042,Annual,6.99,2025-04-12,,active,
12043,8043,Annual,6.99,2025-04-03,2026-02-11,Churned,2026-02-11
12044,8044,Annual,6.99,2025-04-13,,Active,
12045,8045,Monthly,9.99,2025-04-23,2026-04-05,Churned,2026-04-05
12046,8046,Monthly,9.99,2025-04-20,2025-08-09,Churned,2025-08-09
12047,8047,Annual,6.99,2025-04-23,,Active,
12048,8048,Monthly,9.99,2025-04-23,2025-12-24,Churned,2025-12-24
12049,8049,Monthly,9.99,2025-04-30,2025-07-18,Churned,2025-07-18
12050,8050,Monthly,9.99,2025-04-27,,Active,
12051,8051,Monthly,9.99,2025-04-18,2026-07-04,Churned,2026-07-04
12052,8052,Monthly,9.99,2025-04-27,,Active,
12053,8053,Monthly,9.99,2025-04-02,,active,
12054,8054,Monthly,9.99,2025-04-22,,Active,
12055,8055,Monthly,9.99,2025-04-16,2026-01-21,Churned,2026-01-21
12056,8056,Annual,6.99,2025-04-29,,Active,
12057,8057,Monthly,9.99,2025-04-16,,Active,
12058,8058,Annual,6.99,2025-04-06,2026-06-25,CHURNED,2026-06-25
12059,8059,Monthly,9.99,2025-04-22,,Active,
12060,8060,Annual,6.99,2025-04-29,,Active,
12061,8061,Annual,6.99,2025-04-01,,ACTIVE,
12062,8062,Monthly,9.99,2025-04-02,,Active,
12063,8063,Monthly,9.99,2025-04-20,2025-11-10,Churned,2025-11-10
12064,8064,Annual,6.99,2025-04-17,,Active,
12065,8065,Annual,6.99,2025-04-17,,Active,
12066,8066,Monthly,9.99,2025-04-03,,Active,
12067,8067,Monthly,9.99,2025-04-18,,Active,
12068,8068,Monthly,9.99,2025-04-18,,Active,
12069,8069,Annual,6.99,2025-04-26,,Active,
12070,8070,Monthly,9.99,2025-04-12,,Active,
12071,8071,Monthly,9.99,2025-04-11,2025-11-01,Churned,2025-11-01
12072,8072,Annual,6.99,2025-04-03,,Active,
12073,8073,Monthly,9.99,2025-04-18,2026-04-13,Churned,2026-04-13
12074,8074,Annual,6.99,2025-04-20,2026-04-19,Churned,2026-04-19
12075,8075,Monthly,9.99,2025-04-09,2025-08-15,Churned,2025-08-15
12076,8076,Monthly,9.99,2025-04-22,2026-03-16,Churned,2026-03-16
12077,8077,Annual,6.99,2025-04-29,2026-03-14,Churned,2026-03-14
12078,8078,Monthly,9.99,2025-04-06,2025-09-25,Churned,2025-09-25
12079,8079,Monthly,9.99,2025-04-18,,Active,
12080,8080,Monthly,9.99,2025-04-21,2025-12-09,Churned,2025-12-09
12081,8081,Monthly,9.99,2025-04-01,2026-07-01,Churned,2026-07-01
12082,8082,Annual,6.99,2025-04-06,,Active,
12083,8083,Annual,6.99,2025-04-12,,Active,
12084,8084,Monthly,9.99,2025-04-05,,Active,
12085,8085,Annual,6.99,2025-04-11,,Active,
12086,8086,Annual,6.99,2025-04-05,,ACTIVE,
12087,8087,Monthly,9.99,2025-04-27,2025-06-22,Churned,2025-06-22
12088,8088,Annual,6.99,2025-04-18,,Active,
12089,8089,Monthly,9.99,2025-04-10,,Active,
12090,8090,Monthly,9.99,2025-04-24,2026-01-17,Churned,2026-01-17
12091,8091,Monthly,9.99,2025-04-01,,Active,
12092,8092,Annual,6.99,2025-04-18,2026-04-19,Churned,2026-04-19
12093,8093,Monthly,9.99,2025-04-21,2026-07-05,Churned,2026-07-05
12094,8094,Monthly,9.99,2025-04-25,,Active,
12095,8095,Monthly,9.99,2025-04-07,,Active,
12096,8096,Monthly,9.99,2025-04-18,,Active,
12097,8097,Monthly,9.99,2025-04-24,,Active,
12098,8098,Annual,6.99,2025-04-24,,Active,
12099,8099,Annual,6.99,2025-04-06,2025-06-17,Churned,2025-06-17
12100,8100,Monthly,9.99,2025-04-30,,Active,
12101,8101,Annual,6.99,2025-04-09,2026-01-03,Churned,2026-01-03
12102,8102,Monthly,9.99,2025-04-12,,Active,
12103,8103,Monthly,9.99,2025-04-06,,Active,
12104,8104,Annual,6.99,2025-04-05,,Active,
12105,8105,Monthly,9.99,2025-04-08,,Active,
12106,8106,Monthly,9.99,2025-04-05,2026-04-30,Churned,2026-04-30
12107,8107,Annual,6.99,2025-04-22,,Active,
12108,8108,Monthly,9.99,2025-04-18,,Active,
12109,8109,Monthly,9.99,2025-04-12,2026-02-01,Churned,2026-02-01
12110,8110,Monthly,9.99,2025-04-17,,Active,
12111,8111,Monthly,9.99,2025-04-19,,Active,
12112,8112,Monthly,9.99,2025-04-06,,Active,
12113,8113,Monthly,9.99,2025-04-09,2025-09-22,Churned,2025-09-22
12114,8114,Annual,6.99,2025-04-27,,Active,
12115,8115,Annual,6.99,2025-04-01,,Active,
12116,8116,Monthly,9.99,2025-04-29,2026-02-20,Churned,2026-02-20
12117,8117,Monthly,9.99,2025-04-29,2025-12-02,Churned,2025-12-02
12118,8118,Monthly,9.99,2025-04-08,,Active,
12119,8119,Monthly,9.99,2025-04-10,,Active,
12120,8120,Monthly,9.99,2025-04-07,,Active,
12121,8121,Monthly,9.99,2025-04-17,,Active,
12122,8122,Monthly,9.99,2025-04-07,,Active,
12123,8123,Annual,6.99,2025-04-24,2025-11-12,Churned,2025-11-12
12124,8124,Monthly,9.99,2025-04-12,2025-10-03,Churned,2025-10-03
12125,8125,Monthly,9.99,2025-04-30,,Active,
12126,8126,Annual,6.99,2025-04-26,2026-03-04,Churned,2026-03-04
12127,8127,Annual,6.99,2025-04-13,,Active,
12128,8128,Annual,6.99,2025-04-18,2026-01-14,Churned,2026-01-14
12129,8129,Monthly,9.99,2025-04-01,2026-01-18,Churned,2026-01-18
12130,8130,Monthly,9.99,2025-04-03,2025-09-30,Churned,2025-09-30
12131,8131,Monthly,9.99,2025-04-16,,Active,
12132,8132,Monthly,9.99,2025-04-15,,Active,
12133,8133,Annual,6.99,2025-04-12,,Active,
12134,8134,Monthly,9.99,2025-04-03,2025-10-28,Churned,2025-10-28
12135,8135,Monthly,9.99,2025-04-26,2026-01-24,Churned,2026-01-24
12136,8136,Monthly,9.99,2025-04-13,,Active,
12137,8137,Monthly,9.99,2025-04-15,,Active,
12138,8138,Annual,6.99,2025-04-13,2025-11-12,Churned,2025-11-12
12139,8139,Annual,6.99,2025-04-15,,Active,
12140,8140,Annual,6.99,2025-04-20,,Active,
12141,8141,Monthly,9.99,2025-04-23,2025-08-06,Churned,2025-08-06
12142,8142,Annual,0.0,2025-04-17,2025-08-13,Churned,2025-08-13
12143,8143,Monthly,9.99,2025-04-05,,Active,
12144,8144,Monthly,9.99,2025-04-27,2026-02-24,Churned,2026-02-24
12145,8145,Monthly,9.99,2025-04-09,,Active,
12146,8146,Annual,6.99,2025-04-01,,Active,
12147,8147,Monthly,9.99,2025-04-02,2025-10-17,Churned,2025-10-17
12148,8148,Monthly,9.99,2025-04-24,2025-09-13,Churned,2025-09-13
12149,8149,Monthly,9.99,2025-04-12,,Active,
12150,8150,Annual,6.99,2025-04-01,2025-10-28,Churned,2025-10-28
12151,8151,Monthly,9.99,2025-04-25,,Active,
12152,8152,Annual,6.99,2025-04-10,2026-02-21,Churned,2026-02-21
12153,8153,Annual,6.99,2025-04-30,2025-07-05,Churned,2025-07-05
12154,8154,Monthly,9.99,2025-04-27,,Active,
12155,8155,Annual,0.0,2025-04-02,2026-07-04,Churned,2026-07-04
12156,8156,Annual,6.99,2025-04-21,2025-10-23,Churned,2025-10-23
12157,8157,Monthly,9.99,2025-04-19,,Active,
12158,8158,Monthly,9.99,2025-04-06,2025-10-16,Churned,2025-10-16
12159,8159,Annual,6.99,2025-04-11,2025-11-03,Churned,2025-11-03
12160,8160,Annual,6.99,2025-04-15,,Active,
12161,8161,Annual,6.99,2025-04-05,,Active,
12162,8162,Monthly,9.99,2025-04-22,2025-09-23,Churned,2025-09-23
12163,8163,Annual,6.99,2025-04-09,2025-08-06,Churned,2025-08-06
12164,8164,Monthly,9.99,2025-04-29,,Active,
12165,8165,Monthly,9.99,2025-04-25,,Active,
12166,8166,Annual,6.99,2025-04-20,2026-01-03,Churned,2026-01-03
12167,8167,Annual,6.99,2025-04-04,,Active,
12168,8168,Annual,6.99,2025-04-01,2026-04-30,Churned,2026-04-30
12169,8169,Annual,6.99,2025-04-05,2026-03-19,Churned,2026-03-19
12170,8170,Annual,6.99,2025-04-15,2026-02-23,Churned,2026-02-23
12171,8171,Monthly,9.99,2025-04-24,2025-08-03,Churned,2025-08-03
12172,8172,Annual,6.99,2025-04-05,2025-11-27,Churned,2025-11-27
12173,8173,Monthly,9.99,2025-04-22,,Active,
12174,8174,Monthly,9.99,2025-04-02,,Active,
12175,8175,Monthly,9.99,2025-04-08,,Active,
12176,8176,Annual,6.99,2025-04-18,,Active,
12177,8177,Annual,6.99,2025-04-25,,Active,
12178,8178,Monthly,9.99,2025-04-24,2025-12-16,Churned,2025-12-16
12179,8179,Annual,6.99,2025-04-16,,Active,
12180,8180,Monthly,9.99,2025-04-02,2026-01-15,Churned,2026-01-15
12181,8181,Monthly,9.99,2025-04-09,2025-12-09,Churned,2025-12-09
12182,8182,Monthly,9.99,2025-04-24,2026-03-07,Churned,2026-03-07
12183,8183,Annual,6.99,2025-04-03,2025-12-22,Churned,2025-12-22
12184,8184,Annual,6.99,2025-04-22,2025-11-16,Churned,2025-11-16
12185,8185,Monthly,9.99,2025-04-22,,Active,
12186,8186,Monthly,9.99,2025-04-23,,Active,
12187,8187,Monthly,9.99,2025-04-07,,Active,
12188,8188,Monthly,9.99,2025-04-08,,Active,
12189,8189,Monthly,9.99,2025-04-06,2026-07-05,Churned,2026-07-05
12190,8190,Monthly,9.99,2025-04-12,,Active,
12191,8191,Monthly,9.99,2025-04-16,2025-11-03,Churned,2025-11-03
12192,8192,Annual,6.99,2025-04-04,2025-11-18,Churned,2025-11-18
12193,8193,Monthly,9.99,2025-04-18,2025-10-23,Churned,2025-10-23
12194,8194,Monthly,9.99,2025-04-08,2025-12-26,Churned,2025-12-26
12195,8195,Monthly,0.0,2025-04-17,,Active,
12196,8196,Annual,6.99,2025-04-10,2026-01-09,Churned,2026-01-09
12197,8197,Monthly,9.99,2025-04-29,,Active,
12198,8198,Annual,6.99,2025-04-10,,Active,
12199,8199,Annual,6.99,2025-04-27,,Active,
12200,8200,Monthly,9.99,2025-04-06,2025-09-24,Churned,2025-09-24
12201,8201,Monthly,9.99,2025-04-03,,Active,
12202,8202,Monthly,9.99,2025-04-06,,Active,
12203,8203,Monthly,9.99,2025-04-13,,Active,
12204,8204,Monthly,9.99,2025-04-28,,Active,
12205,8205,Annual,6.99,2025-04-06,2026-01-15,Churned,2026-01-15
12206,8206,Monthly,9.99,2025-04-24,,Active,
12207,8207,Annual,6.99,2025-04-21,,Active,
12208,8208,Monthly,9.99,2025-04-11,,active,
12209,8209,Annual,6.99,2025-04-11,2026-06-05,Churned,2026-06-05
12210,8210,Monthly,9.99,2025-04-29,2025-06-14,Churned,2025-06-14
12211,8211,Monthly,9.99,2025-04-22,,Active,
12212,8212,Monthly,9.99,2025-04-08,2025-06-16,Churned,2025-06-16
12213,8213,Annual,6.99,2025-04-28,2025-10-28,Churned,2025-10-28
12214,8214,Monthly,9.99,2025-04-13,2025-08-30,Churned,2025-08-30
12215,8215,Monthly,9.99,2025-04-03,2025-11-23,Churned,2025-11-23
12216,8216,Monthly,9.99,2025-04-25,,Active,
12217,8217,Monthly,9.99,2025-04-27,2025-10-10,Churned,2025-10-10
12218,8218,Monthly,9.99,2025-04-14,2026-02-08,Churned,2026-02-08
12219,8219,Monthly,9.99,2025-04-22,2025-05-27,Churned,2025-05-27
12220,8220,Monthly,9.99,2025-04-08,,Active,
12221,8221,Monthly,9.99,2025-04-26,2026-01-05,Churned,2026-01-05
12222,8222,Monthly,9.99,2025-04-12,,Active,
12223,8223,Monthly,9.99,2025-04-09,,Active,
12224,8224,Monthly,9.99,2025-04-16,,Active,
12225,8225,Annual,6.99,2025-04-09,2025-10-21,Churned,2025-10-21
12226,8226,Annual,6.99,2025-04-19,,Active,
12227,8227,Annual,6.99,2025-04-23,,Active,
12228,8228,Monthly,9.99,2025-04-13,,Active,
12229,8229,Monthly,9.99,2025-04-24,,Active,
12230,8230,Monthly,9.99,2025-04-13,2026-01-21,Churned,2026-01-21
12231,8231,Monthly,9.99,2025-04-30,2026-04-05,Churned,2026-04-05
12232,8232,Monthly,9.99,2025-04-08,2025-09-19,Churned,2025-09-19
12233,8233,Monthly,9.99,2025-04-22,,Active,
12234,8234,Monthly,9.99,2025-04-17,,Active,
12235,8235,Monthly,9.99,2025-04-29,2025-12-13,Churned,2025-12-13
12236,8236,Monthly,9.99,2025-04-07,2026-03-19,Churned,2026-03-19
12237,8237,Annual,6.99,2025-04-06,,Active,
12238,8238,Annual,6.99,2025-04-27,2025-12-20,Churned,2025-12-20
12239,8239,Monthly,9.99,2025-04-28,,Active,
12240,8240,Monthly,9.99,2025-04-23,2025-12-30,Churned,2025-12-30
12241,8241,Annual,6.99,2025-04-15,2026-01-13,Churned,2026-01-13
12242,8242,Monthly,9.99,2025-04-13,,Active,
12243,8243,Annual,6.99,2025-04-20,,Active,
12244,8244,Annual,6.99,2025-04-23,,Active,
12245,8245,Annual,6.99,2025-04-09,2025-07-15,Churned,2025-07-15
12246,8246,Monthly,9.99,2025-04-01,,Active,
12247,8247,Monthly,9.99,2025-04-03,2025-09-20,Churned,2025-09-20
12248,8248,Monthly,9.99,2025-04-11,2025-11-07,Churned,2025-11-07
12249,8249,Monthly,9.99,2025-04-21,,Active,
12250,8250,Monthly,9.99,2025-04-14,2025-10-29,Churned,2025-10-29
12251,8251,Monthly,9.99,2025-04-19,2025-12-20,Churned,2025-12-20
12252,8252,Monthly,9.99,2025-04-15,2026-03-30,Churned,2026-03-30
12253,8253,Annual,6.99,2025-04-08,,Active,
12254,8254,Monthly,9.99,2025-04-23,,Active,
12255,8255,Annual,6.99,2025-04-22,,Active,
12256,8256,Monthly,9.99,2025-04-29,2025-11-12,Churned,2025-11-12
12257,8257,Monthly,9.99,2025-04-25,2025-11-30,Churned,2025-11-30
12258,8258,Annual,6.99,2025-04-12,2025-09-16,Churned,2025-09-16
12259,8259,Monthly,9.99,2025-04-22,,Active,
12260,8260,Monthly,9.99,2025-04-11,2025-07-11,Churned,2025-07-11
12261,8261,Monthly,9.99,2025-04-27,2026-05-25,Churned,2026-05-25
12262,8262,Annual,6.99,2025-04-19,,Active,
12263,8263,Annual,6.99,2025-04-26,,Active,
12264,8264,Monthly,9.99,2025-04-09,2025-12-22,Churned,2025-12-22
12265,8265,Monthly,9.99,2025-04-01,,Active,
12266,8266,Monthly,9.99,2025-04-05,2025-05-15,Churned,2025-05-15
12267,8267,Annual,6.99,2025-04-16,2025-12-12,Churned,2025-12-12
12268,8268,Monthly,9.99,2025-04-29,2025-07-24,Churned,2025-07-24
12269,8269,Monthly,9.99,2025-04-19,2025-10-04,Churned,2025-10-04
12270,8270,Monthly,9.99,2025-04-25,,Active,
12271,8271,Annual,6.99,2025-04-15,2025-08-12,Churned,2025-08-12
12272,8272,Monthly,9.99,2025-04-29,,Active,
12273,8273,Monthly,9.99,2025-04-29,,Active,
12274,8274,Annual,6.99,2025-04-07,2025-11-24,Churned,2025-11-24
12275,8275,Annual,6.99,2025-04-26,,Active,
12276,8276,Annual,6.99,2025-04-01,2026-06-26,Churned,2026-06-26
12277,8277,Monthly,9.99,2025-04-18,,Active,
12278,8278,Monthly,9.99,2025-04-14,2026-05-07,Churned,2026-05-07
12279,8279,Monthly,9.99,2025-04-10,2026-06-22,Churned,2026-06-22
12280,8280,Annual,6.99,2025-04-29,2025-10-22,Churned,2025-10-22
12281,8281,Monthly,9.99,2025-04-20,2026-01-20,Churned,2026-01-20
12282,8282,Monthly,9.99,2025-04-05,2025-11-17,Churned,2025-11-17
12283,8283,Monthly,0.0,2025-04-05,,Active,
12284,8284,Annual,6.99,2025-04-04,,Active,
12285,8285,Monthly,9.99,2025-04-10,2026-01-16,Churned,2026-01-16
12286,8286,Monthly,9.99,2025-04-03,,Active,
12287,8287,Monthly,9.99,2025-04-08,2025-11-28,Churned,2025-11-28
12288,8288,Monthly,9.99,2025-04-23,2025-07-05,Churned,2025-07-05
12289,8289,Monthly,9.99,2025-04-27,,Active,
12290,8290,Monthly,9.99,2025-04-24,2026-02-01,Churned,2026-02-01
12291,8291,Monthly,9.99,2025-04-15,,Active,
12292,8292,Monthly,9.99,2025-04-21,,Active,
12293,8293,Monthly,9.99,2025-04-29,,Active,
12294,8294,Annual,6.99,2025-04-02,2026-01-17,Churned,2026-01-17
12295,8295,Monthly,9.99,2025-04-28,2026-04-20,Churned,2026-04-20
12296,8296,Monthly,9.99,2025-04-22,2026-06-24,CHURNED,2026-06-24
12297,8297,Annual,6.99,2025-04-12,,Active,
12298,8298,Annual,6.99,2025-04-14,,Active,
12299,8299,Annual,6.99,2025-04-14,,ACTIVE,
12300,8300,Monthly,9.99,2025-04-05,,Active,
12301,8301,Monthly,9.99,2025-04-07,,Active,
12302,8302,Annual,6.99,2025-04-09,,Active,
12303,8303,Monthly,9.99,2025-04-01,2026-07-07,Churned,2026-07-07
12304,8304,Monthly,9.99,2025-04-16,2026-01-21,Churned,2026-01-21
12305,8305,Monthly,9.99,2025-04-15,2025-10-27,Churned,2025-10-27
12306,8306,Monthly,9.99,2025-04-10,,Active,
12307,8307,Monthly,9.99,2025-04-06,,Active,
12308,8308,Annual,6.99,2025-04-30,,Active,
12309,8309,Annual,0.0,2025-04-21,2025-06-05,Churned,2025-06-05
12310,8310,Monthly,9.99,2025-04-15,2025-10-05,Churned,2025-10-05
12311,8311,Monthly,9.99,2025-04-22,,Active,
12312,8312,Monthly,9.99,2025-04-12,,Active,
12313,8313,Annual,6.99,2025-04-07,,Active,
12314,8314,Annual,6.99,2025-04-21,2025-08-21,Churned,2025-08-21
12315,8315,Monthly,9.99,2025-04-24,,Active,
12316,8316,Annual,6.99,2025-04-20,2026-03-17,Churned,2026-03-17
12317,8317,Monthly,9.99,2025-04-17,2025-05-21,Churned,2025-05-21
12318,8318,Monthly,9.99,2025-04-01,,Active,
12319,8319,Annual,6.99,2025-04-20,2025-11-17,Churned,2025-11-17
12320,8320,Annual,6.99,2025-04-19,2026-04-11,Churned,2026-04-11
12321,8321,Monthly,0.0,2025-04-13,,Active,
12322,8322,Monthly,9.99,2025-04-08,2025-12-01,Churned,2025-12-01
12323,8323,Annual,6.99,2025-04-30,2026-01-01,Churned,2026-01-01
12324,8324,Monthly,9.99,2025-04-12,,Active,
12325,8325,Annual,6.99,2025-04-09,2025-06-04,CHURNED,2025-06-04
12326,8326,Annual,6.99,2025-04-22,,Active,
12327,8327,Annual,6.99,2025-04-15,2025-11-14,Churned,2025-11-14
12328,8328,Annual,6.99,2025-04-17,,Active,
12329,8329,Monthly,9.99,2025-04-20,,Active,
12330,8330,Monthly,9.99,2025-04-12,,Active,
12331,8331,Annual,6.99,2025-04-05,,Active,
12332,8332,Monthly,9.99,2025-04-06,,Active,
12333,8333,Monthly,9.99,2025-04-29,,Active,
12334,8334,Monthly,9.99,2025-04-16,2026-07-02,Churned,2026-07-02
12335,8335,Monthly,9.99,2025-04-13,2025-12-28,Churned,2025-12-28
12336,8336,Annual,6.99,2025-04-10,2025-05-08,Churned,2025-05-08
12337,8337,Monthly,9.99,2025-04-22,,Active,
12338,8338,Annual,6.99,2025-04-28,,Active,
12339,8339,Monthly,9.99,2025-04-24,,Active,
12340,8340,Annual,6.99,2025-04-17,,Active,
12341,8341,Monthly,9.99,2025-04-15,,Active,
12342,8342,Monthly,9.99,2025-04-26,2025-10-03,Churned,2025-10-03
12343,8343,Monthly,9.99,2025-04-26,2025-10-10,CHURNED,2025-10-10
12344,8344,Annual,6.99,2025-04-12,2026-05-25,Churned,2026-05-25
12345,8345,Monthly,9.99,2025-04-29,,Active,
12346,8346,Monthly,9.99,2025-04-25,2025-05-13,Churned,2025-05-13
12347,8347,Monthly,9.99,2025-04-26,,Active,
12348,8348,Annual,6.99,2025-04-02,,Active,
12349,8349,Annual,6.99,2025-04-04,2025-08-09,Churned,2025-08-09
12350,8350,Annual,6.99,2025-04-09,,Active,
12351,8351,Monthly,9.99,2025-04-23,,Active,
12352,8352,Monthly,9.99,2025-04-03,2025-12-07,Churned,2025-12-07
12353,8353,Monthly,9.99,2025-04-03,2025-08-07,Churned,2025-08-07
12354,8354,Monthly,9.99,2025-04-01,2025-12-26,Churned,2025-12-26
12355,8355,Monthly,9.99,2025-04-06,2025-12-01,Churned,2025-12-01
12356,8356,Monthly,9.99,2025-04-28,,Active,
12357,8357,Monthly,9.99,2025-04-22,2025-07-23,Churned,2025-07-23
12358,8358,Monthly,9.99,2025-04-22,2026-02-27,Churned,2026-02-27
12359,8359,Annual,6.99,2025-04-09,,Active,
12360,8360,Monthly,9.99,2025-04-19,,Active,
12361,8361,Monthly,9.99,2025-04-24,2026-01-15,Churned,2026-01-15
12362,8362,Monthly,9.99,2025-04-16,,Active,
12363,8363,Monthly,9.99,2025-04-26,2025-10-21,Churned,2025-10-21
12364,8364,Monthly,9.99,2025-04-18,2026-03-06,Churned,2026-03-06
12365,8365,Monthly,9.99,2025-04-10,,Active,
12366,8366,Monthly,9.99,2025-04-20,,Active,
12367,8367,Monthly,9.99,2025-04-29,,Active,
12368,8368,Annual,6.99,2025-04-25,,Active,
12369,8369,Annual,6.99,2025-04-15,,Active,
12370,8370,Monthly,9.99,2025-04-18,2025-10-25,Churned,2025-10-25
12371,8371,Monthly,9.99,2025-04-30,,Active,
12372,8372,Annual,6.99,2025-04-23,,Active,
12373,8373,Monthly,9.99,2025-04-16,,Active,
12374,8374,Monthly,9.99,2025-04-09,,Active,
12375,8375,Monthly,9.99,2025-04-28,,Active,
12376,8376,Annual,6.99,2025-04-30,2025-12-18,Churned,2025-12-18
12377,8377,Monthly,9.99,2025-04-03,,Active,
12378,8378,Annual,6.99,2025-04-01,,Active,
12379,8379,Annual,6.99,2025-04-04,,Active,
12380,8380,Annual,6.99,2025-04-12,,Active,
12381,8381,Annual,6.99,2025-04-05,,Active,
12382,8382,Annual,6.99,2025-04-27,,Active,
12383,8383,Monthly,9.99,2025-04-28,2025-05-06,Churned,2025-05-06
12384,8384,Monthly,9.99,2025-04-06,2026-02-08,Churned,2026-02-08
12385,8385,Annual,6.99,2025-04-25,,Active,
12386,8386,Monthly,9.99,2025-04-05,2025-06-09,Churned,2025-06-09
12387,8387,Monthly,9.99,2025-04-24,,Active,
12388,8388,Monthly,9.99,2025-04-11,2025-10-23,Churned,2025-10-23
12389,8389,Monthly,9.99,2025-04-02,2025-12-02,churned,2025-12-02
12390,8390,Annual,6.99,2025-04-13,,Active,
12391,8391,Monthly,9.99,2025-04-25,,Active,
12392,8392,Monthly,9.99,2025-04-29,,Active,
12393,8393,Monthly,9.99,2025-04-04,2025-07-01,Churned,2025-07-01
12394,8394,Monthly,9.99,2025-04-26,,Active,
12395,8395,Monthly,9.99,2025-04-09,2025-05-09,Churned,2025-05-09
12396,8396,Monthly,9.99,2025-04-14,2026-02-11,Churned,2026-02-11
12397,8397,Monthly,9.99,2025-04-04,,Active,
12398,8398,Monthly,9.99,2025-04-30,,Active,
12399,8399,Annual,6.99,2025-04-24,2025-10-02,Churned,2025-10-02
12400,8400,Annual,6.99,2025-04-20,,Active,
12401,8401,Annual,0.0,2025-04-22,2025-11-28,Churned,2025-11-28
12402,8402,Annual,6.99,2025-04-27,2026-05-23,Churned,2026-05-23
12403,8403,Monthly,9.99,2025-04-05,,ACTIVE,
12404,8404,Monthly,9.99,2025-04-08,2025-10-06,Churned,2025-10-06
12405,8405,Annual,6.99,2025-04-02,2026-03-31,Churned,2026-03-31
12406,8406,Annual,6.99,2025-04-15,,Active,
12407,8407,Annual,6.99,2025-04-15,,Active,
12408,8408,Monthly,9.99,2025-04-01,2025-09-21,Churned,2025-09-21
12409,8409,Monthly,9.99,2025-04-20,,Active,
12410,8410,Monthly,9.99,2025-04-01,,Active,
12411,8411,Monthly,9.99,2025-04-24,2025-10-29,Churned,2025-10-29
12412,8412,Monthly,9.99,2025-04-22,,Active,
12413,8413,Monthly,9.99,2025-04-25,,Active,
12414,8414,Monthly,9.99,2025-04-04,2025-11-29,Churned,2025-11-29
12415,8415,Monthly,9.99,2025-04-27,2026-05-11,Churned,2026-05-11
12416,8416,Monthly,9.99,2025-04-17,2025-07-14,Churned,2025-07-14
12417,8417,Monthly,0.0,2025-04-26,,Active,
12418,8418,Monthly,9.99,2025-04-21,,Active,
12419,8419,Annual,6.99,2025-04-20,,Active,
12420,8420,Annual,6.99,2025-04-01,,Active,
12421,8421,Annual,6.99,2025-04-21,,Active,
12422,8422,Monthly,9.99,2025-04-14,,Active,
12423,8423,Monthly,9.99,2025-04-26,,Active,
12424,8424,Annual,6.99,2025-04-21,,Active,
12425,8425,Monthly,9.99,2025-04-03,2025-08-06,Churned,2025-08-06
12426,8426,Monthly,9.99,2025-04-27,,Active,
12427,8427,Monthly,9.99,2025-04-02,,active,
12428,8428,Annual,6.99,2025-04-09,,Active,
12429,8429,Annual,6.99,2025-04-07,,Active,
12430,8430,Monthly,9.99,2025-04-30,,Active,
12431,8431,Monthly,9.99,2025-04-05,2025-09-02,Churned,2025-09-02
12432,8432,Monthly,9.99,2025-04-26,,Active,
12433,8433,Monthly,9.99,2025-04-07,,Active,
12434,8434,Monthly,9.99,2025-04-20,,Active,
12435,8435,Annual,6.99,2025-04-03,,Active,
12436,8436,Monthly,9.99,2025-04-12,2026-06-18,Churned,2026-06-18
12437,8437,Monthly,9.99,2025-04-19,2026-06-27,Churned,2026-06-27
12438,8438,Annual,6.99,2025-04-22,,Active,
12439,8439,Monthly,9.99,2025-04-27,2025-07-22,Churned,2025-07-22
12440,8440,Annual,6.99,2025-04-25,,Active,
12441,8441,Monthly,9.99,2025-04-16,2025-11-05,Churned,2025-11-05
12442,8442,Annual,6.99,2025-04-10,2026-02-09,Churned,2026-02-09
12443,8443,Monthly,9.99,2025-04-08,,Active,
12444,8444,Monthly,9.99,2025-04-30,2025-07-12,Churned,2025-07-12
12445,8445,Annual,6.99,2025-04-19,,ACTIVE,
12446,8446,Annual,6.99,2025-04-28,,Active,
12447,8447,Annual,6.99,2025-04-14,,Active,
12448,8448,Annual,6.99,2025-04-15,2026-05-18,Churned,2026-05-18
12449,8449,Monthly,9.99,2025-04-25,,ACTIVE,
12450,8450,Monthly,9.99,2025-04-22,2025-08-22,Churned,2025-08-22
12451,8451,Annual,6.99,2025-04-07,,Active,
12452,8452,Monthly,9.99,2025-04-16,,active,
12453,8453,Monthly,9.99,2025-04-07,2026-01-23,Churned,2026-01-23
12454,8454,Annual,6.99,2025-04-23,,Active,
12455,8455,Annual,6.99,2025-04-01,,Active,
12456,8456,Monthly,9.99,2025-04-25,,Active,
12457,8457,Monthly,9.99,2025-04-28,,Active,
12458,8458,Monthly,9.99,2025-04-01,2026-04-05,Churned,2026-04-05
12459,8459,Monthly,9.99,2025-04-19,,Active,
12460,8460,Monthly,9.99,2025-04-03,2025-10-10,Churned,2025-10-10
12461,8461,Monthly,9.99,2025-04-11,,Active,
12462,8462,Monthly,9.99,2025-04-11,,Active,
12463,8463,Monthly,9.99,2025-04-16,,Active,
12464,8464,Annual,6.99,2025-04-28,,Active,
12465,8465,Monthly,9.99,2025-04-14,,Active,
12466,8466,Monthly,9.99,2025-04-12,,Active,
12467,8467,Monthly,9.99,2025-04-03,,Active,
12468,8468,Monthly,9.99,2025-04-27,2025-07-01,Churned,2025-07-01
12469,8469,Monthly,9.99,2025-04-10,2025-05-11,Churned,2025-05-11
12470,8470,Monthly,9.99,2025-04-14,,Active,
12471,8471,Monthly,9.99,2025-04-03,,ACTIVE,
12472,8472,Monthly,9.99,2025-04-09,,Active,
12473,8473,Monthly,9.99,2025-04-17,2025-08-27,Churned,2025-08-27
12474,8474,Monthly,9.99,2025-04-28,,Active,
12475,8475,Annual,6.99,2025-04-10,2026-03-10,Churned,2026-03-10
12476,8476,Annual,6.99,2025-04-17,2025-12-27,Churned,2025-12-27
12477,8477,Monthly,9.99,2025-04-27,2026-04-05,Churned,2026-04-05
12478,8478,Monthly,9.99,2025-04-11,,Active,
12479,8479,Monthly,9.99,2025-04-09,2025-11-11,Churned,2025-11-11
12480,8480,Monthly,9.99,2025-04-02,2025-10-18,Churned,2025-10-18
12481,8481,Monthly,9.99,2025-04-28,2025-10-21,Churned,2025-10-21
12482,8482,Monthly,9.99,2025-04-04,,Active,
12483,8483,Annual,6.99,2025-04-07,2026-06-09,Churned,2026-06-09
12484,8484,Monthly,9.99,2025-04-05,2025-10-30,Churned,2025-10-30
12485,8485,Monthly,9.99,2025-04-22,2025-11-17,Churned,2025-11-17
12486,8486,Monthly,9.99,2025-04-11,,Active,
12487,8487,Monthly,9.99,2025-04-22,,Active,
12488,8488,Monthly,9.99,2025-04-19,,Active,
12489,8489,Monthly,9.99,2025-04-01,,Active,
12490,8490,Monthly,0.0,2025-04-10,,Active,
12491,8491,Monthly,9.99,2025-04-01,2025-07-22,Churned,2025-07-22
12492,8492,Monthly,9.99,2025-04-02,,Active,
12493,8493,Annual,6.99,2025-04-15,,active,
12494,8494,Annual,6.99,2025-04-08,2026-03-03,Churned,2026-03-03
12495,8495,Annual,6.99,2025-04-03,2026-03-27,CHURNED,2026-03-27
12496,8496,Monthly,9.99,2025-04-13,2025-08-22,Churned,2025-08-22
12497,8497,Annual,6.99,2025-04-14,,Active,
12498,8498,Monthly,9.99,2025-04-30,2025-07-21,Churned,2025-07-21
12499,8499,Monthly,9.99,2025-04-20,2025-12-25,Churned,2025-12-25
12500,8500,Monthly,9.99,2025-04-12,2025-09-07,Churned,2025-09-07
12501,8501,Monthly,9.99,2025-04-15,,Active,
12502,8502,Monthly,9.99,2025-04-03,2025-12-06,Churned,2025-12-06
12503,8503,Annual,6.99,2025-04-12,,Active,
12504,8504,Monthly,9.99,2025-04-18,,Active,
12505,8505,Monthly,9.99,2025-04-01,2026-02-08,Churned,2026-02-08
12506,8506,Monthly,9.99,2025-04-28,2025-12-07,Churned,2025-12-07
12507,8507,Monthly,9.99,2025-04-16,,Active,
12508,8508,Annual,6.99,2025-04-24,,Active,
12509,8509,Monthly,9.99,2025-04-09,2025-12-01,Churned,2025-12-01
12510,8510,Annual,6.99,2025-04-26,2025-12-16,Churned,2025-12-16
12511,8511,Monthly,9.99,2025-04-12,,Active,
12512,8512,Annual,6.99,2025-04-28,2025-11-25,Churned,2025-11-25
12513,8513,Monthly,9.99,2025-04-16,,Active,
12514,8514,Annual,6.99,2025-04-20,,Active,
12515,8515,Annual,6.99,2025-04-07,2025-10-19,Churned,2025-10-19
12516,8516,Annual,6.99,2025-04-30,,Active,
12517,8517,Monthly,9.99,2025-04-06,2025-09-24,Churned,2025-09-24
12518,8518,Annual,6.99,2025-04-01,2025-09-15,Churned,2025-09-15
12519,8519,Monthly,9.99,2025-04-14,,Active,
12520,8520,Annual,6.99,2025-04-26,2025-10-07,Churned,2025-10-07
12521,8521,Monthly,9.99,2025-04-28,,Active,
12522,8522,Annual,6.99,2025-04-26,,Active,
12523,8523,Monthly,9.99,2025-04-17,2026-01-29,Churned,2026-01-29
12524,8524,Annual,6.99,2025-04-28,2025-11-23,Churned,2025-11-23
12525,8525,Annual,6.99,2025-04-15,,Active,
12526,8526,Annual,6.99,2025-04-15,2025-09-26,CHURNED,2025-09-26
12527,8527,Annual,6.99,2025-04-06,2026-05-27,Churned,2026-05-27
12528,8528,Monthly,9.99,2025-04-24,2026-01-11,Churned,2026-01-11
12529,8529,Annual,6.99,2025-04-10,,Active,
12530,8530,Monthly,9.99,2025-04-06,2025-11-28,Churned,2025-11-28
12531,8531,Monthly,9.99,2025-04-12,,Active,
12532,8532,Annual,6.99,2025-04-19,2025-12-12,Churned,2025-12-12
12533,8533,Monthly,9.99,2025-04-09,2025-10-31,Churned,2025-10-31
12534,8534,Annual,6.99,2025-04-11,,Active,
12535,8535,Annual,6.99,2025-04-10,,active,
12536,8536,Annual,6.99,2025-04-18,,Active,
12537,8537,Annual,6.99,2025-04-22,,Active,
12538,8538,Annual,6.99,2025-04-21,,Active,
12539,8539,Monthly,9.99,2025-04-05,2025-12-15,Churned,2025-12-15
12540,8540,Monthly,9.99,2025-04-11,,Active,
12541,8541,Monthly,9.99,2025-04-20,,Active,
12542,8542,Annual,6.99,2025-04-07,2026-01-16,Churned,2026-01-16
12543,8543,Monthly,9.99,2025-04-03,2026-02-12,Churned,2026-02-12
12544,8544,Monthly,9.99,2025-04-10,2025-07-19,Churned,2025-07-19
12545,8545,Annual,6.99,2025-04-21,2026-02-05,Churned,2026-02-05
12546,8546,Monthly,9.99,2025-04-20,2025-10-10,Churned,2025-10-10
12547,8547,Annual,6.99,2025-04-04,2026-06-30,Churned,2026-06-30
12548,8548,Monthly,9.99,2025-04-21,,Active,
12549,8549,Monthly,9.99,2025-04-06,2025-11-19,Churned,2025-11-19
12550,8550,Monthly,9.99,2025-04-23,2025-07-17,Churned,2025-07-17
12551,8551,Monthly,9.99,2025-04-17,,Active,
12552,8552,Monthly,9.99,2025-04-04,,Active,
12553,8553,Annual,6.99,2025-04-11,2025-11-26,Churned,2025-11-26
12554,8554,Monthly,9.99,2025-04-25,2026-02-25,CHURNED,2026-02-25
12555,8555,Annual,6.99,2025-04-13,,Active,
12556,8556,Annual,6.99,2025-04-21,2025-09-12,Churned,2025-09-12
12557,8557,Annual,6.99,2025-04-23,2025-09-05,Churned,2025-09-05
12558,8558,Monthly,9.99,2025-04-01,,Active,
12559,8559,Monthly,9.99,2025-04-28,2026-02-11,Churned,2026-02-11
12560,8560,Monthly,9.99,2025-04-11,,Active,
12561,8561,Monthly,9.99,2025-04-24,2025-11-11,Churned,2025-11-11
12562,8562,Annual,6.99,2025-04-15,,Active,
12563,8563,Monthly,9.99,2025-04-18,2026-01-07,Churned,2026-01-07
12564,8564,Annual,6.99,2025-04-11,,Active,
12565,8565,Monthly,9.99,2025-04-26,2025-11-22,Churned,2025-11-22
12566,8566,Annual,6.99,2025-04-04,,Active,
12567,8567,Monthly,9.99,2025-04-27,,Active,
12568,8568,Monthly,9.99,2025-04-07,2025-10-17,Churned,2025-10-17
12569,8569,Monthly,9.99,2025-04-27,2026-01-13,Churned,2026-01-13
12570,8570,Annual,6.99,2025-04-01,,Active,
12571,8571,Annual,6.99,2025-04-01,2026-01-08,Churned,2026-01-08
12572,8572,Monthly,9.99,2025-04-03,,Active,
12573,8573,Annual,6.99,2025-04-17,2025-06-10,Churned,2025-06-10
12574,8574,Annual,6.99,2025-04-08,,Active,
12575,8575,Monthly,9.99,2025-04-18,,Active,
12576,8576,Monthly,9.99,2025-04-25,,Active,
12577,8577,Monthly,9.99,2025-04-01,2025-06-15,Churned,2025-06-15
12578,8578,Monthly,9.99,2025-04-16,,Active,
12579,8579,Annual,6.99,2025-04-23,,Active,
12580,8580,Monthly,9.99,2025-04-13,,Active,
12581,8581,Annual,6.99,2025-04-28,,Active,
12582,8582,Monthly,9.99,2025-04-20,2025-05-14,Churned,2025-05-14
12583,8583,Monthly,9.99,2025-04-02,,Active,
12584,8584,Annual,6.99,2025-04-17,,Active,
12585,8585,Annual,6.99,2025-04-12,2026-02-13,Churned,2026-02-13
12586,8586,Monthly,9.99,2025-04-04,2026-03-28,Churned,2026-03-28
12587,8587,Monthly,9.99,2025-04-29,2026-03-12,Churned,2026-03-12
12588,8588,Monthly,9.99,2025-04-07,,Active,
12589,8589,Monthly,9.99,2025-04-03,2025-10-30,churned,2025-10-30
12590,8590,Monthly,9.99,2025-04-07,2025-07-07,Churned,2025-07-07
12591,8591,Annual,6.99,2025-04-25,,Active,
12592,8592,Monthly,9.99,2025-04-18,2025-05-23,Churned,2025-05-23
12593,8593,Monthly,9.99,2025-04-25,2025-12-22,Churned,2025-12-22
12594,8594,Annual,6.99,2025-04-14,2025-07-01,Churned,2025-07-01
12595,8595,Annual,6.99,2025-04-04,,Active,
12596,8596,Monthly,9.99,2025-04-12,2025-12-29,Churned,2025-12-29
12597,8597,Monthly,9.99,2025-04-06,,Active,
12598,8598,Monthly,9.99,2025-04-17,,Active,
12599,8599,Monthly,9.99,2025-04-09,2025-12-12,Churned,2025-12-12
12600,8600,Monthly,9.99,2025-04-30,,Active,
12601,8601,Monthly,9.99,2025-04-12,,Active,
12602,8602,Annual,6.99,2025-04-10,,Active,
12603,8603,Annual,6.99,2025-04-30,2026-05-11,Churned,2026-05-11
12604,8604,Monthly,9.99,2025-04-16,2025-10-08,Churned,2025-10-08
12605,8605,Monthly,9.99,2025-04-06,2025-06-22,Churned,2025-06-22
12606,8606,Monthly,9.99,2025-04-15,2025-11-19,Churned,2025-11-19
12607,8607,Monthly,9.99,2025-04-08,2025-08-27,Churned,2025-08-27
12608,8608,Monthly,9.99,2025-04-22,2025-06-17,Churned,2025-06-17
12609,8609,Monthly,9.99,2025-04-18,,Active,
12610,8610,Monthly,9.99,2025-04-22,,Active,
12611,8611,Annual,0.0,2025-04-29,,Active,
12612,8612,Monthly,9.99,2025-04-22,2025-12-29,Churned,2025-12-29
12613,8613,Monthly,9.99,2025-04-11,,Active,
12614,8614,Monthly,0.0,2025-04-07,2025-07-02,Churned,2025-07-02
12615,8615,Annual,6.99,2025-04-16,,Active,
12616,8616,Monthly,9.99,2025-04-14,,Active,
12617,8617,Annual,6.99,2025-04-10,,Active,
12618,8618,Monthly,9.99,2025-04-25,,Active,
12619,8619,Annual,6.99,2025-04-28,,Active,
12620,8620,Monthly,9.99,2025-04-12,,Active,
12621,8621,Monthly,9.99,2025-04-21,,Active,
12622,8622,Annual,6.99,2025-04-30,,Active,
12623,8623,Monthly,9.99,2025-04-01,2025-11-24,Churned,2025-11-24
12624,8624,Annual,6.99,2025-04-11,,Active,
12625,8625,Monthly,9.99,2025-04-23,,Active,
12626,8626,Monthly,9.99,2025-04-15,2026-01-11,Churned,2026-01-11
12627,8627,Monthly,9.99,2025-04-24,,Active,
12628,8628,Monthly,9.99,2025-04-15,2025-08-20,Churned,2025-08-20
12629,8629,Annual,6.99,2025-04-02,,Active,
12630,8630,Monthly,9.99,2025-04-14,,Active,
12631,8631,Monthly,9.99,2025-04-13,,Active,
12632,8632,Monthly,9.99,2025-04-26,,Active,
12633,8633,Annual,6.99,2025-04-05,,Active,
12634,8634,Monthly,9.99,2025-04-05,2025-07-18,Churned,2025-07-18
12635,8635,Monthly,9.99,2025-04-05,,Active,
12636,8636,Monthly,9.99,2025-04-18,2025-09-25,Churned,2025-09-25
12637,8637,Monthly,9.99,2025-04-30,,Active,
12638,8638,Annual,6.99,2025-04-19,2026-03-14,CHURNED,2026-03-14
12639,8639,Annual,6.99,2025-04-25,2025-07-30,Churned,2025-07-30
12640,8640,Monthly,9.99,2025-04-26,,Active,
12641,8641,Monthly,9.99,2025-04-19,2026-03-03,Churned,2026-03-03
12642,8642,Annual,6.99,2025-04-19,,Active,
12643,8643,Annual,6.99,2025-04-08,2026-01-02,Churned,2026-01-02
12644,8644,Monthly,9.99,2025-04-29,2025-05-11,Churned,2025-05-11
12645,8645,Monthly,9.99,2025-04-24,,Active,
12646,8646,Monthly,9.99,2025-04-27,,Active,
12647,8647,Monthly,9.99,2025-04-30,2026-05-18,Churned,2026-05-18
12648,8648,Annual,6.99,2025-04-11,,Active,
12649,8649,Monthly,9.99,2025-04-05,,Active,
12650,8650,Monthly,9.99,2025-04-26,2026-04-17,Churned,2026-04-17
12651,8651,Annual,6.99,2025-04-15,2025-07-03,Churned,2025-07-03
12652,8652,Monthly,9.99,2025-04-29,,Active,
12653,8653,Monthly,9.99,2025-04-21,,Active,
12654,8654,Monthly,9.99,2025-04-08,,Active,
12655,8655,Monthly,9.99,2025-04-11,,Active,
12656,8656,Monthly,9.99,2025-04-19,,Active,
12657,8657,Monthly,9.99,2025-04-12,2026-07-04,Churned,2026-07-04
12658,8658,Annual,6.99,2025-04-09,,Active,
12659,8659,Annual,6.99,2025-04-07,,Active,
12660,8660,Annual,6.99,2025-04-20,,Active,
12661,8661,Monthly,9.99,2025-04-02,,Active,
12662,8662,Monthly,9.99,2025-04-03,2026-04-29,Churned,2026-04-29
12663,8663,Monthly,9.99,2025-04-02,,Active,
12664,8664,Annual,6.99,2025-04-23,2026-03-24,Churned,2026-03-24
12665,8665,Monthly,9.99,2025-04-01,2025-10-30,Churned,2025-10-30
12666,8666,Annual,6.99,2025-04-13,,Active,
12667,8667,Monthly,9.99,2025-04-04,2026-01-28,Churned,2026-01-28
12668,8668,Monthly,9.99,2025-04-18,,Active,
12669,8669,Annual,6.99,2025-04-02,,Active,
12670,8670,Annual,6.99,2025-04-01,,Active,
12671,8671,Monthly,9.99,2025-04-13,,Active,
12672,8672,Monthly,9.99,2025-04-21,,Active,
12673,8673,Annual,6.99,2025-04-04,,Active,
12674,8674,Monthly,9.99,2025-04-15,2025-08-29,Churned,2025-08-29
12675,8675,Monthly,9.99,2025-04-25,,Active,
12676,8676,Monthly,9.99,2025-04-19,,Active,
12677,8677,Annual,6.99,2025-04-23,,Active,
12678,8678,Monthly,9.99,2025-04-10,,Active,
12679,8679,Annual,6.99,2025-04-29,2025-10-04,Churned,2025-10-04
12680,8680,Monthly,9.99,2025-04-05,,Active,
12681,8681,Monthly,9.99,2025-04-19,,Active,
12682,8682,Annual,6.99,2025-04-14,2026-02-16,Churned,2026-02-16
12683,8683,Annual,6.99,2025-04-01,2025-11-21,Churned,2025-11-21
12684,8684,Monthly,9.99,2025-04-29,,Active,
12685,8685,Monthly,9.99,2025-04-22,2025-10-27,Churned,2025-10-27
12686,8686,Monthly,9.99,2025-04-07,,Active,
12687,8687,Monthly,9.99,2025-04-02,,Active,
12688,8688,Monthly,9.99,2025-04-21,2025-06-10,Churned,2025-06-10
12689,8689,Monthly,9.99,2025-04-17,,Active,
12690,8690,Monthly,9.99,2025-04-02,2025-12-14,Churned,2025-12-14
12691,8691,Monthly,9.99,2025-04-30,,Active,
12692,8692,Monthly,9.99,2025-04-22,2026-02-19,Churned,2026-02-19
12693,8693,Monthly,9.99,2025-04-14,,Active,
12694,8694,Annual,6.99,2025-04-08,,Active,
12695,8695,Monthly,9.99,2025-04-09,2026-02-13,Churned,2026-02-13
12696,8696,Annual,6.99,2025-04-14,,Active,
12697,8697,Monthly,9.99,2025-04-02,,Active,
12698,8698,Monthly,9.99,2025-04-12,2025-10-07,Churned,2025-10-07
12699,8699,Annual,6.99,2025-04-07,2025-10-15,Churned,2025-10-15
12700,8700,Monthly,9.99,2025-04-04,,Active,
12701,8701,Monthly,9.99,2025-05-17,,Active,
12702,8702,Monthly,9.99,2025-05-02,2025-08-24,Churned,2025-08-24
12703,8703,Monthly,9.99,2025-05-14,,Active,
12704,8704,Annual,6.99,2025-05-28,2025-11-07,Churned,2025-11-07
12705,8705,Monthly,9.99,2025-05-06,,Active,
12706,8706,Monthly,9.99,2025-05-26,,Active,
12707,8707,Annual,6.99,2025-05-14,2025-12-17,Churned,2025-12-17
12708,8708,Annual,6.99,2025-05-17,,Active,
12709,8709,Monthly,9.99,2025-05-20,2025-10-14,Churned,2025-10-14
12710,8710,Annual,6.99,2025-05-22,,ACTIVE,
12711,8711,Annual,6.99,2025-05-20,,Active,
12712,8712,Annual,6.99,2025-05-04,2025-11-07,Churned,2025-11-07
12713,8713,Annual,6.99,2025-05-10,,Active,
12714,8714,Monthly,9.99,2025-05-27,2026-01-23,Churned,2026-01-23
12715,8715,Monthly,9.99,2025-05-02,,Active,
12716,8716,Monthly,9.99,2025-05-23,,Active,
12717,8717,Monthly,9.99,2025-05-17,,ACTIVE,
12718,8718,Monthly,9.99,2025-05-04,2025-10-14,Churned,2025-10-14
12719,8719,Monthly,9.99,2025-05-04,2026-03-15,Churned,2026-03-15
12720,8720,Monthly,9.99,2025-05-31,2026-06-26,Churned,2026-06-26
12721,8721,Monthly,9.99,2025-05-01,,Active,
12722,8722,Monthly,9.99,2025-05-01,,Active,
12723,8723,Monthly,9.99,2025-05-01,,Active,
12724,8724,Monthly,9.99,2025-05-20,,Active,
12725,8725,Annual,6.99,2025-05-29,2025-10-15,Churned,2025-10-15
12726,8726,Monthly,9.99,2025-05-06,2025-06-29,Churned,2025-06-29
12727,8727,Monthly,9.99,2025-05-25,,Active,
12728,8728,Monthly,9.99,2025-05-23,,Active,
12729,8729,Monthly,9.99,2025-05-08,2026-06-21,Churned,2026-06-21
12730,8730,Monthly,9.99,2025-05-03,,Active,
12731,8731,Annual,6.99,2025-05-16,2025-07-15,Churned,2025-07-15
12732,8732,Monthly,9.99,2025-05-03,,Active,
12733,8733,Monthly,9.99,2025-05-04,,Active,
12734,8734,Monthly,9.99,2025-05-15,2025-12-31,Churned,2025-12-31
12735,8735,Monthly,9.99,2025-05-26,2025-09-16,Churned,2025-09-16
12736,8736,Monthly,9.99,2025-05-31,,Active,
12737,8737,Monthly,9.99,2025-05-20,,ACTIVE,
12738,8738,Annual,6.99,2025-05-09,2026-07-04,Churned,2026-07-04
12739,8739,Monthly,9.99,2025-05-11,,Active,
12740,8740,Monthly,9.99,2025-05-19,2025-12-02,Churned,2025-12-02
12741,8741,Monthly,9.99,2025-05-06,,Active,
12742,8742,Annual,6.99,2025-05-17,2026-02-25,Churned,2026-02-25
12743,8743,Annual,6.99,2025-05-24,2025-10-17,Churned,2025-10-17
12744,8744,Annual,6.99,2025-05-27,2026-01-30,Churned,2026-01-30
12745,8745,Monthly,9.99,2025-05-02,,Active,
12746,8746,Monthly,9.99,2025-05-09,2026-07-06,Churned,2026-07-06
12747,8747,Monthly,9.99,2025-05-08,2025-10-28,Churned,2025-10-28
12748,8748,Annual,6.99,2025-05-18,,Active,
12749,8749,Annual,6.99,2025-05-06,,Active,
12750,8750,Monthly,9.99,2025-05-30,,Active,
12751,8751,Annual,6.99,2025-05-29,,Active,
12752,8752,Annual,6.99,2025-05-11,2026-02-22,Churned,2026-02-22
12753,8753,Annual,6.99,2025-05-13,,Active,
12754,8754,Monthly,9.99,2025-05-14,2026-06-11,Churned,2026-06-11
12755,8755,Monthly,9.99,2025-05-02,,Active,
12756,8756,Annual,6.99,2025-05-28,2025-09-25,Churned,2025-09-25
12757,8757,Annual,6.99,2025-05-25,2026-06-15,Churned,2026-06-15
12758,8758,Monthly,9.99,2025-05-11,,Active,
12759,8759,Monthly,9.99,2025-05-17,2026-05-14,Churned,2026-05-14
12760,8760,Monthly,9.99,2025-05-12,2026-02-16,Churned,2026-02-16
12761,8761,Annual,6.99,2025-05-08,2025-07-21,Churned,2025-07-21
12762,8762,Annual,0.0,2025-05-10,2025-11-25,Churned,2025-11-25
12763,8763,Monthly,9.99,2025-05-04,,Active,
12764,8764,Monthly,9.99,2025-05-26,2025-08-23,Churned,2025-08-23
12765,8765,Monthly,9.99,2025-05-21,2026-02-23,Churned,2026-02-23
12766,8766,Monthly,9.99,2025-05-29,,Active,
12767,8767,Monthly,9.99,2025-05-01,,Active,
12768,8768,Monthly,9.99,2025-05-20,,Active,
12769,8769,Annual,6.99,2025-05-18,,Active,
12770,8770,Annual,6.99,2025-05-20,2025-12-11,Churned,2025-12-11
12771,8771,Monthly,9.99,2025-05-31,2025-10-07,Churned,2025-10-07
12772,8772,Monthly,9.99,2025-05-13,,Active,
12773,8773,Monthly,9.99,2025-05-05,,Active,
12774,8774,Monthly,9.99,2025-05-01,,Active,
12775,8775,Monthly,9.99,2025-05-16,,Active,
12776,8776,Monthly,9.99,2025-05-06,,Active,
12777,8777,Annual,6.99,2025-05-05,2026-01-21,Churned,2026-01-21
12778,8778,Monthly,9.99,2025-05-05,2025-09-14,Churned,2025-09-14
12779,8779,Monthly,9.99,2025-05-09,,Active,
12780,8780,Monthly,9.99,2025-05-04,,Active,
12781,8781,Monthly,9.99,2025-05-16,,Active,
12782,8782,Monthly,9.99,2025-05-21,,active,
12783,8783,Annual,6.99,2025-05-09,,Active,
12784,8784,Annual,6.99,2025-05-05,2026-01-01,Churned,2026-01-01
12785,8785,Monthly,9.99,2025-05-18,,Active,
12786,8786,Annual,6.99,2025-05-03,2026-07-03,Churned,2026-07-03
12787,8787,Monthly,9.99,2025-05-23,,Active,
12788,8788,Annual,6.99,2025-05-12,,Active,
12789,8789,Monthly,9.99,2025-05-13,,Active,
12790,8790,Monthly,9.99,2025-05-08,,Active,
12791,8791,Monthly,9.99,2025-05-09,2025-11-30,Churned,2025-11-30
12792,8792,Monthly,9.99,2025-05-05,,Active,
12793,8793,Annual,6.99,2025-05-18,2026-01-24,Churned,2026-01-24
12794,8794,Monthly,9.99,2025-05-05,2025-11-08,Churned,2025-11-08
12795,8795,Monthly,9.99,2025-05-22,,Active,
12796,8796,Monthly,9.99,2025-05-08,2025-11-21,Churned,2025-11-21
12797,8797,Annual,6.99,2025-05-18,,Active,
12798,8798,Annual,6.99,2025-05-17,2026-01-23,Churned,2026-01-23
12799,8799,Monthly,0.0,2025-05-20,,ACTIVE,
12800,8800,Monthly,9.99,2025-05-24,,Active,
12801,8801,Monthly,9.99,2025-05-18,2026-01-02,Churned,2026-01-02
12802,8802,Monthly,9.99,2025-05-27,2025-12-01,Churned,2025-12-01
12803,8803,Monthly,9.99,2025-05-09,,Active,
12804,8804,Monthly,9.99,2025-05-24,2025-07-26,Churned,2025-07-26
12805,8805,Monthly,9.99,2025-05-11,,ACTIVE,
12806,8806,Monthly,9.99,2025-05-20,2025-10-29,Churned,2025-10-29
12807,8807,Monthly,9.99,2025-05-16,,Active,
12808,8808,Monthly,9.99,2025-05-29,,Active,
12809,8809,Monthly,9.99,2025-05-09,,Active,
12810,8810,Annual,6.99,2025-05-17,2025-11-11,Churned,2025-11-11
12811,8811,Annual,6.99,2025-05-06,,Active,
12812,8812,Monthly,9.99,2025-05-20,,Active,
12813,8813,Monthly,9.99,2025-05-02,2025-08-12,Churned,2025-08-12
12814,8814,Annual,6.99,2025-05-13,,Active,
12815,8815,Monthly,9.99,2025-05-01,2026-03-12,Churned,2026-03-12
12816,8816,Monthly,9.99,2025-05-11,,Active,
12817,8817,Monthly,9.99,2025-05-16,,Active,
12818,8818,Monthly,9.99,2025-05-11,2026-03-01,Churned,2026-03-01
12819,8819,Annual,6.99,2025-05-12,,Active,
12820,8820,Monthly,9.99,2025-05-05,,Active,
12821,8821,Annual,6.99,2025-05-23,,Active,
12822,8822,Monthly,9.99,2025-05-25,2025-12-13,Churned,2025-12-13
12823,8823,Annual,6.99,2025-05-15,,ACTIVE,
12824,8824,Monthly,9.99,2025-05-02,,Active,
12825,8825,Monthly,9.99,2025-05-02,,Active,
12826,8826,Monthly,9.99,2025-05-21,,Active,
12827,8827,Monthly,9.99,2025-05-29,2025-07-24,Churned,2025-07-24
12828,8828,Monthly,9.99,2025-05-27,2025-11-12,Churned,2025-11-12
12829,8829,Monthly,9.99,2025-05-13,2025-11-19,Churned,2025-11-19
12830,8830,Annual,6.99,2025-05-16,2025-12-17,Churned,2025-12-17
12831,8831,Monthly,9.99,2025-05-06,2025-08-07,Churned,2025-08-07
12832,8832,Monthly,9.99,2025-05-03,,Active,
12833,8833,Annual,6.99,2025-05-24,,Active,
12834,8834,Monthly,9.99,2025-05-14,,Active,
12835,8835,Annual,6.99,2025-05-16,,Active,
12836,8836,Monthly,9.99,2025-05-11,,Active,
12837,8837,Annual,6.99,2025-05-10,,Active,
12838,8838,Monthly,9.99,2025-05-31,,Active,
12839,8839,Annual,6.99,2025-05-26,,Active,
12840,8840,Monthly,9.99,2025-05-22,,Active,
12841,8841,Annual,6.99,2025-05-13,,Active,
12842,8842,Monthly,9.99,2025-05-23,2025-09-05,Churned,2025-09-05
12843,8843,Annual,6.99,2025-05-11,2025-12-06,Churned,2025-12-06
12844,8844,Monthly,9.99,2025-05-16,,Active,
12845,8845,Monthly,9.99,2025-05-05,2026-02-03,Churned,2026-02-03
12846,8846,Monthly,9.99,2025-05-22,,Active,
12847,8847,Monthly,9.99,2025-05-02,2025-09-05,Churned,2025-09-05
12848,8848,Monthly,9.99,2025-05-23,,Active,
12849,8849,Monthly,9.99,2025-05-19,,Active,
12850,8850,Annual,6.99,2025-05-03,,active,
12851,8851,Monthly,9.99,2025-05-16,,Active,
12852,8852,Monthly,9.99,2025-05-07,,Active,
12853,8853,Monthly,9.99,2025-05-15,,Active,
12854,8854,Annual,6.99,2025-05-01,2025-11-20,Churned,2025-11-20
12855,8855,Monthly,9.99,2025-05-23,2025-07-18,Churned,2025-07-18
12856,8856,Monthly,9.99,2025-05-16,,Active,
12857,8857,Monthly,9.99,2025-05-12,,Active,
12858,8858,Annual,6.99,2025-05-28,2025-06-13,Churned,2025-06-13
12859,8859,Monthly,9.99,2025-05-20,2026-03-26,Churned,2026-03-26
12860,8860,Monthly,9.99,2025-05-19,2026-07-03,Churned,2026-07-03
12861,8861,Annual,0.0,2025-05-05,2026-02-05,Churned,2026-02-05
12862,8862,Monthly,9.99,2025-05-16,,Active,
12863,8863,Monthly,9.99,2025-05-22,,Active,
12864,8864,Monthly,9.99,2025-05-29,,Active,
12865,8865,Annual,6.99,2025-05-19,2026-07-01,Churned,2026-07-01
12866,8866,Monthly,9.99,2025-05-06,2025-11-25,Churned,2025-11-25
12867,8867,Annual,6.99,2025-05-22,2025-07-03,Churned,2025-07-03
12868,8868,Monthly,9.99,2025-05-03,2025-10-06,Churned,2025-10-06
12869,8869,Monthly,9.99,2025-05-10,2025-10-09,Churned,2025-10-09
12870,8870,Monthly,9.99,2025-05-29,,Active,
12871,8871,Annual,6.99,2025-05-25,,Active,
12872,8872,Monthly,9.99,2025-05-28,2025-11-02,Churned,2025-11-02
12873,8873,Annual,6.99,2025-05-11,2025-06-13,Churned,2025-06-13
12874,8874,Monthly,9.99,2025-05-22,2025-12-05,Churned,2025-12-05
12875,8875,Monthly,9.99,2025-05-22,,Active,
12876,8876,Monthly,9.99,2025-05-08,2025-08-03,Churned,2025-08-03
12877,8877,Monthly,9.99,2025-05-30,2026-01-23,Churned,2026-01-23
12878,8878,Annual,6.99,2025-05-31,,Active,
12879,8879,Annual,6.99,2025-05-04,2026-06-05,Churned,2026-06-05
12880,8880,Monthly,9.99,2025-05-24,,Active,
12881,8881,Monthly,9.99,2025-05-14,,Active,
12882,8882,Annual,6.99,2025-05-21,2026-05-22,Churned,2026-05-22
12883,8883,Monthly,9.99,2025-05-18,2025-11-11,Churned,2025-11-11
12884,8884,Monthly,9.99,2025-05-07,2025-08-14,Churned,2025-08-14
12885,8885,Monthly,9.99,2025-05-03,,Active,
12886,8886,Monthly,9.99,2025-05-16,,Active,
12887,8887,Annual,0.0,2025-05-26,,Active,
12888,8888,Annual,6.99,2025-05-26,2025-07-27,Churned,2025-07-27
12889,8889,Monthly,9.99,2025-05-09,,Active,
12890,8890,Monthly,9.99,2025-05-27,,Active,
12891,8891,Monthly,9.99,2025-05-12,,Active,
12892,8892,Monthly,9.99,2025-05-18,,Active,
12893,8893,Annual,6.99,2025-05-11,,Active,
12894,8894,Monthly,9.99,2025-05-17,2026-06-04,Churned,2026-06-04
12895,8895,Monthly,9.99,2025-05-17,,active,
12896,8896,Annual,6.99,2025-05-22,,Active,
12897,8897,Monthly,9.99,2025-05-15,2025-12-20,Churned,2025-12-20
12898,8898,Monthly,9.99,2025-05-17,,Active,
12899,8899,Annual,6.99,2025-05-21,2025-09-19,Churned,2025-09-19
12900,8900,Monthly,9.99,2025-05-13,,Active,
12901,8901,Annual,6.99,2025-05-17,2025-11-08,Churned,2025-11-08
12902,8902,Monthly,9.99,2025-05-03,2026-07-06,Churned,2026-07-06
12903,8903,Monthly,9.99,2025-05-27,,Active,
12904,8904,Annual,6.99,2025-05-04,2025-08-15,Churned,2025-08-15
12905,8905,Monthly,9.99,2025-05-28,,Active,
12906,8906,Monthly,9.99,2025-05-24,2025-11-03,Churned,2025-11-03
12907,8907,Annual,6.99,2025-05-30,,Active,
12908,8908,Monthly,9.99,2025-05-01,2025-09-26,Churned,2025-09-26
12909,8909,Monthly,9.99,2025-05-07,2026-04-03,Churned,2026-04-03
12910,8910,Annual,6.99,2025-05-02,,Active,
12911,8911,Annual,6.99,2025-05-13,,Active,
12912,8912,Annual,6.99,2025-05-29,2025-07-11,Churned,2025-07-11
12913,8913,Monthly,9.99,2025-05-24,,Active,
12914,8914,Monthly,9.99,2025-05-22,2025-08-11,Churned,2025-08-11
12915,8915,Monthly,9.99,2025-05-27,2026-07-07,Churned,2026-07-07
12916,8916,Annual,6.99,2025-05-01,,Active,
12917,8917,Annual,6.99,2025-05-25,,Active,
12918,8918,Monthly,9.99,2025-05-10,2025-10-19,Churned,2025-10-19
12919,8919,Annual,6.99,2025-05-22,,Active,
12920,8920,Monthly,9.99,2025-05-24,2025-08-10,Churned,2025-08-10
12921,8921,Monthly,9.99,2025-05-22,2026-03-30,Churned,2026-03-30
12922,8922,Monthly,9.99,2025-05-13,2025-08-13,Churned,2025-08-13
12923,8923,Monthly,9.99,2025-05-19,2025-09-16,Churned,2025-09-16
12924,8924,Monthly,9.99,2025-05-15,2025-08-29,Churned,2025-08-29
12925,8925,Annual,6.99,2025-05-20,,Active,
12926,8926,Monthly,9.99,2025-05-15,,Active,
12927,8927,Annual,6.99,2025-05-13,2026-06-05,Churned,2026-06-05
12928,8928,Annual,6.99,2025-05-07,2026-03-04,Churned,2026-03-04
12929,8929,Monthly,9.99,2025-05-13,2025-10-09,Churned,2025-10-09
12930,8930,Annual,6.99,2025-05-23,2025-11-03,Churned,2025-11-03
12931,8931,Monthly,9.99,2025-05-27,,Active,
12932,8932,Monthly,9.99,2025-05-04,2025-12-07,Churned,2025-12-07
12933,8933,Monthly,9.99,2025-05-06,2026-02-22,Churned,2026-02-22
12934,8934,Monthly,9.99,2025-05-16,2025-09-17,Churned,2025-09-17
12935,8935,Monthly,9.99,2025-05-22,2025-10-27,Churned,2025-10-27
12936,8936,Monthly,9.99,2025-05-06,,Active,
12937,8937,Annual,6.99,2025-05-11,2025-09-28,Churned,2025-09-28
12938,8938,Monthly,9.99,2025-05-02,,Active,
12939,8939,Annual,6.99,2025-05-02,2026-01-02,Churned,2026-01-02
12940,8940,Annual,6.99,2025-05-05,2025-10-21,Churned,2025-10-21
12941,8941,Annual,6.99,2025-05-23,2025-09-30,Churned,2025-09-30
12942,8942,Annual,6.99,2025-05-27,2026-01-01,Churned,2026-01-01
12943,8943,Annual,6.99,2025-05-16,2025-11-02,Churned,2025-11-02
12944,8944,Annual,6.99,2025-05-06,,Active,
12945,8945,Monthly,9.99,2025-05-29,,Active,
12946,8946,Monthly,9.99,2025-05-09,2026-01-14,Churned,2026-01-14
12947,8947,Monthly,9.99,2025-05-05,,Active,
12948,8948,Annual,6.99,2025-05-05,2026-03-12,Churned,2026-03-12
12949,8949,Annual,6.99,2025-05-11,2025-10-02,Churned,2025-10-02
12950,8950,Monthly,9.99,2025-05-23,,Active,
12951,8951,Annual,6.99,2025-05-13,,Active,
12952,8952,Monthly,9.99,2025-05-14,,Active,
12953,8953,Monthly,9.99,2025-05-11,2026-05-22,Churned,2026-05-22
12954,8954,Monthly,9.99,2025-05-30,2025-12-05,Churned,2025-12-05
12955,8955,Annual,6.99,2025-05-22,,ACTIVE,
12956,8956,Monthly,9.99,2025-05-21,,Active,
12957,8957,Monthly,9.99,2025-05-14,,Active,
12958,8958,Monthly,9.99,2025-05-17,,Active,
12959,8959,Annual,6.99,2025-05-28,2025-08-03,Churned,2025-08-03
12960,8960,Monthly,9.99,2025-05-21,,Active,
12961,8961,Monthly,9.99,2025-05-26,,Active,
12962,8962,Annual,6.99,2025-05-02,,Active,
12963,8963,Monthly,9.99,2025-05-27,2025-12-25,Churned,2025-12-25
12964,8964,Monthly,9.99,2025-05-30,,Active,
12965,8965,Annual,6.99,2025-05-21,,Active,
12966,8966,Monthly,9.99,2025-05-30,,Active,
12967,8967,Monthly,9.99,2025-05-18,,Active,
12968,8968,Monthly,9.99,2025-05-09,,Active,
12969,8969,Annual,6.99,2025-05-19,,Active,
12970,8970,Monthly,9.99,2025-05-20,2026-02-07,Churned,2026-02-07
12971,8971,Annual,6.99,2025-05-05,,Active,
12972,8972,Monthly,9.99,2025-05-07,2026-06-23,Churned,2026-06-23
12973,8973,Monthly,9.99,2025-05-10,,Active,
12974,8974,Monthly,9.99,2025-05-17,2025-07-06,Churned,2025-07-06
12975,8975,Monthly,9.99,2025-05-05,2025-12-30,Churned,2025-12-30
12976,8976,Annual,6.99,2025-05-24,,Active,
12977,8977,Annual,6.99,2025-05-04,,Active,
12978,8978,Monthly,9.99,2025-05-30,,Active,
12979,8979,Annual,6.99,2025-05-21,,Active,
12980,8980,Monthly,9.99,2025-05-11,,Active,
12981,8981,Monthly,9.99,2025-05-12,2026-04-19,Churned,2026-04-19
12982,8982,Monthly,9.99,2025-05-22,,Active,
12983,8983,Annual,6.99,2025-05-03,2025-06-27,Churned,2025-06-27
12984,8984,Monthly,9.99,2025-05-23,2026-01-03,Churned,2026-01-03
12985,8985,Annual,6.99,2025-05-18,,Active,
12986,8986,Monthly,9.99,2025-05-07,,Active,
12987,8987,Monthly,9.99,2025-05-28,,Active,
12988,8988,Monthly,9.99,2025-05-20,,Active,
12989,8989,Monthly,0.0,2025-05-06,,Active,
12990,8990,Annual,0.0,2025-05-21,,Active,
12991,8991,Monthly,9.99,2025-05-13,,ACTIVE,
12992,8992,Monthly,9.99,2025-05-24,,Active,
12993,8993,Annual,6.99,2025-05-16,2025-12-31,Churned,2025-12-31
12994,8994,Monthly,9.99,2025-05-31,2026-05-04,Churned,2026-05-04
12995,8995,Monthly,9.99,2025-05-29,,Active,
12996,8996,Monthly,9.99,2025-05-02,2025-09-10,Churned,2025-09-10
12997,8997,Monthly,9.99,2025-05-13,,Active,
12998,8998,Annual,6.99,2025-05-07,2025-07-21,Churned,2025-07-21
12999,8999,Monthly,9.99,2025-05-14,,Active,
13000,9000,Annual,6.99,2025-05-05,,Active,
13001,9001,Monthly,9.99,2025-05-17,2025-07-20,Churned,2025-07-20
13002,9002,Annual,6.99,2025-05-05,,Active,
13003,9003,Monthly,9.99,2025-05-20,2026-05-10,Churned,2026-05-10
13004,9004,Annual,6.99,2025-05-15,2026-03-31,Churned,2026-03-31
13005,9005,Annual,6.99,2025-05-31,,Active,
13006,9006,Annual,6.99,2025-05-28,2025-10-07,Churned,2025-10-07
13007,9007,Monthly,9.99,2025-05-19,,Active,
13008,9008,Annual,6.99,2025-05-14,2026-03-02,CHURNED,2026-03-02
13009,9009,Annual,6.99,2025-05-23,,Active,
13010,9010,Annual,6.99,2025-05-21,2026-03-30,Churned,2026-03-30
13011,9011,Annual,6.99,2025-05-05,2025-10-08,Churned,2025-10-08
13012,9012,Monthly,9.99,2025-05-12,2025-11-24,Churned,2025-11-24
13013,9013,Monthly,9.99,2025-05-31,2026-01-29,Churned,2026-01-29
13014,9014,Annual,6.99,2025-05-10,,Active,
13015,9015,Annual,6.99,2025-05-01,2026-06-16,Churned,2026-06-16
13016,9016,Annual,6.99,2025-05-26,2025-11-13,Churned,2025-11-13
13017,9017,Monthly,9.99,2025-05-29,,Active,
13018,9018,Annual,6.99,2025-05-21,2025-11-06,Churned,2025-11-06
13019,9019,Annual,6.99,2025-05-20,,Active,
13020,9020,Annual,6.99,2025-05-11,2025-07-29,Churned,2025-07-29
13021,9021,Annual,6.99,2025-05-12,2026-03-24,Churned,2026-03-24
13022,9022,Monthly,9.99,2025-05-29,,Active,
13023,9023,Annual,6.99,2025-05-27,,Active,
13024,9024,Monthly,9.99,2025-05-16,2026-02-10,Churned,2026-02-10
13025,9025,Monthly,9.99,2025-05-10,,Active,
13026,9026,Monthly,9.99,2025-05-06,,Active,
13027,9027,Annual,6.99,2025-05-01,,Active,
13028,9028,Monthly,9.99,2025-05-15,,Active,
13029,9029,Monthly,9.99,2025-05-18,,Active,
13030,9030,Monthly,9.99,2025-05-21,2025-07-05,Churned,2025-07-05
13031,9031,Monthly,9.99,2025-05-25,,Active,
13032,9032,Annual,6.99,2025-05-12,,Active,
13033,9033,Monthly,9.99,2025-05-06,2025-11-30,Churned,2025-11-30
13034,9034,Monthly,9.99,2025-05-27,,Active,
13035,9035,Annual,6.99,2025-05-24,,Active,
13036,9036,Annual,6.99,2025-05-17,,ACTIVE,
13037,9037,Monthly,9.99,2025-05-02,,Active,
13038,9038,Annual,6.99,2025-05-15,2025-11-28,Churned,2025-11-28
13039,9039,Monthly,9.99,2025-05-20,2025-08-29,Churned,2025-08-29
13040,9040,Monthly,9.99,2025-05-27,2025-07-05,Churned,2025-07-05
13041,9041,Monthly,9.99,2025-05-16,2025-08-26,Churned,2025-08-26
13042,9042,Annual,0.0,2025-05-15,,Active,
13043,9043,Monthly,9.99,2025-05-12,2026-05-10,Churned,2026-05-10
13044,9044,Monthly,9.99,2025-05-13,,Active,
13045,9045,Monthly,9.99,2025-05-01,,Active,
13046,9046,Annual,6.99,2025-05-04,2025-08-07,Churned,2025-08-07
13047,9047,Annual,6.99,2025-05-24,2025-12-23,Churned,2025-12-23
13048,9048,Annual,6.99,2025-05-12,2026-02-19,Churned,2026-02-19
13049,9049,Annual,6.99,2025-05-27,,Active,
13050,9050,Monthly,9.99,2025-05-13,,Active,
13051,9051,Annual,6.99,2025-05-31,,ACTIVE,
13052,9052,Annual,6.99,2025-05-06,,Active,
13053,9053,Monthly,9.99,2025-05-06,2026-01-14,CHURNED,2026-01-14
13054,9054,Annual,6.99,2025-05-19,2025-12-22,Churned,2025-12-22
13055,9055,Annual,6.99,2025-05-25,2025-09-17,Churned,2025-09-17
13056,9056,Monthly,9.99,2025-05-05,2025-10-03,Churned,2025-10-03
13057,9057,Monthly,9.99,2025-05-16,,Active,
13058,9058,Monthly,9.99,2025-05-07,,Active,
13059,9059,Monthly,9.99,2025-05-23,2026-06-26,Churned,2026-06-26
13060,9060,Annual,6.99,2025-05-18,2026-02-01,Churned,2026-02-01
13061,9061,Monthly,9.99,2025-05-21,,Active,
13062,9062,Monthly,9.99,2025-05-09,2026-02-07,Churned,2026-02-07
13063,9063,Monthly,9.99,2025-05-09,,Active,
13064,9064,Monthly,9.99,2025-05-20,,Active,
13065,9065,Monthly,9.99,2025-05-11,2025-12-28,Churned,2025-12-28
13066,9066,Monthly,9.99,2025-05-22,,Active,
13067,9067,Monthly,9.99,2025-05-05,,Active,
13068,9068,Annual,6.99,2025-05-10,2025-12-12,Churned,2025-12-12
13069,9069,Monthly,9.99,2025-05-04,,Active,
13070,9070,Annual,6.99,2025-05-03,,Active,
13071,9071,Monthly,9.99,2025-05-09,2025-08-22,Churned,2025-08-22
13072,9072,Monthly,9.99,2025-05-16,,Active,
13073,9073,Annual,6.99,2025-05-05,,Active,
13074,9074,Annual,6.99,2025-05-03,,Active,
13075,9075,Monthly,9.99,2025-05-28,2025-10-11,Churned,2025-10-11
13076,9076,Annual,6.99,2025-05-16,2025-12-20,Churned,2025-12-20
13077,9077,Annual,6.99,2025-05-23,,Active,
13078,9078,Annual,6.99,2025-05-23,,Active,
13079,9079,Monthly,9.99,2025-05-04,,Active,
13080,9080,Annual,6.99,2025-05-20,,Active,
13081,9081,Monthly,9.99,2025-05-27,,Active,
13082,9082,Monthly,9.99,2025-05-14,2025-07-02,Churned,2025-07-02
13083,9083,Annual,6.99,2025-05-27,,Active,
13084,9084,Monthly,9.99,2025-05-30,2025-10-25,Churned,2025-10-25
13085,9085,Annual,6.99,2025-05-17,,Active,
13086,9086,Annual,6.99,2025-05-04,,Active,
13087,9087,Monthly,9.99,2025-05-20,2025-11-27,Churned,2025-11-27
13088,9088,Annual,6.99,2025-05-28,2025-10-10,Churned,2025-10-10
13089,9089,Monthly,9.99,2025-05-18,2026-03-25,Churned,2026-03-25
13090,9090,Monthly,9.99,2025-05-25,,Active,
13091,9091,Annual,6.99,2025-05-17,2025-07-20,Churned,2025-07-20
13092,9092,Monthly,9.99,2025-05-14,,Active,
13093,9093,Monthly,9.99,2025-05-30,2025-11-12,Churned,2025-11-12
13094,9094,Annual,6.99,2025-05-05,,Active,
13095,9095,Monthly,9.99,2025-05-14,,Active,
13096,9096,Monthly,9.99,2025-05-05,2026-02-12,Churned,2026-02-12
13097,9097,Monthly,9.99,2025-05-21,2025-07-28,Churned,2025-07-28
13098,9098,Monthly,9.99,2025-05-29,,Active,
13099,9099,Monthly,9.99,2025-05-31,,Active,
13100,9100,Annual,6.99,2025-05-08,,Active,
13101,9101,Annual,6.99,2025-05-23,,Active,
13102,9102,Monthly,9.99,2025-05-28,,Active,
13103,9103,Monthly,9.99,2025-05-26,,Active,
13104,9104,Monthly,9.99,2025-05-16,,Active,
13105,9105,Annual,6.99,2025-05-06,,Active,
13106,9106,Monthly,9.99,2025-05-15,2026-02-20,Churned,2026-02-20
13107,9107,Annual,6.99,2025-05-25,2025-07-08,Churned,2025-07-08
13108,9108,Annual,6.99,2025-05-20,,Active,
13109,9109,Monthly,9.99,2025-05-13,,Active,
13110,9110,Annual,6.99,2025-05-07,,Active,
13111,9111,Monthly,9.99,2025-05-21,2025-10-12,Churned,2025-10-12
13112,9112,Monthly,9.99,2025-05-14,2026-04-17,Churned,2026-04-17
13113,9113,Monthly,9.99,2025-05-15,2025-08-26,Churned,2025-08-26
13114,9114,Monthly,9.99,2025-05-30,,Active,
13115,9115,Monthly,9.99,2025-05-01,2026-04-23,Churned,2026-04-23
13116,9116,Monthly,9.99,2025-05-08,2025-07-14,Churned,2025-07-14
13117,9117,Monthly,9.99,2025-05-29,,Active,
13118,9118,Monthly,9.99,2025-05-29,,Active,
13119,9119,Annual,6.99,2025-05-10,,Active,
13120,9120,Annual,6.99,2025-05-31,,Active,
13121,9121,Monthly,9.99,2025-05-07,,Active,
13122,9122,Annual,6.99,2025-05-02,,Active,
13123,9123,Monthly,9.99,2025-05-10,2025-08-28,Churned,2025-08-28
13124,9124,Annual,6.99,2025-05-17,2026-03-16,Churned,2026-03-16
13125,9125,Monthly,9.99,2025-05-01,2025-06-05,CHURNED,2025-06-05
13126,9126,Annual,6.99,2025-05-06,,Active,
13127,9127,Monthly,9.99,2025-05-25,2026-02-16,Churned,2026-02-16
13128,9128,Annual,6.99,2025-05-20,,Active,
13129,9129,Monthly,9.99,2025-05-19,,Active,
13130,9130,Monthly,9.99,2025-05-31,2025-11-05,Churned,2025-11-05
13131,9131,Annual,6.99,2025-05-08,2026-07-01,Churned,2026-07-01
13132,9132,Annual,6.99,2025-05-28,2026-05-08,Churned,2026-05-08
13133,9133,Monthly,9.99,2025-05-12,2025-10-18,Churned,2025-10-18
13134,9134,Monthly,9.99,2025-05-29,,Active,
13135,9135,Annual,6.99,2025-05-25,,Active,
13136,9136,Monthly,9.99,2025-05-07,,Active,
13137,9137,Annual,6.99,2025-05-07,,Active,
13138,9138,Annual,0.0,2025-05-17,,Active,
13139,9139,Monthly,9.99,2025-05-16,2025-06-20,Churned,2025-06-20
13140,9140,Annual,6.99,2025-05-08,2025-06-23,Churned,2025-06-23
13141,9141,Monthly,9.99,2025-05-09,2026-01-06,Churned,2026-01-06
13142,9142,Annual,6.99,2025-05-28,2026-04-21,Churned,2026-04-21
13143,9143,Monthly,9.99,2025-05-24,,Active,
13144,9144,Monthly,9.99,2025-05-06,2026-04-05,CHURNED,2026-04-05
13145,9145,Annual,6.99,2025-05-23,2025-11-12,Churned,2025-11-12
13146,9146,Monthly,9.99,2025-05-05,2025-09-17,Churned,2025-09-17
13147,9147,Monthly,9.99,2025-05-14,,Active,
13148,9148,Annual,6.99,2025-05-01,,Active,
13149,9149,Monthly,9.99,2025-05-21,,Active,
13150,9150,Annual,6.99,2025-05-06,,Active,
13151,9151,Annual,6.99,2025-05-08,2026-01-04,CHURNED,2026-01-04
13152,9152,Monthly,9.99,2025-05-06,2025-10-15,Churned,2025-10-15
13153,9153,Annual,6.99,2025-05-06,,Active,
13154,9154,Monthly,9.99,2025-05-03,,Active,
13155,9155,Monthly,9.99,2025-05-18,,Active,
13156,9156,Monthly,9.99,2025-05-27,,Active,
13157,9157,Annual,6.99,2025-05-10,2026-02-05,Churned,2026-02-05
13158,9158,Annual,6.99,2025-05-25,2025-10-26,Churned,2025-10-26
13159,9159,Monthly,9.99,2025-05-17,2026-07-07,Churned,2026-07-07
13160,9160,Annual,6.99,2025-05-08,,Active,
13161,9161,Monthly,9.99,2025-05-02,,Active,
13162,9162,Monthly,9.99,2025-05-25,2025-08-24,Churned,2025-08-24
13163,9163,Monthly,9.99,2025-05-01,2025-12-12,Churned,2025-12-12
13164,9164,Monthly,9.99,2025-05-14,2026-03-15,Churned,2026-03-15
13165,9165,Annual,6.99,2025-05-02,2025-07-04,Churned,2025-07-04
13166,9166,Annual,6.99,2025-05-25,,Active,
13167,9167,Monthly,9.99,2025-05-31,2025-08-14,Churned,2025-08-14
13168,9168,Monthly,9.99,2025-05-11,2025-09-08,Churned,2025-09-08
13169,9169,Annual,6.99,2025-05-10,,Active,
13170,9170,Annual,6.99,2025-05-18,,Active,
13171,9171,Monthly,9.99,2025-05-16,2025-11-20,Churned,2025-11-20
13172,9172,Annual,6.99,2025-05-12,,Active,
13173,9173,Monthly,9.99,2025-05-12,2025-10-30,Churned,2025-10-30
13174,9174,Annual,6.99,2025-05-06,2025-06-02,Churned,2025-06-02
13175,9175,Monthly,9.99,2025-05-08,,Active,
13176,9176,Monthly,9.99,2025-05-19,2025-10-04,Churned,2025-10-04
13177,9177,Monthly,9.99,2025-05-23,,Active,
13178,9178,Monthly,9.99,2025-05-24,,Active,
13179,9179,Annual,6.99,2025-05-17,,Active,
13180,9180,Monthly,9.99,2025-05-24,2025-10-31,Churned,2025-10-31
13181,9181,Monthly,9.99,2025-05-19,,Active,
13182,9182,Monthly,9.99,2025-05-12,,Active,
13183,9183,Monthly,9.99,2025-05-11,,Active,
13184,9184,Monthly,9.99,2025-05-17,,Active,
13185,9185,Annual,6.99,2025-05-10,2026-01-12,Churned,2026-01-12
13186,9186,Monthly,9.99,2025-05-24,2025-12-08,Churned,2025-12-08
13187,9187,Annual,6.99,2025-05-06,,Active,
13188,9188,Monthly,9.99,2025-05-02,2025-10-05,Churned,2025-10-05
13189,9189,Monthly,9.99,2025-05-16,2025-07-12,Churned,2025-07-12
13190,9190,Monthly,9.99,2025-05-03,2026-03-08,Churned,2026-03-08
13191,9191,Annual,6.99,2025-05-06,2026-02-26,Churned,2026-02-26
13192,9192,Monthly,0.0,2025-05-12,,Active,
13193,9193,Monthly,9.99,2025-05-01,,Active,
13194,9194,Annual,6.99,2025-05-07,2026-07-02,Churned,2026-07-02
13195,9195,Monthly,9.99,2025-05-17,,Active,
13196,9196,Annual,6.99,2025-05-12,2026-02-01,Churned,2026-02-01
13197,9197,Monthly,9.99,2025-05-28,,Active,
13198,9198,Monthly,9.99,2025-05-03,,Active,
13199,9199,Monthly,9.99,2025-05-23,,Active,
13200,9200,Annual,6.99,2025-05-19,,Active,
13201,9201,Annual,6.99,2025-05-20,,Active,
13202,9202,Monthly,9.99,2025-05-21,2025-10-06,Churned,2025-10-06
13203,9203,Monthly,9.99,2025-05-02,2025-10-01,Churned,2025-10-01
13204,9204,Annual,6.99,2025-05-25,,ACTIVE,
13205,9205,Annual,6.99,2025-05-11,,Active,
13206,9206,Monthly,9.99,2025-05-21,,Active,
13207,9207,Monthly,9.99,2025-05-10,2025-12-13,Churned,2025-12-13
13208,9208,Annual,6.99,2025-05-13,,Active,
13209,9209,Monthly,9.99,2025-05-22,,Active,
13210,9210,Monthly,9.99,2025-05-29,2025-08-25,Churned,2025-08-25
13211,9211,Monthly,9.99,2025-05-28,2025-10-09,Churned,2025-10-09
13212,9212,Monthly,9.99,2025-05-23,,Active,
13213,9213,Monthly,9.99,2025-05-17,,Active,
13214,9214,Annual,6.99,2025-05-17,,Active,
13215,9215,Monthly,9.99,2025-05-30,2026-03-30,Churned,2026-03-30
13216,9216,Annual,6.99,2025-05-07,2025-06-23,Churned,2025-06-23
13217,9217,Monthly,9.99,2025-05-30,2025-09-25,Churned,2025-09-25
13218,9218,Annual,6.99,2025-05-21,2026-04-03,Churned,2026-04-03
13219,9219,Annual,6.99,2025-05-20,2026-06-11,Churned,2026-06-11
13220,9220,Annual,6.99,2025-05-19,,Active,
13221,9221,Annual,6.99,2025-05-26,2025-12-06,Churned,2025-12-06
13222,9222,Monthly,9.99,2025-05-22,2025-12-05,Churned,2025-12-05
13223,9223,Monthly,9.99,2025-05-03,,Active,
13224,9224,Monthly,9.99,2025-05-25,,Active,
13225,9225,Monthly,9.99,2025-05-23,2025-10-20,Churned,2025-10-20
13226,9226,Monthly,9.99,2025-05-29,,Active,
13227,9227,Annual,6.99,2025-05-30,,Active,
13228,9228,Monthly,9.99,2025-05-30,2025-06-20,Churned,2025-06-20
13229,9229,Annual,6.99,2025-05-02,,Active,
13230,9230,Annual,6.99,2025-05-20,2026-04-22,Churned,2026-04-22
13231,9231,Annual,6.99,2025-05-29,,Active,
13232,9232,Annual,6.99,2025-05-30,,Active,
13233,9233,Monthly,9.99,2025-05-18,2026-01-08,Churned,2026-01-08
13234,9234,Annual,6.99,2025-05-29,2025-10-09,Churned,2025-10-09
13235,9235,Annual,6.99,2025-05-28,2025-07-04,Churned,2025-07-04
13236,9236,Monthly,9.99,2025-05-01,2025-11-28,Churned,2025-11-28
13237,9237,Annual,6.99,2025-05-28,,active,
13238,9238,Monthly,9.99,2025-05-20,,Active,
13239,9239,Monthly,9.99,2025-05-18,2025-07-16,Churned,2025-07-16
13240,9240,Monthly,9.99,2025-05-06,2026-01-21,Churned,2026-01-21
13241,9241,Monthly,9.99,2025-05-29,,Active,
13242,9242,Annual,6.99,2025-05-10,2025-11-03,Churned,2025-11-03
13243,9243,Monthly,9.99,2025-05-13,,Active,
13244,9244,Monthly,9.99,2025-05-10,2026-03-28,Churned,2026-03-28
13245,9245,Annual,6.99,2025-05-31,,Active,
13246,9246,Monthly,9.99,2025-05-15,2026-03-17,Churned,2026-03-17
13247,9247,Monthly,9.99,2025-05-04,,Active,
13248,9248,Annual,6.99,2025-05-01,,Active,
13249,9249,Monthly,9.99,2025-05-31,2025-06-24,Churned,2025-06-24
13250,9250,Annual,6.99,2025-05-08,2026-03-02,Churned,2026-03-02
13251,9251,Monthly,9.99,2025-05-24,2025-12-03,Churned,2025-12-03
13252,9252,Monthly,9.99,2025-05-01,,Active,
13253,9253,Monthly,9.99,2025-05-28,2025-11-24,Churned,2025-11-24
13254,9254,Monthly,9.99,2025-05-21,2026-02-23,Churned,2026-02-23
13255,9255,Annual,6.99,2025-05-07,,Active,
13256,9256,Monthly,9.99,2025-05-28,2025-11-06,Churned,2025-11-06
13257,9257,Monthly,9.99,2025-05-10,2025-12-23,Churned,2025-12-23
13258,9258,Monthly,9.99,2025-05-31,,Active,
13259,9259,Annual,6.99,2025-05-19,2025-07-31,Churned,2025-07-31
13260,9260,Annual,6.99,2025-05-14,,Active,
13261,9261,Annual,6.99,2025-05-02,,Active,
13262,9262,Monthly,9.99,2025-05-09,,Active,
13263,9263,Monthly,9.99,2025-05-02,2025-08-17,Churned,2025-08-17
13264,9264,Monthly,9.99,2025-05-27,,Active,
13265,9265,Annual,6.99,2025-05-04,2025-10-06,Churned,2025-10-06
13266,9266,Annual,6.99,2025-05-04,2026-01-08,Churned,2026-01-08
13267,9267,Monthly,9.99,2025-05-04,,Active,
13268,9268,Monthly,9.99,2025-05-31,,Active,
13269,9269,Annual,6.99,2025-05-31,,active,
13270,9270,Monthly,9.99,2025-05-23,2026-01-21,Churned,2026-01-21
13271,9271,Annual,6.99,2025-05-03,2025-10-14,Churned,2025-10-14
13272,9272,Monthly,9.99,2025-05-16,,Active,
13273,9273,Monthly,9.99,2025-05-30,2025-10-12,Churned,2025-10-12
13274,9274,Annual,6.99,2025-05-03,,Active,
13275,9275,Monthly,9.99,2025-05-25,,Active,
13276,9276,Monthly,9.99,2025-05-01,,Active,
13277,9277,Monthly,9.99,2025-05-25,2026-03-22,Churned,2026-03-22
13278,9278,Monthly,9.99,2025-05-17,,Active,
13279,9279,Monthly,9.99,2025-05-28,2026-05-14,Churned,2026-05-14
13280,9280,Annual,6.99,2025-05-13,2025-10-05,Churned,2025-10-05
13281,9281,Monthly,9.99,2025-05-25,,Active,
13282,9282,Monthly,9.99,2025-05-27,2026-02-17,Churned,2026-02-17
13283,9283,Annual,6.99,2025-05-11,,Active,
13284,9284,Monthly,9.99,2025-05-20,,Active,
13285,9285,Monthly,9.99,2025-05-15,2026-07-03,Churned,2026-07-03
13286,9286,Annual,6.99,2025-05-14,2025-09-02,Churned,2025-09-02
13287,9287,Monthly,9.99,2025-05-25,2026-01-23,Churned,2026-01-23
13288,9288,Annual,6.99,2025-05-08,,Active,
13289,9289,Monthly,9.99,2025-05-04,2026-02-19,Churned,2026-02-19
13290,9290,Monthly,9.99,2025-05-15,,Active,
13291,9291,Monthly,9.99,2025-05-26,2025-12-25,Churned,2025-12-25
13292,9292,Monthly,9.99,2025-05-06,2025-09-01,Churned,2025-09-01
13293,9293,Annual,6.99,2025-05-11,2025-12-12,Churned,2025-12-12
13294,9294,Monthly,9.99,2025-05-21,,Active,
13295,9295,Monthly,9.99,2025-05-15,2026-01-24,Churned,2026-01-24
13296,9296,Annual,6.99,2025-05-19,2026-04-29,CHURNED,2026-04-29
13297,9297,Monthly,9.99,2025-05-17,,active,
13298,9298,Monthly,9.99,2025-05-26,,Active,
13299,9299,Monthly,9.99,2025-05-28,2026-06-16,Churned,2026-06-16
13300,9300,Monthly,9.99,2025-05-14,2025-07-19,Churned,2025-07-19
13301,9301,Monthly,9.99,2025-05-14,,Active,
13302,9302,Monthly,9.99,2025-05-09,2026-06-12,Churned,2026-06-12
13303,9303,Monthly,9.99,2025-05-14,2026-01-03,Churned,2026-01-03
13304,9304,Monthly,9.99,2025-05-26,2026-06-22,Churned,2026-06-22
13305,9305,Monthly,9.99,2025-05-16,,Active,
13306,9306,Monthly,9.99,2025-05-22,,Active,
13307,9307,Monthly,9.99,2025-05-13,,Active,
13308,9308,Annual,6.99,2025-05-22,2025-11-27,Churned,2025-11-27
13309,9309,Annual,6.99,2025-05-23,2026-02-25,Churned,2026-02-25
13310,9310,Monthly,9.99,2025-05-17,,Active,
13311,9311,Annual,6.99,2025-05-29,,Active,
13312,9312,Monthly,9.99,2025-05-28,,Active,
13313,9313,Monthly,9.99,2025-05-05,2025-09-09,Churned,2025-09-09
13314,9314,Monthly,9.99,2025-05-08,2026-02-23,Churned,2026-02-23
13315,9315,Monthly,9.99,2025-05-30,,Active,
13316,9316,Monthly,9.99,2025-05-13,,Active,
13317,9317,Monthly,9.99,2025-05-10,,Active,
13318,9318,Monthly,9.99,2025-05-25,,Active,
13319,9319,Monthly,9.99,2025-05-19,2025-10-22,Churned,2025-10-22
13320,9320,Annual,6.99,2025-05-05,,Active,
13321,9321,Annual,6.99,2025-05-03,,Active,
13322,9322,Monthly,9.99,2025-05-26,,Active,
13323,9323,Annual,6.99,2025-05-24,2026-03-07,churned,2026-03-07
13324,9324,Monthly,9.99,2025-05-11,2025-12-17,Churned,2025-12-17
13325,9325,Monthly,9.99,2025-05-27,2026-02-19,Churned,2026-02-19
13326,9326,Annual,6.99,2025-05-04,,Active,
13327,9327,Monthly,9.99,2025-05-27,,Active,
13328,9328,Annual,6.99,2025-05-03,2025-07-19,Churned,2025-07-19
13329,9329,Monthly,9.99,2025-05-20,,Active,
13330,9330,Monthly,9.99,2025-05-27,2026-04-16,Churned,2026-04-16
13331,9331,Annual,6.99,2025-05-20,,Active,
13332,9332,Annual,6.99,2025-05-25,,Active,
13333,9333,Monthly,9.99,2025-05-11,,Active,
13334,9334,Annual,6.99,2025-05-09,,Active,
13335,9335,Monthly,9.99,2025-05-09,2026-06-19,Churned,2026-06-19
13336,9336,Monthly,9.99,2025-05-04,,Active,
13337,9337,Annual,6.99,2025-05-09,,Active,
13338,9338,Annual,6.99,2025-05-08,2025-11-06,Churned,2025-11-06
13339,9339,Annual,6.99,2025-05-24,2026-01-11,Churned,2026-01-11
13340,9340,Monthly,9.99,2025-05-07,2025-10-19,Churned,2025-10-19
13341,9341,Monthly,9.99,2025-05-06,2025-06-16,Churned,2025-06-16
13342,9342,Annual,6.99,2025-05-23,2026-01-28,Churned,2026-01-28
13343,9343,Monthly,9.99,2025-05-17,2026-02-06,Churned,2026-02-06
13344,9344,Monthly,9.99,2025-05-07,,Active,
13345,9345,Monthly,9.99,2025-05-22,2025-11-15,Churned,2025-11-15
13346,9346,Annual,6.99,2025-05-07,,Active,
13347,9347,Annual,6.99,2025-05-25,,Active,
13348,9348,Annual,6.99,2025-05-02,2025-10-08,Churned,2025-10-08
13349,9349,Monthly,9.99,2025-05-19,2025-10-27,Churned,2025-10-27
13350,9350,Monthly,9.99,2025-05-19,,Active,
13351,9351,Annual,6.99,2025-05-12,2025-11-24,Churned,2025-11-24
13352,9352,Annual,6.99,2025-05-22,2026-01-08,Churned,2026-01-08
13353,9353,Monthly,9.99,2025-05-12,,Active,
13354,9354,Annual,6.99,2025-05-21,2026-04-13,Churned,2026-04-13
13355,9355,Monthly,9.99,2025-05-07,2026-06-26,churned,2026-06-26
13356,9356,Monthly,9.99,2025-05-18,2025-11-02,Churned,2025-11-02
13357,9357,Annual,6.99,2025-05-24,2026-02-02,Churned,2026-02-02
13358,9358,Monthly,9.99,2025-05-30,2025-07-29,Churned,2025-07-29
13359,9359,Annual,6.99,2025-05-12,,Active,
13360,9360,Monthly,9.99,2025-05-15,2025-07-22,Churned,2025-07-22
13361,9361,Annual,6.99,2025-05-15,,Active,
13362,9362,Monthly,9.99,2025-05-27,2025-11-13,Churned,2025-11-13
13363,9363,Monthly,9.99,2025-05-30,,Active,
13364,9364,Annual,6.99,2025-05-21,2025-10-26,Churned,2025-10-26
13365,9365,Monthly,9.99,2025-05-26,,Active,
13366,9366,Monthly,9.99,2025-05-03,2025-07-02,Churned,2025-07-02
13367,9367,Monthly,9.99,2025-05-24,2025-06-29,Churned,2025-06-29
13368,9368,Annual,6.99,2025-05-26,2026-05-25,Churned,2026-05-25
13369,9369,Annual,6.99,2025-05-23,2025-10-16,Churned,2025-10-16
13370,9370,Annual,6.99,2025-05-19,,Active,
13371,9371,Monthly,9.99,2025-05-28,2025-08-11,Churned,2025-08-11
13372,9372,Monthly,9.99,2025-05-21,,Active,
13373,9373,Annual,6.99,2025-05-27,2025-09-25,Churned,2025-09-25
13374,9374,Monthly,9.99,2025-05-06,2025-10-19,Churned,2025-10-19
13375,9375,Annual,6.99,2025-05-21,,Active,
13376,9376,Monthly,9.99,2025-05-14,,Active,
13377,9377,Monthly,9.99,2025-05-27,2025-12-24,Churned,2025-12-24
13378,9378,Monthly,9.99,2025-05-28,,Active,
13379,9379,Monthly,9.99,2025-05-27,2026-06-24,Churned,2026-06-24
13380,9380,Annual,6.99,2025-05-07,2025-10-20,Churned,2025-10-20
13381,9381,Monthly,9.99,2025-05-16,,Active,
13382,9382,Monthly,9.99,2025-05-01,,Active,
13383,9383,Annual,6.99,2025-05-31,,Active,
13384,9384,Monthly,9.99,2025-05-08,2025-09-28,Churned,2025-09-28
13385,9385,Monthly,9.99,2025-05-20,,Active,
13386,9386,Monthly,9.99,2025-05-16,2026-02-13,Churned,2026-02-13
13387,9387,Monthly,9.99,2025-05-29,,Active,
13388,9388,Annual,6.99,2025-05-26,2025-08-19,Churned,2025-08-19
13389,9389,Monthly,9.99,2025-05-25,2025-10-05,Churned,2025-10-05
13390,9390,Monthly,9.99,2025-05-20,2025-07-02,Churned,2025-07-02
13391,9391,Annual,6.99,2025-05-04,2026-01-15,Churned,2026-01-15
13392,9392,Monthly,9.99,2025-05-29,,Active,
13393,9393,Annual,6.99,2025-05-02,2026-01-03,Churned,2026-01-03
13394,9394,Annual,6.99,2025-05-15,,Active,
13395,9395,Monthly,9.99,2025-05-12,,Active,
13396,9396,Annual,6.99,2025-05-13,2025-08-20,Churned,2025-08-20
13397,9397,Monthly,9.99,2025-05-31,,Active,
13398,9398,Monthly,9.99,2025-05-08,2026-03-10,Churned,2026-03-10
13399,9399,Monthly,9.99,2025-05-18,,Active,
13400,9400,Annual,6.99,2025-05-07,,Active,
13401,9401,Monthly,9.99,2025-05-29,2026-04-17,Churned,2026-04-17
13402,9402,Monthly,9.99,2025-05-23,2026-05-28,Churned,2026-05-28
13403,9403,Monthly,9.99,2025-05-13,2026-07-04,Churned,2026-07-04
13404,9404,Annual,6.99,2025-05-03,,Active,
13405,9405,Annual,6.99,2025-05-05,2026-03-02,Churned,2026-03-02
13406,9406,Monthly,9.99,2025-05-08,,Active,
13407,9407,Annual,6.99,2025-05-13,,Active,
13408,9408,Monthly,9.99,2025-05-28,,Active,
13409,9409,Monthly,9.99,2025-05-04,,Active,
13410,9410,Monthly,9.99,2025-05-18,2026-03-12,Churned,2026-03-12
13411,9411,Monthly,9.99,2025-05-11,2026-02-06,Churned,2026-02-06
13412,9412,Monthly,9.99,2025-05-02,2025-09-24,Churned,2025-09-24
13413,9413,Monthly,9.99,2025-05-20,2025-08-19,Churned,2025-08-19
13414,9414,Monthly,9.99,2025-05-22,,Active,
13415,9415,Annual,6.99,2025-05-30,,Active,
13416,9416,Monthly,9.99,2025-05-16,,Active,
13417,9417,Monthly,9.99,2025-05-11,2025-12-24,Churned,2025-12-24
13418,9418,Monthly,9.99,2025-05-27,,Active,
13419,9419,Annual,6.99,2025-05-08,,active,
13420,9420,Annual,6.99,2025-05-22,,ACTIVE,
13421,9421,Monthly,9.99,2025-05-30,2025-06-25,Churned,2025-06-25
13422,9422,Annual,6.99,2025-05-01,,Active,
13423,9423,Monthly,9.99,2025-05-29,,Active,
13424,9424,Monthly,9.99,2025-05-07,,Active,
13425,9425,Annual,6.99,2025-05-15,2026-02-05,Churned,2026-02-05
13426,9426,Annual,6.99,2025-05-08,,Active,
13427,9427,Monthly,9.99,2025-05-05,,Active,
13428,9428,Annual,6.99,2025-05-22,2025-09-10,Churned,2025-09-10
13429,9429,Monthly,9.99,2025-05-15,2026-05-21,Churned,2026-05-21
13430,9430,Monthly,0.0,2025-05-16,2025-08-02,Churned,2025-08-02
13431,9431,Monthly,9.99,2025-05-15,2025-07-06,Churned,2025-07-06
13432,9432,Monthly,9.99,2025-05-24,,Active,
13433,9433,Annual,6.99,2025-05-30,2025-10-10,Churned,2025-10-10
13434,9434,Monthly,9.99,2025-05-16,2026-04-07,Churned,2026-04-07
13435,9435,Annual,6.99,2025-05-05,2026-05-04,Churned,2026-05-04
13436,9436,Annual,6.99,2025-05-11,2025-11-22,Churned,2025-11-22
13437,9437,Monthly,9.99,2025-05-16,2025-07-04,Churned,2025-07-04
13438,9438,Annual,6.99,2025-05-04,,Active,
13439,9439,Annual,6.99,2025-05-08,2025-09-20,Churned,2025-09-20
13440,9440,Monthly,9.99,2025-05-07,2026-03-04,Churned,2026-03-04
13441,9441,Annual,6.99,2025-05-31,,Active,
13442,9442,Annual,6.99,2025-05-13,,Active,
13443,9443,Monthly,9.99,2025-05-28,2025-11-23,Churned,2025-11-23
13444,9444,Monthly,9.99,2025-05-18,,Active,
13445,9445,Monthly,9.99,2025-05-16,2026-02-17,Churned,2026-02-17
13446,9446,Monthly,9.99,2025-05-30,,Active,
13447,9447,Monthly,9.99,2025-05-22,,Active,
13448,9448,Annual,6.99,2025-05-08,,Active,
13449,9449,Monthly,9.99,2025-05-09,,Active,
13450,9450,Annual,6.99,2025-05-21,,Active,
13451,9451,Monthly,9.99,2025-05-01,2025-10-10,Churned,2025-10-10
13452,9452,Monthly,9.99,2025-05-05,,Active,
13453,9453,Annual,6.99,2025-05-03,,Active,
13454,9454,Monthly,9.99,2025-05-23,2025-08-31,Churned,2025-08-31
13455,9455,Monthly,9.99,2025-05-14,,Active,
13456,9456,Annual,6.99,2025-05-01,,active,
13457,9457,Monthly,9.99,2025-05-23,,Active,
13458,9458,Monthly,9.99,2025-05-21,,ACTIVE,
13459,9459,Annual,6.99,2025-05-23,,Active,
13460,9460,Annual,6.99,2025-05-06,,Active,
13461,9461,Monthly,0.0,2025-05-28,2025-11-29,Churned,2025-11-29
13462,9462,Monthly,9.99,2025-05-06,,Active,
13463,9463,Monthly,9.99,2025-05-18,2026-02-13,Churned,2026-02-13
13464,9464,Monthly,9.99,2025-05-18,2025-09-19,Churned,2025-09-19
13465,9465,Monthly,9.99,2025-05-07,2025-11-13,Churned,2025-11-13
13466,9466,Annual,6.99,2025-05-12,2025-07-05,Churned,2025-07-05
13467,9467,Annual,6.99,2025-05-02,2025-06-05,Churned,2025-06-05
13468,9468,Monthly,9.99,2025-05-15,2025-11-18,Churned,2025-11-18
13469,9469,Monthly,9.99,2025-05-21,2025-08-18,Churned,2025-08-18
13470,9470,Monthly,9.99,2025-05-10,2025-10-26,Churned,2025-10-26
13471,9471,Monthly,9.99,2025-05-17,,Active,
13472,9472,Annual,6.99,2025-05-30,,Active,
13473,9473,Monthly,9.99,2025-05-08,2025-12-07,Churned,2025-12-07
13474,9474,Monthly,9.99,2025-05-10,,Active,
13475,9475,Monthly,9.99,2025-05-04,2025-06-30,Churned,2025-06-30
13476,9476,Annual,6.99,2025-05-17,2026-02-07,Churned,2026-02-07
13477,9477,Annual,6.99,2025-05-07,,Active,
13478,9478,Monthly,9.99,2025-05-27,,Active,
13479,9479,Monthly,9.99,2025-05-10,,Active,
13480,9480,Monthly,9.99,2025-05-21,2026-02-05,Churned,2026-02-05
13481,9481,Monthly,9.99,2025-05-06,2025-10-04,Churned,2025-10-04
13482,9482,Monthly,9.99,2025-05-11,,Active,
13483,9483,Annual,6.99,2025-05-06,,Active,
13484,9484,Monthly,9.99,2025-05-18,,Active,
13485,9485,Monthly,9.99,2025-05-01,2025-09-26,Churned,2025-09-26
13486,9486,Monthly,9.99,2025-05-03,,Active,
13487,9487,Annual,6.99,2025-05-16,2026-06-12,Churned,2026-06-12
13488,9488,Monthly,9.99,2025-05-17,2025-08-28,Churned,2025-08-28
13489,9489,Annual,6.99,2025-05-11,,Active,
13490,9490,Monthly,9.99,2025-05-14,2025-09-10,Churned,2025-09-10
13491,9491,Monthly,9.99,2025-05-13,2025-11-25,Churned,2025-11-25
13492,9492,Monthly,9.99,2025-05-24,,Active,
13493,9493,Monthly,9.99,2025-05-14,,Active,
13494,9494,Monthly,9.99,2025-05-27,2026-03-18,Churned,2026-03-18
13495,9495,Annual,6.99,2025-05-07,,Active,
13496,9496,Annual,6.99,2025-05-07,2025-10-01,Churned,2025-10-01
13497,9497,Monthly,9.99,2025-05-13,,Active,
13498,9498,Monthly,9.99,2025-05-03,2025-10-21,Churned,2025-10-21
13499,9499,Monthly,9.99,2025-05-21,2025-11-15,Churned,2025-11-15
13500,9500,Monthly,9.99,2025-05-13,2026-03-11,CHURNED,2026-03-11
13501,9501,Annual,6.99,2025-06-12,,Active,
13502,9502,Annual,6.99,2025-06-02,,Active,
13503,9503,Monthly,9.99,2025-06-06,,Active,
13504,9504,Monthly,9.99,2025-06-24,,Active,
13505,9505,Monthly,9.99,2025-06-04,2026-04-01,Churned,2026-04-01
13506,9506,Monthly,9.99,2025-06-15,2025-10-10,Churned,2025-10-10
13507,9507,Annual,6.99,2025-06-05,2025-10-23,Churned,2025-10-23
13508,9508,Monthly,9.99,2025-06-17,,Active,
13509,9509,Monthly,9.99,2025-06-20,2025-11-27,Churned,2025-11-27
13510,9510,Monthly,9.99,2025-06-15,,Active,
13511,9511,Monthly,9.99,2025-06-24,,Active,
13512,9512,Monthly,9.99,2025-06-08,,Active,
13513,9513,Monthly,9.99,2025-06-17,,Active,
13514,9514,Annual,6.99,2025-06-09,2025-11-15,Churned,2025-11-15
13515,9515,Annual,6.99,2025-06-16,2025-08-26,Churned,2025-08-26
13516,9516,Monthly,9.99,2025-06-02,,Active,
13517,9517,Monthly,9.99,2025-06-09,,Active,
13518,9518,Annual,6.99,2025-06-22,2025-08-17,Churned,2025-08-17
13519,9519,Monthly,9.99,2025-06-24,,Active,
13520,9520,Monthly,9.99,2025-06-09,2026-02-21,Churned,2026-02-21
13521,9521,Monthly,9.99,2025-06-08,,Active,
13522,9522,Monthly,9.99,2025-06-09,2025-11-18,Churned,2025-11-18
13523,9523,Annual,6.99,2025-06-09,2026-02-24,Churned,2026-02-24
13524,9524,Monthly,9.99,2025-06-30,,Active,
13525,9525,Monthly,9.99,2025-06-20,2025-08-01,churned,2025-08-01
13526,9526,Monthly,9.99,2025-06-12,2026-06-30,Churned,2026-06-30
13527,9527,Monthly,9.99,2025-06-14,,Active,
13528,9528,Annual,6.99,2025-06-16,,Active,
13529,9529,Annual,6.99,2025-06-17,,Active,
13530,9530,Annual,6.99,2025-06-12,,Active,
13531,9531,Monthly,9.99,2025-06-30,2026-01-13,Churned,2026-01-13
13532,9532,Monthly,9.99,2025-06-09,,Active,
13533,9533,Monthly,9.99,2025-06-13,,Active,
13534,9534,Monthly,9.99,2025-06-01,,Active,
13535,9535,Annual,6.99,2025-06-15,2025-12-13,Churned,2025-12-13
13536,9536,Monthly,9.99,2025-06-26,2025-10-25,Churned,2025-10-25
13537,9537,Monthly,9.99,2025-06-30,,Active,
13538,9538,Annual,6.99,2025-06-15,2026-02-27,Churned,2026-02-27
13539,9539,Monthly,9.99,2025-06-05,2025-08-30,Churned,2025-08-30
13540,9540,Monthly,9.99,2025-06-22,,Active,
13541,9541,Monthly,9.99,2025-06-20,,Active,
13542,9542,Annual,6.99,2025-06-29,,Active,
13543,9543,Monthly,9.99,2025-06-16,,Active,
13544,9544,Monthly,9.99,2025-06-01,2025-10-24,Churned,2025-10-24
13545,9545,Monthly,9.99,2025-06-28,,Active,
13546,9546,Annual,6.99,2025-06-21,2025-12-22,Churned,2025-12-22
13547,9547,Annual,6.99,2025-06-25,,Active,
13548,9548,Monthly,9.99,2025-06-04,,Active,
13549,9549,Annual,6.99,2025-06-14,2026-05-07,Churned,2026-05-07
13550,9550,Annual,6.99,2025-06-14,,Active,
13551,9551,Monthly,9.99,2025-06-09,2026-01-31,Churned,2026-01-31
13552,9552,Annual,6.99,2025-06-26,,Active,
13553,9553,Monthly,9.99,2025-06-06,2025-12-25,Churned,2025-12-25
13554,9554,Monthly,9.99,2025-06-03,2025-07-30,Churned,2025-07-30
13555,9555,Monthly,9.99,2025-06-08,,Active,
13556,9556,Monthly,9.99,2025-06-30,,Active,
13557,9557,Monthly,9.99,2025-06-04,2026-02-04,Churned,2026-02-04
13558,9558,Annual,6.99,2025-06-18,2025-10-21,Churned,2025-10-21
13559,9559,Annual,6.99,2025-06-06,2025-10-13,Churned,2025-10-13
13560,9560,Monthly,9.99,2025-06-12,,Active,
13561,9561,Annual,6.99,2025-06-17,,Active,
13562,9562,Monthly,9.99,2025-06-01,2026-07-07,Churned,2026-07-07
13563,9563,Monthly,9.99,2025-06-08,2025-07-11,Churned,2025-07-11
13564,9564,Annual,6.99,2025-06-18,,ACTIVE,
13565,9565,Annual,6.99,2025-06-01,2025-10-22,Churned,2025-10-22
13566,9566,Monthly,9.99,2025-06-15,2026-01-03,Churned,2026-01-03
13567,9567,Monthly,9.99,2025-06-19,2026-01-11,Churned,2026-01-11
13568,9568,Annual,0.0,2025-06-07,2026-04-21,Churned,2026-04-21
13569,9569,Annual,6.99,2025-06-05,2025-08-22,Churned,2025-08-22
13570,9570,Annual,6.99,2025-06-15,2025-10-30,Churned,2025-10-30
13571,9571,Monthly,9.99,2025-06-22,2026-02-20,Churned,2026-02-20
13572,9572,Annual,6.99,2025-06-01,2026-06-18,Churned,2026-06-18
13573,9573,Monthly,9.99,2025-06-11,2025-12-12,CHURNED,2025-12-12
13574,9574,Annual,6.99,2025-06-30,,Active,
13575,9575,Monthly,9.99,2025-06-11,,Active,
13576,9576,Monthly,9.99,2025-06-10,2026-02-09,Churned,2026-02-09
13577,9577,Annual,6.99,2025-06-23,2026-01-02,Churned,2026-01-02
13578,9578,Monthly,9.99,2025-06-15,,Active,
13579,9579,Monthly,9.99,2025-06-12,,Active,
13580,9580,Monthly,9.99,2025-06-24,,Active,
13581,9581,Monthly,9.99,2025-06-01,,ACTIVE,
13582,9582,Monthly,9.99,2025-06-22,2025-08-03,Churned,2025-08-03
13583,9583,Annual,6.99,2025-06-12,,Active,
13584,9584,Monthly,9.99,2025-06-27,2025-08-26,Churned,2025-08-26
13585,9585,Monthly,9.99,2025-06-22,,Active,
13586,9586,Monthly,9.99,2025-06-29,,Active,
13587,9587,Annual,6.99,2025-06-04,,Active,
13588,9588,Annual,0.0,2025-06-06,2025-08-15,Churned,2025-08-15
13589,9589,Annual,6.99,2025-06-28,2025-08-25,Churned,2025-08-25
13590,9590,Annual,6.99,2025-06-12,2025-07-13,Churned,2025-07-13
13591,9591,Monthly,9.99,2025-06-25,,Active,
13592,9592,Monthly,9.99,2025-06-21,,Active,
13593,9593,Annual,6.99,2025-06-15,,Active,
13594,9594,Annual,6.99,2025-06-02,,Active,
13595,9595,Annual,6.99,2025-06-03,,Active,
13596,9596,Annual,6.99,2025-06-22,2025-12-19,Churned,2025-12-19
13597,9597,Monthly,9.99,2025-06-03,2025-07-05,Churned,2025-07-05
13598,9598,Annual,6.99,2025-06-01,2026-01-12,Churned,2026-01-12
13599,9599,Monthly,9.99,2025-06-07,2026-01-13,Churned,2026-01-13
13600,9600,Monthly,9.99,2025-06-28,2025-11-30,Churned,2025-11-30
13601,9601,Monthly,9.99,2025-06-19,,Active,
13602,9602,Monthly,9.99,2025-06-22,,Active,
13603,9603,Monthly,9.99,2025-06-20,2026-04-14,Churned,2026-04-14
13604,9604,Monthly,9.99,2025-06-17,,Active,
13605,9605,Annual,6.99,2025-06-08,2026-01-15,Churned,2026-01-15
13606,9606,Monthly,9.99,2025-06-13,2026-03-28,Churned,2026-03-28
13607,9607,Annual,6.99,2025-06-17,2025-12-28,Churned,2025-12-28
13608,9608,Monthly,9.99,2025-06-30,2026-06-27,Churned,2026-06-27
13609,9609,Monthly,9.99,2025-06-27,2025-11-25,Churned,2025-11-25
13610,9610,Monthly,9.99,2025-06-23,,Active,
13611,9611,Annual,6.99,2025-06-25,2026-05-01,Churned,2026-05-01
13612,9612,Annual,6.99,2025-06-25,2025-12-26,Churned,2025-12-26
13613,9613,Annual,6.99,2025-06-21,,Active,
13614,9614,Monthly,9.99,2025-06-25,2026-01-10,Churned,2026-01-10
13615,9615,Monthly,9.99,2025-06-03,,Active,
13616,9616,Monthly,9.99,2025-06-01,2025-10-03,Churned,2025-10-03
13617,9617,Monthly,9.99,2025-06-14,2025-11-03,Churned,2025-11-03
13618,9618,Annual,6.99,2025-06-02,2026-03-09,Churned,2026-03-09
13619,9619,Monthly,9.99,2025-06-11,,Active,
13620,9620,Monthly,9.99,2025-06-06,,Active,
13621,9621,Monthly,9.99,2025-06-29,,Active,
13622,9622,Monthly,9.99,2025-06-20,,Active,
13623,9623,Monthly,9.99,2025-06-02,,Active,
13624,9624,Annual,6.99,2025-06-19,2025-08-10,Churned,2025-08-10
13625,9625,Monthly,9.99,2025-06-22,2025-10-21,Churned,2025-10-21
13626,9626,Monthly,9.99,2025-06-10,,Active,
13627,9627,Monthly,9.99,2025-06-27,,Active,
13628,9628,Annual,6.99,2025-06-30,2025-12-21,Churned,2025-12-21
13629,9629,Monthly,9.99,2025-06-30,,Active,
13630,9630,Monthly,9.99,2025-06-03,2025-10-19,Churned,2025-10-19
13631,9631,Annual,6.99,2025-06-14,2025-10-10,Churned,2025-10-10
13632,9632,Monthly,9.99,2025-06-24,,Active,
13633,9633,Monthly,9.99,2025-06-14,,Active,
13634,9634,Monthly,9.99,2025-06-15,,Active,
13635,9635,Annual,6.99,2025-06-10,2026-01-25,Churned,2026-01-25
13636,9636,Monthly,9.99,2025-06-13,,Active,
13637,9637,Monthly,9.99,2025-06-21,,Active,
13638,9638,Monthly,9.99,2025-06-01,,Active,
13639,9639,Monthly,9.99,2025-06-24,,Active,
13640,9640,Monthly,9.99,2025-06-22,2025-10-01,Churned,2025-10-01
13641,9641,Monthly,9.99,2025-06-05,,Active,
13642,9642,Monthly,9.99,2025-06-24,,Active,
13643,9643,Monthly,9.99,2025-06-16,2026-05-18,Churned,2026-05-18
13644,9644,Monthly,9.99,2025-06-10,,Active,
13645,9645,Annual,6.99,2025-06-14,,Active,
13646,9646,Monthly,9.99,2025-06-16,,Active,
13647,9647,Annual,6.99,2025-06-07,2026-02-05,Churned,2026-02-05
13648,9648,Monthly,9.99,2025-06-19,,Active,
13649,9649,Annual,6.99,2025-06-19,,Active,
13650,9650,Monthly,9.99,2025-06-12,,Active,
13651,9651,Monthly,9.99,2025-06-14,,Active,
13652,9652,Monthly,9.99,2025-06-19,2026-02-24,Churned,2026-02-24
13653,9653,Monthly,9.99,2025-06-16,,Active,
13654,9654,Annual,6.99,2025-06-14,,Active,
13655,9655,Annual,6.99,2025-06-29,,Active,
13656,9656,Monthly,9.99,2025-06-27,,Active,
13657,9657,Monthly,9.99,2025-06-12,2026-01-10,Churned,2026-01-10
13658,9658,Monthly,9.99,2025-06-22,,Active,
13659,9659,Monthly,9.99,2025-06-25,2025-10-24,Churned,2025-10-24
13660,9660,Annual,6.99,2025-06-04,,Active,
13661,9661,Annual,0.0,2025-06-18,,Active,
13662,9662,Monthly,9.99,2025-06-24,,Active,
13663,9663,Monthly,9.99,2025-06-02,,Active,
13664,9664,Monthly,9.99,2025-06-11,2026-06-03,Churned,2026-06-03
13665,9665,Monthly,9.99,2025-06-24,,Active,
13666,9666,Monthly,9.99,2025-06-29,,Active,
13667,9667,Monthly,9.99,2025-06-30,2026-01-11,Churned,2026-01-11
13668,9668,Monthly,9.99,2025-06-19,,Active,
13669,9669,Annual,6.99,2025-06-02,,Active,
13670,9670,Monthly,9.99,2025-06-01,,Active,
13671,9671,Monthly,9.99,2025-06-25,2025-11-22,Churned,2025-11-22
13672,9672,Annual,6.99,2025-06-23,2025-10-17,Churned,2025-10-17
13673,9673,Monthly,9.99,2025-06-06,2026-03-09,Churned,2026-03-09
13674,9674,Monthly,9.99,2025-06-04,,Active,
13675,9675,Monthly,9.99,2025-06-05,,Active,
13676,9676,Annual,6.99,2025-06-27,2026-06-29,Churned,2026-06-29
13677,9677,Annual,6.99,2025-06-23,2025-10-03,Churned,2025-10-03
13678,9678,Monthly,9.99,2025-06-29,2026-03-21,Churned,2026-03-21
13679,9679,Annual,6.99,2025-06-04,,Active,
13680,9680,Annual,6.99,2025-06-21,,Active,
13681,9681,Monthly,9.99,2025-06-28,2026-02-27,Churned,2026-02-27
13682,9682,Annual,6.99,2025-06-16,,Active,
13683,9683,Monthly,9.99,2025-06-24,2026-03-26,Churned,2026-03-26
13684,9684,Monthly,9.99,2025-06-19,,Active,
13685,9685,Annual,6.99,2025-06-01,,Active,
13686,9686,Monthly,9.99,2025-06-13,2025-10-02,Churned,2025-10-02
13687,9687,Annual,6.99,2025-06-08,2026-04-28,Churned,2026-04-28
13688,9688,Annual,6.99,2025-06-03,2026-03-08,Churned,2026-03-08
13689,9689,Monthly,9.99,2025-06-18,2026-03-21,Churned,2026-03-21
13690,9690,Monthly,9.99,2025-06-28,,Active,
13691,9691,Annual,6.99,2025-06-02,,Active,
13692,9692,Monthly,9.99,2025-06-10,2025-08-24,Churned,2025-08-24
13693,9693,Monthly,9.99,2025-06-21,,Active,
13694,9694,Monthly,9.99,2025-06-10,2025-11-01,Churned,2025-11-01
13695,9695,Annual,6.99,2025-06-04,2025-09-23,Churned,2025-09-23
13696,9696,Monthly,0.0,2025-06-06,2026-04-11,Churned,2026-04-11
13697,9697,Monthly,9.99,2025-06-01,2025-10-12,Churned,2025-10-12
13698,9698,Annual,6.99,2025-06-30,,Active,
13699,9699,Monthly,9.99,2025-06-15,,Active,
13700,9700,Monthly,9.99,2025-06-29,,Active,
13701,9701,Annual,6.99,2025-06-21,,active,
13702,9702,Monthly,9.99,2025-06-11,2026-03-08,Churned,2026-03-08
13703,9703,Monthly,9.99,2025-06-29,2025-11-22,Churned,2025-11-22
13704,9704,Annual,6.99,2025-06-08,,Active,
13705,9705,Monthly,9.99,2025-06-06,2026-01-13,Churned,2026-01-13
13706,9706,Monthly,9.99,2025-06-25,,Active,
13707,9707,Monthly,9.99,2025-06-17,2025-08-04,Churned,2025-08-04
13708,9708,Monthly,9.99,2025-06-13,,Active,
13709,9709,Monthly,9.99,2025-06-18,2026-05-22,Churned,2026-05-22
13710,9710,Monthly,9.99,2025-06-30,,Active,
13711,9711,Monthly,9.99,2025-06-09,,Active,
13712,9712,Annual,6.99,2025-06-28,,Active,
13713,9713,Annual,6.99,2025-06-28,,Active,
13714,9714,Monthly,9.99,2025-06-23,,Active,
13715,9715,Monthly,9.99,2025-06-05,2026-05-02,Churned,2026-05-02
13716,9716,Monthly,9.99,2025-06-03,2026-01-17,Churned,2026-01-17
13717,9717,Annual,6.99,2025-06-04,,Active,
13718,9718,Annual,6.99,2025-06-22,,Active,
13719,9719,Annual,6.99,2025-06-12,2025-12-15,Churned,2025-12-15
13720,9720,Monthly,9.99,2025-06-30,2026-03-08,Churned,2026-03-08
13721,9721,Annual,6.99,2025-06-01,,Active,
13722,9722,Annual,6.99,2025-06-12,,Active,
13723,9723,Monthly,9.99,2025-06-08,2025-09-02,Churned,2025-09-02
13724,9724,Monthly,9.99,2025-06-27,,Active,
13725,9725,Monthly,9.99,2025-06-04,2026-03-08,Churned,2026-03-08
13726,9726,Annual,6.99,2025-06-13,,Active,
13727,9727,Monthly,9.99,2025-06-27,2026-03-26,Churned,2026-03-26
13728,9728,Monthly,9.99,2025-06-30,2025-10-19,Churned,2025-10-19
13729,9729,Annual,6.99,2025-06-28,2025-11-11,Churned,2025-11-11
13730,9730,Monthly,9.99,2025-06-20,2026-02-16,Churned,2026-02-16
13731,9731,Monthly,0.0,2025-06-05,2026-01-01,Churned,2026-01-01
13732,9732,Annual,6.99,2025-06-03,,Active,
13733,9733,Monthly,9.99,2025-06-13,,Active,
13734,9734,Annual,6.99,2025-06-15,2026-07-01,Churned,2026-07-01
13735,9735,Annual,6.99,2025-06-16,2026-07-04,Churned,2026-07-04
13736,9736,Annual,6.99,2025-06-02,,Active,
13737,9737,Monthly,9.99,2025-06-21,,active,
13738,9738,Monthly,9.99,2025-06-12,,Active,
13739,9739,Monthly,9.99,2025-06-04,2025-08-27,Churned,2025-08-27
13740,9740,Monthly,9.99,2025-06-28,,Active,
13741,9741,Monthly,9.99,2025-06-11,2025-07-19,Churned,2025-07-19
13742,9742,Monthly,9.99,2025-06-07,,ACTIVE,
13743,9743,Monthly,9.99,2025-06-15,2026-04-21,Churned,2026-04-21
13744,9744,Monthly,9.99,2025-06-29,,Active,
13745,9745,Monthly,9.99,2025-06-25,2025-12-17,Churned,2025-12-17
13746,9746,Monthly,9.99,2025-06-03,,Active,
13747,9747,Annual,6.99,2025-06-21,,Active,
13748,9748,Monthly,9.99,2025-06-20,,Active,
13749,9749,Annual,6.99,2025-06-27,,active,
13750,9750,Monthly,9.99,2025-06-29,2026-06-10,Churned,2026-06-10
13751,9751,Monthly,9.99,2025-06-23,2025-07-05,Churned,2025-07-05
13752,9752,Annual,6.99,2025-06-20,,Active,
13753,9753,Annual,6.99,2025-06-11,,Active,
13754,9754,Monthly,9.99,2025-06-27,,Active,
13755,9755,Monthly,9.99,2025-06-29,,Active,
13756,9756,Monthly,9.99,2025-06-30,,Active,
13757,9757,Monthly,9.99,2025-06-29,,Active,
13758,9758,Annual,6.99,2025-06-20,,Active,
13759,9759,Monthly,9.99,2025-06-29,2026-01-26,Churned,2026-01-26
13760,9760,Monthly,9.99,2025-06-24,,Active,
13761,9761,Monthly,9.99,2025-06-08,,Active,
13762,9762,Monthly,9.99,2025-06-01,2026-01-10,Churned,2026-01-10
13763,9763,Monthly,9.99,2025-06-30,,Active,
13764,9764,Annual,6.99,2025-06-13,,Active,
13765,9765,Monthly,9.99,2025-06-27,2025-10-27,Churned,2025-10-27
13766,9766,Monthly,9.99,2025-06-09,,Active,
13767,9767,Monthly,9.99,2025-06-11,,Active,
13768,9768,Annual,6.99,2025-06-25,2026-01-24,Churned,2026-01-24
13769,9769,Monthly,9.99,2025-06-16,2025-08-09,Churned,2025-08-09
13770,9770,Annual,6.99,2025-06-21,2025-12-01,Churned,2025-12-01
13771,9771,Annual,6.99,2025-06-10,2026-01-26,Churned,2026-01-26
13772,9772,Annual,6.99,2025-06-19,2025-11-21,Churned,2025-11-21
13773,9773,Monthly,9.99,2025-06-15,2025-11-06,Churned,2025-11-06
13774,9774,Annual,6.99,2025-06-28,2025-09-11,Churned,2025-09-11
13775,9775,Monthly,9.99,2025-06-15,2026-05-04,Churned,2026-05-04
13776,9776,Monthly,9.99,2025-06-03,2025-10-11,Churned,2025-10-11
13777,9777,Monthly,9.99,2025-06-23,,Active,
13778,9778,Monthly,9.99,2025-06-29,,Active,
13779,9779,Monthly,9.99,2025-06-27,2025-08-27,Churned,2025-08-27
13780,9780,Annual,6.99,2025-06-04,2026-05-30,Churned,2026-05-30
13781,9781,Monthly,9.99,2025-06-30,,active,
13782,9782,Annual,6.99,2025-06-11,2026-03-02,Churned,2026-03-02
13783,9783,Annual,6.99,2025-06-26,2025-12-04,Churned,2025-12-04
13784,9784,Annual,6.99,2025-06-19,2026-07-04,Churned,2026-07-04
13785,9785,Monthly,9.99,2025-06-30,,Active,
13786,9786,Annual,6.99,2025-06-11,,Active,
13787,9787,Annual,6.99,2025-06-19,,Active,
13788,9788,Monthly,9.99,2025-06-21,2026-04-08,Churned,2026-04-08
13789,9789,Annual,6.99,2025-06-05,,Active,
13790,9790,Monthly,9.99,2025-06-24,,Active,
13791,9791,Monthly,9.99,2025-06-05,,Active,
13792,9792,Monthly,9.99,2025-06-25,,Active,
13793,9793,Annual,6.99,2025-06-04,,active,
13794,9794,Annual,6.99,2025-06-06,2026-01-20,Churned,2026-01-20
13795,9795,Monthly,9.99,2025-06-15,,Active,
13796,9796,Monthly,9.99,2025-06-06,,Active,
13797,9797,Annual,6.99,2025-06-03,2026-02-01,Churned,2026-02-01
13798,9798,Annual,6.99,2025-06-02,2025-12-10,Churned,2025-12-10
13799,9799,Monthly,9.99,2025-06-09,,Active,
13800,9800,Annual,6.99,2025-06-15,,Active,
13801,9801,Monthly,9.99,2025-06-02,2025-11-22,Churned,2025-11-22
13802,9802,Monthly,9.99,2025-06-05,,Active,
13803,9803,Monthly,9.99,2025-06-19,,Active,
13804,9804,Monthly,9.99,2025-06-10,2026-02-15,Churned,2026-02-15
13805,9805,Monthly,9.99,2025-06-23,2025-12-26,Churned,2025-12-26
13806,9806,Monthly,9.99,2025-06-26,,Active,
13807,9807,Monthly,9.99,2025-06-01,,Active,
13808,9808,Monthly,9.99,2025-06-29,,Active,
13809,9809,Monthly,9.99,2025-06-21,2025-12-05,Churned,2025-12-05
13810,9810,Monthly,9.99,2025-06-25,2026-02-23,Churned,2026-02-23
13811,9811,Annual,6.99,2025-06-15,,Active,
13812,9812,Monthly,9.99,2025-06-01,,Active,
13813,9813,Monthly,9.99,2025-06-27,2026-02-12,Churned,2026-02-12
13814,9814,Annual,6.99,2025-06-18,2026-06-01,Churned,2026-06-01
13815,9815,Monthly,9.99,2025-06-02,2026-02-23,Churned,2026-02-23
13816,9816,Monthly,9.99,2025-06-05,2026-05-16,Churned,2026-05-16
13817,9817,Monthly,9.99,2025-06-07,2026-06-13,Churned,2026-06-13
13818,9818,Monthly,9.99,2025-06-12,2025-12-03,Churned,2025-12-03
13819,9819,Annual,6.99,2025-06-14,,Active,
13820,9820,Monthly,9.99,2025-06-13,2026-04-22,Churned,2026-04-22
13821,9821,Annual,6.99,2025-06-27,,Active,
13822,9822,Monthly,9.99,2025-06-29,,Active,
13823,9823,Monthly,9.99,2025-06-21,,Active,
13824,9824,Monthly,9.99,2025-06-20,,Active,
13825,9825,Annual,6.99,2025-06-26,2026-07-03,Churned,2026-07-03
13826,9826,Monthly,9.99,2025-06-09,2026-03-23,Churned,2026-03-23
13827,9827,Monthly,9.99,2025-06-17,,Active,
13828,9828,Annual,6.99,2025-06-20,2026-02-20,Churned,2026-02-20
13829,9829,Annual,6.99,2025-06-09,,Active,
13830,9830,Annual,6.99,2025-06-29,,Active,
13831,9831,Monthly,9.99,2025-06-08,2025-10-14,Churned,2025-10-14
13832,9832,Monthly,9.99,2025-06-02,2026-03-10,Churned,2026-03-10
13833,9833,Monthly,9.99,2025-06-10,2026-07-06,Churned,2026-07-06
13834,9834,Monthly,9.99,2025-06-25,,Active,
13835,9835,Monthly,9.99,2025-06-12,,Active,
13836,9836,Monthly,9.99,2025-06-07,2026-01-12,Churned,2026-01-12
13837,9837,Annual,6.99,2025-06-27,,Active,
13838,9838,Annual,6.99,2025-06-05,,Active,
13839,9839,Annual,6.99,2025-06-05,,Active,
13840,9840,Monthly,9.99,2025-06-27,,Active,
13841,9841,Monthly,9.99,2025-06-10,,Active,
13842,9842,Monthly,9.99,2025-06-01,,Active,
13843,9843,Monthly,9.99,2025-06-14,2026-02-18,Churned,2026-02-18
13844,9844,Monthly,9.99,2025-06-23,2025-07-26,Churned,2025-07-26
13845,9845,Monthly,9.99,2025-06-23,,Active,
13846,9846,Monthly,9.99,2025-06-03,,Active,
13847,9847,Annual,6.99,2025-06-09,,Active,
13848,9848,Annual,6.99,2025-06-19,2026-01-08,Churned,2026-01-08
13849,9849,Monthly,9.99,2025-06-20,2026-05-30,Churned,2026-05-30
13850,9850,Monthly,9.99,2025-06-19,,Active,
13851,9851,Monthly,9.99,2025-06-11,,Active,
13852,9852,Annual,6.99,2025-06-26,,Active,
13853,9853,Monthly,9.99,2025-06-03,,Active,
13854,9854,Monthly,9.99,2025-06-25,,Active,
13855,9855,Annual,6.99,2025-06-29,,Active,
13856,9856,Monthly,9.99,2025-06-21,2025-12-21,Churned,2025-12-21
13857,9857,Monthly,9.99,2025-06-13,,Active,
13858,9858,Annual,6.99,2025-06-12,,Active,
13859,9859,Annual,6.99,2025-06-14,,Active,
13860,9860,Monthly,9.99,2025-06-05,2026-02-21,Churned,2026-02-21
13861,9861,Monthly,9.99,2025-06-07,,Active,
13862,9862,Annual,6.99,2025-06-20,2026-03-14,Churned,2026-03-14
13863,9863,Monthly,9.99,2025-06-17,2025-11-11,Churned,2025-11-11
13864,9864,Monthly,9.99,2025-06-15,2026-01-22,Churned,2026-01-22
13865,9865,Annual,6.99,2025-06-15,,Active,
13866,9866,Monthly,9.99,2025-06-03,,Active,
13867,9867,Monthly,9.99,2025-06-27,,Active,
13868,9868,Annual,6.99,2025-06-29,2025-10-24,Churned,2025-10-24
13869,9869,Annual,6.99,2025-06-08,,Active,
13870,9870,Annual,6.99,2025-06-10,,Active,
13871,9871,Monthly,9.99,2025-06-19,2026-01-13,Churned,2026-01-13
13872,9872,Monthly,9.99,2025-06-01,2026-03-09,Churned,2026-03-09
13873,9873,Monthly,9.99,2025-06-04,2025-07-13,Churned,2025-07-13
13874,9874,Monthly,9.99,2025-06-28,,Active,
13875,9875,Monthly,9.99,2025-06-06,2025-11-21,Churned,2025-11-21
13876,9876,Monthly,9.99,2025-06-18,,Active,
13877,9877,Monthly,9.99,2025-06-27,,Active,
13878,9878,Monthly,9.99,2025-06-22,,ACTIVE,
13879,9879,Monthly,0.0,2025-06-09,,Active,
13880,9880,Monthly,9.99,2025-06-05,2025-10-03,Churned,2025-10-03
13881,9881,Monthly,9.99,2025-06-22,2026-04-21,Churned,2026-04-21
13882,9882,Monthly,9.99,2025-06-13,,Active,
13883,9883,Monthly,9.99,2025-06-30,2025-12-28,Churned,2025-12-28
13884,9884,Monthly,9.99,2025-06-20,2025-10-12,Churned,2025-10-12
13885,9885,Annual,6.99,2025-06-01,,Active,
13886,9886,Annual,6.99,2025-06-08,,Active,
13887,9887,Monthly,9.99,2025-06-23,2026-01-11,Churned,2026-01-11
13888,9888,Monthly,9.99,2025-06-22,,Active,
13889,9889,Annual,6.99,2025-06-23,2026-02-27,Churned,2026-02-27
13890,9890,Monthly,9.99,2025-06-08,2025-10-01,Churned,2025-10-01
13891,9891,Monthly,9.99,2025-06-08,2026-01-15,Churned,2026-01-15
13892,9892,Annual,6.99,2025-06-07,,Active,
13893,9893,Monthly,9.99,2025-06-21,2025-12-03,Churned,2025-12-03
13894,9894,Annual,6.99,2025-06-01,2026-04-11,Churned,2026-04-11
13895,9895,Monthly,9.99,2025-06-25,,Active,
13896,9896,Annual,6.99,2025-06-09,,Active,
13897,9897,Monthly,9.99,2025-06-15,2025-07-26,Churned,2025-07-26
13898,9898,Monthly,9.99,2025-06-08,,Active,
13899,9899,Annual,6.99,2025-06-13,,Active,
13900,9900,Monthly,9.99,2025-06-23,,Active,
13901,9901,Monthly,9.99,2025-06-06,2025-07-05,Churned,2025-07-05
13902,9902,Monthly,9.99,2025-06-18,,Active,
13903,9903,Annual,6.99,2025-06-02,2026-02-09,Churned,2026-02-09
13904,9904,Monthly,9.99,2025-06-06,,Active,
13905,9905,Annual,0.0,2025-06-21,,Active,
13906,9906,Monthly,0.0,2025-06-18,,Active,
13907,9907,Monthly,9.99,2025-06-19,,Active,
13908,9908,Monthly,9.99,2025-06-07,,Active,
13909,9909,Annual,6.99,2025-06-07,,Active,
13910,9910,Annual,6.99,2025-06-13,,Active,
13911,9911,Annual,6.99,2025-06-04,,Active,
13912,9912,Monthly,9.99,2025-06-27,,Active,
13913,9913,Monthly,9.99,2025-06-09,,Active,
13914,9914,Monthly,9.99,2025-06-22,,Active,
13915,9915,Annual,6.99,2025-06-05,2026-02-26,Churned,2026-02-26
13916,9916,Annual,6.99,2025-06-20,,Active,
13917,9917,Monthly,9.99,2025-06-07,2026-05-01,Churned,2026-05-01
13918,9918,Monthly,9.99,2025-06-09,2026-01-17,Churned,2026-01-17
13919,9919,Monthly,9.99,2025-06-13,,Active,
13920,9920,Annual,6.99,2025-06-04,,Active,
13921,9921,Annual,6.99,2025-06-04,2025-10-24,Churned,2025-10-24
13922,9922,Monthly,9.99,2025-06-23,,Active,
13923,9923,Monthly,9.99,2025-06-11,,Active,
13924,9924,Monthly,9.99,2025-06-18,,Active,
13925,9925,Annual,6.99,2025-06-20,,Active,
13926,9926,Annual,6.99,2025-06-19,2025-10-24,Churned,2025-10-24
13927,9927,Monthly,9.99,2025-06-19,,Active,
13928,9928,Annual,6.99,2025-06-30,2025-08-26,churned,2025-08-26
13929,9929,Monthly,9.99,2025-06-19,2026-02-03,Churned,2026-02-03
13930,9930,Annual,6.99,2025-06-11,,Active,
13931,9931,Annual,6.99,2025-06-09,2026-02-06,Churned,2026-02-06
13932,9932,Annual,6.99,2025-06-25,,Active,
13933,9933,Monthly,9.99,2025-06-13,2025-12-18,Churned,2025-12-18
13934,9934,Annual,6.99,2025-06-17,2026-07-03,Churned,2026-07-03
13935,9935,Annual,6.99,2025-06-25,,ACTIVE,
13936,9936,Monthly,9.99,2025-06-08,,Active,
13937,9937,Annual,6.99,2025-06-07,,Active,
13938,9938,Annual,6.99,2025-06-02,2026-03-10,Churned,2026-03-10
13939,9939,Annual,6.99,2025-06-03,,Active,
13940,9940,Monthly,9.99,2025-06-19,2026-03-19,Churned,2026-03-19
13941,9941,Monthly,9.99,2025-06-16,2025-10-19,Churned,2025-10-19
13942,9942,Monthly,9.99,2025-06-09,2025-10-01,Churned,2025-10-01
13943,9943,Monthly,9.99,2025-06-07,2026-01-15,Churned,2026-01-15
13944,9944,Monthly,9.99,2025-06-21,,Active,
13945,9945,Annual,6.99,2025-06-03,2025-12-08,Churned,2025-12-08
13946,9946,Monthly,9.99,2025-06-22,,Active,
13947,9947,Monthly,9.99,2025-06-28,,Active,
13948,9948,Monthly,9.99,2025-06-14,,Active,
13949,9949,Annual,6.99,2025-06-15,2025-12-18,Churned,2025-12-18
13950,9950,Monthly,9.99,2025-06-17,2026-04-05,Churned,2026-04-05
13951,9951,Monthly,9.99,2025-06-03,,Active,
13952,9952,Monthly,9.99,2025-06-19,2026-03-28,Churned,2026-03-28
13953,9953,Annual,6.99,2025-06-11,,Active,
13954,9954,Monthly,9.99,2025-06-15,2025-11-25,Churned,2025-11-25
13955,9955,Monthly,9.99,2025-06-01,,Active,
13956,9956,Monthly,9.99,2025-06-27,2025-10-05,Churned,2025-10-05
13957,9957,Monthly,9.99,2025-06-11,2025-10-14,Churned,2025-10-14
13958,9958,Monthly,9.99,2025-06-03,,Active,
13959,9959,Monthly,9.99,2025-06-24,,Active,
13960,9960,Annual,0.0,2025-06-30,,Active,
13961,9961,Monthly,9.99,2025-06-16,,Active,
13962,9962,Monthly,9.99,2025-06-02,2025-12-28,Churned,2025-12-28
13963,9963,Annual,6.99,2025-06-30,,Active,
13964,9964,Monthly,9.99,2025-06-07,,ACTIVE,
13965,9965,Monthly,9.99,2025-06-08,2026-03-17,Churned,2026-03-17
13966,9966,Monthly,9.99,2025-06-22,2025-10-24,Churned,2025-10-24
13967,9967,Monthly,9.99,2025-06-10,,Active,
13968,9968,Monthly,9.99,2025-06-03,2026-01-28,Churned,2026-01-28
13969,9969,Annual,6.99,2025-06-21,2025-12-01,Churned,2025-12-01
13970,9970,Monthly,9.99,2025-06-08,,Active,
13971,9971,Monthly,9.99,2025-06-26,2026-03-11,Churned,2026-03-11
13972,9972,Monthly,9.99,2025-06-05,2025-11-08,Churned,2025-11-08
13973,9973,Annual,6.99,2025-06-28,,Active,
13974,9974,Annual,6.99,2025-06-22,,Active,
13975,9975,Monthly,9.99,2025-06-08,,Active,
13976,9976,Monthly,9.99,2025-06-18,,Active,
13977,9977,Monthly,9.99,2025-06-29,2026-01-13,Churned,2026-01-13
13978,9978,Monthly,9.99,2025-06-02,2026-01-27,Churned,2026-01-27
13979,9979,Monthly,9.99,2025-06-25,,Active,
13980,9980,Monthly,9.99,2025-06-14,,Active,
13981,9981,Monthly,9.99,2025-06-29,2026-04-14,Churned,2026-04-14
13982,9982,Monthly,9.99,2025-06-07,,Active,
13983,9983,Annual,6.99,2025-06-22,,Active,
13984,9984,Annual,6.99,2025-06-30,,Active,
13985,9985,Monthly,9.99,2025-06-11,2026-02-25,Churned,2026-02-25
13986,9986,Annual,6.99,2025-06-04,,Active,
13987,9987,Monthly,9.99,2025-06-12,,Active,
13988,9988,Annual,6.99,2025-06-18,2026-03-22,Churned,2026-03-22
13989,9989,Monthly,9.99,2025-06-19,,Active,
13990,9990,Annual,6.99,2025-06-15,,Active,
13991,9991,Monthly,9.99,2025-06-28,,Active,
13992,9992,Monthly,9.99,2025-06-18,2026-02-19,Churned,2026-02-19
13993,9993,Annual,6.99,2025-06-20,2025-08-28,Churned,2025-08-28
13994,9994,Monthly,9.99,2025-06-29,2025-11-24,Churned,2025-11-24
13995,9995,Monthly,9.99,2025-06-29,,Active,
13996,9996,Monthly,9.99,2025-06-11,,Active,
13997,9997,Monthly,9.99,2025-06-09,2026-02-04,Churned,2026-02-04
13998,9998,Monthly,9.99,2025-06-23,2026-03-10,Churned,2026-03-10
13999,9999,Monthly,9.99,2025-06-16,,Active,
14000,10000,Monthly,9.99,2025-06-14,,Active,
14001,10001,Monthly,9.99,2025-06-21,2026-04-24,Churned,2026-04-24
14002,10002,Monthly,9.99,2025-06-20,,Active,
14003,10003,Monthly,9.99,2025-06-28,2025-12-27,Churned,2025-12-27
14004,10004,Monthly,9.99,2025-06-11,2026-03-04,Churned,2026-03-04
14005,10005,Monthly,9.99,2025-06-23,,Active,
14006,10006,Monthly,9.99,2025-06-07,2026-03-21,Churned,2026-03-21
14007,10007,Annual,6.99,2025-06-29,2026-07-02,Churned,2026-07-02
14008,10008,Monthly,9.99,2025-06-03,,Active,
14009,10009,Monthly,9.99,2025-06-23,2025-11-20,Churned,2025-11-20
14010,10010,Monthly,9.99,2025-06-04,,Active,
14011,10011,Monthly,9.99,2025-06-27,2026-01-17,Churned,2026-01-17
14012,10012,Monthly,9.99,2025-06-29,2025-08-29,Churned,2025-08-29
14013,10013,Annual,6.99,2025-06-25,2025-10-09,Churned,2025-10-09
14014,10014,Monthly,9.99,2025-06-24,2025-11-20,Churned,2025-11-20
14015,10015,Monthly,9.99,2025-06-15,2025-09-25,Churned,2025-09-25
14016,10016,Monthly,9.99,2025-06-08,2026-03-05,Churned,2026-03-05
14017,10017,Annual,6.99,2025-06-30,,Active,
14018,10018,Monthly,9.99,2025-06-16,,Active,
14019,10019,Annual,0.0,2025-06-25,,Active,
14020,10020,Monthly,9.99,2025-06-22,2025-07-07,Churned,2025-07-07
14021,10021,Monthly,9.99,2025-06-22,2025-12-08,Churned,2025-12-08
14022,10022,Annual,6.99,2025-06-11,,Active,
14023,10023,Monthly,9.99,2025-06-13,,Active,
14024,10024,Monthly,9.99,2025-06-14,2025-12-09,Churned,2025-12-09
14025,10025,Monthly,9.99,2025-06-19,2026-05-20,Churned,2026-05-20
14026,10026,Monthly,9.99,2025-06-22,2025-09-28,Churned,2025-09-28
14027,10027,Monthly,9.99,2025-06-06,,Active,
14028,10028,Monthly,9.99,2025-06-07,2025-08-28,Churned,2025-08-28
14029,10029,Monthly,9.99,2025-06-02,2025-07-26,Churned,2025-07-26
14030,10030,Annual,6.99,2025-06-16,2026-01-27,Churned,2026-01-27
14031,10031,Annual,6.99,2025-06-21,,Active,
14032,10032,Annual,6.99,2025-06-07,2025-11-01,Churned,2025-11-01
14033,10033,Annual,6.99,2025-06-22,2025-11-21,Churned,2025-11-21
14034,10034,Monthly,9.99,2025-06-01,2026-05-06,Churned,2026-05-06
14035,10035,Annual,6.99,2025-06-26,2025-12-14,Churned,2025-12-14
14036,10036,Monthly,9.99,2025-06-21,2025-09-30,Churned,2025-09-30
14037,10037,Annual,6.99,2025-06-21,,Active,
14038,10038,Monthly,9.99,2025-06-22,,Active,
14039,10039,Monthly,9.99,2025-06-11,,Active,
14040,10040,Annual,6.99,2025-06-30,,Active,
14041,10041,Monthly,9.99,2025-06-23,,Active,
14042,10042,Monthly,9.99,2025-06-06,,Active,
14043,10043,Monthly,9.99,2025-06-28,,Active,
14044,10044,Monthly,9.99,2025-06-23,2026-03-05,Churned,2026-03-05
14045,10045,Monthly,9.99,2025-06-10,2026-01-05,Churned,2026-01-05
14046,10046,Annual,6.99,2025-06-29,2026-03-17,Churned,2026-03-17
14047,10047,Monthly,9.99,2025-06-08,,Active,
14048,10048,Annual,6.99,2025-06-20,,Active,
14049,10049,Monthly,9.99,2025-06-21,,Active,
14050,10050,Monthly,9.99,2025-06-29,2025-10-27,Churned,2025-10-27
14051,10051,Monthly,9.99,2025-06-18,,Active,
14052,10052,Monthly,9.99,2025-06-30,,Active,
14053,10053,Monthly,9.99,2025-06-09,,Active,
14054,10054,Monthly,9.99,2025-06-25,2025-07-12,Churned,2025-07-12
14055,10055,Monthly,9.99,2025-06-08,2025-10-29,Churned,2025-10-29
14056,10056,Annual,6.99,2025-06-30,,Active,
14057,10057,Annual,6.99,2025-06-23,2025-11-08,Churned,2025-11-08
14058,10058,Monthly,9.99,2025-06-19,2025-10-21,Churned,2025-10-21
14059,10059,Monthly,9.99,2025-06-02,2025-10-21,Churned,2025-10-21
14060,10060,Annual,6.99,2025-06-15,2026-06-15,Churned,2026-06-15
14061,10061,Monthly,9.99,2025-06-05,2025-11-20,Churned,2025-11-20
14062,10062,Annual,6.99,2025-06-28,,Active,
14063,10063,Monthly,9.99,2025-06-12,,Active,
14064,10064,Monthly,9.99,2025-06-25,2025-07-20,Churned,2025-07-20
14065,10065,Annual,6.99,2025-06-28,,Active,
14066,10066,Annual,6.99,2025-06-04,2025-09-26,Churned,2025-09-26
14067,10067,Annual,6.99,2025-06-23,2025-08-18,Churned,2025-08-18
14068,10068,Monthly,9.99,2025-06-10,,Active,
14069,10069,Monthly,9.99,2025-06-04,2025-10-11,Churned,2025-10-11
14070,10070,Annual,6.99,2025-06-08,,Active,
14071,10071,Monthly,9.99,2025-06-17,,Active,
14072,10072,Monthly,9.99,2025-06-26,2026-02-25,Churned,2026-02-25
14073,10073,Monthly,9.99,2025-06-21,,Active,
14074,10074,Annual,6.99,2025-06-07,,active,
14075,10075,Annual,6.99,2025-06-09,,Active,
14076,10076,Monthly,9.99,2025-06-10,,Active,
14077,10077,Monthly,9.99,2025-06-23,2026-07-04,Churned,2026-07-04
14078,10078,Monthly,9.99,2025-06-16,,Active,
14079,10079,Monthly,9.99,2025-06-01,2026-02-24,Churned,2026-02-24
14080,10080,Annual,6.99,2025-06-03,2026-05-25,Churned,2026-05-25
14081,10081,Annual,6.99,2025-06-03,2026-02-04,Churned,2026-02-04
14082,10082,Annual,6.99,2025-06-29,,Active,
14083,10083,Monthly,9.99,2025-06-16,,Active,
14084,10084,Annual,6.99,2025-06-15,,Active,
14085,10085,Annual,6.99,2025-06-23,,Active,
14086,10086,Annual,6.99,2025-06-06,2025-10-29,Churned,2025-10-29
14087,10087,Annual,6.99,2025-06-01,2025-10-21,Churned,2025-10-21
14088,10088,Monthly,0.0,2025-06-09,2026-03-23,Churned,2026-03-23
14089,10089,Monthly,9.99,2025-06-07,,Active,
14090,10090,Monthly,9.99,2025-06-24,,Active,
14091,10091,Monthly,9.99,2025-06-25,,Active,
14092,10092,Monthly,9.99,2025-06-20,,ACTIVE,
14093,10093,Monthly,9.99,2025-06-28,,Active,
14094,10094,Annual,6.99,2025-06-14,,Active,
14095,10095,Annual,6.99,2025-06-08,2026-03-22,Churned,2026-03-22
14096,10096,Monthly,9.99,2025-06-10,2026-05-11,Churned,2026-05-11
14097,10097,Monthly,9.99,2025-06-05,,Active,
14098,10098,Monthly,9.99,2025-06-28,,Active,
14099,10099,Annual,6.99,2025-06-19,,Active,
14100,10100,Annual,6.99,2025-06-24,2025-07-15,Churned,2025-07-15
14101,10101,Annual,6.99,2025-06-09,2025-11-24,Churned,2025-11-24
14102,10102,Monthly,9.99,2025-06-22,2025-10-05,Churned,2025-10-05
14103,10103,Monthly,9.99,2025-06-10,,Active,
14104,10104,Annual,6.99,2025-06-14,,Active,
14105,10105,Annual,6.99,2025-06-20,,Active,
14106,10106,Annual,6.99,2025-06-30,,Active,
14107,10107,Annual,6.99,2025-06-17,,Active,
14108,10108,Monthly,9.99,2025-06-22,,Active,
14109,10109,Monthly,9.99,2025-06-18,2025-10-29,Churned,2025-10-29
14110,10110,Monthly,9.99,2025-06-13,,Active,
14111,10111,Monthly,9.99,2025-06-28,2026-02-07,Churned,2026-02-07
14112,10112,Monthly,9.99,2025-06-29,2026-05-26,Churned,2026-05-26
14113,10113,Monthly,9.99,2025-06-10,,Active,
14114,10114,Monthly,9.99,2025-06-27,2025-09-11,Churned,2025-09-11
14115,10115,Monthly,9.99,2025-06-14,2025-12-27,Churned,2025-12-27
14116,10116,Annual,6.99,2025-06-23,2026-07-06,Churned,2026-07-06
14117,10117,Annual,6.99,2025-06-16,,Active,
14118,10118,Annual,6.99,2025-06-24,2025-10-18,Churned,2025-10-18
14119,10119,Monthly,0.0,2025-06-27,2026-01-22,Churned,2026-01-22
14120,10120,Monthly,9.99,2025-06-13,2026-02-11,Churned,2026-02-11
14121,10121,Annual,6.99,2025-06-22,,Active,
14122,10122,Monthly,9.99,2025-06-16,2025-09-22,Churned,2025-09-22
14123,10123,Monthly,9.99,2025-06-24,2026-06-21,Churned,2026-06-21
14124,10124,Monthly,9.99,2025-06-06,2025-07-28,Churned,2025-07-28
14125,10125,Monthly,9.99,2025-06-22,,Active,
14126,10126,Annual,6.99,2025-06-18,2026-03-21,Churned,2026-03-21
14127,10127,Monthly,9.99,2025-06-14,,Active,
14128,10128,Annual,6.99,2025-06-12,,Active,
14129,10129,Monthly,9.99,2025-06-22,,Active,
14130,10130,Annual,6.99,2025-06-11,2025-10-21,Churned,2025-10-21
14131,10131,Annual,6.99,2025-06-01,,Active,
14132,10132,Monthly,9.99,2025-06-29,,Active,
14133,10133,Monthly,9.99,2025-06-14,2026-02-19,Churned,2026-02-19
14134,10134,Monthly,0.0,2025-06-05,2026-02-10,Churned,2026-02-10
14135,10135,Monthly,0.0,2025-06-07,,Active,
14136,10136,Annual,6.99,2025-06-25,2025-12-20,Churned,2025-12-20
14137,10137,Monthly,9.99,2025-06-10,,Active,
14138,10138,Annual,6.99,2025-06-09,2025-12-12,Churned,2025-12-12
14139,10139,Annual,6.99,2025-06-15,,Active,
14140,10140,Monthly,9.99,2025-06-01,,Active,
14141,10141,Monthly,9.99,2025-06-17,2025-08-14,Churned,2025-08-14
14142,10142,Monthly,9.99,2025-06-02,,Active,
14143,10143,Monthly,9.99,2025-06-26,,Active,
14144,10144,Monthly,9.99,2025-06-13,2026-02-11,Churned,2026-02-11
14145,10145,Monthly,9.99,2025-06-07,,Active,
14146,10146,Annual,6.99,2025-06-14,2025-07-30,Churned,2025-07-30
14147,10147,Monthly,9.99,2025-06-06,2025-09-08,Churned,2025-09-08
14148,10148,Monthly,9.99,2025-06-10,2026-02-24,Churned,2026-02-24
14149,10149,Monthly,9.99,2025-06-04,2026-06-27,Churned,2026-06-27
14150,10150,Monthly,9.99,2025-06-21,,Active,
14151,10151,Monthly,9.99,2025-06-30,,Active,
14152,10152,Monthly,0.0,2025-06-15,,Active,
14153,10153,Monthly,9.99,2025-06-03,,Active,
14154,10154,Monthly,9.99,2025-06-03,2026-01-07,Churned,2026-01-07
14155,10155,Monthly,9.99,2025-06-25,,Active,
14156,10156,Monthly,9.99,2025-06-11,,Active,
14157,10157,Monthly,9.99,2025-06-09,2025-10-10,Churned,2025-10-10
14158,10158,Annual,6.99,2025-06-04,,Active,
14159,10159,Monthly,9.99,2025-06-20,2026-07-07,Churned,2026-07-07
14160,10160,Monthly,9.99,2025-06-02,,Active,
14161,10161,Annual,6.99,2025-06-28,2025-10-15,Churned,2025-10-15
14162,10162,Annual,6.99,2025-06-07,2026-02-05,Churned,2026-02-05
14163,10163,Monthly,9.99,2025-06-03,2025-08-25,Churned,2025-08-25
14164,10164,Annual,6.99,2025-06-22,,Active,
14165,10165,Monthly,9.99,2025-06-11,2026-01-11,Churned,2026-01-11
14166,10166,Annual,6.99,2025-06-21,2025-10-07,Churned,2025-10-07
14167,10167,Annual,6.99,2025-06-02,2025-12-30,Churned,2025-12-30
14168,10168,Annual,6.99,2025-06-26,,Active,
14169,10169,Monthly,9.99,2025-06-10,2025-07-09,Churned,2025-07-09
14170,10170,Monthly,9.99,2025-06-23,2025-07-19,Churned,2025-07-19
14171,10171,Monthly,9.99,2025-06-29,,Active,
14172,10172,Monthly,9.99,2025-06-17,2025-10-28,Churned,2025-10-28
14173,10173,Monthly,9.99,2025-06-11,,Active,
14174,10174,Annual,6.99,2025-06-10,,Active,
14175,10175,Annual,6.99,2025-06-21,2026-07-01,Churned,2026-07-01
14176,10176,Monthly,9.99,2025-06-01,,Active,
14177,10177,Annual,6.99,2025-06-05,,Active,
14178,10178,Monthly,9.99,2025-06-20,,Active,
14179,10179,Monthly,9.99,2025-06-01,2025-07-09,Churned,2025-07-09
14180,10180,Monthly,9.99,2025-06-09,2026-01-14,Churned,2026-01-14
14181,10181,Monthly,9.99,2025-06-20,2025-10-13,Churned,2025-10-13
14182,10182,Monthly,9.99,2025-06-08,2026-06-13,Churned,2026-06-13
14183,10183,Monthly,9.99,2025-06-28,,Active,
14184,10184,Monthly,9.99,2025-06-30,,Active,
14185,10185,Monthly,9.99,2025-06-02,2025-09-30,Churned,2025-09-30
14186,10186,Monthly,9.99,2025-06-06,2026-03-05,Churned,2026-03-05
14187,10187,Monthly,9.99,2025-06-28,,Active,
14188,10188,Monthly,9.99,2025-06-01,2026-07-06,Churned,2026-07-06
14189,10189,Monthly,9.99,2025-06-15,,Active,
14190,10190,Monthly,9.99,2025-06-29,2025-11-24,Churned,2025-11-24
14191,10191,Annual,6.99,2025-06-18,2025-12-17,Churned,2025-12-17
14192,10192,Monthly,9.99,2025-06-10,2025-07-18,Churned,2025-07-18
14193,10193,Monthly,9.99,2025-06-01,,Active,
14194,10194,Monthly,9.99,2025-06-12,,Active,
14195,10195,Annual,6.99,2025-06-17,,Active,
14196,10196,Monthly,9.99,2025-06-03,,Active,
14197,10197,Monthly,9.99,2025-06-16,,Active,
14198,10198,Monthly,9.99,2025-06-13,,Active,
14199,10199,Annual,6.99,2025-06-10,,Active,
14200,10200,Annual,6.99,2025-06-30,,Active,
14201,10201,Annual,6.99,2025-06-27,,Active,
14202,10202,Annual,6.99,2025-06-21,2026-05-16,Churned,2026-05-16
14203,10203,Monthly,9.99,2025-06-18,,Active,
14204,10204,Monthly,9.99,2025-06-15,,Active,
14205,10205,Monthly,9.99,2025-06-03,2026-05-05,Churned,2026-05-05
14206,10206,Monthly,9.99,2025-06-10,2026-02-03,Churned,2026-02-03
14207,10207,Monthly,9.99,2025-06-01,,Active,
14208,10208,Annual,6.99,2025-06-11,2025-10-14,Churned,2025-10-14
14209,10209,Monthly,9.99,2025-06-15,2025-12-15,Churned,2025-12-15
14210,10210,Monthly,9.99,2025-06-19,,Active,
14211,10211,Monthly,9.99,2025-06-11,,Active,
14212,10212,Monthly,9.99,2025-06-08,2026-03-10,churned,2026-03-10
14213,10213,Monthly,9.99,2025-06-22,,Active,
14214,10214,Monthly,9.99,2025-06-05,,Active,
14215,10215,Monthly,9.99,2025-06-04,,Active,
14216,10216,Monthly,9.99,2025-06-21,,Active,
14217,10217,Monthly,9.99,2025-06-18,2025-07-15,Churned,2025-07-15
14218,10218,Annual,6.99,2025-06-27,2025-07-21,Churned,2025-07-21
14219,10219,Monthly,9.99,2025-06-23,,Active,
14220,10220,Monthly,9.99,2025-06-28,2026-07-01,Churned,2026-07-01
14221,10221,Monthly,9.99,2025-06-20,,Active,
14222,10222,Annual,6.99,2025-06-26,2025-08-23,Churned,2025-08-23
14223,10223,Monthly,9.99,2025-06-06,,Active,
14224,10224,Monthly,9.99,2025-06-16,,Active,
14225,10225,Annual,6.99,2025-06-29,2026-06-17,Churned,2026-06-17
14226,10226,Monthly,9.99,2025-06-24,2025-10-21,Churned,2025-10-21
14227,10227,Monthly,9.99,2025-06-13,,Active,
14228,10228,Annual,6.99,2025-06-28,2025-11-19,Churned,2025-11-19
14229,10229,Annual,6.99,2025-06-10,,Active,
14230,10230,Monthly,9.99,2025-06-01,,Active,
14231,10231,Monthly,9.99,2025-06-24,,Active,
14232,10232,Monthly,9.99,2025-06-13,,Active,
14233,10233,Monthly,9.99,2025-06-02,,Active,
14234,10234,Monthly,9.99,2025-06-07,2026-03-31,Churned,2026-03-31
14235,10235,Monthly,9.99,2025-06-03,2025-10-29,Churned,2025-10-29
14236,10236,Annual,6.99,2025-06-30,,Active,
14237,10237,Monthly,9.99,2025-06-26,2025-12-15,Churned,2025-12-15
14238,10238,Monthly,9.99,2025-06-28,,Active,
14239,10239,Monthly,9.99,2025-06-06,,Active,
14240,10240,Monthly,9.99,2025-06-25,,Active,
14241,10241,Annual,6.99,2025-06-17,,Active,
14242,10242,Monthly,9.99,2025-06-09,,Active,
14243,10243,Monthly,9.99,2025-06-21,,Active,
14244,10244,Annual,6.99,2025-06-29,2026-02-06,CHURNED,2026-02-06
14245,10245,Monthly,9.99,2025-06-14,2026-06-17,Churned,2026-06-17
14246,10246,Monthly,9.99,2025-06-01,,Active,
14247,10247,Monthly,9.99,2025-06-26,,Active,
14248,10248,Monthly,9.99,2025-06-06,2025-12-02,Churned,2025-12-02
14249,10249,Annual,6.99,2025-06-06,2025-09-19,Churned,2025-09-19
14250,10250,Annual,6.99,2025-06-19,,Active,
14251,10251,Annual,6.99,2025-06-24,,Active,
14252,10252,Annual,6.99,2025-06-24,,Active,
14253,10253,Annual,6.99,2025-06-27,2025-11-26,Churned,2025-11-26
14254,10254,Monthly,9.99,2025-06-27,,Active,
14255,10255,Annual,6.99,2025-06-04,2025-12-10,Churned,2025-12-10
14256,10256,Monthly,9.99,2025-06-10,2026-01-31,Churned,2026-01-31
14257,10257,Annual,6.99,2025-06-22,,ACTIVE,
14258,10258,Annual,6.99,2025-06-12,2026-01-01,Churned,2026-01-01
14259,10259,Monthly,9.99,2025-06-22,2026-06-19,Churned,2026-06-19
14260,10260,Monthly,9.99,2025-06-14,,Active,
14261,10261,Monthly,9.99,2025-06-14,,Active,
14262,10262,Annual,6.99,2025-06-01,2026-02-25,Churned,2026-02-25
14263,10263,Monthly,9.99,2025-06-19,,Active,
14264,10264,Annual,6.99,2025-06-26,,Active,
14265,10265,Monthly,9.99,2025-06-25,,Active,
14266,10266,Monthly,9.99,2025-06-11,,Active,
14267,10267,Monthly,9.99,2025-06-21,,Active,
14268,10268,Monthly,9.99,2025-06-06,2025-10-28,Churned,2025-10-28
14269,10269,Monthly,9.99,2025-06-20,2026-01-11,Churned,2026-01-11
14270,10270,Annual,6.99,2025-06-13,2026-01-25,Churned,2026-01-25
14271,10271,Annual,6.99,2025-06-28,,Active,
14272,10272,Monthly,9.99,2025-06-22,2026-01-17,Churned,2026-01-17
14273,10273,Monthly,9.99,2025-06-03,,Active,
14274,10274,Annual,6.99,2025-06-27,,Active,
14275,10275,Annual,6.99,2025-06-22,2026-04-17,Churned,2026-04-17
14276,10276,Monthly,9.99,2025-06-07,,Active,
14277,10277,Annual,6.99,2025-06-09,,Active,
14278,10278,Monthly,9.99,2025-06-06,,Active,
14279,10279,Monthly,9.99,2025-06-10,,Active,
14280,10280,Annual,6.99,2025-06-29,,Active,
14281,10281,Monthly,9.99,2025-06-28,2025-12-03,Churned,2025-12-03
14282,10282,Monthly,9.99,2025-06-17,,Active,
14283,10283,Monthly,9.99,2025-06-11,,Active,
14284,10284,Annual,6.99,2025-06-11,2025-11-06,Churned,2025-11-06
14285,10285,Annual,6.99,2025-06-29,,Active,
14286,10286,Monthly,9.99,2025-06-06,2025-08-27,Churned,2025-08-27
14287,10287,Monthly,9.99,2025-06-23,,Active,
14288,10288,Monthly,9.99,2025-06-30,,Active,
14289,10289,Annual,6.99,2025-06-26,,Active,
14290,10290,Monthly,9.99,2025-06-22,,Active,
14291,10291,Monthly,9.99,2025-06-27,,Active,
14292,10292,Annual,6.99,2025-06-07,2026-05-19,Churned,2026-05-19
14293,10293,Monthly,9.99,2025-06-30,,Active,
14294,10294,Monthly,9.99,2025-06-03,2026-05-21,Churned,2026-05-21
14295,10295,Annual,6.99,2025-06-01,,Active,
14296,10296,Monthly,9.99,2025-06-06,,Active,
14297,10297,Monthly,9.99,2025-06-19,,Active,
14298,10298,Monthly,9.99,2025-06-08,,Active,
14299,10299,Annual,6.99,2025-06-20,,Active,
14300,10300,Monthly,9.99,2025-06-04,,Active,
14301,10301,Monthly,9.99,2025-06-21,,Active,
14302,10302,Monthly,9.99,2025-06-07,,Active,
14303,10303,Annual,6.99,2025-06-16,,Active,
14304,10304,Annual,6.99,2025-06-04,2026-02-20,Churned,2026-02-20
14305,10305,Monthly,9.99,2025-06-30,,Active,
14306,10306,Monthly,9.99,2025-06-12,,Active,
14307,10307,Annual,6.99,2025-06-19,,Active,
14308,10308,Monthly,9.99,2025-06-15,,Active,
14309,10309,Annual,6.99,2025-06-18,,Active,
14310,10310,Monthly,9.99,2025-06-14,,Active,
14311,10311,Monthly,9.99,2025-06-03,2025-10-27,Churned,2025-10-27
14312,10312,Annual,6.99,2025-06-25,,Active,
14313,10313,Monthly,9.99,2025-06-20,,Active,
14314,10314,Monthly,9.99,2025-06-08,,Active,
14315,10315,Monthly,9.99,2025-06-03,,Active,
14316,10316,Monthly,9.99,2025-06-27,2026-01-27,Churned,2026-01-27
14317,10317,Monthly,9.99,2025-06-10,,Active,
14318,10318,Monthly,9.99,2025-06-28,,Active,
14319,10319,Annual,6.99,2025-06-23,,Active,
14320,10320,Monthly,9.99,2025-06-29,2026-02-26,Churned,2026-02-26
14321,10321,Annual,6.99,2025-06-20,2026-07-05,Churned,2026-07-05
14322,10322,Annual,6.99,2025-06-06,,Active,
14323,10323,Monthly,9.99,2025-06-02,2026-02-11,Churned,2026-02-11
14324,10324,Monthly,9.99,2025-06-08,,Active,
14325,10325,Annual,6.99,2025-06-14,2025-09-30,Churned,2025-09-30
14326,10326,Annual,6.99,2025-06-19,,Active,
14327,10327,Annual,6.99,2025-06-27,,Active,
14328,10328,Annual,6.99,2025-06-05,,Active,
14329,10329,Monthly,9.99,2025-06-20,2025-11-06,churned,2025-11-06
14330,10330,Monthly,9.99,2025-06-03,,Active,
14331,10331,Annual,6.99,2025-06-15,2025-07-21,Churned,2025-07-21
14332,10332,Monthly,9.99,2025-06-03,2026-01-03,churned,2026-01-03
14333,10333,Annual,6.99,2025-06-12,2025-12-22,Churned,2025-12-22
14334,10334,Monthly,9.99,2025-06-19,2026-03-11,Churned,2026-03-11
14335,10335,Monthly,9.99,2025-06-23,,Active,
14336,10336,Monthly,9.99,2025-06-25,,Active,
14337,10337,Annual,6.99,2025-06-16,,Active,
14338,10338,Monthly,9.99,2025-06-08,,Active,
14339,10339,Monthly,9.99,2025-06-28,2025-11-25,Churned,2025-11-25
14340,10340,Monthly,9.99,2025-06-29,,Active,
14341,10341,Annual,6.99,2025-07-14,,Active,
14342,10342,Annual,6.99,2025-07-09,,Active,
14343,10343,Monthly,9.99,2025-07-11,,Active,
14344,10344,Annual,6.99,2025-07-26,2026-07-04,Churned,2026-07-04
14345,10345,Monthly,9.99,2025-07-06,2025-10-25,Churned,2025-10-25
14346,10346,Monthly,9.99,2025-07-18,,Active,
14347,10347,Monthly,9.99,2025-07-03,2025-10-04,Churned,2025-10-04
14348,10348,Monthly,9.99,2025-07-23,2026-01-22,Churned,2026-01-22
14349,10349,Monthly,0.0,2025-07-05,,Active,
14350,10350,Monthly,9.99,2025-07-30,2025-11-20,Churned,2025-11-20
14351,10351,Monthly,9.99,2025-07-28,,Active,
14352,10352,Monthly,9.99,2025-07-27,2026-05-10,CHURNED,2026-05-10
14353,10353,Monthly,9.99,2025-07-11,,Active,
14354,10354,Monthly,9.99,2025-07-25,,Active,
14355,10355,Monthly,9.99,2025-07-05,,Active,
14356,10356,Annual,6.99,2025-07-09,,Active,
14357,10357,Annual,6.99,2025-07-05,,Active,
14358,10358,Monthly,9.99,2025-07-02,,Active,
14359,10359,Monthly,9.99,2025-07-12,2026-01-06,Churned,2026-01-06
14360,10360,Monthly,9.99,2025-07-18,,Active,
14361,10361,Monthly,9.99,2025-07-27,,Active,
14362,10362,Annual,6.99,2025-07-02,,Active,
14363,10363,Monthly,9.99,2025-07-13,,Active,
14364,10364,Monthly,9.99,2025-07-23,2026-07-06,Churned,2026-07-06
14365,10365,Monthly,9.99,2025-07-07,2026-02-02,Churned,2026-02-02
14366,10366,Monthly,9.99,2025-07-23,2026-05-10,Churned,2026-05-10
14367,10367,Monthly,9.99,2025-07-18,2025-08-18,Churned,2025-08-18
14368,10368,Monthly,9.99,2025-07-18,,ACTIVE,
14369,10369,Monthly,9.99,2025-07-04,,Active,
14370,10370,Annual,6.99,2025-07-06,2025-11-17,Churned,2025-11-17
14371,10371,Monthly,9.99,2025-07-28,2025-09-06,Churned,2025-09-06
14372,10372,Annual,6.99,2025-07-28,2025-10-09,Churned,2025-10-09
14373,10373,Annual,6.99,2025-07-15,,Active,
14374,10374,Monthly,9.99,2025-07-19,,Active,
14375,10375,Monthly,9.99,2025-07-17,2026-02-11,Churned,2026-02-11
14376,10376,Monthly,9.99,2025-07-16,,Active,
14377,10377,Monthly,9.99,2025-07-23,2026-04-13,CHURNED,2026-04-13
14378,10378,Monthly,9.99,2025-07-18,2026-06-11,Churned,2026-06-11
14379,10379,Monthly,9.99,2025-07-04,2025-11-24,churned,2025-11-24
14380,10380,Monthly,9.99,2025-07-03,2026-02-26,CHURNED,2026-02-26
14381,10381,Monthly,9.99,2025-07-27,,Active,
14382,10382,Monthly,9.99,2025-07-23,2025-11-30,Churned,2025-11-30
14383,10383,Monthly,9.99,2025-07-07,,Active,
14384,10384,Monthly,9.99,2025-07-02,,Active,
14385,10385,Monthly,9.99,2025-07-07,2025-12-15,Churned,2025-12-15
14386,10386,Annual,6.99,2025-07-18,,Active,
14387,10387,Monthly,9.99,2025-07-19,,Active,
14388,10388,Monthly,9.99,2025-07-06,2026-07-07,Churned,2026-07-07
14389,10389,Annual,6.99,2025-07-06,,Active,
14390,10390,Monthly,9.99,2025-07-07,2025-11-14,Churned,2025-11-14
14391,10391,Annual,6.99,2025-07-14,,Active,
14392,10392,Monthly,9.99,2025-07-08,2026-01-26,Churned,2026-01-26
14393,10393,Monthly,9.99,2025-07-15,2026-03-11,Churned,2026-03-11
14394,10394,Annual,6.99,2025-07-01,2026-02-26,Churned,2026-02-26
14395,10395,Monthly,9.99,2025-07-30,2025-09-09,Churned,2025-09-09
14396,10396,Monthly,9.99,2025-07-28,2026-01-03,Churned,2026-01-03
14397,10397,Monthly,9.99,2025-07-11,,active,
14398,10398,Monthly,9.99,2025-07-25,2026-01-12,Churned,2026-01-12
14399,10399,Annual,6.99,2025-07-17,,Active,
14400,10400,Annual,6.99,2025-07-01,2026-01-20,Churned,2026-01-20
14401,10401,Monthly,9.99,2025-07-09,,Active,
14402,10402,Monthly,9.99,2025-07-02,,Active,
14403,10403,Monthly,9.99,2025-07-22,,Active,
14404,10404,Annual,6.99,2025-07-25,,Active,
14405,10405,Monthly,9.99,2025-07-20,,Active,
14406,10406,Monthly,9.99,2025-07-01,,Active,
14407,10407,Monthly,9.99,2025-07-08,2026-07-06,Churned,2026-07-06
14408,10408,Annual,6.99,2025-07-15,,Active,
14409,10409,Monthly,9.99,2025-07-05,,Active,
14410,10410,Monthly,9.99,2025-07-04,,active,
14411,10411,Annual,6.99,2025-07-10,2025-10-13,Churned,2025-10-13
14412,10412,Monthly,9.99,2025-07-19,,Active,
14413,10413,Monthly,9.99,2025-07-03,2025-10-26,Churned,2025-10-26
14414,10414,Annual,6.99,2025-07-31,,Active,
14415,10415,Annual,6.99,2025-07-15,2025-12-25,Churned,2025-12-25
14416,10416,Monthly,9.99,2025-07-06,,Active,
14417,10417,Annual,6.99,2025-07-01,2026-04-29,Churned,2026-04-29
14418,10418,Annual,6.99,2025-07-30,,Active,
14419,10419,Monthly,9.99,2025-07-19,,Active,
14420,10420,Monthly,9.99,2025-07-27,,Active,
14421,10421,Monthly,9.99,2025-07-25,,Active,
14422,10422,Monthly,9.99,2025-07-31,,Active,
14423,10423,Monthly,9.99,2025-07-28,2026-06-19,Churned,2026-06-19
14424,10424,Monthly,9.99,2025-07-24,2025-08-21,Churned,2025-08-21
14425,10425,Annual,6.99,2025-07-27,,Active,
14426,10426,Annual,6.99,2025-07-27,2025-09-25,Churned,2025-09-25
14427,10427,Monthly,9.99,2025-07-08,2026-03-07,Churned,2026-03-07
14428,10428,Monthly,9.99,2025-07-19,,Active,
14429,10429,Monthly,9.99,2025-07-31,2025-12-26,Churned,2025-12-26
14430,10430,Monthly,9.99,2025-07-27,2025-12-09,Churned,2025-12-09
14431,10431,Monthly,9.99,2025-07-04,,Active,
14432,10432,Monthly,9.99,2025-07-04,2026-03-27,Churned,2026-03-27
14433,10433,Monthly,9.99,2025-07-07,,Active,
14434,10434,Annual,6.99,2025-07-23,2025-11-12,Churned,2025-11-12
14435,10435,Monthly,9.99,2025-07-13,2025-09-25,Churned,2025-09-25
14436,10436,Annual,6.99,2025-07-20,,Active,
14437,10437,Monthly,9.99,2025-07-05,2026-05-05,Churned,2026-05-05
14438,10438,Annual,6.99,2025-07-02,,Active,
14439,10439,Monthly,9.99,2025-07-24,,Active,
14440,10440,Annual,6.99,2025-07-10,,Active,
14441,10441,Monthly,9.99,2025-07-02,2026-01-10,Churned,2026-01-10
14442,10442,Annual,6.99,2025-07-07,2025-09-12,Churned,2025-09-12
14443,10443,Annual,6.99,2025-07-11,,Active,
14444,10444,Annual,6.99,2025-07-13,2025-11-09,Churned,2025-11-09
14445,10445,Monthly,9.99,2025-07-28,2026-03-16,Churned,2026-03-16
14446,10446,Monthly,9.99,2025-07-07,2026-03-16,Churned,2026-03-16
14447,10447,Monthly,9.99,2025-07-19,2025-10-09,Churned,2025-10-09
14448,10448,Monthly,9.99,2025-07-09,,ACTIVE,
14449,10449,Annual,6.99,2025-07-16,,Active,
14450,10450,Monthly,9.99,2025-07-10,2025-12-04,Churned,2025-12-04
14451,10451,Annual,0.0,2025-07-11,2025-11-18,Churned,2025-11-18
14452,10452,Monthly,9.99,2025-07-19,,Active,
14453,10453,Monthly,9.99,2025-07-19,,Active,
14454,10454,Monthly,9.99,2025-07-05,,Active,
14455,10455,Annual,6.99,2025-07-05,2026-02-02,Churned,2026-02-02
14456,10456,Monthly,9.99,2025-07-08,2025-11-24,Churned,2025-11-24
14457,10457,Monthly,9.99,2025-07-28,2025-08-24,Churned,2025-08-24
14458,10458,Monthly,9.99,2025-07-10,,Active,
14459,10459,Annual,0.0,2025-07-18,2026-04-25,Churned,2026-04-25
14460,10460,Monthly,9.99,2025-07-14,,Active,
14461,10461,Annual,6.99,2025-07-11,2026-03-11,Churned,2026-03-11
14462,10462,Monthly,9.99,2025-07-02,,Active,
14463,10463,Annual,6.99,2025-07-14,,Active,
14464,10464,Monthly,9.99,2025-07-31,2026-05-18,Churned,2026-05-18
14465,10465,Monthly,9.99,2025-07-30,2026-01-17,Churned,2026-01-17
14466,10466,Annual,6.99,2025-07-10,,Active,
14467,10467,Annual,6.99,2025-07-17,,Active,
14468,10468,Monthly,9.99,2025-07-09,,Active,
14469,10469,Monthly,9.99,2025-07-29,,Active,
14470,10470,Monthly,9.99,2025-07-18,,Active,
14471,10471,Monthly,9.99,2025-07-29,,Active,
14472,10472,Monthly,9.99,2025-07-27,,Active,
14473,10473,Monthly,9.99,2025-07-11,,Active,
14474,10474,Monthly,9.99,2025-07-15,,Active,
14475,10475,Annual,6.99,2025-07-18,,Active,
14476,10476,Monthly,9.99,2025-07-08,,Active,
14477,10477,Annual,6.99,2025-07-26,2026-01-30,Churned,2026-01-30
14478,10478,Monthly,9.99,2025-07-18,2025-08-11,Churned,2025-08-11
14479,10479,Monthly,9.99,2025-07-07,,Active,
14480,10480,Annual,6.99,2025-07-15,,Active,
14481,10481,Monthly,9.99,2025-07-26,2025-11-10,Churned,2025-11-10
14482,10482,Annual,6.99,2025-07-14,,Active,
14483,10483,Monthly,9.99,2025-07-23,,Active,
14484,10484,Monthly,9.99,2025-07-31,2025-10-06,Churned,2025-10-06
14485,10485,Monthly,9.99,2025-07-11,,Active,
14486,10486,Monthly,9.99,2025-07-31,2025-12-31,Churned,2025-12-31
14487,10487,Monthly,9.99,2025-07-13,2025-08-03,Churned,2025-08-03
14488,10488,Monthly,9.99,2025-07-18,,Active,
14489,10489,Annual,6.99,2025-07-24,2025-10-23,CHURNED,2025-10-23
14490,10490,Monthly,9.99,2025-07-03,,Active,
14491,10491,Monthly,9.99,2025-07-22,,Active,
14492,10492,Annual,6.99,2025-07-18,2025-11-07,Churned,2025-11-07
14493,10493,Annual,6.99,2025-07-21,,Active,
14494,10494,Annual,6.99,2025-07-30,,Active,
14495,10495,Annual,6.99,2025-07-16,,active,
14496,10496,Annual,6.99,2025-07-29,2025-09-27,Churned,2025-09-27
14497,10497,Monthly,9.99,2025-07-18,,Active,
14498,10498,Monthly,9.99,2025-07-07,,Active,
14499,10499,Monthly,9.99,2025-07-21,,Active,
14500,10500,Annual,6.99,2025-07-06,,Active,
14501,10501,Monthly,9.99,2025-07-28,,Active,
14502,10502,Monthly,9.99,2025-07-05,2026-02-14,Churned,2026-02-14
14503,10503,Annual,6.99,2025-07-16,,Active,
14504,10504,Annual,6.99,2025-07-26,,Active,
14505,10505,Monthly,9.99,2025-07-01,2026-03-24,Churned,2026-03-24
14506,10506,Annual,6.99,2025-07-16,2026-06-08,Churned,2026-06-08
14507,10507,Annual,6.99,2025-07-16,,Active,
14508,10508,Monthly,9.99,2025-07-11,2025-08-08,Churned,2025-08-08
14509,10509,Monthly,9.99,2025-07-21,2026-01-08,Churned,2026-01-08
14510,10510,Monthly,9.99,2025-07-11,,Active,
14511,10511,Monthly,9.99,2025-07-12,2025-11-14,Churned,2025-11-14
14512,10512,Monthly,9.99,2025-07-09,2026-01-17,Churned,2026-01-17
14513,10513,Monthly,9.99,2025-07-20,2026-01-28,Churned,2026-01-28
14514,10514,Monthly,9.99,2025-07-28,,Active,
14515,10515,Monthly,9.99,2025-07-06,,Active,
14516,10516,Monthly,9.99,2025-07-13,2025-12-18,Churned,2025-12-18
14517,10517,Monthly,9.99,2025-07-08,2025-10-02,Churned,2025-10-02
14518,10518,Annual,6.99,2025-07-08,2025-12-20,Churned,2025-12-20
14519,10519,Annual,6.99,2025-07-31,,Active,
14520,10520,Annual,0.0,2025-07-23,,Active,
14521,10521,Monthly,9.99,2025-07-30,2026-02-16,Churned,2026-02-16
14522,10522,Annual,6.99,2025-07-20,2025-09-21,Churned,2025-09-21
14523,10523,Monthly,9.99,2025-07-21,,Active,
14524,10524,Monthly,9.99,2025-07-23,,Active,
14525,10525,Monthly,9.99,2025-07-21,,Active,
14526,10526,Monthly,9.99,2025-07-26,,Active,
14527,10527,Annual,6.99,2025-07-11,,Active,
14528,10528,Annual,6.99,2025-07-04,,Active,
14529,10529,Monthly,9.99,2025-07-16,,Active,
14530,10530,Monthly,9.99,2025-07-01,2025-10-22,Churned,2025-10-22
14531,10531,Monthly,9.99,2025-07-02,,Active,
14532,10532,Monthly,9.99,2025-07-02,2026-07-03,Churned,2026-07-03
14533,10533,Monthly,9.99,2025-07-03,2026-04-05,Churned,2026-04-05
14534,10534,Monthly,9.99,2025-07-22,2025-11-10,Churned,2025-11-10
14535,10535,Annual,6.99,2025-07-19,,Active,
14536,10536,Monthly,9.99,2025-07-29,,Active,
14537,10537,Monthly,9.99,2025-07-09,2026-01-18,Churned,2026-01-18
14538,10538,Monthly,9.99,2025-07-11,2026-01-26,Churned,2026-01-26
14539,10539,Monthly,9.99,2025-07-16,,Active,
14540,10540,Monthly,9.99,2025-07-25,2025-11-24,churned,2025-11-24
14541,10541,Annual,6.99,2025-07-29,,Active,
14542,10542,Monthly,9.99,2025-07-23,,Active,
14543,10543,Annual,6.99,2025-07-16,,Active,
14544,10544,Monthly,9.99,2025-07-31,,Active,
14545,10545,Annual,6.99,2025-07-06,2026-04-14,Churned,2026-04-14
14546,10546,Annual,6.99,2025-07-15,2026-02-14,Churned,2026-02-14
14547,10547,Annual,6.99,2025-07-08,,Active,
14548,10548,Monthly,9.99,2025-07-06,,Active,
14549,10549,Monthly,9.99,2025-07-13,2025-11-23,Churned,2025-11-23
14550,10550,Monthly,9.99,2025-07-24,2025-11-29,Churned,2025-11-29
14551,10551,Monthly,9.99,2025-07-10,2025-11-30,Churned,2025-11-30
14552,10552,Monthly,9.99,2025-07-26,,active,
14553,10553,Monthly,9.99,2025-07-19,,Active,
14554,10554,Annual,6.99,2025-07-22,2025-08-14,Churned,2025-08-14
14555,10555,Monthly,9.99,2025-07-08,,Active,
14556,10556,Monthly,9.99,2025-07-27,2025-12-23,Churned,2025-12-23
14557,10557,Monthly,9.99,2025-07-07,2025-10-08,Churned,2025-10-08
14558,10558,Monthly,9.99,2025-07-12,2025-11-03,Churned,2025-11-03
14559,10559,Annual,6.99,2025-07-25,,Active,
14560,10560,Monthly,9.99,2025-07-22,,Active,
14561,10561,Monthly,9.99,2025-07-10,2026-01-02,Churned,2026-01-02
14562,10562,Monthly,9.99,2025-07-09,2026-02-21,Churned,2026-02-21
14563,10563,Monthly,9.99,2025-07-14,2026-03-17,Churned,2026-03-17
14564,10564,Annual,6.99,2025-07-14,2025-08-11,Churned,2025-08-11
14565,10565,Monthly,9.99,2025-07-02,,Active,
14566,10566,Monthly,9.99,2025-07-08,,Active,
14567,10567,Monthly,9.99,2025-07-05,,Active,
14568,10568,Annual,6.99,2025-07-05,,Active,
14569,10569,Annual,6.99,2025-07-11,,Active,
14570,10570,Monthly,9.99,2025-07-02,,Active,
14571,10571,Annual,6.99,2025-07-21,,Active,
14572,10572,Monthly,9.99,2025-07-21,,Active,
14573,10573,Annual,6.99,2025-07-07,2026-02-13,Churned,2026-02-13
14574,10574,Monthly,9.99,2025-07-28,2025-10-26,Churned,2025-10-26
14575,10575,Monthly,9.99,2025-07-19,,Active,
14576,10576,Monthly,9.99,2025-07-10,2025-10-28,Churned,2025-10-28
14577,10577,Monthly,9.99,2025-07-07,2025-08-19,Churned,2025-08-19
14578,10578,Annual,6.99,2025-07-14,,Active,
14579,10579,Annual,6.99,2025-07-30,,Active,
14580,10580,Annual,6.99,2025-07-01,,Active,
14581,10581,Monthly,9.99,2025-07-01,2025-11-24,Churned,2025-11-24
14582,10582,Monthly,9.99,2025-07-13,2026-04-30,Churned,2026-04-30
14583,10583,Annual,6.99,2025-07-29,2025-10-22,Churned,2025-10-22
14584,10584,Monthly,9.99,2025-07-09,,Active,
14585,10585,Monthly,9.99,2025-07-24,2025-10-21,Churned,2025-10-21
14586,10586,Monthly,9.99,2025-07-18,,Active,
14587,10587,Monthly,9.99,2025-07-07,,Active,
14588,10588,Monthly,9.99,2025-07-29,2026-01-16,Churned,2026-01-16
14589,10589,Annual,6.99,2025-07-06,,Active,
14590,10590,Monthly,9.99,2025-07-16,,Active,
14591,10591,Monthly,0.0,2025-07-21,,Active,
14592,10592,Monthly,9.99,2025-07-21,,Active,
14593,10593,Annual,6.99,2025-07-27,,Active,
14594,10594,Monthly,9.99,2025-07-22,,Active,
14595,10595,Monthly,0.0,2025-07-21,2025-10-03,Churned,2025-10-03
14596,10596,Monthly,9.99,2025-07-05,2026-04-07,Churned,2026-04-07
14597,10597,Annual,6.99,2025-07-10,,Active,
14598,10598,Monthly,9.99,2025-07-11,2025-12-15,Churned,2025-12-15
14599,10599,Annual,6.99,2025-07-12,,Active,
14600,10600,Monthly,9.99,2025-07-04,,Active,
14601,10601,Annual,6.99,2025-07-03,2026-05-31,Churned,2026-05-31
14602,10602,Monthly,9.99,2025-07-14,,Active,
14603,10603,Annual,6.99,2025-07-23,,Active,
14604,10604,Monthly,9.99,2025-07-28,,Active,
14605,10605,Monthly,9.99,2025-07-30,,Active,
14606,10606,Monthly,9.99,2025-07-15,2025-10-07,Churned,2025-10-07
14607,10607,Annual,6.99,2025-07-28,,Active,
14608,10608,Annual,6.99,2025-07-15,2025-10-28,Churned,2025-10-28
14609,10609,Annual,6.99,2025-07-15,,Active,
14610,10610,Annual,6.99,2025-07-07,,Active,
14611,10611,Monthly,9.99,2025-07-20,2026-02-14,Churned,2026-02-14
14612,10612,Monthly,9.99,2025-07-10,,Active,
14613,10613,Monthly,9.99,2025-07-16,2025-09-03,Churned,2025-09-03
14614,10614,Monthly,9.99,2025-07-30,2026-03-21,Churned,2026-03-21
14615,10615,Monthly,9.99,2025-07-17,2026-03-22,Churned,2026-03-22
14616,10616,Monthly,9.99,2025-07-10,,Active,
14617,10617,Monthly,9.99,2025-07-21,2025-10-02,Churned,2025-10-02
14618,10618,Monthly,9.99,2025-07-23,2025-11-03,Churned,2025-11-03
14619,10619,Annual,6.99,2025-07-19,,Active,
14620,10620,Annual,6.99,2025-07-02,,Active,
14621,10621,Monthly,9.99,2025-07-08,2026-07-01,Churned,2026-07-01
14622,10622,Monthly,9.99,2025-07-04,,Active,
14623,10623,Annual,6.99,2025-07-30,,Active,
14624,10624,Monthly,9.99,2025-07-10,,Active,
14625,10625,Annual,6.99,2025-07-15,2026-03-10,Churned,2026-03-10
14626,10626,Monthly,9.99,2025-07-28,2025-12-23,Churned,2025-12-23
14627,10627,Annual,6.99,2025-07-31,,Active,
14628,10628,Monthly,9.99,2025-07-07,,Active,
14629,10629,Monthly,9.99,2025-07-27,2025-12-04,Churned,2025-12-04
14630,10630,Monthly,9.99,2025-07-23,,Active,
14631,10631,Monthly,9.99,2025-07-20,2025-10-17,Churned,2025-10-17
14632,10632,Monthly,9.99,2025-07-06,,Active,
14633,10633,Monthly,9.99,2025-07-22,,Active,
14634,10634,Monthly,9.99,2025-07-19,2025-08-21,Churned,2025-08-21
14635,10635,Annual,6.99,2025-07-14,2025-10-30,Churned,2025-10-30
14636,10636,Monthly,9.99,2025-07-19,,Active,
14637,10637,Monthly,9.99,2025-07-07,,ACTIVE,
14638,10638,Monthly,9.99,2025-07-20,,Active,
14639,10639,Monthly,9.99,2025-07-05,2026-05-21,Churned,2026-05-21
14640,10640,Monthly,9.99,2025-07-09,,Active,
14641,10641,Annual,6.99,2025-07-16,2025-12-28,Churned,2025-12-28
14642,10642,Annual,6.99,2025-07-06,2025-10-03,Churned,2025-10-03
14643,10643,Annual,6.99,2025-07-29,,Active,
14644,10644,Annual,6.99,2025-07-28,2025-08-17,Churned,2025-08-17
14645,10645,Monthly,0.0,2025-07-15,,Active,
14646,10646,Annual,6.99,2025-07-18,2025-12-25,CHURNED,2025-12-25
14647,10647,Monthly,9.99,2025-07-10,2026-01-21,Churned,2026-01-21
14648,10648,Monthly,9.99,2025-07-07,,Active,
14649,10649,Annual,6.99,2025-07-30,,Active,
14650,10650,Monthly,9.99,2025-07-13,2026-07-03,Churned,2026-07-03
14651,10651,Annual,6.99,2025-07-30,,active,
14652,10652,Annual,6.99,2025-07-03,2026-02-26,Churned,2026-02-26
14653,10653,Monthly,9.99,2025-07-04,,Active,
14654,10654,Annual,6.99,2025-07-15,,Active,
14655,10655,Annual,6.99,2025-07-25,,Active,
14656,10656,Monthly,9.99,2025-07-14,2026-01-09,Churned,2026-01-09
14657,10657,Annual,0.0,2025-07-27,,Active,
14658,10658,Monthly,9.99,2025-07-05,2025-08-07,Churned,2025-08-07
14659,10659,Monthly,9.99,2025-07-27,,Active,
14660,10660,Monthly,9.99,2025-07-14,2025-10-25,Churned,2025-10-25
14661,10661,Monthly,9.99,2025-07-09,2025-10-26,Churned,2025-10-26
14662,10662,Monthly,9.99,2025-07-20,2025-12-10,Churned,2025-12-10
14663,10663,Annual,6.99,2025-07-25,,Active,
14664,10664,Monthly,9.99,2025-07-29,,Active,
14665,10665,Annual,6.99,2025-07-03,,Active,
14666,10666,Annual,6.99,2025-07-22,,Active,
14667,10667,Monthly,9.99,2025-07-10,2025-09-23,Churned,2025-09-23
14668,10668,Monthly,9.99,2025-07-16,2026-07-06,Churned,2026-07-06
14669,10669,Annual,6.99,2025-07-15,2026-02-19,Churned,2026-02-19
14670,10670,Monthly,9.99,2025-07-24,,Active,
14671,10671,Annual,6.99,2025-07-13,2025-11-07,Churned,2025-11-07
14672,10672,Monthly,9.99,2025-07-09,2026-03-02,Churned,2026-03-02
14673,10673,Annual,6.99,2025-07-16,,Active,
14674,10674,Monthly,9.99,2025-07-21,,Active,
14675,10675,Annual,6.99,2025-07-27,2026-07-03,Churned,2026-07-03
14676,10676,Annual,6.99,2025-07-01,,Active,
14677,10677,Monthly,9.99,2025-07-18,,Active,
14678,10678,Monthly,9.99,2025-07-03,,Active,
14679,10679,Annual,6.99,2025-07-20,,Active,
14680,10680,Monthly,9.99,2025-07-20,2026-07-03,Churned,2026-07-03
14681,10681,Monthly,0.0,2025-07-27,2026-07-04,Churned,2026-07-04
14682,10682,Monthly,9.99,2025-07-06,2026-05-24,Churned,2026-05-24
14683,10683,Monthly,9.99,2025-07-25,,Active,
14684,10684,Monthly,9.99,2025-07-22,2026-03-30,Churned,2026-03-30
14685,10685,Monthly,9.99,2025-07-21,,Active,
14686,10686,Monthly,9.99,2025-07-20,2026-04-30,Churned,2026-04-30
14687,10687,Annual,6.99,2025-07-18,2026-01-29,Churned,2026-01-29
14688,10688,Monthly,9.99,2025-07-02,,Active,
14689,10689,Monthly,9.99,2025-07-26,,Active,
14690,10690,Monthly,9.99,2025-07-13,,Active,
14691,10691,Annual,6.99,2025-07-04,,Active,
14692,10692,Monthly,9.99,2025-07-20,,Active,
14693,10693,Monthly,9.99,2025-07-30,,Active,
14694,10694,Monthly,9.99,2025-07-23,2025-11-09,Churned,2025-11-09
14695,10695,Annual,6.99,2025-07-08,2025-11-26,Churned,2025-11-26
14696,10696,Monthly,9.99,2025-07-26,,Active,
14697,10697,Monthly,9.99,2025-07-27,2026-01-16,Churned,2026-01-16
14698,10698,Annual,6.99,2025-07-11,,Active,
14699,10699,Monthly,9.99,2025-07-17,2025-10-21,Churned,2025-10-21
14700,10700,Annual,6.99,2025-07-26,,Active,
14701,10701,Monthly,9.99,2025-07-05,2025-12-25,Churned,2025-12-25
14702,10702,Monthly,9.99,2025-07-11,,Active,
14703,10703,Annual,6.99,2025-07-15,2026-03-16,Churned,2026-03-16
14704,10704,Monthly,9.99,2025-07-01,,Active,
14705,10705,Monthly,9.99,2025-07-06,2025-12-14,churned,2025-12-14
14706,10706,Annual,6.99,2025-07-19,,ACTIVE,
14707,10707,Monthly,9.99,2025-07-09,,Active,
14708,10708,Annual,6.99,2025-07-08,,ACTIVE,
14709,10709,Annual,6.99,2025-07-10,2025-11-15,Churned,2025-11-15
14710,10710,Monthly,0.0,2025-07-04,2026-01-09,Churned,2026-01-09
14711,10711,Annual,6.99,2025-07-20,2025-12-29,Churned,2025-12-29
14712,10712,Monthly,9.99,2025-07-09,2026-03-18,Churned,2026-03-18
14713,10713,Monthly,9.99,2025-07-21,,Active,
14714,10714,Monthly,9.99,2025-07-26,,Active,
14715,10715,Monthly,9.99,2025-07-15,2026-05-27,Churned,2026-05-27
14716,10716,Monthly,9.99,2025-07-29,,Active,
14717,10717,Monthly,9.99,2025-07-07,,Active,
14718,10718,Monthly,9.99,2025-07-30,2026-02-27,Churned,2026-02-27
14719,10719,Monthly,9.99,2025-07-10,,Active,
14720,10720,Monthly,9.99,2025-07-10,,Active,
14721,10721,Annual,6.99,2025-07-31,,Active,
14722,10722,Monthly,9.99,2025-07-15,,Active,
14723,10723,Monthly,9.99,2025-07-24,2025-08-02,Churned,2025-08-02
14724,10724,Annual,6.99,2025-07-25,,Active,
14725,10725,Monthly,9.99,2025-07-14,2026-03-03,Churned,2026-03-03
14726,10726,Monthly,9.99,2025-07-10,,Active,
14727,10727,Annual,6.99,2025-07-16,,Active,
14728,10728,Monthly,9.99,2025-07-12,,Active,
14729,10729,Monthly,0.0,2025-07-13,2025-12-21,Churned,2025-12-21
14730,10730,Annual,6.99,2025-07-08,,Active,
14731,10731,Monthly,9.99,2025-07-29,,Active,
14732,10732,Monthly,9.99,2025-07-18,2026-01-04,Churned,2026-01-04
14733,10733,Monthly,9.99,2025-07-25,,Active,
14734,10734,Annual,6.99,2025-07-21,2026-04-18,Churned,2026-04-18
14735,10735,Annual,6.99,2025-07-11,,Active,
14736,10736,Monthly,9.99,2025-07-10,2026-07-07,Churned,2026-07-07
14737,10737,Monthly,9.99,2025-07-31,2025-08-23,Churned,2025-08-23
14738,10738,Monthly,9.99,2025-07-01,2026-01-01,Churned,2026-01-01
14739,10739,Monthly,9.99,2025-07-10,,Active,
14740,10740,Monthly,9.99,2025-07-23,,Active,
14741,10741,Monthly,9.99,2025-07-17,,Active,
14742,10742,Monthly,9.99,2025-07-20,,Active,
14743,10743,Monthly,9.99,2025-07-01,,Active,
14744,10744,Monthly,9.99,2025-07-07,,Active,
14745,10745,Annual,6.99,2025-07-19,2026-01-03,Churned,2026-01-03
14746,10746,Monthly,9.99,2025-07-10,,Active,
14747,10747,Annual,6.99,2025-07-15,2025-09-06,Churned,2025-09-06
14748,10748,Annual,6.99,2025-07-30,,Active,
14749,10749,Monthly,9.99,2025-07-20,,Active,
14750,10750,Monthly,9.99,2025-07-20,2026-01-07,Churned,2026-01-07
14751,10751,Monthly,9.99,2025-07-07,,Active,
14752,10752,Monthly,9.99,2025-07-19,,Active,
14753,10753,Annual,6.99,2025-07-30,2026-06-06,Churned,2026-06-06
14754,10754,Annual,6.99,2025-07-20,2026-05-16,CHURNED,2026-05-16
14755,10755,Annual,6.99,2025-07-25,,Active,
14756,10756,Monthly,9.99,2025-07-30,,Active,
14757,10757,Annual,6.99,2025-07-28,,Active,
14758,10758,Annual,6.99,2025-07-11,,Active,
14759,10759,Monthly,9.99,2025-07-10,2026-01-06,Churned,2026-01-06
14760,10760,Annual,6.99,2025-07-09,2026-01-11,Churned,2026-01-11
14761,10761,Monthly,9.99,2025-07-24,2026-03-20,Churned,2026-03-20
14762,10762,Annual,6.99,2025-07-12,2026-05-31,Churned,2026-05-31
14763,10763,Monthly,9.99,2025-07-26,2026-01-24,Churned,2026-01-24
14764,10764,Monthly,9.99,2025-07-25,2025-10-13,Churned,2025-10-13
14765,10765,Monthly,9.99,2025-07-21,2025-12-09,Churned,2025-12-09
14766,10766,Annual,6.99,2025-07-04,,Active,
14767,10767,Annual,6.99,2025-07-23,,Active,
14768,10768,Annual,0.0,2025-07-07,,Active,
14769,10769,Annual,6.99,2025-07-18,,Active,
14770,10770,Monthly,9.99,2025-07-08,,Active,
14771,10771,Annual,6.99,2025-07-02,2026-02-04,Churned,2026-02-04
14772,10772,Annual,6.99,2025-07-20,,Active,
14773,10773,Annual,6.99,2025-07-14,,Active,
14774,10774,Monthly,9.99,2025-07-20,,Active,
14775,10775,Monthly,9.99,2025-07-16,,Active,
14776,10776,Monthly,9.99,2025-07-12,2025-11-05,Churned,2025-11-05
14777,10777,Monthly,9.99,2025-07-01,,Active,
14778,10778,Monthly,9.99,2025-07-09,,Active,
14779,10779,Annual,6.99,2025-07-28,,Active,
14780,10780,Monthly,9.99,2025-07-24,,Active,
14781,10781,Monthly,9.99,2025-07-15,2026-02-11,Churned,2026-02-11
14782,10782,Annual,6.99,2025-07-01,,Active,
14783,10783,Annual,6.99,2025-07-31,2026-02-09,Churned,2026-02-09
14784,10784,Monthly,9.99,2025-07-23,2025-08-20,Churned,2025-08-20
14785,10785,Monthly,9.99,2025-07-01,,Active,
14786,10786,Annual,6.99,2025-07-07,,Active,
14787,10787,Monthly,9.99,2025-07-06,2025-10-18,Churned,2025-10-18
14788,10788,Annual,6.99,2025-07-28,,Active,
14789,10789,Annual,6.99,2025-07-30,2026-03-23,Churned,2026-03-23
14790,10790,Annual,6.99,2025-07-13,2025-11-28,Churned,2025-11-28
14791,10791,Monthly,9.99,2025-07-06,,Active,
14792,10792,Annual,6.99,2025-07-20,2025-11-04,Churned,2025-11-04
14793,10793,Monthly,9.99,2025-07-09,,Active,
14794,10794,Monthly,9.99,2025-07-04,,Active,
14795,10795,Monthly,9.99,2025-07-09,2026-03-14,Churned,2026-03-14
14796,10796,Annual,6.99,2025-07-08,,Active,
14797,10797,Annual,6.99,2025-07-02,,Active,
14798,10798,Monthly,9.99,2025-07-22,2025-08-10,Churned,2025-08-10
14799,10799,Monthly,9.99,2025-07-11,2026-01-07,Churned,2026-01-07
14800,10800,Monthly,9.99,2025-07-18,2026-05-18,Churned,2026-05-18
14801,10801,Annual,6.99,2025-07-18,2026-02-09,Churned,2026-02-09
14802,10802,Monthly,9.99,2025-07-24,2025-10-26,Churned,2025-10-26
14803,10803,Monthly,9.99,2025-07-24,2025-09-04,Churned,2025-09-04
14804,10804,Monthly,0.0,2025-07-18,,Active,
14805,10805,Monthly,9.99,2025-07-26,,Active,
14806,10806,Annual,6.99,2025-07-18,2025-10-11,Churned,2025-10-11
14807,10807,Annual,6.99,2025-07-01,2026-07-05,Churned,2026-07-05
14808,10808,Annual,6.99,2025-07-27,2026-02-10,Churned,2026-02-10
14809,10809,Monthly,9.99,2025-07-24,,Active,
14810,10810,Annual,6.99,2025-07-14,,Active,
14811,10811,Annual,0.0,2025-07-12,,Active,
14812,10812,Annual,6.99,2025-07-28,,Active,
14813,10813,Annual,0.0,2025-07-14,2025-09-13,Churned,2025-09-13
14814,10814,Monthly,9.99,2025-07-12,,Active,
14815,10815,Monthly,9.99,2025-07-23,,Active,
14816,10816,Monthly,9.99,2025-07-11,2025-11-20,Churned,2025-11-20
14817,10817,Monthly,9.99,2025-07-13,,Active,
14818,10818,Monthly,9.99,2025-07-25,2025-10-05,Churned,2025-10-05
14819,10819,Monthly,9.99,2025-07-07,,active,
14820,10820,Monthly,9.99,2025-07-01,,Active,
14821,10821,Monthly,9.99,2025-07-11,2026-01-30,Churned,2026-01-30
14822,10822,Monthly,9.99,2025-07-06,2025-11-25,Churned,2025-11-25
14823,10823,Monthly,0.0,2025-07-12,,ACTIVE,
14824,10824,Monthly,9.99,2025-07-03,,Active,
14825,10825,Monthly,9.99,2025-07-19,2025-08-09,Churned,2025-08-09
14826,10826,Monthly,9.99,2025-07-16,,Active,
14827,10827,Monthly,9.99,2025-07-09,,Active,
14828,10828,Annual,6.99,2025-07-20,2025-08-21,Churned,2025-08-21
14829,10829,Annual,6.99,2025-07-05,,Active,
14830,10830,Monthly,9.99,2025-07-01,2025-11-29,Churned,2025-11-29
14831,10831,Monthly,9.99,2025-07-15,,Active,
14832,10832,Annual,6.99,2025-07-06,2025-10-04,Churned,2025-10-04
14833,10833,Monthly,9.99,2025-07-27,2026-03-14,CHURNED,2026-03-14
14834,10834,Annual,6.99,2025-07-10,,Active,
14835,10835,Annual,6.99,2025-07-14,,Active,
14836,10836,Monthly,9.99,2025-07-10,,Active,
14837,10837,Monthly,9.99,2025-07-14,2025-11-09,Churned,2025-11-09
14838,10838,Monthly,9.99,2025-07-04,2025-08-08,Churned,2025-08-08
14839,10839,Annual,6.99,2025-07-29,2025-10-27,Churned,2025-10-27
14840,10840,Monthly,9.99,2025-07-06,,Active,
14841,10841,Annual,6.99,2025-07-13,2025-10-22,Churned,2025-10-22
14842,10842,Monthly,9.99,2025-07-27,,Active,
14843,10843,Monthly,9.99,2025-07-14,,Active,
14844,10844,Annual,6.99,2025-07-22,2025-10-26,Churned,2025-10-26
14845,10845,Monthly,9.99,2025-07-03,,Active,
14846,10846,Monthly,9.99,2025-07-10,,Active,
14847,10847,Annual,6.99,2025-07-24,,Active,
14848,10848,Monthly,9.99,2025-07-09,2026-05-27,Churned,2026-05-27
14849,10849,Annual,0.0,2025-07-13,,Active,
14850,10850,Annual,6.99,2025-07-03,2026-02-19,Churned,2026-02-19
14851,10851,Monthly,0.0,2025-07-16,,Active,
14852,10852,Monthly,9.99,2025-07-11,2025-12-07,Churned,2025-12-07
14853,10853,Monthly,9.99,2025-07-27,,Active,
14854,10854,Monthly,9.99,2025-07-13,2025-08-09,Churned,2025-08-09
14855,10855,Monthly,9.99,2025-07-26,,Active,
14856,10856,Monthly,9.99,2025-07-29,2025-12-22,Churned,2025-12-22
14857,10857,Annual,6.99,2025-07-27,,Active,
14858,10858,Annual,6.99,2025-07-24,,Active,
14859,10859,Monthly,9.99,2025-07-19,,Active,
14860,10860,Annual,6.99,2025-07-15,,Active,
14861,10861,Monthly,9.99,2025-07-03,,Active,
14862,10862,Annual,6.99,2025-07-05,2025-12-25,Churned,2025-12-25
14863,10863,Monthly,9.99,2025-07-12,2025-09-18,Churned,2025-09-18
14864,10864,Annual,6.99,2025-07-21,2026-07-07,Churned,2026-07-07
14865,10865,Monthly,9.99,2025-07-01,,Active,
14866,10866,Monthly,9.99,2025-07-30,,Active,
14867,10867,Annual,6.99,2025-07-31,,Active,
14868,10868,Monthly,9.99,2025-07-03,,Active,
14869,10869,Monthly,9.99,2025-07-03,2025-11-21,Churned,2025-11-21
14870,10870,Monthly,9.99,2025-07-27,2026-02-25,Churned,2026-02-25
14871,10871,Monthly,9.99,2025-07-07,,Active,
14872,10872,Annual,6.99,2025-07-06,,Active,
14873,10873,Annual,6.99,2025-07-06,2026-03-07,Churned,2026-03-07
14874,10874,Annual,6.99,2025-07-22,,Active,
14875,10875,Annual,6.99,2025-07-05,2025-08-15,Churned,2025-08-15
14876,10876,Monthly,9.99,2025-07-06,2025-10-01,Churned,2025-10-01
14877,10877,Monthly,9.99,2025-07-13,,Active,
14878,10878,Annual,6.99,2025-07-19,2026-03-17,Churned,2026-03-17
14879,10879,Monthly,9.99,2025-07-31,2026-01-21,Churned,2026-01-21
14880,10880,Monthly,9.99,2025-07-08,,Active,
14881,10881,Annual,6.99,2025-07-08,,Active,
14882,10882,Annual,6.99,2025-07-17,2025-11-23,Churned,2025-11-23
14883,10883,Monthly,9.99,2025-07-13,2026-07-01,Churned,2026-07-01
14884,10884,Monthly,9.99,2025-07-19,2025-08-22,CHURNED,2025-08-22
14885,10885,Annual,0.0,2025-07-08,,Active,
14886,10886,Monthly,9.99,2025-07-20,2025-09-15,Churned,2025-09-15
14887,10887,Annual,6.99,2025-07-29,2025-11-01,Churned,2025-11-01
14888,10888,Monthly,9.99,2025-07-22,,Active,
14889,10889,Monthly,0.0,2025-07-23,,Active,
14890,10890,Annual,6.99,2025-07-03,2026-03-16,Churned,2026-03-16
14891,10891,Monthly,9.99,2025-07-28,2026-07-06,Churned,2026-07-06
14892,10892,Monthly,9.99,2025-07-22,2026-03-27,Churned,2026-03-27
14893,10893,Monthly,9.99,2025-07-20,,Active,
14894,10894,Monthly,0.0,2025-07-05,2025-10-27,Churned,2025-10-27
14895,10895,Monthly,9.99,2025-07-18,,ACTIVE,
14896,10896,Annual,6.99,2025-07-21,,Active,
14897,10897,Annual,6.99,2025-07-20,2026-02-01,Churned,2026-02-01
14898,10898,Monthly,9.99,2025-07-04,,active,
14899,10899,Monthly,9.99,2025-07-02,,Active,
14900,10900,Annual,0.0,2025-07-15,2026-04-20,Churned,2026-04-20
14901,10901,Monthly,9.99,2025-07-23,2026-07-05,Churned,2026-07-05
14902,10902,Monthly,9.99,2025-07-12,2026-07-05,Churned,2026-07-05
14903,10903,Annual,6.99,2025-07-22,,Active,
14904,10904,Annual,6.99,2025-07-30,2025-10-07,Churned,2025-10-07
14905,10905,Monthly,9.99,2025-07-28,2025-10-15,Churned,2025-10-15
14906,10906,Annual,6.99,2025-07-20,,Active,
14907,10907,Monthly,9.99,2025-07-23,2025-09-30,Churned,2025-09-30
14908,10908,Monthly,9.99,2025-07-03,2025-10-26,Churned,2025-10-26
14909,10909,Annual,6.99,2025-07-03,2026-02-12,Churned,2026-02-12
14910,10910,Monthly,9.99,2025-07-22,2026-01-10,Churned,2026-01-10
14911,10911,Annual,6.99,2025-07-25,,Active,
14912,10912,Monthly,9.99,2025-07-07,,Active,
14913,10913,Annual,6.99,2025-07-19,2025-11-23,Churned,2025-11-23
14914,10914,Monthly,9.99,2025-07-09,,Active,
14915,10915,Monthly,9.99,2025-07-04,2025-11-02,Churned,2025-11-02
14916,10916,Monthly,0.0,2025-07-12,,Active,
14917,10917,Annual,6.99,2025-07-14,,Active,
14918,10918,Monthly,9.99,2025-07-25,,Active,
14919,10919,Monthly,9.99,2025-07-27,2025-08-03,Churned,2025-08-03
14920,10920,Annual,6.99,2025-07-30,,Active,
14921,10921,Annual,6.99,2025-07-04,,Active,
14922,10922,Monthly,9.99,2025-07-29,2025-09-18,Churned,2025-09-18
14923,10923,Monthly,9.99,2025-07-17,,Active,
14924,10924,Monthly,9.99,2025-07-06,2026-01-19,Churned,2026-01-19
14925,10925,Monthly,9.99,2025-07-21,,Active,
14926,10926,Monthly,9.99,2025-07-02,,Active,
14927,10927,Monthly,9.99,2025-07-15,2025-08-29,Churned,2025-08-29
14928,10928,Monthly,9.99,2025-07-26,2025-10-20,Churned,2025-10-20
14929,10929,Annual,6.99,2025-07-31,2025-08-10,Churned,2025-08-10
14930,10930,Monthly,9.99,2025-07-09,2025-09-29,Churned,2025-09-29
14931,10931,Monthly,9.99,2025-07-06,,Active,
14932,10932,Monthly,9.99,2025-07-19,,Active,
14933,10933,Monthly,9.99,2025-07-05,2025-11-20,Churned,2025-11-20
14934,10934,Monthly,9.99,2025-07-31,2025-08-17,Churned,2025-08-17
14935,10935,Annual,6.99,2025-07-11,2025-12-28,CHURNED,2025-12-28
14936,10936,Monthly,9.99,2025-07-06,2025-08-27,Churned,2025-08-27
14937,10937,Monthly,9.99,2025-07-08,2026-01-10,Churned,2026-01-10
14938,10938,Annual,6.99,2025-07-12,2025-09-03,Churned,2025-09-03
14939,10939,Annual,6.99,2025-07-23,,Active,
14940,10940,Monthly,9.99,2025-07-27,2026-02-11,Churned,2026-02-11
14941,10941,Monthly,9.99,2025-07-23,2025-08-27,Churned,2025-08-27
14942,10942,Monthly,9.99,2025-07-21,2025-08-06,Churned,2025-08-06
14943,10943,Annual,6.99,2025-07-09,2026-02-17,Churned,2026-02-17
14944,10944,Monthly,9.99,2025-07-30,,Active,
14945,10945,Annual,6.99,2025-07-31,2026-03-10,Churned,2026-03-10
14946,10946,Monthly,9.99,2025-07-20,2025-11-28,Churned,2025-11-28
14947,10947,Monthly,9.99,2025-07-25,,Active,
14948,10948,Monthly,9.99,2025-07-10,,Active,
14949,10949,Monthly,9.99,2025-07-14,,Active,
14950,10950,Annual,6.99,2025-07-25,,Active,
14951,10951,Monthly,0.0,2025-07-14,2025-08-23,Churned,2025-08-23
14952,10952,Annual,6.99,2025-07-24,2025-12-03,Churned,2025-12-03
14953,10953,Annual,6.99,2025-07-27,,Active,
14954,10954,Annual,6.99,2025-07-29,2026-03-06,Churned,2026-03-06
14955,10955,Annual,6.99,2025-07-10,,Active,
14956,10956,Annual,6.99,2025-07-15,2025-12-08,Churned,2025-12-08
14957,10957,Monthly,9.99,2025-07-12,,Active,
14958,10958,Monthly,9.99,2025-07-16,2025-10-27,Churned,2025-10-27
14959,10959,Monthly,9.99,2025-07-24,2026-01-08,Churned,2026-01-08
14960,10960,Annual,6.99,2025-07-11,2026-07-05,Churned,2026-07-05
14961,10961,Monthly,9.99,2025-07-08,2025-09-05,Churned,2025-09-05
14962,10962,Monthly,9.99,2025-07-09,2025-12-20,Churned,2025-12-20
14963,10963,Annual,6.99,2025-07-24,2026-02-05,Churned,2026-02-05
14964,10964,Monthly,9.99,2025-07-31,2025-09-12,Churned,2025-09-12
14965,10965,Annual,6.99,2025-07-04,,Active,
14966,10966,Monthly,0.0,2025-07-31,2025-11-23,Churned,2025-11-23
14967,10967,Monthly,9.99,2025-07-01,,Active,
14968,10968,Annual,6.99,2025-07-17,2025-08-17,Churned,2025-08-17
14969,10969,Monthly,9.99,2025-07-05,,Active,
14970,10970,Annual,6.99,2025-07-30,2026-03-10,Churned,2026-03-10
14971,10971,Annual,6.99,2025-07-24,,Active,
14972,10972,Monthly,9.99,2025-07-12,2025-08-24,Churned,2025-08-24
14973,10973,Monthly,9.99,2025-07-22,,Active,
14974,10974,Monthly,9.99,2025-07-27,2026-01-05,Churned,2026-01-05
14975,10975,Annual,6.99,2025-07-07,,Active,
14976,10976,Monthly,9.99,2025-07-20,,Active,
14977,10977,Annual,6.99,2025-07-10,,Active,
14978,10978,Annual,6.99,2025-07-23,2025-12-02,Churned,2025-12-02
14979,10979,Annual,6.99,2025-07-18,,Active,
14980,10980,Annual,6.99,2025-07-23,,Active,
14981,10981,Annual,6.99,2025-07-20,,Active,
14982,10982,Annual,6.99,2025-07-20,2025-12-01,Churned,2025-12-01
14983,10983,Monthly,9.99,2025-07-03,2026-01-02,Churned,2026-01-02
14984,10984,Annual,6.99,2025-07-27,2025-08-27,Churned,2025-08-27
14985,10985,Annual,6.99,2025-07-06,,Active,
14986,10986,Monthly,9.99,2025-07-13,2025-11-25,Churned,2025-11-25
14987,10987,Monthly,9.99,2025-07-16,,active,
14988,10988,Annual,6.99,2025-07-27,,Active,
14989,10989,Annual,6.99,2025-07-20,,Active,
14990,10990,Annual,6.99,2025-07-06,2026-01-16,Churned,2026-01-16
14991,10991,Monthly,9.99,2025-07-09,2025-09-18,Churned,2025-09-18
14992,10992,Annual,6.99,2025-07-07,2026-06-28,Churned,2026-06-28
14993,10993,Annual,6.99,2025-07-19,2026-03-26,Churned,2026-03-26
14994,10994,Monthly,9.99,2025-07-23,2025-08-10,Churned,2025-08-10
14995,10995,Monthly,9.99,2025-07-22,2026-02-20,Churned,2026-02-20
14996,10996,Annual,6.99,2025-07-24,,Active,
14997,10997,Annual,6.99,2025-07-22,,Active,
14998,10998,Monthly,9.99,2025-07-28,2025-10-21,Churned,2025-10-21
14999,10999,Annual,6.99,2025-07-29,,Active,
15000,11000,Annual,6.99,2025-07-09,2025-09-10,Churned,2025-09-10
15001,11001,Monthly,9.99,2025-07-10,2025-10-20,Churned,2025-10-20
15002,11002,Monthly,9.99,2025-07-02,,Active,
15003,11003,Monthly,9.99,2025-07-09,,Active,
15004,11004,Monthly,9.99,2025-07-16,2026-01-26,Churned,2026-01-26
15005,11005,Monthly,9.99,2025-07-21,2025-08-27,Churned,2025-08-27
15006,11006,Annual,6.99,2025-07-28,,Active,
15007,11007,Monthly,9.99,2025-07-19,2025-08-22,Churned,2025-08-22
15008,11008,Annual,6.99,2025-07-31,2025-11-14,Churned,2025-11-14
15009,11009,Annual,6.99,2025-07-18,,Active,
15010,11010,Annual,6.99,2025-07-27,,Active,
15011,11011,Monthly,9.99,2025-07-26,2026-03-07,Churned,2026-03-07
15012,11012,Monthly,9.99,2025-07-16,2025-08-13,Churned,2025-08-13
15013,11013,Monthly,9.99,2025-07-28,,Active,
15014,11014,Monthly,9.99,2025-07-27,,Active,
15015,11015,Monthly,9.99,2025-07-10,,Active,
15016,11016,Annual,6.99,2025-07-07,2026-01-14,Churned,2026-01-14
15017,11017,Monthly,9.99,2025-07-04,2025-12-28,Churned,2025-12-28
15018,11018,Monthly,9.99,2025-07-29,2025-12-22,Churned,2025-12-22
15019,11019,Monthly,9.99,2025-07-14,,Active,
15020,11020,Monthly,9.99,2025-07-18,2026-01-09,Churned,2026-01-09
15021,11021,Annual,6.99,2025-07-09,,Active,
15022,11022,Monthly,9.99,2025-07-13,,Active,
15023,11023,Monthly,9.99,2025-07-13,,Active,
15024,11024,Monthly,9.99,2025-07-19,2026-01-28,Churned,2026-01-28
15025,11025,Monthly,9.99,2025-07-06,,Active,
15026,11026,Monthly,9.99,2025-07-25,2025-12-31,Churned,2025-12-31
15027,11027,Annual,6.99,2025-07-13,2025-11-29,Churned,2025-11-29
15028,11028,Monthly,9.99,2025-07-08,,Active,
15029,11029,Annual,6.99,2025-07-01,,Active,
15030,11030,Annual,6.99,2025-07-04,,Active,
15031,11031,Annual,6.99,2025-07-09,,Active,
15032,11032,Monthly,9.99,2025-07-23,,Active,
15033,11033,Monthly,9.99,2025-07-27,,Active,
15034,11034,Monthly,9.99,2025-07-30,,Active,
15035,11035,Annual,6.99,2025-07-10,2025-08-17,Churned,2025-08-17
15036,11036,Annual,6.99,2025-07-20,,Active,
15037,11037,Annual,6.99,2025-07-09,,Active,
15038,11038,Monthly,9.99,2025-07-05,,Active,
15039,11039,Annual,6.99,2025-07-17,2026-01-31,Churned,2026-01-31
15040,11040,Monthly,9.99,2025-07-20,2025-11-19,Churned,2025-11-19
15041,11041,Annual,6.99,2025-07-24,2025-08-03,Churned,2025-08-03
15042,11042,Monthly,9.99,2025-07-04,2025-10-17,Churned,2025-10-17
15043,11043,Monthly,9.99,2025-07-24,,Active,
15044,11044,Monthly,9.99,2025-07-10,2025-11-02,Churned,2025-11-02
15045,11045,Monthly,9.99,2025-07-09,,Active,
15046,11046,Monthly,9.99,2025-07-01,,ACTIVE,
15047,11047,Annual,6.99,2025-07-07,2025-10-18,Churned,2025-10-18
15048,11048,Annual,6.99,2025-07-16,2026-03-26,Churned,2026-03-26
15049,11049,Monthly,9.99,2025-07-06,2025-10-17,Churned,2025-10-17
15050,11050,Monthly,9.99,2025-07-10,2026-01-15,Churned,2026-01-15
15051,11051,Monthly,9.99,2025-07-17,2026-01-13,Churned,2026-01-13
15052,11052,Annual,6.99,2025-07-04,,Active,
15053,11053,Annual,6.99,2025-07-28,2026-02-12,Churned,2026-02-12
15054,11054,Monthly,9.99,2025-07-10,2025-09-25,Churned,2025-09-25
15055,11055,Monthly,9.99,2025-07-24,2025-10-23,Churned,2025-10-23
15056,11056,Annual,6.99,2025-07-21,,Active,
15057,11057,Annual,6.99,2025-07-24,2026-03-17,Churned,2026-03-17
15058,11058,Monthly,9.99,2025-07-09,,Active,
15059,11059,Monthly,9.99,2025-07-06,2026-02-26,Churned,2026-02-26
15060,11060,Monthly,9.99,2025-07-05,2026-01-11,Churned,2026-01-11
15061,11061,Monthly,9.99,2025-07-08,,Active,
15062,11062,Annual,6.99,2025-07-17,,active,
15063,11063,Annual,6.99,2025-07-20,,Active,
15064,11064,Monthly,9.99,2025-07-24,2025-11-20,Churned,2025-11-20
15065,11065,Annual,6.99,2025-07-30,2026-04-26,Churned,2026-04-26
15066,11066,Annual,6.99,2025-07-26,2026-02-27,Churned,2026-02-27
15067,11067,Annual,6.99,2025-07-12,,Active,
15068,11068,Annual,6.99,2025-07-15,2026-03-06,Churned,2026-03-06
15069,11069,Monthly,9.99,2025-07-30,,Active,
15070,11070,Annual,6.99,2025-07-23,,Active,
15071,11071,Monthly,9.99,2025-07-13,,Active,
15072,11072,Monthly,9.99,2025-07-26,,Active,
15073,11073,Annual,6.99,2025-07-05,2025-11-13,Churned,2025-11-13
15074,11074,Monthly,9.99,2025-07-21,2026-04-02,Churned,2026-04-02
15075,11075,Monthly,9.99,2025-07-30,2026-02-05,Churned,2026-02-05
15076,11076,Monthly,9.99,2025-07-17,,Active,
15077,11077,Monthly,9.99,2025-07-20,2025-08-03,Churned,2025-08-03
15078,11078,Monthly,9.99,2025-07-02,,Active,
15079,11079,Monthly,9.99,2025-07-19,,Active,
15080,11080,Monthly,9.99,2025-07-09,2025-09-28,Churned,2025-09-28
15081,11081,Monthly,9.99,2025-07-31,,Active,
15082,11082,Monthly,9.99,2025-07-10,,Active,
15083,11083,Monthly,9.99,2025-07-10,2025-11-29,Churned,2025-11-29
15084,11084,Annual,6.99,2025-07-13,2026-06-16,Churned,2026-06-16
15085,11085,Monthly,9.99,2025-07-22,2025-12-09,Churned,2025-12-09
15086,11086,Monthly,9.99,2025-07-30,,Active,
15087,11087,Annual,6.99,2025-07-11,,Active,
15088,11088,Monthly,9.99,2025-07-07,,Active,
15089,11089,Monthly,9.99,2025-07-24,,Active,
15090,11090,Annual,6.99,2025-07-17,,Active,
15091,11091,Annual,6.99,2025-07-15,2026-05-22,Churned,2026-05-22
15092,11092,Monthly,9.99,2025-07-31,,Active,
15093,11093,Annual,6.99,2025-07-16,,Active,
15094,11094,Monthly,9.99,2025-07-20,,Active,
15095,11095,Annual,6.99,2025-07-31,,Active,
15096,11096,Annual,6.99,2025-07-07,,Active,
15097,11097,Annual,6.99,2025-07-28,,Active,
15098,11098,Annual,6.99,2025-07-30,2026-01-25,Churned,2026-01-25
15099,11099,Monthly,9.99,2025-07-15,,Active,
15100,11100,Annual,6.99,2025-07-11,2025-09-10,Churned,2025-09-10
15101,11101,Annual,6.99,2025-07-06,,Active,
15102,11102,Monthly,9.99,2025-07-02,2025-10-10,Churned,2025-10-10
15103,11103,Monthly,9.99,2025-07-31,2026-07-04,Churned,2026-07-04
15104,11104,Monthly,9.99,2025-07-14,2025-11-23,Churned,2025-11-23
15105,11105,Monthly,9.99,2025-07-21,,Active,
15106,11106,Annual,6.99,2025-07-08,2026-02-05,Churned,2026-02-05
15107,11107,Monthly,9.99,2025-07-11,2025-11-24,Churned,2025-11-24
15108,11108,Monthly,9.99,2025-07-26,,Active,
15109,11109,Monthly,9.99,2025-07-21,,Active,
15110,11110,Monthly,9.99,2025-07-07,,Active,
15111,11111,Monthly,9.99,2025-07-01,,Active,
15112,11112,Monthly,9.99,2025-07-26,,Active,
15113,11113,Monthly,9.99,2025-07-03,,Active,
15114,11114,Monthly,9.99,2025-07-02,,Active,
15115,11115,Annual,6.99,2025-07-10,2026-06-25,Churned,2026-06-25
15116,11116,Monthly,9.99,2025-07-29,2026-04-18,Churned,2026-04-18
15117,11117,Monthly,9.99,2025-07-20,,Active,
15118,11118,Monthly,9.99,2025-07-02,,Active,
15119,11119,Annual,6.99,2025-07-29,,Active,
15120,11120,Monthly,9.99,2025-07-30,2025-10-30,Churned,2025-10-30
15121,11121,Annual,6.99,2025-07-22,,Active,
15122,11122,Monthly,9.99,2025-07-03,,Active,
15123,11123,Annual,6.99,2025-07-01,,Active,
15124,11124,Monthly,9.99,2025-07-28,,Active,
15125,11125,Annual,6.99,2025-07-26,2025-10-21,Churned,2025-10-21
15126,11126,Monthly,9.99,2025-07-26,,Active,
15127,11127,Annual,0.0,2025-07-16,2026-06-16,Churned,2026-06-16
15128,11128,Monthly,9.99,2025-07-19,2026-02-07,Churned,2026-02-07
15129,11129,Monthly,9.99,2025-07-06,2025-10-17,Churned,2025-10-17
15130,11130,Annual,6.99,2025-07-02,,Active,
15131,11131,Monthly,9.99,2025-07-07,2025-08-29,Churned,2025-08-29
15132,11132,Monthly,9.99,2025-07-20,,Active,
15133,11133,Monthly,9.99,2025-07-13,2026-05-11,Churned,2026-05-11
15134,11134,Annual,6.99,2025-07-20,2025-12-12,Churned,2025-12-12
15135,11135,Annual,6.99,2025-07-14,,Active,
15136,11136,Annual,6.99,2025-07-18,2025-10-22,Churned,2025-10-22
15137,11137,Monthly,9.99,2025-07-30,,Active,
15138,11138,Monthly,9.99,2025-07-20,,Active,
15139,11139,Monthly,9.99,2025-07-30,2026-02-23,Churned,2026-02-23
15140,11140,Monthly,9.99,2025-07-31,,Active,
15141,11141,Annual,6.99,2025-07-20,,Active,
15142,11142,Monthly,9.99,2025-07-31,,Active,
15143,11143,Monthly,9.99,2025-07-08,,Active,
15144,11144,Monthly,9.99,2025-07-17,,Active,
15145,11145,Monthly,9.99,2025-07-03,2026-03-17,Churned,2026-03-17
15146,11146,Annual,6.99,2025-07-03,,Active,
15147,11147,Monthly,9.99,2025-07-05,2025-10-18,Churned,2025-10-18
15148,11148,Monthly,9.99,2025-07-05,,Active,
15149,11149,Monthly,9.99,2025-07-13,,Active,
15150,11150,Annual,6.99,2025-07-23,,ACTIVE,
15151,11151,Monthly,9.99,2025-07-31,,Active,
15152,11152,Monthly,9.99,2025-07-31,,Active,
15153,11153,Monthly,9.99,2025-07-06,2025-12-22,Churned,2025-12-22
15154,11154,Monthly,9.99,2025-07-14,,Active,
15155,11155,Annual,6.99,2025-07-14,,Active,
15156,11156,Annual,6.99,2025-07-04,2025-10-28,Churned,2025-10-28
15157,11157,Annual,6.99,2025-07-02,2025-08-29,Churned,2025-08-29
15158,11158,Annual,6.99,2025-07-11,2026-02-16,Churned,2026-02-16
15159,11159,Annual,6.99,2025-07-27,2025-11-15,Churned,2025-11-15
15160,11160,Annual,6.99,2025-07-12,2026-05-20,churned,2026-05-20
15161,11161,Annual,6.99,2025-07-12,,Active,
15162,11162,Monthly,9.99,2025-07-31,,Active,
15163,11163,Monthly,9.99,2025-07-12,,Active,
15164,11164,Annual,6.99,2025-07-22,2025-08-25,Churned,2025-08-25
15165,11165,Annual,6.99,2025-07-31,,Active,
15166,11166,Monthly,9.99,2025-07-04,,Active,
15167,11167,Monthly,9.99,2025-07-16,2025-11-30,Churned,2025-11-30
15168,11168,Annual,6.99,2025-07-11,,Active,
15169,11169,Monthly,9.99,2025-07-04,2025-09-22,Churned,2025-09-22
15170,11170,Monthly,9.99,2025-07-02,,Active,
15171,11171,Annual,6.99,2025-07-21,,Active,
15172,11172,Monthly,9.99,2025-07-21,,Active,
15173,11173,Annual,6.99,2025-07-18,2026-05-30,Churned,2026-05-30
15174,11174,Annual,6.99,2025-07-21,2026-02-05,Churned,2026-02-05
15175,11175,Annual,6.99,2025-07-23,2025-11-16,Churned,2025-11-16
15176,11176,Monthly,9.99,2025-07-02,2026-04-17,Churned,2026-04-17
15177,11177,Monthly,9.99,2025-07-02,,Active,
15178,11178,Monthly,9.99,2025-07-11,2025-08-09,Churned,2025-08-09
15179,11179,Monthly,9.99,2025-07-18,,Active,
15180,11180,Monthly,9.99,2025-07-28,,Active,
15181,11181,Monthly,9.99,2025-08-30,,Active,
15182,11182,Annual,6.99,2025-08-04,2026-04-23,Churned,2026-04-23
15183,11183,Monthly,9.99,2025-08-08,2026-07-03,Churned,2026-07-03
15184,11184,Annual,6.99,2025-08-23,,Active,
15185,11185,Annual,6.99,2025-08-04,2026-06-16,CHURNED,2026-06-16
15186,11186,Annual,6.99,2025-08-07,2025-10-30,Churned,2025-10-30
15187,11187,Monthly,9.99,2025-08-30,,Active,
15188,11188,Annual,6.99,2025-08-19,2026-01-24,Churned,2026-01-24
15189,11189,Annual,6.99,2025-08-02,2026-03-21,Churned,2026-03-21
15190,11190,Monthly,9.99,2025-08-27,2025-10-03,Churned,2025-10-03
15191,11191,Monthly,9.99,2025-08-17,2025-12-18,Churned,2025-12-18
15192,11192,Monthly,9.99,2025-08-15,,Active,
15193,11193,Monthly,9.99,2025-08-31,,Active,
15194,11194,Annual,6.99,2025-08-10,2026-03-18,Churned,2026-03-18
15195,11195,Monthly,9.99,2025-08-12,2026-03-03,Churned,2026-03-03
15196,11196,Annual,6.99,2025-08-18,,Active,
15197,11197,Monthly,9.99,2025-08-08,,Active,
15198,11198,Annual,6.99,2025-08-04,,Active,
15199,11199,Monthly,9.99,2025-08-05,2026-06-06,Churned,2026-06-06
15200,11200,Monthly,9.99,2025-08-10,,Active,
15201,11201,Monthly,9.99,2025-08-03,2026-02-28,Churned,2026-02-28
15202,11202,Annual,6.99,2025-08-16,,Active,
15203,11203,Monthly,9.99,2025-08-31,,Active,
15204,11204,Annual,6.99,2025-08-08,,Active,
15205,11205,Monthly,9.99,2025-08-02,,Active,
15206,11206,Annual,6.99,2025-08-02,,Active,
15207,11207,Monthly,9.99,2025-08-06,,Active,
15208,11208,Monthly,9.99,2025-08-19,2026-07-05,Churned,2026-07-05
15209,11209,Monthly,0.0,2025-08-15,,Active,
15210,11210,Monthly,9.99,2025-08-13,,Active,
15211,11211,Monthly,9.99,2025-08-24,2026-03-23,Churned,2026-03-23
15212,11212,Annual,6.99,2025-08-13,2026-03-30,Churned,2026-03-30
15213,11213,Monthly,9.99,2025-08-20,,Active,
15214,11214,Monthly,9.99,2025-08-31,2025-12-11,Churned,2025-12-11
15215,11215,Monthly,9.99,2025-08-06,,Active,
15216,11216,Annual,6.99,2025-08-04,,Active,
15217,11217,Monthly,9.99,2025-08-07,,Active,
15218,11218,Monthly,9.99,2025-08-05,2026-01-18,Churned,2026-01-18
15219,11219,Monthly,9.99,2025-08-26,2025-10-02,Churned,2025-10-02
15220,11220,Monthly,9.99,2025-08-28,2025-11-08,Churned,2025-11-08
15221,11221,Monthly,9.99,2025-08-18,2026-04-30,Churned,2026-04-30
15222,11222,Annual,6.99,2025-08-05,2025-10-14,Churned,2025-10-14
15223,11223,Monthly,9.99,2025-08-27,2026-03-07,Churned,2026-03-07
15224,11224,Annual,6.99,2025-08-29,,Active,
15225,11225,Monthly,9.99,2025-08-13,2026-02-06,Churned,2026-02-06
15226,11226,Annual,6.99,2025-08-21,2026-06-14,Churned,2026-06-14
15227,11227,Monthly,9.99,2025-08-19,,Active,
15228,11228,Annual,6.99,2025-08-17,,Active,
15229,11229,Annual,6.99,2025-08-11,,Active,
15230,11230,Monthly,9.99,2025-08-09,,Active,
15231,11231,Annual,6.99,2025-08-09,2025-10-02,Churned,2025-10-02
15232,11232,Annual,6.99,2025-08-12,2026-03-01,Churned,2026-03-01
15233,11233,Monthly,9.99,2025-08-24,2025-12-25,Churned,2025-12-25
15234,11234,Monthly,9.99,2025-08-26,2025-09-13,Churned,2025-09-13
15235,11235,Annual,6.99,2025-08-04,,Active,
15236,11236,Monthly,9.99,2025-08-02,2025-11-29,Churned,2025-11-29
15237,11237,Annual,6.99,2025-08-15,2026-04-09,Churned,2026-04-09
15238,11238,Monthly,9.99,2025-08-24,2026-03-16,Churned,2026-03-16
15239,11239,Annual,6.99,2025-08-18,,Active,
15240,11240,Monthly,9.99,2025-08-26,,Active,
15241,11241,Monthly,9.99,2025-08-23,,Active,
15242,11242,Monthly,9.99,2025-08-22,,Active,
15243,11243,Monthly,9.99,2025-08-17,,active,
15244,11244,Monthly,9.99,2025-08-02,2026-03-22,Churned,2026-03-22
15245,11245,Monthly,9.99,2025-08-06,,Active,
15246,11246,Annual,6.99,2025-08-24,,Active,
15247,11247,Annual,6.99,2025-08-10,,Active,
15248,11248,Monthly,9.99,2025-08-23,2025-10-03,Churned,2025-10-03
15249,11249,Annual,6.99,2025-08-11,,Active,
15250,11250,Annual,6.99,2025-08-01,2025-10-08,Churned,2025-10-08
15251,11251,Annual,6.99,2025-08-21,,Active,
15252,11252,Annual,6.99,2025-08-28,,Active,
15253,11253,Annual,6.99,2025-08-14,,Active,
15254,11254,Monthly,9.99,2025-08-05,,Active,
15255,11255,Monthly,9.99,2025-08-13,2026-02-09,Churned,2026-02-09
15256,11256,Annual,6.99,2025-08-30,2026-01-24,Churned,2026-01-24
15257,11257,Monthly,9.99,2025-08-10,,Active,
15258,11258,Annual,6.99,2025-08-03,2026-07-06,Churned,2026-07-06
15259,11259,Monthly,0.0,2025-08-24,2026-02-15,Churned,2026-02-15
15260,11260,Monthly,9.99,2025-08-08,2026-03-20,Churned,2026-03-20
15261,11261,Monthly,9.99,2025-08-02,,Active,
15262,11262,Monthly,9.99,2025-08-22,,Active,
15263,11263,Monthly,9.99,2025-08-11,,Active,
15264,11264,Monthly,9.99,2025-08-05,2025-10-02,Churned,2025-10-02
15265,11265,Annual,6.99,2025-08-02,2025-12-10,Churned,2025-12-10
15266,11266,Monthly,9.99,2025-08-06,2025-10-25,Churned,2025-10-25
15267,11267,Monthly,9.99,2025-08-05,,Active,
15268,11268,Monthly,9.99,2025-08-01,,Active,
15269,11269,Monthly,9.99,2025-08-12,,Active,
15270,11270,Annual,6.99,2025-08-26,2025-09-30,Churned,2025-09-30
15271,11271,Monthly,9.99,2025-08-13,2025-12-08,Churned,2025-12-08
15272,11272,Monthly,9.99,2025-08-02,,Active,
15273,11273,Annual,6.99,2025-08-28,2026-07-02,Churned,2026-07-02
15274,11274,Monthly,9.99,2025-08-20,2026-07-06,Churned,2026-07-06
15275,11275,Monthly,9.99,2025-08-30,,Active,
15276,11276,Monthly,9.99,2025-08-19,2026-03-11,Churned,2026-03-11
15277,11277,Monthly,9.99,2025-08-15,2025-11-05,Churned,2025-11-05
15278,11278,Annual,6.99,2025-08-16,2026-03-04,Churned,2026-03-04
15279,11279,Monthly,9.99,2025-08-01,2025-10-29,Churned,2025-10-29
15280,11280,Annual,6.99,2025-08-12,,ACTIVE,
15281,11281,Monthly,9.99,2025-08-14,2026-01-26,Churned,2026-01-26
15282,11282,Annual,6.99,2025-08-10,,Active,
15283,11283,Monthly,9.99,2025-08-26,,Active,
15284,11284,Monthly,9.99,2025-08-30,2026-04-22,Churned,2026-04-22
15285,11285,Annual,6.99,2025-08-15,2026-01-19,Churned,2026-01-19
15286,11286,Annual,6.99,2025-08-25,2025-10-11,Churned,2025-10-11
15287,11287,Monthly,9.99,2025-08-07,2025-10-08,Churned,2025-10-08
15288,11288,Annual,6.99,2025-08-29,2025-11-24,Churned,2025-11-24
15289,11289,Monthly,9.99,2025-08-22,2026-06-21,Churned,2026-06-21
15290,11290,Annual,6.99,2025-08-23,,Active,
15291,11291,Monthly,9.99,2025-08-19,,Active,
15292,11292,Annual,6.99,2025-08-26,,Active,
15293,11293,Annual,6.99,2025-08-17,,Active,
15294,11294,Annual,6.99,2025-08-30,,active,
15295,11295,Monthly,9.99,2025-08-21,2025-09-30,Churned,2025-09-30
15296,11296,Monthly,9.99,2025-08-15,,Active,
15297,11297,Monthly,9.99,2025-08-07,2026-02-10,Churned,2026-02-10
15298,11298,Monthly,9.99,2025-08-29,,Active,
15299,11299,Annual,6.99,2025-08-02,2026-01-25,Churned,2026-01-25
15300,11300,Annual,6.99,2025-08-02,,Active,
15301,11301,Monthly,9.99,2025-08-01,,Active,
15302,11302,Annual,6.99,2025-08-04,2026-02-25,Churned,2026-02-25
15303,11303,Annual,6.99,2025-08-08,2026-01-18,Churned,2026-01-18
15304,11304,Monthly,9.99,2025-08-16,,Active,
15305,11305,Annual,6.99,2025-08-09,2026-01-27,Churned,2026-01-27
15306,11306,Monthly,9.99,2025-08-15,,Active,
15307,11307,Monthly,9.99,2025-08-14,,Active,
15308,11308,Monthly,9.99,2025-08-14,2025-10-23,Churned,2025-10-23
15309,11309,Monthly,9.99,2025-08-02,2025-10-18,CHURNED,2025-10-18
15310,11310,Monthly,9.99,2025-08-17,,Active,
15311,11311,Annual,6.99,2025-08-10,,Active,
15312,11312,Annual,6.99,2025-08-17,2025-10-29,Churned,2025-10-29
15313,11313,Annual,6.99,2025-08-02,,Active,
15314,11314,Annual,6.99,2025-08-27,,Active,
15315,11315,Monthly,9.99,2025-08-23,,Active,
15316,11316,Monthly,9.99,2025-08-11,,Active,
15317,11317,Monthly,9.99,2025-08-12,2025-10-13,Churned,2025-10-13
15318,11318,Annual,6.99,2025-08-10,,Active,
15319,11319,Annual,6.99,2025-08-31,2026-01-17,Churned,2026-01-17
15320,11320,Annual,6.99,2025-08-22,2025-12-19,Churned,2025-12-19
15321,11321,Monthly,9.99,2025-08-15,2026-02-19,Churned,2026-02-19
15322,11322,Annual,6.99,2025-08-21,2026-02-11,Churned,2026-02-11
15323,11323,Monthly,9.99,2025-08-02,2026-02-16,Churned,2026-02-16
15324,11324,Annual,6.99,2025-08-26,,Active,
15325,11325,Monthly,9.99,2025-08-19,,Active,
15326,11326,Monthly,9.99,2025-08-10,2025-12-06,Churned,2025-12-06
15327,11327,Annual,6.99,2025-08-22,,Active,
15328,11328,Monthly,9.99,2025-08-01,,Active,
15329,11329,Monthly,9.99,2025-08-16,,Active,
15330,11330,Monthly,9.99,2025-08-30,,Active,
15331,11331,Monthly,9.99,2025-08-24,,Active,
15332,11332,Monthly,9.99,2025-08-02,,Active,
15333,11333,Monthly,9.99,2025-08-19,2026-02-20,Churned,2026-02-20
15334,11334,Monthly,9.99,2025-08-22,2026-03-28,Churned,2026-03-28
15335,11335,Monthly,9.99,2025-08-17,,Active,
15336,11336,Annual,6.99,2025-08-10,,Active,
15337,11337,Monthly,9.99,2025-08-22,2025-12-03,Churned,2025-12-03
15338,11338,Monthly,9.99,2025-08-14,,Active,
15339,11339,Monthly,9.99,2025-08-30,,Active,
15340,11340,Monthly,9.99,2025-08-26,2026-03-14,Churned,2026-03-14
15341,11341,Monthly,9.99,2025-08-29,,Active,
15342,11342,Monthly,9.99,2025-08-14,,Active,
15343,11343,Annual,6.99,2025-08-22,,Active,
15344,11344,Monthly,9.99,2025-08-05,,Active,
15345,11345,Monthly,9.99,2025-08-24,2025-11-06,Churned,2025-11-06
15346,11346,Monthly,0.0,2025-08-24,2026-03-21,Churned,2026-03-21
15347,11347,Monthly,9.99,2025-08-25,,Active,
15348,11348,Annual,6.99,2025-08-01,2025-12-17,Churned,2025-12-17
15349,11349,Annual,6.99,2025-08-15,,Active,
15350,11350,Annual,6.99,2025-08-09,,Active,
15351,11351,Annual,6.99,2025-08-29,2026-01-30,CHURNED,2026-01-30
15352,11352,Annual,6.99,2025-08-17,,Active,
15353,11353,Annual,6.99,2025-08-19,2026-05-20,Churned,2026-05-20
15354,11354,Monthly,9.99,2025-08-14,,Active,
15355,11355,Annual,6.99,2025-08-04,,Active,
15356,11356,Annual,6.99,2025-08-20,2026-02-14,Churned,2026-02-14
15357,11357,Monthly,9.99,2025-08-19,2026-01-27,Churned,2026-01-27
15358,11358,Annual,6.99,2025-08-12,,Active,
15359,11359,Monthly,9.99,2025-08-20,2025-11-22,Churned,2025-11-22
15360,11360,Monthly,9.99,2025-08-13,2026-03-28,Churned,2026-03-28
15361,11361,Annual,6.99,2025-08-21,2025-10-11,CHURNED,2025-10-11
15362,11362,Monthly,9.99,2025-08-11,,Active,
15363,11363,Annual,6.99,2025-08-24,,Active,
15364,11364,Monthly,9.99,2025-08-28,2026-06-18,Churned,2026-06-18
15365,11365,Monthly,9.99,2025-08-16,2026-01-28,Churned,2026-01-28
15366,11366,Annual,6.99,2025-08-01,,ACTIVE,
15367,11367,Monthly,9.99,2025-08-22,,Active,
15368,11368,Monthly,9.99,2025-08-30,,Active,
15369,11369,Annual,6.99,2025-08-23,,Active,
15370,11370,Annual,6.99,2025-08-12,2026-07-05,Churned,2026-07-05
15371,11371,Monthly,9.99,2025-08-18,,Active,
15372,11372,Annual,6.99,2025-08-12,,Active,
15373,11373,Monthly,9.99,2025-08-25,2026-01-06,churned,2026-01-06
15374,11374,Monthly,9.99,2025-08-23,2026-01-16,Churned,2026-01-16
15375,11375,Monthly,9.99,2025-08-20,,Active,
15376,11376,Annual,6.99,2025-08-13,,Active,
15377,11377,Monthly,9.99,2025-08-06,,Active,
15378,11378,Monthly,9.99,2025-08-20,,Active,
15379,11379,Monthly,9.99,2025-08-11,,Active,
15380,11380,Monthly,9.99,2025-08-29,,Active,
15381,11381,Monthly,9.99,2025-08-02,2025-11-09,Churned,2025-11-09
15382,11382,Annual,6.99,2025-08-27,2026-06-23,Churned,2026-06-23
15383,11383,Annual,6.99,2025-08-25,,Active,
15384,11384,Monthly,9.99,2025-08-16,,Active,
15385,11385,Monthly,9.99,2025-08-31,2025-09-22,Churned,2025-09-22
15386,11386,Monthly,9.99,2025-08-23,,Active,
15387,11387,Monthly,9.99,2025-08-02,,Active,
15388,11388,Monthly,9.99,2025-08-13,2025-11-04,Churned,2025-11-04
15389,11389,Monthly,9.99,2025-08-27,2025-11-23,Churned,2025-11-23
15390,11390,Monthly,9.99,2025-08-25,,Active,
15391,11391,Monthly,9.99,2025-08-05,,Active,
15392,11392,Monthly,9.99,2025-08-06,2025-11-08,Churned,2025-11-08
15393,11393,Monthly,9.99,2025-08-29,2025-11-30,Churned,2025-11-30
15394,11394,Monthly,9.99,2025-08-02,2026-07-01,Churned,2026-07-01
15395,11395,Monthly,9.99,2025-08-30,,Active,
15396,11396,Monthly,9.99,2025-08-17,,Active,
15397,11397,Monthly,9.99,2025-08-26,,Active,
15398,11398,Monthly,9.99,2025-08-07,2025-10-27,Churned,2025-10-27
15399,11399,Monthly,9.99,2025-08-11,,Active,
15400,11400,Monthly,9.99,2025-08-23,,Active,
15401,11401,Monthly,9.99,2025-08-06,,Active,
15402,11402,Monthly,9.99,2025-08-04,,Active,
15403,11403,Monthly,9.99,2025-08-19,2026-01-09,Churned,2026-01-09
15404,11404,Monthly,9.99,2025-08-01,2025-12-17,Churned,2025-12-17
15405,11405,Monthly,9.99,2025-08-30,,Active,
15406,11406,Monthly,9.99,2025-08-21,,Active,
15407,11407,Monthly,9.99,2025-08-23,2026-07-02,Churned,2026-07-02
15408,11408,Monthly,9.99,2025-08-16,2026-02-24,Churned,2026-02-24
15409,11409,Monthly,9.99,2025-08-20,,Active,
15410,11410,Monthly,9.99,2025-08-30,,Active,
15411,11411,Annual,6.99,2025-08-01,2026-06-25,Churned,2026-06-25
15412,11412,Annual,6.99,2025-08-08,2025-11-26,Churned,2025-11-26
15413,11413,Monthly,9.99,2025-08-22,,Active,
15414,11414,Monthly,9.99,2025-08-04,2025-09-01,Churned,2025-09-01
15415,11415,Monthly,9.99,2025-08-08,,Active,
15416,11416,Monthly,9.99,2025-08-01,2025-10-18,Churned,2025-10-18
15417,11417,Monthly,9.99,2025-08-02,,Active,
15418,11418,Annual,6.99,2025-08-14,2025-11-23,Churned,2025-11-23
15419,11419,Monthly,9.99,2025-08-21,2026-07-03,Churned,2026-07-03
15420,11420,Annual,6.99,2025-08-04,,Active,
15421,11421,Annual,6.99,2025-08-31,2026-01-08,Churned,2026-01-08
15422,11422,Monthly,9.99,2025-08-25,,ACTIVE,
15423,11423,Monthly,9.99,2025-08-21,,Active,
15424,11424,Annual,6.99,2025-08-03,2025-12-04,Churned,2025-12-04
15425,11425,Monthly,9.99,2025-08-17,,Active,
15426,11426,Monthly,9.99,2025-08-29,2025-10-13,Churned,2025-10-13
15427,11427,Monthly,9.99,2025-08-08,,Active,
15428,11428,Annual,6.99,2025-08-17,,ACTIVE,
15429,11429,Monthly,9.99,2025-08-18,,Active,
15430,11430,Monthly,9.99,2025-08-22,,Active,
15431,11431,Monthly,9.99,2025-08-29,,Active,
15432,11432,Monthly,9.99,2025-08-05,2025-12-13,Churned,2025-12-13
15433,11433,Monthly,9.99,2025-08-02,2025-10-01,Churned,2025-10-01
15434,11434,Monthly,9.99,2025-08-03,,Active,
15435,11435,Monthly,9.99,2025-08-09,,Active,
15436,11436,Annual,6.99,2025-08-11,2025-11-26,Churned,2025-11-26
15437,11437,Annual,6.99,2025-08-28,,Active,
15438,11438,Monthly,9.99,2025-08-17,,Active,
15439,11439,Monthly,9.99,2025-08-24,,Active,
15440,11440,Annual,6.99,2025-08-18,2025-11-03,Churned,2025-11-03
15441,11441,Annual,6.99,2025-08-30,2025-11-25,Churned,2025-11-25
15442,11442,Monthly,9.99,2025-08-11,,Active,
15443,11443,Monthly,9.99,2025-08-21,,Active,
15444,11444,Annual,6.99,2025-08-09,2025-12-07,Churned,2025-12-07
15445,11445,Annual,6.99,2025-08-08,,Active,
15446,11446,Annual,6.99,2025-08-31,2026-07-05,Churned,2026-07-05
15447,11447,Monthly,9.99,2025-08-01,2025-09-20,Churned,2025-09-20
15448,11448,Monthly,9.99,2025-08-09,,Active,
15449,11449,Monthly,9.99,2025-08-12,2025-10-09,Churned,2025-10-09
15450,11450,Monthly,9.99,2025-08-05,2026-07-03,Churned,2026-07-03
15451,11451,Monthly,9.99,2025-08-24,,Active,
15452,11452,Monthly,9.99,2025-08-12,,Active,
15453,11453,Annual,6.99,2025-08-15,2026-07-07,Churned,2026-07-07
15454,11454,Annual,6.99,2025-08-10,,Active,
15455,11455,Monthly,9.99,2025-08-28,2026-01-20,Churned,2026-01-20
15456,11456,Annual,6.99,2025-08-14,2025-12-19,Churned,2025-12-19
15457,11457,Monthly,9.99,2025-08-25,,Active,
15458,11458,Monthly,9.99,2025-08-20,,Active,
15459,11459,Annual,6.99,2025-08-30,,Active,
15460,11460,Monthly,9.99,2025-08-19,2025-11-26,Churned,2025-11-26
15461,11461,Monthly,9.99,2025-08-31,2025-10-10,Churned,2025-10-10
15462,11462,Monthly,9.99,2025-08-22,2026-07-07,Churned,2026-07-07
15463,11463,Annual,6.99,2025-08-02,,Active,
15464,11464,Monthly,9.99,2025-08-05,,Active,
15465,11465,Monthly,9.99,2025-08-25,2025-12-24,Churned,2025-12-24
15466,11466,Monthly,9.99,2025-08-02,2026-02-06,Churned,2026-02-06
15467,11467,Monthly,9.99,2025-08-06,,Active,
15468,11468,Monthly,9.99,2025-08-25,2026-02-03,Churned,2026-02-03
15469,11469,Annual,6.99,2025-08-11,2025-11-30,Churned,2025-11-30
15470,11470,Monthly,9.99,2025-08-07,2026-02-25,Churned,2026-02-25
15471,11471,Annual,6.99,2025-08-07,,Active,
15472,11472,Monthly,9.99,2025-08-10,2025-11-04,Churned,2025-11-04
15473,11473,Annual,6.99,2025-08-26,,Active,
15474,11474,Annual,6.99,2025-08-15,,Active,
15475,11475,Monthly,9.99,2025-08-30,2025-09-23,Churned,2025-09-23
15476,11476,Monthly,9.99,2025-08-23,,Active,
15477,11477,Monthly,9.99,2025-08-09,2026-04-11,Churned,2026-04-11
15478,11478,Monthly,9.99,2025-08-06,,Active,
15479,11479,Monthly,9.99,2025-08-30,,Active,
15480,11480,Monthly,9.99,2025-08-28,2025-11-03,Churned,2025-11-03
15481,11481,Monthly,9.99,2025-08-04,2026-01-17,Churned,2026-01-17
15482,11482,Monthly,9.99,2025-08-10,2025-11-07,Churned,2025-11-07
15483,11483,Monthly,9.99,2025-08-24,2025-10-03,Churned,2025-10-03
15484,11484,Annual,6.99,2025-08-31,,Active,
15485,11485,Annual,6.99,2025-08-29,,Active,
15486,11486,Annual,6.99,2025-08-09,,Active,
15487,11487,Monthly,9.99,2025-08-28,,Active,
15488,11488,Monthly,9.99,2025-08-23,,Active,
15489,11489,Annual,6.99,2025-08-15,2026-03-26,Churned,2026-03-26
15490,11490,Annual,6.99,2025-08-12,,Active,
15491,11491,Annual,6.99,2025-08-26,2026-02-03,Churned,2026-02-03
15492,11492,Monthly,9.99,2025-08-26,,Active,
15493,11493,Annual,6.99,2025-08-29,,Active,
15494,11494,Monthly,9.99,2025-08-15,,Active,
15495,11495,Monthly,9.99,2025-08-09,,Active,
15496,11496,Monthly,9.99,2025-08-27,,Active,
15497,11497,Monthly,9.99,2025-08-10,,Active,
15498,11498,Monthly,9.99,2025-08-24,,Active,
15499,11499,Monthly,9.99,2025-08-16,,Active,
15500,11500,Monthly,9.99,2025-08-19,2025-10-04,Churned,2025-10-04
15501,11501,Monthly,9.99,2025-08-07,2026-02-23,Churned,2026-02-23
15502,11502,Monthly,9.99,2025-08-08,2026-04-30,Churned,2026-04-30
15503,11503,Monthly,9.99,2025-08-21,2026-02-28,Churned,2026-02-28
15504,11504,Annual,6.99,2025-08-09,,active,
15505,11505,Monthly,9.99,2025-08-21,,Active,
15506,11506,Monthly,9.99,2025-08-31,,Active,
15507,11507,Monthly,9.99,2025-08-03,2026-03-13,Churned,2026-03-13
15508,11508,Monthly,9.99,2025-08-29,2026-03-13,Churned,2026-03-13
15509,11509,Monthly,9.99,2025-08-06,2025-09-29,Churned,2025-09-29
15510,11510,Monthly,9.99,2025-08-05,,Active,
15511,11511,Monthly,9.99,2025-08-26,2026-05-01,Churned,2026-05-01
15512,11512,Monthly,9.99,2025-08-07,2026-06-13,churned,2026-06-13
15513,11513,Annual,6.99,2025-08-21,2026-05-27,Churned,2026-05-27
15514,11514,Monthly,9.99,2025-08-04,,Active,
15515,11515,Monthly,9.99,2025-08-03,,Active,
15516,11516,Annual,6.99,2025-08-07,2025-11-20,Churned,2025-11-20
15517,11517,Monthly,9.99,2025-08-17,2026-01-10,Churned,2026-01-10
15518,11518,Annual,6.99,2025-08-09,,Active,
15519,11519,Monthly,9.99,2025-08-07,,Active,
15520,11520,Monthly,9.99,2025-08-26,,Active,
15521,11521,Monthly,9.99,2025-08-06,,Active,
15522,11522,Monthly,9.99,2025-08-03,,Active,
15523,11523,Monthly,9.99,2025-08-04,,Active,
15524,11524,Monthly,9.99,2025-08-28,2025-12-05,Churned,2025-12-05
15525,11525,Annual,6.99,2025-08-15,2025-09-19,Churned,2025-09-19
15526,11526,Annual,6.99,2025-08-31,2025-10-07,Churned,2025-10-07
15527,11527,Annual,6.99,2025-08-26,2026-03-01,Churned,2026-03-01
15528,11528,Monthly,9.99,2025-08-09,,Active,
15529,11529,Monthly,9.99,2025-08-25,2025-12-25,Churned,2025-12-25
15530,11530,Annual,6.99,2025-08-15,2025-11-13,Churned,2025-11-13
15531,11531,Monthly,9.99,2025-08-18,2026-06-29,Churned,2026-06-29
15532,11532,Annual,6.99,2025-08-17,2025-11-15,Churned,2025-11-15
15533,11533,Annual,6.99,2025-08-24,,Active,
15534,11534,Monthly,9.99,2025-08-07,,Active,
15535,11535,Monthly,9.99,2025-08-02,2026-02-15,Churned,2026-02-15
15536,11536,Annual,6.99,2025-08-23,,Active,
15537,11537,Monthly,9.99,2025-08-30,2025-11-25,Churned,2025-11-25
15538,11538,Monthly,9.99,2025-08-18,,Active,
15539,11539,Monthly,9.99,2025-08-04,,Active,
15540,11540,Annual,6.99,2025-08-04,,Active,
15541,11541,Monthly,9.99,2025-08-17,,Active,
15542,11542,Monthly,9.99,2025-08-28,,Active,
15543,11543,Monthly,9.99,2025-08-20,2025-10-19,Churned,2025-10-19
15544,11544,Annual,6.99,2025-08-10,,Active,
15545,11545,Monthly,9.99,2025-08-20,,Active,
15546,11546,Monthly,9.99,2025-08-05,,Active,
15547,11547,Annual,6.99,2025-08-15,2026-03-10,Churned,2026-03-10
15548,11548,Monthly,9.99,2025-08-31,,Active,
15549,11549,Annual,6.99,2025-08-20,2026-05-18,Churned,2026-05-18
15550,11550,Monthly,9.99,2025-08-04,,Active,
15551,11551,Monthly,9.99,2025-08-07,,Active,
15552,11552,Monthly,9.99,2025-08-02,2025-11-05,Churned,2025-11-05
15553,11553,Monthly,9.99,2025-08-13,,Active,
15554,11554,Monthly,9.99,2025-08-08,,Active,
15555,11555,Annual,6.99,2025-08-31,2025-12-10,Churned,2025-12-10
15556,11556,Monthly,9.99,2025-08-10,2026-02-11,Churned,2026-02-11
15557,11557,Monthly,9.99,2025-08-02,2026-03-05,Churned,2026-03-05
15558,11558,Monthly,9.99,2025-08-14,2026-01-23,Churned,2026-01-23
15559,11559,Monthly,0.0,2025-08-23,,Active,
15560,11560,Monthly,9.99,2025-08-22,2025-10-21,Churned,2025-10-21
15561,11561,Monthly,9.99,2025-08-31,,Active,
15562,11562,Annual,6.99,2025-08-12,,Active,
15563,11563,Annual,6.99,2025-08-17,,Active,
15564,11564,Annual,6.99,2025-08-18,,Active,
15565,11565,Monthly,9.99,2025-08-01,,Active,
15566,11566,Annual,6.99,2025-08-01,2026-05-26,Churned,2026-05-26
15567,11567,Annual,6.99,2025-08-25,,Active,
15568,11568,Monthly,9.99,2025-08-12,,Active,
15569,11569,Annual,6.99,2025-08-22,2026-01-06,Churned,2026-01-06
15570,11570,Annual,6.99,2025-08-30,2025-09-29,Churned,2025-09-29
15571,11571,Annual,6.99,2025-08-08,,Active,
15572,11572,Annual,6.99,2025-08-25,,Active,
15573,11573,Annual,6.99,2025-08-07,,Active,
15574,11574,Annual,6.99,2025-08-23,,Active,
15575,11575,Annual,6.99,2025-08-05,,Active,
15576,11576,Monthly,9.99,2025-08-10,,Active,
15577,11577,Monthly,9.99,2025-08-15,,Active,
15578,11578,Monthly,9.99,2025-08-16,2025-09-10,Churned,2025-09-10
15579,11579,Monthly,9.99,2025-08-01,2025-11-03,Churned,2025-11-03
15580,11580,Monthly,9.99,2025-08-27,2025-12-05,Churned,2025-12-05
15581,11581,Monthly,9.99,2025-08-01,2026-01-12,Churned,2026-01-12
15582,11582,Monthly,9.99,2025-08-28,,Active,
15583,11583,Annual,6.99,2025-08-07,,Active,
15584,11584,Annual,6.99,2025-08-23,,ACTIVE,
15585,11585,Annual,6.99,2025-08-23,,Active,
15586,11586,Monthly,9.99,2025-08-15,2026-03-19,Churned,2026-03-19
15587,11587,Monthly,9.99,2025-08-17,,Active,
15588,11588,Annual,6.99,2025-08-03,2025-10-27,Churned,2025-10-27
15589,11589,Annual,6.99,2025-08-28,2025-10-13,Churned,2025-10-13
15590,11590,Monthly,9.99,2025-08-04,,Active,
15591,11591,Monthly,9.99,2025-08-21,,Active,
15592,11592,Annual,6.99,2025-08-01,,Active,
15593,11593,Monthly,9.99,2025-08-24,2025-11-08,Churned,2025-11-08
15594,11594,Monthly,9.99,2025-08-12,,Active,
15595,11595,Monthly,9.99,2025-08-15,2026-07-05,Churned,2026-07-05
15596,11596,Monthly,9.99,2025-08-01,2026-01-28,Churned,2026-01-28
15597,11597,Monthly,9.99,2025-08-07,2025-09-14,Churned,2025-09-14
15598,11598,Annual,6.99,2025-08-14,,active,
15599,11599,Monthly,9.99,2025-08-23,2026-07-06,Churned,2026-07-06
15600,11600,Monthly,9.99,2025-08-19,,Active,
15601,11601,Monthly,0.0,2025-08-09,,Active,
15602,11602,Monthly,9.99,2025-08-19,2025-12-20,Churned,2025-12-20
15603,11603,Monthly,9.99,2025-08-07,,Active,
15604,11604,Annual,6.99,2025-08-18,,Active,
15605,11605,Annual,6.99,2025-08-17,,Active,
15606,11606,Monthly,9.99,2025-08-08,2025-11-02,Churned,2025-11-02
15607,11607,Annual,6.99,2025-08-07,,Active,
15608,11608,Monthly,9.99,2025-08-17,2025-10-15,Churned,2025-10-15
15609,11609,Monthly,9.99,2025-08-19,2025-12-18,Churned,2025-12-18
15610,11610,Annual,6.99,2025-08-31,,Active,
15611,11611,Annual,6.99,2025-08-16,2025-12-02,Churned,2025-12-02
15612,11612,Monthly,9.99,2025-08-14,,Active,
15613,11613,Annual,6.99,2025-08-15,,Active,
15614,11614,Annual,6.99,2025-08-28,2026-02-26,Churned,2026-02-26
15615,11615,Monthly,9.99,2025-08-10,2026-05-09,Churned,2026-05-09
15616,11616,Annual,6.99,2025-08-12,2025-10-04,Churned,2025-10-04
15617,11617,Monthly,9.99,2025-08-12,,ACTIVE,
15618,11618,Monthly,9.99,2025-08-20,2025-11-12,Churned,2025-11-12
15619,11619,Monthly,9.99,2025-08-22,2025-11-18,Churned,2025-11-18
15620,11620,Monthly,9.99,2025-08-15,,Active,
15621,11621,Monthly,9.99,2025-08-09,,Active,
15622,11622,Monthly,9.99,2025-08-22,,Active,
15623,11623,Monthly,9.99,2025-08-09,,Active,
15624,11624,Monthly,9.99,2025-08-28,,Active,
15625,11625,Annual,6.99,2025-08-20,,Active,
15626,11626,Annual,6.99,2025-08-14,2025-11-20,Churned,2025-11-20
15627,11627,Annual,6.99,2025-08-08,,Active,
15628,11628,Annual,6.99,2025-08-24,,Active,
15629,11629,Annual,6.99,2025-08-19,,Active,
15630,11630,Monthly,9.99,2025-08-28,,Active,
15631,11631,Annual,6.99,2025-08-22,2025-11-04,Churned,2025-11-04
15632,11632,Annual,6.99,2025-08-25,,Active,
15633,11633,Monthly,9.99,2025-08-03,,active,
15634,11634,Monthly,9.99,2025-08-01,,Active,
15635,11635,Annual,6.99,2025-08-21,,Active,
15636,11636,Annual,6.99,2025-08-01,,Active,
15637,11637,Monthly,0.0,2025-08-28,2025-10-22,Churned,2025-10-22
15638,11638,Monthly,9.99,2025-08-28,,Active,
15639,11639,Monthly,9.99,2025-08-19,,Active,
15640,11640,Monthly,9.99,2025-08-23,2025-09-08,Churned,2025-09-08
15641,11641,Monthly,9.99,2025-08-14,2026-03-08,Churned,2026-03-08
15642,11642,Monthly,9.99,2025-08-30,2026-03-24,Churned,2026-03-24
15643,11643,Annual,6.99,2025-08-02,2026-03-11,Churned,2026-03-11
15644,11644,Monthly,9.99,2025-08-10,,Active,
15645,11645,Monthly,9.99,2025-08-22,2026-05-13,Churned,2026-05-13
15646,11646,Monthly,9.99,2025-08-25,,Active,
15647,11647,Annual,6.99,2025-08-08,2025-09-10,Churned,2025-09-10
15648,11648,Monthly,9.99,2025-08-25,2026-01-12,Churned,2026-01-12
15649,11649,Monthly,9.99,2025-08-15,2025-11-27,Churned,2025-11-27
15650,11650,Annual,6.99,2025-08-27,2025-12-10,CHURNED,2025-12-10
15651,11651,Annual,6.99,2025-08-09,,Active,
15652,11652,Annual,6.99,2025-08-22,2026-04-03,Churned,2026-04-03
15653,11653,Monthly,9.99,2025-08-07,2025-12-17,Churned,2025-12-17
15654,11654,Annual,6.99,2025-08-05,,Active,
15655,11655,Monthly,9.99,2025-08-22,2026-07-05,Churned,2026-07-05
15656,11656,Monthly,9.99,2025-08-22,2025-10-28,churned,2025-10-28
15657,11657,Monthly,9.99,2025-08-10,2025-11-18,Churned,2025-11-18
15658,11658,Monthly,9.99,2025-08-19,,Active,
15659,11659,Monthly,9.99,2025-08-30,2026-01-18,Churned,2026-01-18
15660,11660,Monthly,9.99,2025-08-11,,Active,
15661,11661,Monthly,9.99,2025-08-16,,Active,
15662,11662,Annual,6.99,2025-08-07,,Active,
15663,11663,Annual,6.99,2025-08-17,,Active,
15664,11664,Monthly,9.99,2025-08-28,,Active,
15665,11665,Annual,6.99,2025-08-20,2026-07-05,Churned,2026-07-05
15666,11666,Monthly,9.99,2025-08-05,,Active,
15667,11667,Annual,6.99,2025-08-23,,Active,
15668,11668,Monthly,9.99,2025-08-14,2026-04-28,Churned,2026-04-28
15669,11669,Annual,6.99,2025-08-01,2026-05-11,Churned,2026-05-11
15670,11670,Annual,6.99,2025-08-20,2026-02-20,Churned,2026-02-20
15671,11671,Monthly,9.99,2025-08-10,,Active,
15672,11672,Monthly,9.99,2025-08-31,,Active,
15673,11673,Monthly,9.99,2025-08-31,,active,
15674,11674,Monthly,9.99,2025-08-21,,Active,
15675,11675,Monthly,9.99,2025-08-20,2025-10-11,Churned,2025-10-11
15676,11676,Annual,6.99,2025-08-10,,Active,
15677,11677,Annual,6.99,2025-08-03,,Active,
15678,11678,Monthly,9.99,2025-08-02,,Active,
15679,11679,Annual,6.99,2025-08-15,2025-09-16,Churned,2025-09-16
15680,11680,Monthly,9.99,2025-08-10,2025-12-09,Churned,2025-12-09
15681,11681,Monthly,0.0,2025-08-30,,Active,
15682,11682,Annual,6.99,2025-08-10,,Active,
15683,11683,Monthly,9.99,2025-08-07,2026-03-25,Churned,2026-03-25
15684,11684,Monthly,9.99,2025-08-26,,Active,
15685,11685,Annual,6.99,2025-08-26,,Active,
15686,11686,Monthly,9.99,2025-08-12,2026-07-06,Churned,2026-07-06
15687,11687,Monthly,9.99,2025-08-03,,Active,
15688,11688,Monthly,9.99,2025-08-04,2025-11-21,Churned,2025-11-21
15689,11689,Annual,6.99,2025-08-17,2026-07-06,Churned,2026-07-06
15690,11690,Monthly,9.99,2025-08-27,,Active,
15691,11691,Annual,6.99,2025-08-12,2026-02-18,Churned,2026-02-18
15692,11692,Annual,6.99,2025-08-01,,Active,
15693,11693,Monthly,9.99,2025-08-12,2026-03-14,Churned,2026-03-14
15694,11694,Monthly,9.99,2025-08-01,,Active,
15695,11695,Monthly,9.99,2025-08-14,2025-12-04,Churned,2025-12-04
15696,11696,Monthly,9.99,2025-08-15,2026-07-01,Churned,2026-07-01
15697,11697,Annual,6.99,2025-08-23,,Active,
15698,11698,Monthly,9.99,2025-08-03,,Active,
15699,11699,Annual,6.99,2025-08-15,,Active,
15700,11700,Monthly,9.99,2025-08-06,2025-09-22,Churned,2025-09-22
15701,11701,Annual,6.99,2025-08-15,2026-02-03,Churned,2026-02-03
15702,11702,Annual,6.99,2025-08-31,2025-12-05,Churned,2025-12-05
15703,11703,Monthly,9.99,2025-08-23,,Active,
15704,11704,Annual,6.99,2025-08-27,2025-09-01,Churned,2025-09-01
15705,11705,Monthly,9.99,2025-08-02,,Active,
15706,11706,Monthly,9.99,2025-08-24,2025-12-09,Churned,2025-12-09
15707,11707,Monthly,9.99,2025-08-27,,Active,
15708,11708,Monthly,9.99,2025-08-21,,Active,
15709,11709,Monthly,9.99,2025-08-25,2025-10-13,Churned,2025-10-13
15710,11710,Monthly,9.99,2025-08-02,2025-11-06,Churned,2025-11-06
15711,11711,Annual,0.0,2025-08-23,,Active,
15712,11712,Monthly,9.99,2025-08-26,,Active,
15713,11713,Monthly,9.99,2025-08-08,,Active,
15714,11714,Monthly,9.99,2025-08-15,,Active,
15715,11715,Monthly,9.99,2025-08-14,2026-05-12,Churned,2026-05-12
15716,11716,Annual,6.99,2025-08-04,,Active,
15717,11717,Monthly,9.99,2025-08-04,,Active,
15718,11718,Annual,6.99,2025-08-10,,Active,
15719,11719,Monthly,0.0,2025-08-04,2025-11-07,Churned,2025-11-07
15720,11720,Monthly,9.99,2025-08-16,,Active,
15721,11721,Monthly,9.99,2025-08-02,,Active,
15722,11722,Annual,6.99,2025-08-01,,Active,
15723,11723,Monthly,9.99,2025-08-20,2026-06-18,Churned,2026-06-18
15724,11724,Annual,6.99,2025-08-08,2025-12-27,Churned,2025-12-27
15725,11725,Annual,6.99,2025-08-12,2025-11-08,Churned,2025-11-08
15726,11726,Annual,6.99,2025-08-11,2025-09-19,Churned,2025-09-19
15727,11727,Monthly,9.99,2025-08-15,,Active,
15728,11728,Monthly,9.99,2025-08-15,,Active,
15729,11729,Monthly,9.99,2025-08-05,2025-10-29,Churned,2025-10-29
15730,11730,Annual,6.99,2025-08-01,,Active,
15731,11731,Monthly,9.99,2025-08-14,,Active,
15732,11732,Monthly,9.99,2025-08-18,,Active,
15733,11733,Annual,6.99,2025-08-24,2025-10-02,Churned,2025-10-02
15734,11734,Monthly,9.99,2025-08-07,,Active,
15735,11735,Monthly,9.99,2025-08-03,,Active,
15736,11736,Monthly,9.99,2025-08-19,,Active,
15737,11737,Monthly,9.99,2025-08-28,2026-02-16,Churned,2026-02-16
15738,11738,Monthly,9.99,2025-08-08,,Active,
15739,11739,Monthly,9.99,2025-08-03,,Active,
15740,11740,Annual,6.99,2025-08-13,,Active,
15741,11741,Monthly,9.99,2025-08-18,,Active,
15742,11742,Monthly,9.99,2025-08-20,,Active,
15743,11743,Annual,6.99,2025-08-04,,Active,
15744,11744,Monthly,9.99,2025-08-21,2026-07-07,Churned,2026-07-07
15745,11745,Monthly,9.99,2025-08-11,,Active,
15746,11746,Annual,6.99,2025-08-01,2025-09-21,Churned,2025-09-21
15747,11747,Monthly,9.99,2025-08-29,,Active,
15748,11748,Monthly,9.99,2025-08-17,2025-10-11,CHURNED,2025-10-11
15749,11749,Annual,6.99,2025-08-10,,Active,
15750,11750,Annual,6.99,2025-08-26,,Active,
15751,11751,Monthly,9.99,2025-08-25,,Active,
15752,11752,Monthly,9.99,2025-08-07,,Active,
15753,11753,Monthly,9.99,2025-08-30,,Active,
15754,11754,Monthly,9.99,2025-08-17,,Active,
15755,11755,Annual,6.99,2025-08-09,,Active,
15756,11756,Monthly,9.99,2025-08-14,2025-09-28,Churned,2025-09-28
15757,11757,Annual,6.99,2025-08-06,,Active,
15758,11758,Monthly,9.99,2025-08-27,,Active,
15759,11759,Monthly,9.99,2025-08-09,2026-01-23,Churned,2026-01-23
15760,11760,Annual,6.99,2025-08-14,,Active,
15761,11761,Monthly,9.99,2025-08-03,2025-11-29,Churned,2025-11-29
15762,11762,Monthly,9.99,2025-08-30,,Active,
15763,11763,Monthly,9.99,2025-08-10,,Active,
15764,11764,Monthly,9.99,2025-08-21,,Active,
15765,11765,Annual,6.99,2025-08-11,,Active,
15766,11766,Monthly,9.99,2025-08-18,2025-11-24,Churned,2025-11-24
15767,11767,Monthly,9.99,2025-08-18,2026-02-05,Churned,2026-02-05
15768,11768,Monthly,9.99,2025-08-10,2025-11-08,Churned,2025-11-08
15769,11769,Annual,6.99,2025-08-14,,Active,
15770,11770,Monthly,9.99,2025-08-19,2025-09-23,Churned,2025-09-23
15771,11771,Monthly,9.99,2025-08-07,,Active,
15772,11772,Annual,6.99,2025-08-05,2025-12-10,Churned,2025-12-10
15773,11773,Annual,6.99,2025-08-06,,Active,
15774,11774,Annual,6.99,2025-08-13,2026-02-28,Churned,2026-02-28
15775,11775,Monthly,9.99,2025-08-07,2025-11-07,Churned,2025-11-07
15776,11776,Annual,6.99,2025-08-09,,Active,
15777,11777,Monthly,9.99,2025-08-22,2026-07-01,Churned,2026-07-01
15778,11778,Annual,6.99,2025-08-21,,Active,
15779,11779,Annual,6.99,2025-08-30,2026-07-01,Churned,2026-07-01
15780,11780,Annual,6.99,2025-08-24,,Active,
15781,11781,Annual,6.99,2025-08-14,,Active,
15782,11782,Monthly,9.99,2025-08-29,2026-05-31,Churned,2026-05-31
15783,11783,Monthly,9.99,2025-08-29,,Active,
15784,11784,Monthly,9.99,2025-08-07,2025-10-17,Churned,2025-10-17
15785,11785,Monthly,9.99,2025-08-06,,Active,
15786,11786,Monthly,9.99,2025-08-28,,Active,
15787,11787,Annual,6.99,2025-08-28,2026-05-12,Churned,2026-05-12
15788,11788,Monthly,9.99,2025-08-27,,Active,
15789,11789,Annual,6.99,2025-08-15,2025-10-21,Churned,2025-10-21
15790,11790,Monthly,9.99,2025-08-27,2026-03-31,Churned,2026-03-31
15791,11791,Monthly,9.99,2025-08-24,,active,
15792,11792,Monthly,9.99,2025-08-23,,Active,
15793,11793,Monthly,9.99,2025-08-19,2025-09-03,Churned,2025-09-03
15794,11794,Annual,6.99,2025-08-09,,Active,
15795,11795,Annual,6.99,2025-08-24,,Active,
15796,11796,Monthly,9.99,2025-08-28,,Active,
15797,11797,Annual,6.99,2025-08-28,2025-12-21,Churned,2025-12-21
15798,11798,Annual,6.99,2025-08-19,,Active,
15799,11799,Annual,6.99,2025-08-02,,Active,
15800,11800,Monthly,9.99,2025-08-23,,Active,
15801,11801,Monthly,9.99,2025-08-08,2025-10-09,Churned,2025-10-09
15802,11802,Annual,6.99,2025-08-07,,Active,
15803,11803,Annual,6.99,2025-08-03,,Active,
15804,11804,Monthly,9.99,2025-08-05,,Active,
15805,11805,Annual,6.99,2025-08-16,2026-03-22,Churned,2026-03-22
15806,11806,Annual,6.99,2025-08-09,,Active,
15807,11807,Monthly,9.99,2025-08-12,,Active,
15808,11808,Monthly,9.99,2025-08-16,,Active,
15809,11809,Annual,6.99,2025-08-17,2026-01-16,Churned,2026-01-16
15810,11810,Monthly,9.99,2025-08-13,2026-01-22,Churned,2026-01-22
15811,11811,Monthly,9.99,2025-08-15,,Active,
15812,11812,Monthly,9.99,2025-08-28,2025-11-11,Churned,2025-11-11
15813,11813,Annual,6.99,2025-08-09,,Active,
15814,11814,Annual,6.99,2025-08-01,2026-03-08,Churned,2026-03-08
15815,11815,Monthly,9.99,2025-08-25,,Active,
15816,11816,Annual,6.99,2025-08-03,,Active,
15817,11817,Monthly,9.99,2025-08-25,,Active,
15818,11818,Annual,6.99,2025-08-11,2026-02-07,Churned,2026-02-07
15819,11819,Annual,6.99,2025-08-27,2026-03-17,Churned,2026-03-17
15820,11820,Monthly,9.99,2025-08-06,,Active,
15821,11821,Annual,6.99,2025-08-06,2025-11-24,Churned,2025-11-24
15822,11822,Monthly,9.99,2025-08-13,,Active,
15823,11823,Annual,6.99,2025-08-13,,Active,
15824,11824,Monthly,9.99,2025-08-23,,Active,
15825,11825,Monthly,9.99,2025-08-21,2025-12-26,Churned,2025-12-26
15826,11826,Annual,6.99,2025-08-31,2025-11-24,Churned,2025-11-24
15827,11827,Monthly,9.99,2025-08-21,,Active,
15828,11828,Monthly,9.99,2025-08-07,,Active,
15829,11829,Annual,6.99,2025-08-03,,Active,
15830,11830,Monthly,9.99,2025-08-09,,Active,
15831,11831,Monthly,9.99,2025-08-31,,Active,
15832,11832,Monthly,9.99,2025-08-24,2026-04-04,Churned,2026-04-04
15833,11833,Annual,6.99,2025-08-23,,Active,
15834,11834,Annual,6.99,2025-08-09,2025-09-05,Churned,2025-09-05
15835,11835,Annual,6.99,2025-08-15,2025-12-02,Churned,2025-12-02
15836,11836,Annual,6.99,2025-08-22,,Active,
15837,11837,Annual,6.99,2025-08-30,,Active,
15838,11838,Monthly,9.99,2025-08-19,2025-11-16,Churned,2025-11-16
15839,11839,Annual,6.99,2025-08-01,,Active,
15840,11840,Monthly,9.99,2025-08-27,,Active,
15841,11841,Annual,6.99,2025-08-29,,Active,
15842,11842,Monthly,9.99,2025-08-02,,Active,
15843,11843,Monthly,9.99,2025-08-13,,Active,
15844,11844,Monthly,9.99,2025-08-31,,Active,
15845,11845,Monthly,9.99,2025-08-30,,Active,
15846,11846,Monthly,9.99,2025-08-30,,Active,
15847,11847,Annual,6.99,2025-08-31,,Active,
15848,11848,Monthly,9.99,2025-08-01,,ACTIVE,
15849,11849,Annual,6.99,2025-08-05,2025-11-11,Churned,2025-11-11
15850,11850,Annual,6.99,2025-08-16,2026-05-12,Churned,2026-05-12
15851,11851,Monthly,9.99,2025-08-19,,Active,
15852,11852,Annual,6.99,2025-08-13,,Active,
15853,11853,Annual,6.99,2025-08-09,2026-01-02,Churned,2026-01-02
15854,11854,Monthly,9.99,2025-08-08,,Active,
15855,11855,Annual,6.99,2025-08-19,2026-05-15,Churned,2026-05-15
15856,11856,Annual,6.99,2025-08-31,2026-02-27,Churned,2026-02-27
15857,11857,Annual,6.99,2025-08-26,2025-10-10,Churned,2025-10-10
15858,11858,Annual,6.99,2025-08-06,2025-12-03,Churned,2025-12-03
15859,11859,Monthly,9.99,2025-08-05,,Active,
15860,11860,Monthly,9.99,2025-08-09,,Active,
15861,11861,Monthly,9.99,2025-08-23,,Active,
15862,11862,Monthly,9.99,2025-08-01,,Active,
15863,11863,Monthly,9.99,2025-08-22,2026-06-12,Churned,2026-06-12
15864,11864,Monthly,9.99,2025-08-18,,Active,
15865,11865,Monthly,9.99,2025-08-21,,Active,
15866,11866,Monthly,9.99,2025-08-27,2025-11-29,Churned,2025-11-29
15867,11867,Monthly,9.99,2025-08-19,2026-07-02,Churned,2026-07-02
15868,11868,Monthly,9.99,2025-08-20,2025-11-27,Churned,2025-11-27
15869,11869,Monthly,9.99,2025-08-15,2026-05-09,Churned,2026-05-09
15870,11870,Monthly,9.99,2025-08-21,2026-03-17,Churned,2026-03-17
15871,11871,Annual,6.99,2025-08-12,,Active,
15872,11872,Monthly,9.99,2025-08-03,,Active,
15873,11873,Monthly,9.99,2025-08-01,,active,
15874,11874,Monthly,9.99,2025-08-23,2025-09-11,Churned,2025-09-11
15875,11875,Monthly,9.99,2025-08-20,,Active,
15876,11876,Monthly,9.99,2025-08-13,2025-12-21,Churned,2025-12-21
15877,11877,Monthly,9.99,2025-08-24,,Active,
15878,11878,Annual,6.99,2025-08-15,,Active,
15879,11879,Annual,6.99,2025-08-08,,Active,
15880,11880,Annual,6.99,2025-08-19,,Active,
15881,11881,Annual,6.99,2025-08-12,,Active,
15882,11882,Annual,6.99,2025-08-31,2025-11-23,Churned,2025-11-23
15883,11883,Monthly,9.99,2025-08-23,2025-10-18,Churned,2025-10-18
15884,11884,Monthly,9.99,2025-08-24,,Active,
15885,11885,Annual,6.99,2025-08-22,2025-10-29,Churned,2025-10-29
15886,11886,Monthly,9.99,2025-08-22,,Active,
15887,11887,Annual,6.99,2025-08-24,,Active,
15888,11888,Monthly,9.99,2025-08-14,2025-11-24,Churned,2025-11-24
15889,11889,Monthly,9.99,2025-08-26,2026-01-06,Churned,2026-01-06
15890,11890,Monthly,9.99,2025-08-02,2026-06-09,Churned,2026-06-09
15891,11891,Annual,6.99,2025-08-21,2026-05-14,Churned,2026-05-14
15892,11892,Annual,6.99,2025-08-17,,Active,
15893,11893,Annual,6.99,2025-08-01,,Active,
15894,11894,Monthly,9.99,2025-08-21,,Active,
15895,11895,Monthly,9.99,2025-08-01,2026-05-23,Churned,2026-05-23
15896,11896,Monthly,9.99,2025-08-22,2025-09-27,Churned,2025-09-27
15897,11897,Monthly,9.99,2025-08-17,2026-01-08,Churned,2026-01-08
15898,11898,Annual,6.99,2025-08-19,2025-10-14,Churned,2025-10-14
15899,11899,Monthly,9.99,2025-08-19,2026-02-19,Churned,2026-02-19
15900,11900,Monthly,9.99,2025-08-10,2026-03-20,Churned,2026-03-20
15901,11901,Monthly,9.99,2025-08-20,2025-11-12,Churned,2025-11-12
15902,11902,Monthly,9.99,2025-08-07,,Active,
15903,11903,Annual,6.99,2025-08-24,2025-10-28,Churned,2025-10-28
15904,11904,Annual,6.99,2025-08-03,2026-02-08,Churned,2026-02-08
15905,11905,Annual,6.99,2025-08-05,2026-04-05,Churned,2026-04-05
15906,11906,Monthly,9.99,2025-08-22,,Active,
15907,11907,Monthly,9.99,2025-08-02,2026-07-04,Churned,2026-07-04
15908,11908,Annual,6.99,2025-08-31,2025-11-14,Churned,2025-11-14
15909,11909,Monthly,9.99,2025-08-01,2026-03-31,Churned,2026-03-31
15910,11910,Monthly,9.99,2025-08-17,2026-02-22,Churned,2026-02-22
15911,11911,Monthly,9.99,2025-08-31,,Active,
15912,11912,Monthly,9.99,2025-08-21,2025-10-02,Churned,2025-10-02
15913,11913,Monthly,9.99,2025-08-20,,Active,
15914,11914,Annual,6.99,2025-08-22,2025-12-05,Churned,2025-12-05
15915,11915,Monthly,9.99,2025-08-22,,Active,
15916,11916,Monthly,9.99,2025-08-06,2025-12-15,Churned,2025-12-15
15917,11917,Annual,6.99,2025-08-10,2026-05-26,Churned,2026-05-26
15918,11918,Annual,6.99,2025-08-06,2025-10-20,Churned,2025-10-20
15919,11919,Monthly,9.99,2025-08-07,2025-12-14,churned,2025-12-14
15920,11920,Monthly,9.99,2025-08-07,2026-03-26,CHURNED,2026-03-26
15921,11921,Monthly,9.99,2025-08-20,,Active,
15922,11922,Monthly,9.99,2025-08-29,2025-12-18,Churned,2025-12-18
15923,11923,Annual,6.99,2025-08-18,,Active,
15924,11924,Monthly,9.99,2025-08-01,,Active,
15925,11925,Annual,6.99,2025-08-22,,Active,
15926,11926,Monthly,9.99,2025-08-17,,Active,
15927,11927,Monthly,9.99,2025-08-25,,Active,
15928,11928,Annual,6.99,2025-08-12,,Active,
15929,11929,Monthly,9.99,2025-08-14,2025-10-31,Churned,2025-10-31
15930,11930,Monthly,9.99,2025-08-21,2026-01-24,Churned,2026-01-24
15931,11931,Monthly,9.99,2025-08-22,2026-01-14,Churned,2026-01-14
15932,11932,Monthly,9.99,2025-08-07,,Active,
15933,11933,Monthly,9.99,2025-08-19,,Active,
15934,11934,Annual,6.99,2025-08-30,,Active,
15935,11935,Annual,6.99,2025-08-03,,Active,
15936,11936,Monthly,9.99,2025-08-11,,Active,
15937,11937,Monthly,9.99,2025-08-17,,Active,
15938,11938,Monthly,9.99,2025-08-29,,Active,
15939,11939,Monthly,9.99,2025-08-31,,Active,
15940,11940,Monthly,9.99,2025-08-19,2025-11-26,Churned,2025-11-26
15941,11941,Annual,6.99,2025-08-17,2026-04-15,Churned,2026-04-15
15942,11942,Annual,6.99,2025-08-13,,Active,
15943,11943,Annual,6.99,2025-08-14,2026-03-13,Churned,2026-03-13
15944,11944,Monthly,9.99,2025-08-23,,Active,
15945,11945,Monthly,9.99,2025-08-17,2026-03-28,Churned,2026-03-28
15946,11946,Monthly,9.99,2025-08-18,,Active,
15947,11947,Monthly,9.99,2025-08-27,,Active,
15948,11948,Monthly,9.99,2025-08-05,2025-11-15,Churned,2025-11-15
15949,11949,Annual,0.0,2025-08-30,2025-10-10,Churned,2025-10-10
15950,11950,Monthly,9.99,2025-08-22,,Active,
15951,11951,Monthly,9.99,2025-08-19,2026-03-12,Churned,2026-03-12
15952,11952,Annual,6.99,2025-08-18,,Active,
15953,11953,Monthly,9.99,2025-08-18,2025-10-13,Churned,2025-10-13
15954,11954,Annual,6.99,2025-08-18,2026-05-13,Churned,2026-05-13
15955,11955,Annual,6.99,2025-08-11,2026-03-18,Churned,2026-03-18
15956,11956,Monthly,9.99,2025-08-23,2025-09-28,Churned,2025-09-28
15957,11957,Monthly,9.99,2025-08-08,,Active,
15958,11958,Monthly,9.99,2025-08-21,,Active,
15959,11959,Monthly,9.99,2025-08-17,2025-10-16,Churned,2025-10-16
15960,11960,Monthly,9.99,2025-08-12,,Active,
15961,11961,Monthly,9.99,2025-08-25,,Active,
15962,11962,Annual,6.99,2025-08-10,,Active,
15963,11963,Annual,6.99,2025-08-21,,active,
15964,11964,Monthly,9.99,2025-08-08,2026-05-17,Churned,2026-05-17
15965,11965,Monthly,9.99,2025-08-07,2025-11-08,Churned,2025-11-08
15966,11966,Monthly,9.99,2025-08-18,2025-10-01,Churned,2025-10-01
15967,11967,Monthly,9.99,2025-08-31,2025-11-10,CHURNED,2025-11-10
15968,11968,Annual,6.99,2025-08-10,2025-12-03,Churned,2025-12-03
15969,11969,Annual,6.99,2025-08-04,,Active,
15970,11970,Monthly,9.99,2025-08-04,2026-03-19,Churned,2026-03-19
15971,11971,Monthly,9.99,2025-08-16,,Active,
15972,11972,Monthly,9.99,2025-08-25,2025-11-14,Churned,2025-11-14
15973,11973,Monthly,9.99,2025-08-23,2025-11-06,Churned,2025-11-06
15974,11974,Monthly,9.99,2025-08-07,2025-12-03,Churned,2025-12-03
15975,11975,Annual,6.99,2025-08-26,2026-02-02,Churned,2026-02-02
15976,11976,Monthly,9.99,2025-08-06,,Active,
15977,11977,Monthly,9.99,2025-08-18,2026-05-24,Churned,2026-05-24
15978,11978,Monthly,9.99,2025-08-27,,Active,
15979,11979,Monthly,9.99,2025-08-26,2025-10-16,Churned,2025-10-16
15980,11980,Monthly,9.99,2025-08-22,,Active,
15981,11981,Annual,6.99,2025-08-11,,Active,
15982,11982,Annual,6.99,2025-08-24,,Active,
15983,11983,Annual,6.99,2025-08-12,2026-01-16,Churned,2026-01-16
15984,11984,Monthly,9.99,2025-08-11,,Active,
15985,11985,Monthly,9.99,2025-08-17,2025-12-11,Churned,2025-12-11
15986,11986,Annual,6.99,2025-08-20,,Active,
15987,11987,Annual,6.99,2025-08-07,,Active,
15988,11988,Monthly,9.99,2025-08-29,,Active,
15989,11989,Monthly,9.99,2025-08-27,,Active,
15990,11990,Monthly,9.99,2025-08-09,,Active,
15991,11991,Annual,6.99,2025-08-08,2026-03-13,Churned,2026-03-13
15992,11992,Monthly,9.99,2025-08-03,2025-12-11,Churned,2025-12-11
15993,11993,Monthly,9.99,2025-08-13,,Active,
15994,11994,Monthly,9.99,2025-08-06,,Active,
15995,11995,Annual,6.99,2025-08-29,,Active,
15996,11996,Monthly,9.99,2025-08-28,,Active,
15997,11997,Monthly,9.99,2025-08-26,,Active,
15998,11998,Monthly,9.99,2025-08-09,,Active,
15999,11999,Annual,6.99,2025-08-22,2025-09-25,Churned,2025-09-25
16000,12000,Monthly,9.99,2025-08-16,,Active,
16001,12001,Monthly,9.99,2025-09-17,2026-06-29,Churned,2026-06-29
16002,12002,Annual,6.99,2025-09-16,,active,
16003,12003,Monthly,9.99,2025-09-13,,Active,
16004,12004,Monthly,9.99,2025-09-11,,Active,
16005,12005,Annual,6.99,2025-09-08,,Active,
16006,12006,Annual,6.99,2025-09-12,2025-10-07,Churned,2025-10-07
16007,12007,Annual,6.99,2025-09-03,,Active,
16008,12008,Annual,6.99,2025-09-09,,Active,
16009,12009,Annual,6.99,2025-09-30,,Active,
16010,12010,Monthly,9.99,2025-09-05,,Active,
16011,12011,Monthly,9.99,2025-09-22,2025-11-21,Churned,2025-11-21
16012,12012,Annual,6.99,2025-09-02,2026-03-27,Churned,2026-03-27
16013,12013,Monthly,9.99,2025-09-23,,Active,
16014,12014,Monthly,9.99,2025-09-08,2026-03-13,Churned,2026-03-13
16015,12015,Annual,6.99,2025-09-22,,Active,
16016,12016,Monthly,9.99,2025-09-15,,Active,
16017,12017,Monthly,9.99,2025-09-24,,Active,
16018,12018,Monthly,9.99,2025-09-21,,Active,
16019,12019,Annual,6.99,2025-09-17,2026-02-02,Churned,2026-02-02
16020,12020,Monthly,9.99,2025-09-23,2025-12-20,Churned,2025-12-20
16021,12021,Annual,6.99,2025-09-29,,Active,
16022,12022,Monthly,9.99,2025-09-18,2026-03-24,Churned,2026-03-24
16023,12023,Monthly,9.99,2025-09-06,,Active,
16024,12024,Monthly,9.99,2025-09-04,,Active,
16025,12025,Monthly,9.99,2025-09-17,,Active,
16026,12026,Annual,6.99,2025-09-13,2026-07-01,Churned,2026-07-01
16027,12027,Annual,6.99,2025-09-19,,Active,
16028,12028,Monthly,9.99,2025-09-21,2025-12-06,Churned,2025-12-06
16029,12029,Monthly,9.99,2025-09-06,2025-11-14,Churned,2025-11-14
16030,12030,Monthly,9.99,2025-09-23,2026-04-13,Churned,2026-04-13
16031,12031,Annual,6.99,2025-09-30,,Active,
16032,12032,Monthly,9.99,2025-09-10,2025-12-07,Churned,2025-12-07
16033,12033,Annual,6.99,2025-09-28,,Active,
16034,12034,Annual,0.0,2025-09-28,2026-01-11,Churned,2026-01-11
16035,12035,Monthly,9.99,2025-09-13,2026-02-19,Churned,2026-02-19
16036,12036,Monthly,9.99,2025-09-24,2025-11-21,Churned,2025-11-21
16037,12037,Monthly,9.99,2025-09-28,,Active,
16038,12038,Monthly,9.99,2025-09-26,,Active,
16039,12039,Monthly,9.99,2025-09-12,,Active,
16040,12040,Annual,6.99,2025-09-20,,Active,
16041,12041,Annual,6.99,2025-09-18,,Active,
16042,12042,Monthly,9.99,2025-09-13,2026-07-03,Churned,2026-07-03
16043,12043,Monthly,9.99,2025-09-20,,Active,
16044,12044,Monthly,9.99,2025-09-29,2026-01-10,Churned,2026-01-10
16045,12045,Monthly,9.99,2025-09-01,,Active,
16046,12046,Monthly,9.99,2025-09-28,,Active,
16047,12047,Monthly,9.99,2025-09-12,,Active,
16048,12048,Annual,6.99,2025-09-25,,Active,
16049,12049,Annual,6.99,2025-09-04,,Active,
16050,12050,Annual,6.99,2025-09-27,2026-01-01,Churned,2026-01-01
16051,12051,Annual,6.99,2025-09-14,,Active,
16052,12052,Annual,6.99,2025-09-28,2026-06-24,Churned,2026-06-24
16053,12053,Annual,6.99,2025-09-13,,Active,
16054,12054,Monthly,9.99,2025-09-23,,Active,
16055,12055,Annual,6.99,2025-09-18,2025-11-06,Churned,2025-11-06
16056,12056,Monthly,9.99,2025-09-07,,Active,
16057,12057,Monthly,9.99,2025-09-08,,Active,
16058,12058,Monthly,9.99,2025-09-17,2025-10-31,Churned,2025-10-31
16059,12059,Monthly,9.99,2025-09-15,2026-02-03,Churned,2026-02-03
16060,12060,Annual,6.99,2025-09-19,2026-02-22,Churned,2026-02-22
16061,12061,Annual,6.99,2025-09-25,,Active,
16062,12062,Monthly,9.99,2025-09-24,2025-12-20,Churned,2025-12-20
16063,12063,Monthly,9.99,2025-09-02,,Active,
16064,12064,Monthly,9.99,2025-09-15,2026-02-26,Churned,2026-02-26
16065,12065,Monthly,9.99,2025-09-05,,Active,
16066,12066,Monthly,9.99,2025-09-16,,Active,
16067,12067,Monthly,9.99,2025-09-17,2026-04-20,Churned,2026-04-20
16068,12068,Annual,6.99,2025-09-30,,Active,
16069,12069,Monthly,9.99,2025-09-12,,Active,
16070,12070,Monthly,9.99,2025-09-14,,Active,
16071,12071,Monthly,9.99,2025-09-16,2026-02-02,Churned,2026-02-02
16072,12072,Monthly,9.99,2025-09-04,,Active,
16073,12073,Monthly,9.99,2025-09-02,,Active,
16074,12074,Annual,6.99,2025-09-22,2026-01-18,Churned,2026-01-18
16075,12075,Monthly,9.99,2025-09-10,,Active,
16076,12076,Monthly,9.99,2025-09-11,,Active,
16077,12077,Monthly,9.99,2025-09-30,2026-07-04,Churned,2026-07-04
16078,12078,Monthly,9.99,2025-09-08,2025-11-21,Churned,2025-11-21
16079,12079,Monthly,9.99,2025-09-28,2025-10-18,Churned,2025-10-18
16080,12080,Annual,6.99,2025-09-19,2026-03-05,Churned,2026-03-05
16081,12081,Monthly,9.99,2025-09-08,,Active,
16082,12082,Annual,6.99,2025-09-29,,Active,
16083,12083,Annual,6.99,2025-09-19,,Active,
16084,12084,Annual,6.99,2025-09-10,2026-07-05,Churned,2026-07-05
16085,12085,Annual,6.99,2025-09-14,2025-11-06,Churned,2025-11-06
16086,12086,Monthly,9.99,2025-09-12,,Active,
16087,12087,Annual,6.99,2025-09-26,2026-03-10,Churned,2026-03-10
16088,12088,Annual,6.99,2025-09-14,2025-11-16,Churned,2025-11-16
16089,12089,Monthly,9.99,2025-09-02,2026-06-29,Churned,2026-06-29
16090,12090,Monthly,9.99,2025-09-21,,Active,
16091,12091,Monthly,9.99,2025-09-23,,Active,
16092,12092,Monthly,9.99,2025-09-12,2026-07-05,Churned,2026-07-05
16093,12093,Monthly,0.0,2025-09-28,2026-03-03,Churned,2026-03-03
16094,12094,Monthly,9.99,2025-09-13,,Active,
16095,12095,Monthly,9.99,2025-09-08,,Active,
16096,12096,Annual,6.99,2025-09-22,,Active,
16097,12097,Monthly,9.99,2025-09-04,2025-12-30,Churned,2025-12-30
16098,12098,Monthly,9.99,2025-09-30,,Active,
16099,12099,Monthly,9.99,2025-09-21,,Active,
16100,12100,Monthly,9.99,2025-09-10,,Active,
16101,12101,Monthly,9.99,2025-09-03,,Active,
16102,12102,Monthly,9.99,2025-09-18,2026-05-02,Churned,2026-05-02
16103,12103,Annual,6.99,2025-09-18,2026-06-15,Churned,2026-06-15
16104,12104,Annual,6.99,2025-09-24,,Active,
16105,12105,Monthly,9.99,2025-09-09,,Active,
16106,12106,Annual,6.99,2025-09-07,2026-04-05,Churned,2026-04-05
16107,12107,Monthly,9.99,2025-09-13,2026-06-08,Churned,2026-06-08
16108,12108,Annual,6.99,2025-09-25,,Active,
16109,12109,Annual,6.99,2025-09-28,2026-03-21,Churned,2026-03-21
16110,12110,Monthly,9.99,2025-09-11,,Active,
16111,12111,Annual,6.99,2025-09-02,2026-01-23,Churned,2026-01-23
16112,12112,Monthly,9.99,2025-09-04,,Active,
16113,12113,Annual,6.99,2025-09-17,,Active,
16114,12114,Annual,6.99,2025-09-01,,Active,
16115,12115,Monthly,9.99,2025-09-22,,Active,
16116,12116,Monthly,9.99,2025-09-01,,Active,
16117,12117,Monthly,9.99,2025-09-13,,Active,
16118,12118,Annual,6.99,2025-09-24,2025-12-09,Churned,2025-12-09
16119,12119,Monthly,9.99,2025-09-15,,ACTIVE,
16120,12120,Monthly,9.99,2025-09-21,,Active,
16121,12121,Annual,6.99,2025-09-11,,Active,
16122,12122,Monthly,9.99,2025-09-24,,Active,
16123,12123,Monthly,9.99,2025-09-13,2025-10-14,Churned,2025-10-14
16124,12124,Monthly,9.99,2025-09-23,,Active,
16125,12125,Monthly,9.99,2025-09-29,,Active,
16126,12126,Monthly,9.99,2025-09-12,,Active,
16127,12127,Annual,6.99,2025-09-07,,ACTIVE,
16128,12128,Monthly,9.99,2025-09-28,2025-11-23,Churned,2025-11-23
16129,12129,Monthly,9.99,2025-09-21,2025-12-13,Churned,2025-12-13
16130,12130,Monthly,9.99,2025-09-27,,Active,
16131,12131,Monthly,9.99,2025-09-12,2026-02-04,Churned,2026-02-04
16132,12132,Annual,6.99,2025-09-11,,Active,
16133,12133,Monthly,9.99,2025-09-04,2026-06-08,Churned,2026-06-08
16134,12134,Monthly,9.99,2025-09-24,2026-07-01,Churned,2026-07-01
16135,12135,Annual,6.99,2025-09-26,2026-03-14,Churned,2026-03-14
16136,12136,Monthly,9.99,2025-09-25,2025-11-07,Churned,2025-11-07
16137,12137,Monthly,9.99,2025-09-09,2025-10-10,Churned,2025-10-10
16138,12138,Monthly,9.99,2025-09-15,2026-04-26,Churned,2026-04-26
16139,12139,Monthly,9.99,2025-09-15,,Active,
16140,12140,Annual,6.99,2025-09-04,2025-10-14,Churned,2025-10-14
16141,12141,Annual,6.99,2025-09-01,2025-12-14,Churned,2025-12-14
16142,12142,Annual,6.99,2025-09-11,2025-10-06,Churned,2025-10-06
16143,12143,Monthly,9.99,2025-09-16,,Active,
16144,12144,Annual,6.99,2025-09-30,,Active,
16145,12145,Monthly,9.99,2025-09-27,,Active,
16146,12146,Monthly,9.99,2025-09-22,,Active,
16147,12147,Monthly,9.99,2025-09-29,,Active,
16148,12148,Annual,6.99,2025-09-24,,Active,
16149,12149,Annual,6.99,2025-09-16,2026-02-24,Churned,2026-02-24
16150,12150,Monthly,9.99,2025-09-28,,Active,
16151,12151,Monthly,9.99,2025-09-28,2025-12-11,Churned,2025-12-11
16152,12152,Annual,6.99,2025-09-07,,Active,
16153,12153,Annual,6.99,2025-09-09,,Active,
16154,12154,Monthly,9.99,2025-09-30,,Active,
16155,12155,Monthly,9.99,2025-09-01,2025-11-15,Churned,2025-11-15
16156,12156,Monthly,9.99,2025-09-16,2026-03-25,Churned,2026-03-25
16157,12157,Annual,6.99,2025-09-12,,Active,
16158,12158,Monthly,9.99,2025-09-23,2025-12-27,Churned,2025-12-27
16159,12159,Annual,6.99,2025-09-29,,Active,
16160,12160,Monthly,9.99,2025-09-10,,Active,
16161,12161,Annual,6.99,2025-09-07,,Active,
16162,12162,Annual,6.99,2025-09-10,,Active,
16163,12163,Annual,6.99,2025-09-22,,Active,
16164,12164,Annual,6.99,2025-09-11,,Active,
16165,12165,Monthly,9.99,2025-09-20,,Active,
16166,12166,Monthly,9.99,2025-09-11,2026-04-18,Churned,2026-04-18
16167,12167,Monthly,9.99,2025-09-23,2026-05-04,Churned,2026-05-04
16168,12168,Monthly,9.99,2025-09-02,,Active,
16169,12169,Annual,6.99,2025-09-11,,Active,
16170,12170,Monthly,9.99,2025-09-10,2026-02-15,Churned,2026-02-15
16171,12171,Monthly,9.99,2025-09-18,,Active,
16172,12172,Monthly,9.99,2025-09-20,2026-02-09,Churned,2026-02-09
16173,12173,Annual,6.99,2025-09-22,,Active,
16174,12174,Monthly,9.99,2025-09-28,2025-12-04,Churned,2025-12-04
16175,12175,Annual,6.99,2025-09-24,2026-06-12,Churned,2026-06-12
16176,12176,Annual,6.99,2025-09-02,,Active,
16177,12177,Annual,6.99,2025-09-21,,Active,
16178,12178,Monthly,9.99,2025-09-01,2026-01-13,Churned,2026-01-13
16179,12179,Annual,6.99,2025-09-13,2025-11-13,Churned,2025-11-13
16180,12180,Annual,6.99,2025-09-18,,Active,
16181,12181,Monthly,9.99,2025-09-10,2026-04-01,Churned,2026-04-01
16182,12182,Annual,6.99,2025-09-21,,Active,
16183,12183,Annual,6.99,2025-09-24,,Active,
16184,12184,Monthly,9.99,2025-09-19,,Active,
16185,12185,Monthly,9.99,2025-09-16,2026-01-08,Churned,2026-01-08
16186,12186,Annual,6.99,2025-09-30,,Active,
16187,12187,Annual,6.99,2025-09-20,,Active,
16188,12188,Annual,6.99,2025-09-07,,Active,
16189,12189,Monthly,9.99,2025-09-20,,Active,
16190,12190,Monthly,9.99,2025-09-15,,Active,
16191,12191,Annual,6.99,2025-09-01,2025-12-23,Churned,2025-12-23
16192,12192,Monthly,9.99,2025-09-28,,Active,
16193,12193,Monthly,9.99,2025-09-24,2025-10-01,Churned,2025-10-01
16194,12194,Monthly,9.99,2025-09-19,,Active,
16195,12195,Monthly,9.99,2025-09-21,,Active,
16196,12196,Monthly,9.99,2025-09-18,,active,
16197,12197,Monthly,9.99,2025-09-11,,Active,
16198,12198,Monthly,9.99,2025-09-28,,Active,
16199,12199,Monthly,9.99,2025-09-17,,Active,
16200,12200,Annual,6.99,2025-09-11,,Active,
16201,12201,Annual,6.99,2025-09-21,2025-11-06,Churned,2025-11-06
16202,12202,Monthly,9.99,2025-09-05,,Active,
16203,12203,Monthly,9.99,2025-09-10,,Active,
16204,12204,Annual,6.99,2025-09-04,2026-04-05,Churned,2026-04-05
16205,12205,Annual,6.99,2025-09-03,2026-03-18,Churned,2026-03-18
16206,12206,Monthly,9.99,2025-09-25,,active,
16207,12207,Annual,6.99,2025-09-14,,Active,
16208,12208,Monthly,9.99,2025-09-26,,Active,
16209,12209,Annual,6.99,2025-09-20,,Active,
16210,12210,Monthly,9.99,2025-09-08,,Active,
16211,12211,Monthly,9.99,2025-09-07,,Active,
16212,12212,Monthly,9.99,2025-09-14,2026-07-06,Churned,2026-07-06
16213,12213,Monthly,9.99,2025-09-03,,Active,
16214,12214,Annual,6.99,2025-09-18,2025-12-03,Churned,2025-12-03
16215,12215,Monthly,9.99,2025-09-14,2026-02-13,Churned,2026-02-13
16216,12216,Monthly,9.99,2025-09-05,,Active,
16217,12217,Annual,6.99,2025-09-16,,Active,
16218,12218,Annual,6.99,2025-09-26,2025-10-18,Churned,2025-10-18
16219,12219,Monthly,9.99,2025-09-28,2026-02-05,Churned,2026-02-05
16220,12220,Monthly,9.99,2025-09-13,2026-05-06,Churned,2026-05-06
16221,12221,Monthly,9.99,2025-09-03,,Active,
16222,12222,Annual,6.99,2025-09-26,,Active,
16223,12223,Annual,6.99,2025-09-17,,Active,
16224,12224,Monthly,9.99,2025-09-23,,Active,
16225,12225,Annual,6.99,2025-09-02,,Active,
16226,12226,Monthly,9.99,2025-09-09,,Active,
16227,12227,Monthly,9.99,2025-09-09,,Active,
16228,12228,Monthly,9.99,2025-09-22,,Active,
16229,12229,Annual,6.99,2025-09-21,,Active,
16230,12230,Monthly,9.99,2025-09-23,,Active,
16231,12231,Monthly,9.99,2025-09-12,,Active,
16232,12232,Monthly,9.99,2025-09-10,,Active,
16233,12233,Monthly,9.99,2025-09-06,,Active,
16234,12234,Monthly,9.99,2025-09-08,2025-10-08,Churned,2025-10-08
16235,12235,Annual,6.99,2025-09-05,,Active,
16236,12236,Monthly,9.99,2025-09-25,,Active,
16237,12237,Annual,6.99,2025-09-21,2026-01-22,Churned,2026-01-22
16238,12238,Monthly,9.99,2025-09-21,2025-10-10,Churned,2025-10-10
16239,12239,Annual,6.99,2025-09-27,,Active,
16240,12240,Monthly,9.99,2025-09-23,2026-07-01,Churned,2026-07-01
16241,12241,Monthly,9.99,2025-09-10,,Active,
16242,12242,Monthly,9.99,2025-09-10,,Active,
16243,12243,Annual,0.0,2025-09-04,2026-01-17,Churned,2026-01-17
16244,12244,Annual,6.99,2025-09-22,,Active,
16245,12245,Annual,6.99,2025-09-27,2025-12-21,Churned,2025-12-21
16246,12246,Monthly,9.99,2025-09-22,2025-12-21,Churned,2025-12-21
16247,12247,Annual,6.99,2025-09-15,,Active,
16248,12248,Monthly,9.99,2025-09-10,2026-04-21,Churned,2026-04-21
16249,12249,Annual,6.99,2025-09-14,2026-03-05,Churned,2026-03-05
16250,12250,Monthly,9.99,2025-09-09,,Active,
16251,12251,Monthly,9.99,2025-09-05,,active,
16252,12252,Monthly,9.99,2025-09-13,,Active,
16253,12253,Monthly,9.99,2025-09-08,2026-01-07,Churned,2026-01-07
16254,12254,Monthly,9.99,2025-09-23,2025-11-15,Churned,2025-11-15
16255,12255,Monthly,9.99,2025-09-28,,Active,
16256,12256,Annual,6.99,2025-09-06,2026-02-01,Churned,2026-02-01
16257,12257,Monthly,9.99,2025-09-01,2026-03-23,Churned,2026-03-23
16258,12258,Monthly,9.99,2025-09-27,,Active,
16259,12259,Annual,6.99,2025-09-09,2025-12-01,Churned,2025-12-01
16260,12260,Annual,6.99,2025-09-08,2026-05-04,Churned,2026-05-04
16261,12261,Monthly,9.99,2025-09-26,,Active,
16262,12262,Monthly,9.99,2025-09-26,2025-11-17,Churned,2025-11-17
16263,12263,Monthly,9.99,2025-09-18,,Active,
16264,12264,Annual,6.99,2025-09-05,,Active,
16265,12265,Monthly,9.99,2025-09-22,,Active,
16266,12266,Annual,6.99,2025-09-23,,Active,
16267,12267,Annual,6.99,2025-09-14,,Active,
16268,12268,Monthly,9.99,2025-09-17,,Active,
16269,12269,Annual,6.99,2025-09-17,,Active,
16270,12270,Annual,6.99,2025-09-20,2025-11-04,Churned,2025-11-04
16271,12271,Annual,6.99,2025-09-16,2026-03-18,Churned,2026-03-18
16272,12272,Annual,6.99,2025-09-30,,Active,
16273,12273,Annual,6.99,2025-09-02,,ACTIVE,
16274,12274,Annual,6.99,2025-09-02,,Active,
16275,12275,Monthly,9.99,2025-09-05,2026-01-18,Churned,2026-01-18
16276,12276,Monthly,9.99,2025-09-05,,Active,
16277,12277,Annual,6.99,2025-09-15,,Active,
16278,12278,Monthly,9.99,2025-09-03,,Active,
16279,12279,Monthly,9.99,2025-09-06,2025-10-12,Churned,2025-10-12
16280,12280,Annual,6.99,2025-09-16,2026-05-06,Churned,2026-05-06
16281,12281,Annual,6.99,2025-09-27,,Active,
16282,12282,Annual,6.99,2025-09-25,2025-11-13,Churned,2025-11-13
16283,12283,Monthly,9.99,2025-09-07,,Active,
16284,12284,Monthly,9.99,2025-09-02,2025-10-15,Churned,2025-10-15
16285,12285,Annual,6.99,2025-09-23,,Active,
16286,12286,Annual,6.99,2025-09-24,,Active,
16287,12287,Annual,6.99,2025-09-28,2026-05-17,Churned,2026-05-17
16288,12288,Monthly,0.0,2025-09-13,2025-12-21,Churned,2025-12-21
16289,12289,Annual,6.99,2025-09-02,,Active,
16290,12290,Monthly,9.99,2025-09-29,2025-11-08,Churned,2025-11-08
16291,12291,Monthly,9.99,2025-09-09,2026-01-17,Churned,2026-01-17
16292,12292,Monthly,9.99,2025-09-12,,Active,
16293,12293,Annual,6.99,2025-09-13,,Active,
16294,12294,Monthly,9.99,2025-09-30,,Active,
16295,12295,Monthly,9.99,2025-09-11,2026-04-07,Churned,2026-04-07
16296,12296,Monthly,9.99,2025-09-17,,Active,
16297,12297,Monthly,9.99,2025-09-16,2025-10-10,Churned,2025-10-10
16298,12298,Monthly,9.99,2025-09-30,2026-02-15,Churned,2026-02-15
16299,12299,Annual,6.99,2025-09-29,2026-03-09,Churned,2026-03-09
16300,12300,Monthly,9.99,2025-09-19,,Active,
16301,12301,Monthly,9.99,2025-09-04,,Active,
16302,12302,Monthly,9.99,2025-09-11,,Active,
16303,12303,Monthly,9.99,2025-09-20,2025-10-18,Churned,2025-10-18
16304,12304,Monthly,9.99,2025-09-25,,Active,
16305,12305,Monthly,9.99,2025-09-23,2026-05-09,Churned,2026-05-09
16306,12306,Annual,6.99,2025-09-15,,ACTIVE,
16307,12307,Annual,6.99,2025-09-21,2025-12-02,Churned,2025-12-02
16308,12308,Monthly,9.99,2025-09-10,,Active,
16309,12309,Monthly,9.99,2025-09-20,2025-10-09,Churned,2025-10-09
16310,12310,Monthly,9.99,2025-09-15,,Active,
16311,12311,Monthly,9.99,2025-09-21,,Active,
16312,12312,Monthly,9.99,2025-09-27,,Active,
16313,12313,Annual,6.99,2025-09-25,2026-01-14,Churned,2026-01-14
16314,12314,Monthly,9.99,2025-09-22,,Active,
16315,12315,Monthly,9.99,2025-09-24,2026-01-15,Churned,2026-01-15
16316,12316,Annual,6.99,2025-09-06,2026-05-23,Churned,2026-05-23
16317,12317,Annual,6.99,2025-09-06,,Active,
16318,12318,Annual,6.99,2025-09-26,,Active,
16319,12319,Annual,6.99,2025-09-17,,Active,
16320,12320,Monthly,9.99,2025-09-13,,Active,
16321,12321,Monthly,9.99,2025-09-20,2025-11-30,Churned,2025-11-30
16322,12322,Monthly,9.99,2025-09-03,,Active,
16323,12323,Monthly,9.99,2025-09-05,,Active,
16324,12324,Monthly,9.99,2025-09-05,,Active,
16325,12325,Monthly,9.99,2025-09-17,2026-05-11,Churned,2026-05-11
16326,12326,Annual,6.99,2025-09-02,,Active,
16327,12327,Annual,6.99,2025-09-02,2026-02-08,Churned,2026-02-08
16328,12328,Monthly,9.99,2025-09-21,2026-05-21,Churned,2026-05-21
16329,12329,Monthly,9.99,2025-09-23,,Active,
16330,12330,Monthly,9.99,2025-09-08,,Active,
16331,12331,Monthly,9.99,2025-09-21,2025-10-12,Churned,2025-10-12
16332,12332,Annual,6.99,2025-09-03,,Active,
16333,12333,Annual,6.99,2025-09-13,,Active,
16334,12334,Monthly,9.99,2025-09-11,2026-02-26,Churned,2026-02-26
16335,12335,Monthly,9.99,2025-09-11,2026-01-10,Churned,2026-01-10
16336,12336,Annual,6.99,2025-09-27,2026-03-05,Churned,2026-03-05
16337,12337,Monthly,9.99,2025-09-03,,Active,
16338,12338,Monthly,9.99,2025-09-19,,Active,
16339,12339,Monthly,9.99,2025-09-09,2026-03-04,Churned,2026-03-04
16340,12340,Monthly,9.99,2025-09-15,2025-12-24,Churned,2025-12-24
16341,12341,Monthly,9.99,2025-09-07,2026-02-27,Churned,2026-02-27
16342,12342,Monthly,9.99,2025-09-22,2025-11-15,Churned,2025-11-15
16343,12343,Monthly,9.99,2025-09-02,2025-10-14,Churned,2025-10-14
16344,12344,Monthly,9.99,2025-09-03,2025-11-27,Churned,2025-11-27
16345,12345,Monthly,9.99,2025-09-10,,ACTIVE,
16346,12346,Monthly,9.99,2025-09-27,2026-01-06,Churned,2026-01-06
16347,12347,Monthly,9.99,2025-09-01,2025-12-10,Churned,2025-12-10
16348,12348,Monthly,9.99,2025-09-06,2025-11-06,Churned,2025-11-06
16349,12349,Monthly,9.99,2025-09-15,2026-02-20,Churned,2026-02-20
16350,12350,Monthly,9.99,2025-09-01,,Active,
16351,12351,Annual,6.99,2025-09-17,,Active,
16352,12352,Annual,6.99,2025-09-11,,Active,
16353,12353,Annual,6.99,2025-09-20,,Active,
16354,12354,Monthly,9.99,2025-09-02,2026-07-01,Churned,2026-07-01
16355,12355,Annual,6.99,2025-09-06,,ACTIVE,
16356,12356,Monthly,9.99,2025-09-06,2026-02-20,Churned,2026-02-20
16357,12357,Annual,6.99,2025-09-23,,Active,
16358,12358,Annual,6.99,2025-09-23,2025-10-02,Churned,2025-10-02
16359,12359,Monthly,9.99,2025-09-04,2026-06-27,Churned,2026-06-27
16360,12360,Monthly,9.99,2025-09-13,2026-05-16,Churned,2026-05-16
16361,12361,Annual,6.99,2025-09-22,2025-12-11,Churned,2025-12-11
16362,12362,Monthly,9.99,2025-09-01,2025-10-02,Churned,2025-10-02
16363,12363,Annual,6.99,2025-09-04,,Active,
16364,12364,Monthly,9.99,2025-09-20,2025-11-08,Churned,2025-11-08
16365,12365,Annual,6.99,2025-09-17,2026-03-31,Churned,2026-03-31
16366,12366,Annual,6.99,2025-09-22,,Active,
16367,12367,Annual,6.99,2025-09-14,,Active,
16368,12368,Annual,6.99,2025-09-28,,Active,
16369,12369,Monthly,9.99,2025-09-04,2025-12-05,Churned,2025-12-05
16370,12370,Monthly,9.99,2025-09-05,2026-03-12,Churned,2026-03-12
16371,12371,Annual,6.99,2025-09-20,2026-05-02,Churned,2026-05-02
16372,12372,Monthly,9.99,2025-09-26,,Active,
16373,12373,Monthly,9.99,2025-09-01,,Active,
16374,12374,Annual,6.99,2025-09-22,2026-07-05,Churned,2026-07-05
16375,12375,Monthly,9.99,2025-09-30,2026-03-20,Churned,2026-03-20
16376,12376,Annual,6.99,2025-09-17,2025-12-18,churned,2025-12-18
16377,12377,Monthly,9.99,2025-09-25,,Active,
16378,12378,Monthly,9.99,2025-09-08,2026-03-09,Churned,2026-03-09
16379,12379,Annual,6.99,2025-09-25,2026-03-14,Churned,2026-03-14
16380,12380,Annual,6.99,2025-09-14,,Active,
16381,12381,Annual,6.99,2025-09-09,,Active,
16382,12382,Monthly,9.99,2025-09-06,2025-10-08,Churned,2025-10-08
16383,12383,Monthly,9.99,2025-09-26,,Active,
16384,12384,Monthly,9.99,2025-09-22,,Active,
16385,12385,Annual,6.99,2025-09-24,2025-11-21,Churned,2025-11-21
16386,12386,Annual,6.99,2025-09-22,2025-12-20,Churned,2025-12-20
16387,12387,Annual,6.99,2025-09-08,2026-01-11,Churned,2026-01-11
16388,12388,Annual,6.99,2025-09-06,,Active,
16389,12389,Monthly,9.99,2025-09-20,2025-10-09,Churned,2025-10-09
16390,12390,Monthly,9.99,2025-09-08,,Active,
16391,12391,Monthly,9.99,2025-09-20,2026-01-20,Churned,2026-01-20
16392,12392,Annual,6.99,2025-09-28,,Active,
16393,12393,Monthly,9.99,2025-09-23,2025-10-03,Churned,2025-10-03
16394,12394,Monthly,9.99,2025-09-15,,Active,
16395,12395,Annual,6.99,2025-09-28,,Active,
16396,12396,Monthly,9.99,2025-09-17,,Active,
16397,12397,Monthly,9.99,2025-09-15,2025-12-19,Churned,2025-12-19
16398,12398,Monthly,9.99,2025-09-29,2026-06-19,Churned,2026-06-19
16399,12399,Monthly,9.99,2025-09-11,,Active,
16400,12400,Annual,6.99,2025-09-07,,Active,
16401,12401,Monthly,9.99,2025-09-05,,Active,
16402,12402,Monthly,9.99,2025-09-19,2026-01-31,Churned,2026-01-31
16403,12403,Monthly,9.99,2025-09-16,,Active,
16404,12404,Annual,6.99,2025-09-24,,Active,
16405,12405,Annual,6.99,2025-09-05,,Active,
16406,12406,Monthly,9.99,2025-09-10,,Active,
16407,12407,Monthly,9.99,2025-09-04,2026-07-04,Churned,2026-07-04
16408,12408,Monthly,9.99,2025-09-10,2025-11-08,Churned,2025-11-08
16409,12409,Monthly,9.99,2025-09-29,2026-04-17,Churned,2026-04-17
16410,12410,Monthly,9.99,2025-09-27,,Active,
16411,12411,Monthly,9.99,2025-09-15,,Active,
16412,12412,Annual,0.0,2025-09-03,,Active,
16413,12413,Monthly,9.99,2025-09-30,2026-02-16,Churned,2026-02-16
16414,12414,Monthly,9.99,2025-09-05,2025-12-18,Churned,2025-12-18
16415,12415,Monthly,9.99,2025-09-04,,Active,
16416,12416,Monthly,9.99,2025-09-13,,Active,
16417,12417,Monthly,9.99,2025-09-29,,Active,
16418,12418,Annual,6.99,2025-09-24,,Active,
16419,12419,Annual,6.99,2025-09-11,,Active,
16420,12420,Annual,6.99,2025-09-14,,Active,
16421,12421,Monthly,9.99,2025-09-02,,Active,
16422,12422,Monthly,9.99,2025-09-09,,Active,
16423,12423,Monthly,9.99,2025-09-21,,Active,
16424,12424,Monthly,9.99,2025-09-13,2026-02-04,Churned,2026-02-04
16425,12425,Monthly,9.99,2025-09-30,,active,
16426,12426,Monthly,9.99,2025-09-14,,Active,
16427,12427,Monthly,9.99,2025-09-26,,Active,
16428,12428,Monthly,9.99,2025-09-22,,Active,
16429,12429,Monthly,9.99,2025-09-16,2026-03-17,Churned,2026-03-17
16430,12430,Monthly,9.99,2025-09-27,,Active,
16431,12431,Monthly,9.99,2025-09-27,,Active,
16432,12432,Monthly,9.99,2025-09-10,2025-11-27,Churned,2025-11-27
16433,12433,Annual,6.99,2025-09-09,,Active,
16434,12434,Monthly,9.99,2025-09-22,2025-10-14,Churned,2025-10-14
16435,12435,Monthly,9.99,2025-09-01,,Active,
16436,12436,Annual,6.99,2025-09-22,,Active,
16437,12437,Monthly,9.99,2025-09-14,2025-10-26,Churned,2025-10-26
16438,12438,Monthly,9.99,2025-09-24,,Active,
16439,12439,Monthly,9.99,2025-09-04,,Active,
16440,12440,Annual,6.99,2025-09-18,,Active,
16441,12441,Annual,6.99,2025-09-17,,Active,
16442,12442,Annual,6.99,2025-09-01,2026-01-20,Churned,2026-01-20
16443,12443,Monthly,9.99,2025-09-16,,Active,
16444,12444,Monthly,9.99,2025-09-20,,Active,
16445,12445,Monthly,9.99,2025-09-13,2025-11-18,Churned,2025-11-18
16446,12446,Annual,0.0,2025-09-19,,Active,
16447,12447,Monthly,9.99,2025-09-10,2025-10-14,Churned,2025-10-14
16448,12448,Monthly,9.99,2025-09-19,,Active,
16449,12449,Monthly,9.99,2025-09-08,,Active,
16450,12450,Monthly,9.99,2025-09-09,,Active,
16451,12451,Monthly,9.99,2025-09-03,,Active,
16452,12452,Monthly,9.99,2025-09-03,,Active,
16453,12453,Annual,6.99,2025-09-05,,Active,
16454,12454,Monthly,9.99,2025-09-06,,Active,
16455,12455,Annual,6.99,2025-09-22,,Active,
16456,12456,Monthly,9.99,2025-09-07,,Active,
16457,12457,Monthly,9.99,2025-09-11,,Active,
16458,12458,Annual,6.99,2025-09-06,,Active,
16459,12459,Monthly,9.99,2025-09-13,,Active,
16460,12460,Monthly,9.99,2025-09-08,,Active,
16461,12461,Monthly,9.99,2025-09-10,2026-05-13,Churned,2026-05-13
16462,12462,Monthly,9.99,2025-09-03,2026-02-26,Churned,2026-02-26
16463,12463,Monthly,9.99,2025-09-16,2026-03-31,Churned,2026-03-31
16464,12464,Annual,6.99,2025-09-09,,Active,
16465,12465,Monthly,9.99,2025-09-20,,Active,
16466,12466,Annual,6.99,2025-09-30,,Active,
16467,12467,Annual,6.99,2025-09-15,2025-10-15,Churned,2025-10-15
16468,12468,Monthly,9.99,2025-09-16,2026-02-25,Churned,2026-02-25
16469,12469,Monthly,9.99,2025-09-25,,Active,
16470,12470,Monthly,9.99,2025-09-11,,Active,
16471,12471,Annual,6.99,2025-09-05,,ACTIVE,
16472,12472,Monthly,9.99,2025-09-22,,Active,
16473,12473,Annual,6.99,2025-09-20,,Active,
16474,12474,Monthly,9.99,2025-09-15,,Active,
16475,12475,Annual,6.99,2025-09-12,2025-11-29,Churned,2025-11-29
16476,12476,Monthly,9.99,2025-09-01,,Active,
16477,12477,Monthly,9.99,2025-09-17,2026-07-02,Churned,2026-07-02
16478,12478,Annual,6.99,2025-09-17,2026-07-04,Churned,2026-07-04
16479,12479,Monthly,9.99,2025-09-16,,Active,
16480,12480,Monthly,9.99,2025-09-10,,Active,
16481,12481,Monthly,9.99,2025-09-05,2026-01-26,CHURNED,2026-01-26
16482,12482,Monthly,9.99,2025-09-18,2025-12-19,Churned,2025-12-19
16483,12483,Monthly,9.99,2025-09-19,2025-10-20,Churned,2025-10-20
16484,12484,Annual,6.99,2025-09-06,,Active,
16485,12485,Annual,6.99,2025-09-04,,Active,
16486,12486,Annual,6.99,2025-09-15,2026-01-16,Churned,2026-01-16
16487,12487,Annual,6.99,2025-09-02,,Active,
16488,12488,Monthly,9.99,2025-09-06,,Active,
16489,12489,Annual,6.99,2025-09-20,2025-11-22,Churned,2025-11-22
16490,12490,Annual,6.99,2025-09-09,,Active,
16491,12491,Annual,6.99,2025-09-14,2025-11-22,Churned,2025-11-22
16492,12492,Monthly,9.99,2025-09-21,,Active,
16493,12493,Monthly,9.99,2025-09-06,,Active,
16494,12494,Monthly,9.99,2025-09-07,2026-02-05,Churned,2026-02-05
16495,12495,Monthly,9.99,2025-09-09,2025-12-13,Churned,2025-12-13
16496,12496,Annual,6.99,2025-09-13,2026-03-17,Churned,2026-03-17
16497,12497,Monthly,9.99,2025-09-17,,Active,
16498,12498,Annual,6.99,2025-09-03,,Active,
16499,12499,Monthly,9.99,2025-09-15,2026-03-23,Churned,2026-03-23
16500,12500,Annual,6.99,2025-09-21,2026-02-03,Churned,2026-02-03
16501,12501,Monthly,9.99,2025-09-26,2025-10-14,Churned,2025-10-14
16502,12502,Monthly,9.99,2025-09-17,,Active,
16503,12503,Monthly,9.99,2025-09-19,2026-02-14,CHURNED,2026-02-14
16504,12504,Monthly,9.99,2025-09-25,2026-06-23,Churned,2026-06-23
16505,12505,Annual,6.99,2025-09-22,2025-11-03,Churned,2025-11-03
16506,12506,Annual,6.99,2025-09-17,2025-12-08,Churned,2025-12-08
16507,12507,Monthly,9.99,2025-09-17,2025-10-10,Churned,2025-10-10
16508,12508,Monthly,9.99,2025-09-30,2025-11-04,Churned,2025-11-04
16509,12509,Annual,6.99,2025-09-23,2026-03-30,Churned,2026-03-30
16510,12510,Annual,6.99,2025-09-08,2025-12-02,Churned,2025-12-02
16511,12511,Annual,6.99,2025-09-14,,Active,
16512,12512,Monthly,9.99,2025-09-23,,Active,
16513,12513,Monthly,9.99,2025-09-16,,Active,
16514,12514,Monthly,9.99,2025-09-13,2025-11-02,Churned,2025-11-02
16515,12515,Annual,6.99,2025-09-19,,Active,
16516,12516,Monthly,9.99,2025-09-12,,Active,
16517,12517,Annual,6.99,2025-09-21,,Active,
16518,12518,Annual,6.99,2025-09-22,,Active,
16519,12519,Monthly,9.99,2025-09-27,,Active,
16520,12520,Monthly,9.99,2025-09-29,2025-10-24,Churned,2025-10-24
16521,12521,Monthly,9.99,2025-09-22,,Active,
16522,12522,Monthly,9.99,2025-09-23,2026-01-08,Churned,2026-01-08
16523,12523,Annual,6.99,2025-09-24,2026-03-10,Churned,2026-03-10
16524,12524,Annual,6.99,2025-09-10,,Active,
16525,12525,Annual,6.99,2025-09-28,2026-02-26,Churned,2026-02-26
16526,12526,Annual,6.99,2025-09-16,,Active,
16527,12527,Monthly,9.99,2025-09-27,2026-02-05,Churned,2026-02-05
16528,12528,Monthly,9.99,2025-09-07,,Active,
16529,12529,Monthly,9.99,2025-09-10,,Active,
16530,12530,Monthly,9.99,2025-09-19,,Active,
16531,12531,Annual,6.99,2025-09-18,2026-03-07,Churned,2026-03-07
16532,12532,Annual,6.99,2025-09-13,,Active,
16533,12533,Monthly,9.99,2025-09-07,2026-02-12,Churned,2026-02-12
16534,12534,Monthly,9.99,2025-09-07,,Active,
16535,12535,Monthly,9.99,2025-09-22,2025-12-24,Churned,2025-12-24
16536,12536,Monthly,9.99,2025-09-01,,Active,
16537,12537,Monthly,9.99,2025-09-04,2025-12-20,Churned,2025-12-20
16538,12538,Monthly,9.99,2025-09-28,,Active,
16539,12539,Monthly,9.99,2025-09-30,2026-07-02,churned,2026-07-02
16540,12540,Monthly,9.99,2025-09-03,2026-01-30,Churned,2026-01-30
16541,12541,Monthly,9.99,2025-09-05,,Active,
16542,12542,Monthly,0.0,2025-09-10,,Active,
16543,12543,Annual,6.99,2025-09-18,,Active,
16544,12544,Annual,6.99,2025-09-06,,Active,
16545,12545,Monthly,9.99,2025-09-30,,Active,
16546,12546,Annual,6.99,2025-09-15,2026-03-09,Churned,2026-03-09
16547,12547,Monthly,9.99,2025-09-17,,Active,
16548,12548,Monthly,9.99,2025-09-06,,active,
16549,12549,Monthly,9.99,2025-09-10,,Active,
16550,12550,Annual,6.99,2025-09-23,2026-04-04,Churned,2026-04-04
16551,12551,Annual,6.99,2025-09-19,,Active,
16552,12552,Monthly,9.99,2025-09-07,2025-10-27,Churned,2025-10-27
16553,12553,Monthly,9.99,2025-09-14,,Active,
16554,12554,Annual,6.99,2025-09-06,,Active,
16555,12555,Monthly,9.99,2025-09-13,,Active,
16556,12556,Monthly,9.99,2025-09-07,,Active,
16557,12557,Annual,6.99,2025-09-30,,Active,
16558,12558,Annual,6.99,2025-09-09,,Active,
16559,12559,Annual,6.99,2025-09-15,,Active,
16560,12560,Monthly,9.99,2025-09-20,,Active,
16561,12561,Annual,6.99,2025-09-02,,Active,
16562,12562,Annual,6.99,2025-09-07,2026-03-03,Churned,2026-03-03
16563,12563,Monthly,9.99,2025-09-30,2026-07-05,Churned,2026-07-05
16564,12564,Monthly,9.99,2025-09-21,2026-03-12,Churned,2026-03-12
16565,12565,Monthly,9.99,2025-09-08,2025-10-06,CHURNED,2025-10-06
16566,12566,Monthly,9.99,2025-09-13,,Active,
16567,12567,Monthly,9.99,2025-09-26,,Active,
16568,12568,Monthly,9.99,2025-09-06,2025-11-24,Churned,2025-11-24
16569,12569,Monthly,9.99,2025-09-09,,Active,
16570,12570,Monthly,9.99,2025-09-08,,Active,
16571,12571,Monthly,9.99,2025-09-20,2026-03-04,Churned,2026-03-04
16572,12572,Annual,6.99,2025-09-16,2026-01-21,Churned,2026-01-21
16573,12573,Monthly,9.99,2025-09-16,,Active,
16574,12574,Monthly,9.99,2025-09-12,2026-01-06,Churned,2026-01-06
16575,12575,Annual,6.99,2025-09-10,,ACTIVE,
16576,12576,Annual,6.99,2025-09-16,2026-03-23,Churned,2026-03-23
16577,12577,Monthly,9.99,2025-09-24,,Active,
16578,12578,Monthly,9.99,2025-09-25,2025-10-21,Churned,2025-10-21
16579,12579,Annual,6.99,2025-09-24,2025-12-13,Churned,2025-12-13
16580,12580,Monthly,9.99,2025-09-02,2026-05-20,Churned,2026-05-20
16581,12581,Annual,6.99,2025-09-15,2026-03-17,Churned,2026-03-17
16582,12582,Monthly,9.99,2025-09-12,2025-10-19,Churned,2025-10-19
16583,12583,Monthly,9.99,2025-09-29,,Active,
16584,12584,Monthly,9.99,2025-09-13,2026-07-02,Churned,2026-07-02
16585,12585,Monthly,9.99,2025-09-08,,Active,
16586,12586,Monthly,9.99,2025-09-08,,Active,
16587,12587,Monthly,9.99,2025-09-06,2025-12-04,Churned,2025-12-04
16588,12588,Monthly,9.99,2025-09-14,,Active,
16589,12589,Monthly,9.99,2025-09-08,,Active,
16590,12590,Annual,6.99,2025-09-17,2026-01-15,Churned,2026-01-15
16591,12591,Annual,6.99,2025-09-07,,Active,
16592,12592,Monthly,9.99,2025-09-18,,Active,
16593,12593,Annual,6.99,2025-09-19,,Active,
16594,12594,Monthly,9.99,2025-09-21,,Active,
16595,12595,Annual,6.99,2025-09-27,2026-05-21,Churned,2026-05-21
16596,12596,Annual,6.99,2025-09-03,,Active,
16597,12597,Annual,6.99,2025-09-02,,Active,
16598,12598,Annual,6.99,2025-09-14,2026-03-22,Churned,2026-03-22
16599,12599,Annual,6.99,2025-09-16,,active,
16600,12600,Monthly,9.99,2025-09-23,,Active,
16601,12601,Annual,6.99,2025-09-07,,active,
16602,12602,Monthly,9.99,2025-09-14,,Active,
16603,12603,Monthly,9.99,2025-09-19,,Active,
16604,12604,Monthly,9.99,2025-09-20,,Active,
16605,12605,Monthly,9.99,2025-09-17,2025-12-10,Churned,2025-12-10
16606,12606,Annual,6.99,2025-09-18,,Active,
16607,12607,Annual,6.99,2025-09-05,,Active,
16608,12608,Monthly,9.99,2025-09-14,,Active,
16609,12609,Monthly,9.99,2025-09-17,2025-10-17,Churned,2025-10-17
16610,12610,Annual,6.99,2025-09-03,,Active,
16611,12611,Monthly,9.99,2025-09-30,,Active,
16612,12612,Annual,6.99,2025-09-19,2026-01-04,Churned,2026-01-04
16613,12613,Annual,6.99,2025-09-22,,Active,
16614,12614,Annual,6.99,2025-09-17,2026-07-03,Churned,2026-07-03
16615,12615,Monthly,9.99,2025-09-28,2025-11-20,Churned,2025-11-20
16616,12616,Monthly,0.0,2025-09-01,,Active,
16617,12617,Monthly,9.99,2025-09-29,,Active,
16618,12618,Annual,6.99,2025-09-07,,active,
16619,12619,Annual,6.99,2025-09-27,2025-10-11,Churned,2025-10-11
16620,12620,Annual,6.99,2025-09-02,2025-12-12,Churned,2025-12-12
16621,12621,Monthly,9.99,2025-09-10,,Active,
16622,12622,Monthly,9.99,2025-09-18,,ACTIVE,
16623,12623,Monthly,9.99,2025-09-20,2025-12-22,Churned,2025-12-22
16624,12624,Annual,6.99,2025-09-01,,Active,
16625,12625,Annual,6.99,2025-09-11,,Active,
16626,12626,Annual,6.99,2025-09-26,,active,
16627,12627,Monthly,9.99,2025-09-06,2026-07-05,Churned,2026-07-05
16628,12628,Monthly,9.99,2025-09-29,,Active,
16629,12629,Monthly,9.99,2025-09-22,,Active,
16630,12630,Annual,0.0,2025-09-30,2026-02-23,Churned,2026-02-23
16631,12631,Monthly,9.99,2025-09-28,,Active,
16632,12632,Monthly,9.99,2025-09-07,,Active,
16633,12633,Monthly,9.99,2025-09-29,2025-12-13,Churned,2025-12-13
16634,12634,Monthly,9.99,2025-09-15,2026-02-11,Churned,2026-02-11
16635,12635,Annual,6.99,2025-09-08,2026-02-18,Churned,2026-02-18
16636,12636,Monthly,9.99,2025-09-27,,Active,
16637,12637,Monthly,9.99,2025-09-15,,Active,
16638,12638,Annual,6.99,2025-09-21,2026-02-26,Churned,2026-02-26
16639,12639,Monthly,9.99,2025-09-19,,Active,
16640,12640,Monthly,9.99,2025-09-09,,Active,
16641,12641,Monthly,9.99,2025-09-30,,Active,
16642,12642,Monthly,9.99,2025-09-26,,Active,
16643,12643,Annual,6.99,2025-09-16,,Active,
16644,12644,Monthly,9.99,2025-09-18,2025-12-25,Churned,2025-12-25
16645,12645,Monthly,9.99,2025-09-03,,Active,
16646,12646,Monthly,9.99,2025-09-22,,Active,
16647,12647,Annual,6.99,2025-09-28,2026-01-26,Churned,2026-01-26
16648,12648,Monthly,9.99,2025-09-30,2026-04-05,Churned,2026-04-05
16649,12649,Annual,6.99,2025-09-17,2025-10-19,Churned,2025-10-19
16650,12650,Monthly,9.99,2025-09-30,2025-10-10,Churned,2025-10-10
16651,12651,Annual,6.99,2025-09-24,2025-12-20,Churned,2025-12-20
16652,12652,Annual,6.99,2025-09-16,2025-12-07,Churned,2025-12-07
16653,12653,Monthly,9.99,2025-09-25,,Active,
16654,12654,Monthly,9.99,2025-09-05,,Active,
16655,12655,Monthly,9.99,2025-09-21,,Active,
16656,12656,Annual,6.99,2025-09-19,,Active,
16657,12657,Monthly,9.99,2025-09-15,,Active,
16658,12658,Monthly,9.99,2025-09-20,2026-01-27,Churned,2026-01-27
16659,12659,Annual,6.99,2025-09-26,,Active,
16660,12660,Annual,6.99,2025-09-18,,Active,
16661,12661,Monthly,9.99,2025-09-12,2025-10-26,Churned,2025-10-26
16662,12662,Monthly,9.99,2025-09-13,,Active,
16663,12663,Annual,6.99,2025-09-18,,Active,
16664,12664,Monthly,9.99,2025-09-18,2025-12-29,Churned,2025-12-29
16665,12665,Monthly,9.99,2025-09-10,,Active,
16666,12666,Monthly,9.99,2025-09-17,,ACTIVE,
16667,12667,Monthly,9.99,2025-09-09,,Active,
16668,12668,Monthly,9.99,2025-09-29,,Active,
16669,12669,Annual,6.99,2025-09-17,,Active,
16670,12670,Annual,6.99,2025-09-26,2026-07-01,Churned,2026-07-01
16671,12671,Annual,6.99,2025-09-12,,Active,
16672,12672,Monthly,9.99,2025-09-12,2025-12-02,Churned,2025-12-02
16673,12673,Monthly,9.99,2025-09-09,,Active,
16674,12674,Annual,6.99,2025-09-18,2026-01-11,Churned,2026-01-11
16675,12675,Monthly,9.99,2025-09-19,2025-12-23,Churned,2025-12-23
16676,12676,Monthly,9.99,2025-09-17,2026-04-17,Churned,2026-04-17
16677,12677,Annual,6.99,2025-09-26,2025-10-06,Churned,2025-10-06
16678,12678,Annual,6.99,2025-09-16,2025-10-24,Churned,2025-10-24
16679,12679,Monthly,9.99,2025-09-25,2025-11-11,Churned,2025-11-11
16680,12680,Monthly,9.99,2025-09-02,,Active,
16681,12681,Annual,6.99,2025-09-11,2026-02-21,Churned,2026-02-21
16682,12682,Annual,6.99,2025-09-22,2026-01-08,Churned,2026-01-08
16683,12683,Annual,6.99,2025-09-12,2025-11-09,Churned,2025-11-09
16684,12684,Monthly,9.99,2025-09-22,2026-06-23,Churned,2026-06-23
16685,12685,Annual,6.99,2025-09-18,2026-02-23,Churned,2026-02-23
16686,12686,Annual,6.99,2025-09-15,2025-11-10,Churned,2025-11-10
16687,12687,Annual,6.99,2025-09-17,2026-01-05,Churned,2026-01-05
16688,12688,Monthly,9.99,2025-09-28,2025-10-14,Churned,2025-10-14
16689,12689,Monthly,9.99,2025-09-21,,Active,
16690,12690,Annual,6.99,2025-09-30,2026-04-29,Churned,2026-04-29
16691,12691,Monthly,9.99,2025-09-03,,Active,
16692,12692,Monthly,9.99,2025-09-25,,Active,
16693,12693,Monthly,9.99,2025-09-27,,Active,
16694,12694,Monthly,9.99,2025-09-28,,Active,
16695,12695,Monthly,9.99,2025-09-17,,Active,
16696,12696,Monthly,9.99,2025-09-15,,Active,
16697,12697,Annual,6.99,2025-09-18,,Active,
16698,12698,Monthly,9.99,2025-09-28,,Active,
16699,12699,Monthly,9.99,2025-09-27,,Active,
16700,12700,Annual,6.99,2025-09-29,,Active,
16701,12701,Monthly,9.99,2025-09-30,,active,
16702,12702,Annual,6.99,2025-09-19,2026-03-04,Churned,2026-03-04
16703,12703,Monthly,9.99,2025-09-08,2026-07-02,Churned,2026-07-02
16704,12704,Annual,6.99,2025-09-05,2025-11-11,Churned,2025-11-11
16705,12705,Annual,6.99,2025-09-27,,Active,
16706,12706,Annual,0.0,2025-09-05,,Active,
16707,12707,Annual,6.99,2025-09-03,,Active,
16708,12708,Annual,6.99,2025-09-15,2025-11-29,Churned,2025-11-29
16709,12709,Monthly,9.99,2025-09-23,,Active,
16710,12710,Monthly,0.0,2025-09-23,2026-06-16,Churned,2026-06-16
16711,12711,Monthly,9.99,2025-09-08,,Active,
16712,12712,Monthly,9.99,2025-09-16,,Active,
16713,12713,Monthly,9.99,2025-09-27,,Active,
16714,12714,Monthly,9.99,2025-09-24,,Active,
16715,12715,Monthly,9.99,2025-09-28,2026-03-07,Churned,2026-03-07
16716,12716,Monthly,9.99,2025-09-24,,Active,
16717,12717,Monthly,9.99,2025-09-03,2026-02-16,Churned,2026-02-16
16718,12718,Monthly,9.99,2025-09-07,,Active,
16719,12719,Annual,6.99,2025-09-06,,Active,
16720,12720,Monthly,9.99,2025-09-04,,Active,
16721,12721,Annual,6.99,2025-09-26,2025-10-03,Churned,2025-10-03
16722,12722,Monthly,9.99,2025-09-22,,Active,
16723,12723,Monthly,9.99,2025-09-28,,Active,
16724,12724,Monthly,9.99,2025-09-10,,Active,
16725,12725,Annual,6.99,2025-09-30,,Active,
16726,12726,Monthly,9.99,2025-09-28,,Active,
16727,12727,Monthly,9.99,2025-09-04,,Active,
16728,12728,Monthly,9.99,2025-09-27,,Active,
16729,12729,Monthly,9.99,2025-09-04,,Active,
16730,12730,Annual,6.99,2025-09-14,,Active,
16731,12731,Monthly,9.99,2025-09-06,,Active,
16732,12732,Monthly,9.99,2025-09-18,,ACTIVE,
16733,12733,Monthly,9.99,2025-09-01,,Active,
16734,12734,Monthly,9.99,2025-09-26,,Active,
16735,12735,Monthly,9.99,2025-09-15,,Active,
16736,12736,Annual,6.99,2025-09-27,2026-01-28,Churned,2026-01-28
16737,12737,Annual,6.99,2025-09-14,,Active,
16738,12738,Annual,6.99,2025-09-17,,Active,
16739,12739,Monthly,9.99,2025-09-23,,Active,
16740,12740,Monthly,9.99,2025-09-30,2025-12-16,Churned,2025-12-16
16741,12741,Monthly,9.99,2025-09-12,,Active,
16742,12742,Monthly,9.99,2025-09-16,,Active,
16743,12743,Monthly,9.99,2025-09-10,2025-10-28,Churned,2025-10-28
16744,12744,Monthly,9.99,2025-09-02,2026-01-23,Churned,2026-01-23
16745,12745,Monthly,9.99,2025-09-27,,active,
16746,12746,Monthly,9.99,2025-09-17,,Active,
16747,12747,Monthly,9.99,2025-09-12,2026-02-21,Churned,2026-02-21
16748,12748,Monthly,9.99,2025-09-24,,Active,
16749,12749,Monthly,9.99,2025-09-25,2026-01-18,Churned,2026-01-18
16750,12750,Monthly,9.99,2025-09-30,2026-06-23,Churned,2026-06-23
16751,12751,Monthly,9.99,2025-09-14,2026-07-06,Churned,2026-07-06
16752,12752,Monthly,9.99,2025-09-04,,Active,
16753,12753,Monthly,9.99,2025-09-15,,Active,
16754,12754,Monthly,9.99,2025-09-14,,Active,
16755,12755,Monthly,9.99,2025-09-07,2026-03-12,Churned,2026-03-12
16756,12756,Monthly,9.99,2025-09-18,,Active,
16757,12757,Annual,6.99,2025-09-13,,Active,
16758,12758,Monthly,9.99,2025-09-27,2025-12-06,Churned,2025-12-06
16759,12759,Annual,6.99,2025-09-02,,Active,
16760,12760,Annual,6.99,2025-09-22,,Active,
16761,12761,Annual,6.99,2025-09-19,2026-03-09,Churned,2026-03-09
16762,12762,Monthly,0.0,2025-09-07,,Active,
16763,12763,Monthly,9.99,2025-09-11,2025-10-24,Churned,2025-10-24
16764,12764,Monthly,9.99,2025-09-26,2026-03-27,Churned,2026-03-27
16765,12765,Monthly,9.99,2025-09-11,2025-11-04,Churned,2025-11-04
16766,12766,Monthly,9.99,2025-09-20,,Active,
16767,12767,Monthly,9.99,2025-09-16,,Active,
16768,12768,Monthly,9.99,2025-09-27,2025-10-15,Churned,2025-10-15
16769,12769,Monthly,9.99,2025-09-20,,Active,
16770,12770,Annual,6.99,2025-09-26,,Active,
16771,12771,Monthly,9.99,2025-09-28,2025-11-20,Churned,2025-11-20
16772,12772,Monthly,9.99,2025-09-04,2025-11-08,Churned,2025-11-08
16773,12773,Annual,6.99,2025-09-26,2025-12-23,Churned,2025-12-23
16774,12774,Annual,6.99,2025-09-29,,Active,
16775,12775,Annual,6.99,2025-09-02,,Active,
16776,12776,Monthly,9.99,2025-09-14,2025-11-03,Churned,2025-11-03
16777,12777,Monthly,9.99,2025-09-08,2025-10-20,Churned,2025-10-20
16778,12778,Annual,6.99,2025-09-30,2026-03-06,Churned,2026-03-06
16779,12779,Annual,6.99,2025-09-11,,Active,
16780,12780,Monthly,9.99,2025-09-06,2026-03-28,Churned,2026-03-28
16781,12781,Monthly,9.99,2025-09-03,,Active,
16782,12782,Monthly,9.99,2025-09-24,,Active,
16783,12783,Annual,6.99,2025-09-02,,Active,
16784,12784,Monthly,9.99,2025-09-10,,Active,
16785,12785,Monthly,9.99,2025-09-17,2025-12-08,Churned,2025-12-08
16786,12786,Annual,6.99,2025-09-02,2026-02-09,Churned,2026-02-09
16787,12787,Monthly,9.99,2025-09-06,,Active,
16788,12788,Annual,6.99,2025-09-30,,Active,
16789,12789,Annual,6.99,2025-09-14,2025-10-19,Churned,2025-10-19
16790,12790,Monthly,9.99,2025-09-10,2025-11-15,Churned,2025-11-15
16791,12791,Monthly,9.99,2025-09-27,2025-11-11,churned,2025-11-11
16792,12792,Annual,6.99,2025-09-03,,Active,
16793,12793,Annual,6.99,2025-09-08,2026-03-01,Churned,2026-03-01
16794,12794,Annual,6.99,2025-09-26,,Active,
16795,12795,Monthly,9.99,2025-09-23,,Active,
16796,12796,Annual,6.99,2025-09-13,,Active,
16797,12797,Monthly,9.99,2025-09-30,,Active,
16798,12798,Annual,6.99,2025-09-18,2026-02-06,Churned,2026-02-06
16799,12799,Monthly,9.99,2025-09-23,,Active,
16800,12800,Monthly,9.99,2025-09-30,2026-01-10,Churned,2026-01-10
16801,12801,Annual,6.99,2025-10-08,,Active,
16802,12802,Monthly,9.99,2025-10-03,,ACTIVE,
16803,12803,Annual,6.99,2025-10-27,,Active,
16804,12804,Annual,6.99,2025-10-25,,Active,
16805,12805,Monthly,9.99,2025-10-17,2026-01-08,Churned,2026-01-08
16806,12806,Annual,6.99,2025-10-26,2026-02-19,Churned,2026-02-19
16807,12807,Monthly,9.99,2025-10-23,,Active,
16808,12808,Monthly,9.99,2025-10-06,,Active,
16809,12809,Annual,6.99,2025-10-13,2026-02-24,Churned,2026-02-24
16810,12810,Monthly,9.99,2025-10-29,,Active,
16811,12811,Annual,6.99,2025-10-22,,Active,
16812,12812,Monthly,9.99,2025-10-20,,Active,
16813,12813,Annual,6.99,2025-10-06,,Active,
16814,12814,Monthly,9.99,2025-10-17,2026-07-05,Churned,2026-07-05
16815,12815,Monthly,9.99,2025-10-06,,Active,
16816,12816,Annual,6.99,2025-10-21,,Active,
16817,12817,Monthly,9.99,2025-10-07,,Active,
16818,12818,Annual,6.99,2025-10-09,,Active,
16819,12819,Monthly,9.99,2025-10-18,,Active,
16820,12820,Annual,6.99,2025-10-01,,Active,
16821,12821,Annual,6.99,2025-10-22,,Active,
16822,12822,Annual,6.99,2025-10-14,,Active,
16823,12823,Monthly,9.99,2025-10-16,2025-12-23,Churned,2025-12-23
16824,12824,Monthly,9.99,2025-10-24,2026-02-05,Churned,2026-02-05
16825,12825,Monthly,9.99,2025-10-24,2026-01-19,Churned,2026-01-19
16826,12826,Monthly,9.99,2025-10-29,2026-01-30,Churned,2026-01-30
16827,12827,Monthly,9.99,2025-10-06,,Active,
16828,12828,Monthly,9.99,2025-10-14,2026-02-13,Churned,2026-02-13
16829,12829,Monthly,9.99,2025-10-03,,Active,
16830,12830,Annual,6.99,2025-10-09,2025-12-29,Churned,2025-12-29
16831,12831,Monthly,9.99,2025-10-18,2025-11-07,Churned,2025-11-07
16832,12832,Annual,6.99,2025-10-05,,Active,
16833,12833,Monthly,9.99,2025-10-14,2026-06-30,Churned,2026-06-30
16834,12834,Monthly,0.0,2025-10-30,,Active,
16835,12835,Annual,6.99,2025-10-03,,Active,
16836,12836,Monthly,9.99,2025-10-08,,Active,
16837,12837,Annual,6.99,2025-10-09,,Active,
16838,12838,Monthly,9.99,2025-10-29,2026-03-02,Churned,2026-03-02
16839,12839,Monthly,9.99,2025-10-23,2025-11-21,Churned,2025-11-21
16840,12840,Monthly,9.99,2025-10-06,,Active,
16841,12841,Monthly,9.99,2025-10-22,2026-05-24,Churned,2026-05-24
16842,12842,Annual,6.99,2025-10-01,2026-04-14,Churned,2026-04-14
16843,12843,Monthly,9.99,2025-10-25,2026-01-20,Churned,2026-01-20
16844,12844,Monthly,9.99,2025-10-07,2026-05-01,Churned,2026-05-01
16845,12845,Annual,6.99,2025-10-23,,Active,
16846,12846,Annual,6.99,2025-10-16,2025-12-27,Churned,2025-12-27
16847,12847,Annual,6.99,2025-10-23,,Active,
16848,12848,Monthly,9.99,2025-10-11,2025-11-27,Churned,2025-11-27
16849,12849,Monthly,9.99,2025-10-17,2025-11-15,Churned,2025-11-15
16850,12850,Annual,6.99,2025-10-29,,Active,
16851,12851,Annual,6.99,2025-10-25,,Active,
16852,12852,Monthly,9.99,2025-10-17,,Active,
16853,12853,Annual,6.99,2025-10-29,,Active,
16854,12854,Annual,6.99,2025-10-04,,Active,
16855,12855,Annual,6.99,2025-10-22,,Active,
16856,12856,Monthly,9.99,2025-10-20,,active,
16857,12857,Annual,6.99,2025-10-08,2025-11-29,Churned,2025-11-29
16858,12858,Annual,6.99,2025-10-13,2026-02-22,Churned,2026-02-22
16859,12859,Monthly,9.99,2025-10-13,2026-02-26,Churned,2026-02-26
16860,12860,Annual,6.99,2025-10-22,,Active,
16861,12861,Monthly,9.99,2025-10-20,,Active,
16862,12862,Monthly,9.99,2025-10-25,,Active,
16863,12863,Monthly,9.99,2025-10-21,,Active,
16864,12864,Monthly,9.99,2025-10-31,2025-11-06,Churned,2025-11-06
16865,12865,Annual,6.99,2025-10-26,,Active,
16866,12866,Monthly,9.99,2025-10-18,,Active,
16867,12867,Annual,6.99,2025-10-01,2025-12-27,Churned,2025-12-27
16868,12868,Monthly,9.99,2025-10-12,2025-12-06,Churned,2025-12-06
16869,12869,Annual,6.99,2025-10-04,2026-01-05,Churned,2026-01-05
16870,12870,Monthly,9.99,2025-10-14,,Active,
16871,12871,Annual,6.99,2025-10-31,,Active,
16872,12872,Monthly,9.99,2025-10-13,,Active,
16873,12873,Annual,6.99,2025-10-26,2026-02-16,Churned,2026-02-16
16874,12874,Annual,6.99,2025-10-14,2026-05-07,CHURNED,2026-05-07
16875,12875,Monthly,9.99,2025-10-18,,Active,
16876,12876,Monthly,9.99,2025-10-01,,Active,
16877,12877,Monthly,0.0,2025-10-22,,Active,
16878,12878,Annual,6.99,2025-10-08,,Active,
16879,12879,Annual,6.99,2025-10-15,,Active,
16880,12880,Monthly,9.99,2025-10-31,,Active,
16881,12881,Annual,6.99,2025-10-07,,Active,
16882,12882,Monthly,9.99,2025-10-29,2026-02-09,Churned,2026-02-09
16883,12883,Annual,6.99,2025-10-26,,Active,
16884,12884,Monthly,9.99,2025-10-02,,Active,
16885,12885,Monthly,9.99,2025-10-12,2026-03-26,Churned,2026-03-26
16886,12886,Annual,6.99,2025-10-31,,Active,
16887,12887,Monthly,9.99,2025-10-15,2026-05-27,Churned,2026-05-27
16888,12888,Monthly,9.99,2025-10-25,2025-12-16,Churned,2025-12-16
16889,12889,Monthly,9.99,2025-10-29,2026-03-09,Churned,2026-03-09
16890,12890,Annual,6.99,2025-10-01,,Active,
16891,12891,Monthly,9.99,2025-10-23,,Active,
16892,12892,Monthly,0.0,2025-10-29,,Active,
16893,12893,Monthly,9.99,2025-10-18,,Active,
16894,12894,Monthly,9.99,2025-10-30,,Active,
16895,12895,Monthly,9.99,2025-10-22,,Active,
16896,12896,Monthly,9.99,2025-10-20,,Active,
16897,12897,Monthly,9.99,2025-10-04,2026-02-08,Churned,2026-02-08
16898,12898,Annual,6.99,2025-10-25,2026-02-04,Churned,2026-02-04
16899,12899,Annual,6.99,2025-10-27,2026-06-08,Churned,2026-06-08
16900,12900,Annual,6.99,2025-10-11,,Active,
16901,12901,Monthly,9.99,2025-10-05,2026-04-27,Churned,2026-04-27
16902,12902,Monthly,9.99,2025-10-18,2026-02-13,Churned,2026-02-13
16903,12903,Annual,6.99,2025-10-30,,Active,
16904,12904,Monthly,9.99,2025-10-23,,Active,
16905,12905,Annual,6.99,2025-10-26,2026-01-10,Churned,2026-01-10
16906,12906,Annual,0.0,2025-10-18,,Active,
16907,12907,Annual,6.99,2025-10-13,,Active,
16908,12908,Monthly,9.99,2025-10-10,2026-02-05,Churned,2026-02-05
16909,12909,Annual,6.99,2025-10-26,,Active,
16910,12910,Annual,6.99,2025-10-21,2026-01-24,churned,2026-01-24
16911,12911,Monthly,9.99,2025-10-24,,Active,
16912,12912,Monthly,9.99,2025-10-26,2026-05-18,Churned,2026-05-18
16913,12913,Monthly,9.99,2025-10-31,2026-05-09,Churned,2026-05-09
16914,12914,Annual,6.99,2025-10-26,,Active,
16915,12915,Annual,6.99,2025-10-14,2026-06-30,Churned,2026-06-30
16916,12916,Annual,6.99,2025-10-05,,Active,
16917,12917,Annual,6.99,2025-10-18,,Active,
16918,12918,Monthly,9.99,2025-10-14,,Active,
16919,12919,Monthly,9.99,2025-10-29,2025-11-04,Churned,2025-11-04
16920,12920,Monthly,9.99,2025-10-02,,Active,
16921,12921,Monthly,9.99,2025-10-27,,Active,
16922,12922,Annual,6.99,2025-10-20,,ACTIVE,
16923,12923,Annual,6.99,2025-10-03,,Active,
16924,12924,Monthly,9.99,2025-10-08,,Active,
16925,12925,Annual,6.99,2025-10-02,2026-05-16,Churned,2026-05-16
16926,12926,Monthly,9.99,2025-10-29,2025-12-06,CHURNED,2025-12-06
16927,12927,Monthly,9.99,2025-10-20,,Active,
16928,12928,Monthly,9.99,2025-10-20,,Active,
16929,12929,Annual,6.99,2025-10-17,,Active,
16930,12930,Annual,6.99,2025-10-13,,Active,
16931,12931,Annual,6.99,2025-10-06,2025-12-26,Churned,2025-12-26
16932,12932,Annual,6.99,2025-10-23,2026-02-24,Churned,2026-02-24
16933,12933,Annual,6.99,2025-10-05,,Active,
16934,12934,Monthly,9.99,2025-10-07,,Active,
16935,12935,Monthly,9.99,2025-10-31,,Active,
16936,12936,Annual,6.99,2025-10-03,,Active,
16937,12937,Annual,6.99,2025-10-30,2026-02-12,Churned,2026-02-12
16938,12938,Monthly,9.99,2025-10-03,,Active,
16939,12939,Annual,6.99,2025-10-16,,active,
16940,12940,Annual,6.99,2025-10-19,,Active,
16941,12941,Monthly,9.99,2025-10-04,,Active,
16942,12942,Annual,6.99,2025-10-28,,Active,
16943,12943,Annual,6.99,2025-10-30,,Active,
16944,12944,Annual,6.99,2025-10-07,,Active,
16945,12945,Monthly,9.99,2025-10-07,,Active,
16946,12946,Monthly,9.99,2025-10-24,,Active,
16947,12947,Monthly,9.99,2025-10-12,,Active,
16948,12948,Monthly,9.99,2025-10-02,,Active,
16949,12949,Monthly,9.99,2025-10-24,,Active,
16950,12950,Annual,6.99,2025-10-11,,Active,
16951,12951,Monthly,9.99,2025-10-13,2026-01-06,Churned,2026-01-06
16952,12952,Monthly,9.99,2025-10-21,2025-11-24,Churned,2025-11-24
16953,12953,Annual,6.99,2025-10-18,,Active,
16954,12954,Monthly,9.99,2025-10-26,,Active,
16955,12955,Annual,6.99,2025-10-25,,Active,
16956,12956,Annual,6.99,2025-10-30,2026-06-12,Churned,2026-06-12
16957,12957,Annual,6.99,2025-10-29,2026-02-20,Churned,2026-02-20
16958,12958,Annual,6.99,2025-10-20,,Active,
16959,12959,Monthly,9.99,2025-10-18,,Active,
16960,12960,Monthly,9.99,2025-10-15,,Active,
16961,12961,Annual,6.99,2025-10-21,2026-04-20,Churned,2026-04-20
16962,12962,Monthly,9.99,2025-10-02,,Active,
16963,12963,Monthly,9.99,2025-10-13,,Active,
16964,12964,Monthly,9.99,2025-10-09,,Active,
16965,12965,Monthly,9.99,2025-10-18,,Active,
16966,12966,Monthly,9.99,2025-10-29,2026-03-07,Churned,2026-03-07
16967,12967,Annual,6.99,2025-10-15,,Active,
16968,12968,Monthly,9.99,2025-10-19,2026-01-05,Churned,2026-01-05
16969,12969,Monthly,9.99,2025-10-13,,Active,
16970,12970,Monthly,9.99,2025-10-11,2025-12-23,Churned,2025-12-23
16971,12971,Monthly,9.99,2025-10-22,,Active,
16972,12972,Monthly,9.99,2025-10-08,2026-01-26,Churned,2026-01-26
16973,12973,Annual,6.99,2025-10-28,,Active,
16974,12974,Monthly,9.99,2025-10-04,,Active,
16975,12975,Monthly,9.99,2025-10-07,2026-04-26,Churned,2026-04-26
16976,12976,Annual,6.99,2025-10-24,,Active,
16977,12977,Monthly,9.99,2025-10-03,2026-05-11,Churned,2026-05-11
16978,12978,Monthly,9.99,2025-10-13,2025-11-14,Churned,2025-11-14
16979,12979,Monthly,9.99,2025-10-12,,Active,
16980,12980,Annual,6.99,2025-10-30,,Active,
16981,12981,Annual,6.99,2025-10-05,2026-02-16,Churned,2026-02-16
16982,12982,Monthly,9.99,2025-10-15,,Active,
16983,12983,Monthly,9.99,2025-10-15,,Active,
16984,12984,Annual,6.99,2025-10-26,,ACTIVE,
16985,12985,Annual,0.0,2025-10-17,,Active,
16986,12986,Monthly,9.99,2025-10-05,,Active,
16987,12987,Annual,6.99,2025-10-27,,Active,
16988,12988,Monthly,9.99,2025-10-05,,Active,
16989,12989,Monthly,9.99,2025-10-22,,Active,
16990,12990,Annual,6.99,2025-10-09,,Active,
16991,12991,Monthly,9.99,2025-10-04,2026-06-04,Churned,2026-06-04
16992,12992,Monthly,9.99,2025-10-06,2025-11-08,Churned,2025-11-08
16993,12993,Annual,6.99,2025-10-30,,Active,
16994,12994,Monthly,9.99,2025-10-31,,Active,
16995,12995,Monthly,9.99,2025-10-19,,Active,
16996,12996,Monthly,9.99,2025-10-26,,Active,
16997,12997,Monthly,9.99,2025-10-28,,Active,
16998,12998,Monthly,9.99,2025-10-11,,Active,
16999,12999,Annual,6.99,2025-10-24,,Active,
17000,13000,Monthly,9.99,2025-10-17,,Active,
17001,13001,Monthly,9.99,2025-10-06,,Active,
17002,13002,Annual,6.99,2025-10-17,,Active,
17003,13003,Annual,6.99,2025-10-02,,Active,
17004,13004,Annual,6.99,2025-10-19,,Active,
17005,13005,Monthly,9.99,2025-10-09,2026-01-29,Churned,2026-01-29
17006,13006,Monthly,9.99,2025-10-04,2026-05-03,Churned,2026-05-03
17007,13007,Monthly,9.99,2025-10-22,,Active,
17008,13008,Annual,6.99,2025-10-11,,Active,
17009,13009,Annual,6.99,2025-10-14,,Active,
17010,13010,Monthly,9.99,2025-10-03,2026-07-05,Churned,2026-07-05
17011,13011,Monthly,9.99,2025-10-03,,Active,
17012,13012,Monthly,9.99,2025-10-29,2026-06-03,Churned,2026-06-03
17013,13013,Annual,6.99,2025-10-19,,Active,
17014,13014,Annual,6.99,2025-10-13,,Active,
17015,13015,Annual,6.99,2025-10-21,2026-01-05,CHURNED,2026-01-05
17016,13016,Monthly,9.99,2025-10-23,,active,
17017,13017,Annual,6.99,2025-10-04,2026-03-12,Churned,2026-03-12
17018,13018,Annual,6.99,2025-10-29,,Active,
17019,13019,Monthly,9.99,2025-10-21,2025-11-30,Churned,2025-11-30
17020,13020,Monthly,9.99,2025-10-10,,Active,
17021,13021,Monthly,9.99,2025-10-09,,Active,
17022,13022,Monthly,9.99,2025-10-03,,Active,
17023,13023,Annual,6.99,2025-10-08,,Active,
17024,13024,Annual,6.99,2025-10-11,,Active,
17025,13025,Monthly,9.99,2025-10-07,2026-01-07,Churned,2026-01-07
17026,13026,Monthly,9.99,2025-10-21,,Active,
17027,13027,Monthly,9.99,2025-10-08,,Active,
17028,13028,Monthly,9.99,2025-10-16,,Active,
17029,13029,Monthly,9.99,2025-10-18,,Active,
17030,13030,Monthly,9.99,2025-10-03,,Active,
17031,13031,Annual,6.99,2025-10-06,2026-06-16,Churned,2026-06-16
17032,13032,Annual,6.99,2025-10-03,,Active,
17033,13033,Monthly,0.0,2025-10-22,,active,
17034,13034,Annual,6.99,2025-10-22,,Active,
17035,13035,Monthly,9.99,2025-10-05,,Active,
17036,13036,Monthly,9.99,2025-10-23,2026-06-27,Churned,2026-06-27
17037,13037,Annual,6.99,2025-10-26,,Active,
17038,13038,Monthly,9.99,2025-10-04,,Active,
17039,13039,Monthly,9.99,2025-10-04,2026-04-21,Churned,2026-04-21
17040,13040,Annual,6.99,2025-10-25,,Active,
17041,13041,Monthly,9.99,2025-10-10,,Active,
17042,13042,Monthly,9.99,2025-10-11,2025-11-05,Churned,2025-11-05
17043,13043,Monthly,9.99,2025-10-19,2026-01-10,Churned,2026-01-10
17044,13044,Annual,6.99,2025-10-03,,Active,
17045,13045,Monthly,9.99,2025-10-14,2025-11-21,Churned,2025-11-21
17046,13046,Monthly,9.99,2025-10-11,2026-03-04,churned,2026-03-04
17047,13047,Annual,0.0,2025-10-26,,Active,
17048,13048,Annual,6.99,2025-10-23,2025-12-30,Churned,2025-12-30
17049,13049,Monthly,9.99,2025-10-09,,Active,
17050,13050,Annual,6.99,2025-10-21,2025-11-28,Churned,2025-11-28
17051,13051,Monthly,9.99,2025-10-13,,Active,
17052,13052,Annual,6.99,2025-10-15,2026-03-24,Churned,2026-03-24
17053,13053,Monthly,0.0,2025-10-23,,Active,
17054,13054,Monthly,9.99,2025-10-09,,Active,
17055,13055,Annual,6.99,2025-10-18,,Active,
17056,13056,Monthly,9.99,2025-10-13,2026-07-04,Churned,2026-07-04
17057,13057,Annual,6.99,2025-10-21,,Active,
17058,13058,Monthly,9.99,2025-10-12,,Active,
17059,13059,Monthly,9.99,2025-10-29,,Active,
17060,13060,Monthly,9.99,2025-10-13,,Active,
17061,13061,Monthly,9.99,2025-10-04,2026-03-14,Churned,2026-03-14
17062,13062,Monthly,9.99,2025-10-16,,Active,
17063,13063,Monthly,9.99,2025-10-08,,Active,
17064,13064,Annual,6.99,2025-10-15,,Active,
17065,13065,Monthly,9.99,2025-10-29,,Active,
17066,13066,Annual,6.99,2025-10-04,,Active,
17067,13067,Monthly,9.99,2025-10-02,,Active,
17068,13068,Monthly,9.99,2025-10-09,,Active,
17069,13069,Monthly,9.99,2025-10-14,,Active,
17070,13070,Annual,6.99,2025-10-05,2026-01-29,Churned,2026-01-29
17071,13071,Monthly,9.99,2025-10-22,,Active,
17072,13072,Annual,6.99,2025-10-19,,Active,
17073,13073,Monthly,9.99,2025-10-22,,Active,
17074,13074,Monthly,9.99,2025-10-14,2026-03-08,Churned,2026-03-08
17075,13075,Annual,6.99,2025-10-29,,Active,
17076,13076,Annual,6.99,2025-10-21,2025-12-14,Churned,2025-12-14
17077,13077,Annual,6.99,2025-10-29,,Active,
17078,13078,Monthly,9.99,2025-10-03,,active,
17079,13079,Monthly,9.99,2025-10-21,,Active,
17080,13080,Monthly,9.99,2025-10-11,2025-11-05,Churned,2025-11-05
17081,13081,Monthly,9.99,2025-10-06,,Active,
17082,13082,Monthly,9.99,2025-10-06,,Active,
17083,13083,Monthly,9.99,2025-10-07,2025-11-08,Churned,2025-11-08
17084,13084,Monthly,9.99,2025-10-03,,Active,
17085,13085,Monthly,9.99,2025-10-15,2025-11-12,Churned,2025-11-12
17086,13086,Annual,6.99,2025-10-24,2026-01-06,Churned,2026-01-06
17087,13087,Monthly,9.99,2025-10-15,,Active,
17088,13088,Monthly,9.99,2025-10-05,,Active,
17089,13089,Monthly,9.99,2025-10-22,2026-03-22,Churned,2026-03-22
17090,13090,Monthly,9.99,2025-10-06,,Active,
17091,13091,Monthly,9.99,2025-10-27,,Active,
17092,13092,Annual,6.99,2025-10-12,,Active,
17093,13093,Annual,6.99,2025-10-01,2026-07-03,Churned,2026-07-03
17094,13094,Monthly,9.99,2025-10-10,,Active,
17095,13095,Monthly,9.99,2025-10-26,,Active,
17096,13096,Annual,0.0,2025-10-29,,Active,
17097,13097,Monthly,9.99,2025-10-14,2026-01-02,Churned,2026-01-02
17098,13098,Monthly,9.99,2025-10-31,,Active,
17099,13099,Monthly,9.99,2025-10-08,2025-12-29,Churned,2025-12-29
17100,13100,Annual,6.99,2025-10-14,,Active,
17101,13101,Annual,6.99,2025-10-15,2026-07-03,Churned,2026-07-03
17102,13102,Monthly,9.99,2025-10-07,,Active,
17103,13103,Annual,6.99,2025-10-12,2026-04-17,Churned,2026-04-17
17104,13104,Monthly,9.99,2025-10-16,,Active,
17105,13105,Monthly,9.99,2025-10-22,,Active,
17106,13106,Monthly,9.99,2025-10-16,,Active,
17107,13107,Monthly,9.99,2025-10-04,,Active,
17108,13108,Monthly,9.99,2025-10-15,,Active,
17109,13109,Monthly,9.99,2025-10-27,2025-11-11,Churned,2025-11-11
17110,13110,Annual,6.99,2025-10-01,,Active,
17111,13111,Annual,6.99,2025-10-31,2026-03-02,Churned,2026-03-02
17112,13112,Monthly,9.99,2025-10-04,2026-03-25,Churned,2026-03-25
17113,13113,Annual,6.99,2025-10-01,2026-02-06,Churned,2026-02-06
17114,13114,Annual,6.99,2025-10-05,2026-06-23,Churned,2026-06-23
17115,13115,Annual,0.0,2025-10-08,2026-03-09,Churned,2026-03-09
17116,13116,Annual,6.99,2025-10-11,,ACTIVE,
17117,13117,Monthly,9.99,2025-10-26,2026-01-13,CHURNED,2026-01-13
17118,13118,Monthly,9.99,2025-10-19,2026-04-11,Churned,2026-04-11
17119,13119,Annual,6.99,2025-10-20,,Active,
17120,13120,Annual,6.99,2025-10-28,,Active,
17121,13121,Monthly,9.99,2025-10-05,2026-05-20,Churned,2026-05-20
17122,13122,Annual,6.99,2025-10-07,,Active,
17123,13123,Monthly,9.99,2025-10-31,,Active,
17124,13124,Monthly,9.99,2025-10-24,,Active,
17125,13125,Annual,6.99,2025-10-02,,Active,
17126,13126,Monthly,9.99,2025-10-08,,Active,
17127,13127,Monthly,9.99,2025-10-12,2025-11-19,Churned,2025-11-19
17128,13128,Monthly,9.99,2025-10-02,2026-01-21,Churned,2026-01-21
17129,13129,Annual,6.99,2025-10-19,2026-01-02,Churned,2026-01-02
17130,13130,Annual,6.99,2025-10-21,2026-05-06,CHURNED,2026-05-06
17131,13131,Annual,6.99,2025-10-11,,Active,
17132,13132,Monthly,9.99,2025-10-07,,Active,
17133,13133,Annual,6.99,2025-10-14,,Active,
17134,13134,Annual,6.99,2025-10-29,,Active,
17135,13135,Monthly,9.99,2025-10-23,,Active,
17136,13136,Monthly,9.99,2025-10-29,,Active,
17137,13137,Annual,6.99,2025-10-18,2026-05-22,Churned,2026-05-22
17138,13138,Monthly,0.0,2025-10-04,,Active,
17139,13139,Monthly,9.99,2025-10-02,2026-06-03,Churned,2026-06-03
17140,13140,Monthly,9.99,2025-10-07,,Active,
17141,13141,Annual,6.99,2025-10-17,,Active,
17142,13142,Monthly,9.99,2025-10-07,2026-03-18,Churned,2026-03-18
17143,13143,Monthly,9.99,2025-10-10,,Active,
17144,13144,Monthly,9.99,2025-10-29,,Active,
17145,13145,Annual,6.99,2025-10-02,,Active,
17146,13146,Annual,6.99,2025-10-03,2026-02-01,Churned,2026-02-01
17147,13147,Monthly,9.99,2025-10-13,,Active,
17148,13148,Monthly,9.99,2025-10-24,2025-11-15,Churned,2025-11-15
17149,13149,Annual,6.99,2025-10-26,2025-12-17,Churned,2025-12-17
17150,13150,Annual,6.99,2025-10-09,2025-12-28,Churned,2025-12-28
17151,13151,Annual,6.99,2025-10-10,,Active,
17152,13152,Monthly,0.0,2025-10-19,,Active,
17153,13153,Annual,6.99,2025-10-27,2026-01-15,Churned,2026-01-15
17154,13154,Monthly,9.99,2025-10-06,,Active,
17155,13155,Annual,6.99,2025-10-28,,Active,
17156,13156,Monthly,9.99,2025-10-26,,Active,
17157,13157,Monthly,9.99,2025-10-09,2026-06-22,Churned,2026-06-22
17158,13158,Annual,6.99,2025-10-21,2025-12-02,CHURNED,2025-12-02
17159,13159,Monthly,9.99,2025-10-20,,Active,
17160,13160,Monthly,9.99,2025-10-01,,Active,
17161,13161,Monthly,9.99,2025-10-13,2026-02-17,Churned,2026-02-17
17162,13162,Annual,6.99,2025-10-08,,Active,
17163,13163,Monthly,9.99,2025-10-03,,Active,
17164,13164,Annual,6.99,2025-10-15,,Active,
17165,13165,Monthly,9.99,2025-10-22,,Active,
17166,13166,Monthly,9.99,2025-10-17,,Active,
17167,13167,Monthly,9.99,2025-10-03,,Active,
17168,13168,Monthly,9.99,2025-10-26,,Active,
17169,13169,Annual,6.99,2025-10-03,,Active,
17170,13170,Monthly,9.99,2025-10-12,,Active,
17171,13171,Monthly,9.99,2025-10-18,,Active,
17172,13172,Annual,6.99,2025-10-29,,Active,
17173,13173,Annual,6.99,2025-10-24,,Active,
17174,13174,Monthly,9.99,2025-10-07,,Active,
17175,13175,Annual,6.99,2025-10-14,2026-01-19,Churned,2026-01-19
17176,13176,Monthly,9.99,2025-10-27,2026-03-14,Churned,2026-03-14
17177,13177,Annual,6.99,2025-10-08,,Active,
17178,13178,Monthly,9.99,2025-10-29,,Active,
17179,13179,Monthly,9.99,2025-10-17,2025-12-27,Churned,2025-12-27
17180,13180,Annual,6.99,2025-10-20,2026-02-23,Churned,2026-02-23
17181,13181,Annual,6.99,2025-10-21,2025-12-30,Churned,2025-12-30
17182,13182,Annual,6.99,2025-10-30,,Active,
17183,13183,Monthly,9.99,2025-10-22,2025-11-05,Churned,2025-11-05
17184,13184,Annual,6.99,2025-10-13,2026-03-03,Churned,2026-03-03
17185,13185,Annual,6.99,2025-10-19,,Active,
17186,13186,Monthly,9.99,2025-10-22,,Active,
17187,13187,Monthly,9.99,2025-10-19,2025-11-19,Churned,2025-11-19
17188,13188,Annual,6.99,2025-10-01,2025-12-08,Churned,2025-12-08
17189,13189,Monthly,9.99,2025-10-28,2026-01-22,Churned,2026-01-22
17190,13190,Monthly,9.99,2025-10-09,,Active,
17191,13191,Monthly,9.99,2025-10-21,,Active,
17192,13192,Monthly,9.99,2025-10-18,,Active,
17193,13193,Monthly,9.99,2025-10-04,,Active,
17194,13194,Monthly,9.99,2025-10-28,,Active,
17195,13195,Monthly,9.99,2025-10-03,2025-12-01,Churned,2025-12-01
17196,13196,Annual,6.99,2025-10-30,2025-12-11,Churned,2025-12-11
17197,13197,Monthly,9.99,2025-10-29,2025-11-01,Churned,2025-11-01
17198,13198,Monthly,9.99,2025-10-18,,Active,
17199,13199,Annual,6.99,2025-10-30,,Active,
17200,13200,Monthly,9.99,2025-10-27,,Active,
17201,13201,Monthly,9.99,2025-10-28,,Active,
17202,13202,Annual,6.99,2025-10-25,,Active,
17203,13203,Monthly,9.99,2025-10-29,,Active,
17204,13204,Annual,6.99,2025-10-24,,Active,
17205,13205,Annual,6.99,2025-10-28,,Active,
17206,13206,Monthly,9.99,2025-10-04,,Active,
17207,13207,Annual,6.99,2025-10-14,,Active,
17208,13208,Monthly,9.99,2025-10-15,,Active,
17209,13209,Annual,6.99,2025-10-29,2025-12-20,Churned,2025-12-20
17210,13210,Monthly,9.99,2025-10-16,,Active,
17211,13211,Monthly,9.99,2025-10-14,,Active,
17212,13212,Annual,6.99,2025-10-25,,ACTIVE,
17213,13213,Annual,6.99,2025-10-21,2026-07-02,Churned,2026-07-02
17214,13214,Annual,6.99,2025-10-19,,Active,
17215,13215,Annual,6.99,2025-10-29,,Active,
17216,13216,Monthly,9.99,2025-10-26,,Active,
17217,13217,Monthly,9.99,2025-10-23,,Active,
17218,13218,Monthly,9.99,2025-10-30,,Active,
17219,13219,Monthly,9.99,2025-10-02,,Active,
17220,13220,Monthly,9.99,2025-10-18,2026-01-03,Churned,2026-01-03
17221,13221,Monthly,9.99,2025-10-01,,Active,
17222,13222,Monthly,9.99,2025-10-25,,Active,
17223,13223,Monthly,9.99,2025-10-04,,Active,
17224,13224,Monthly,9.99,2025-10-18,2026-03-02,Churned,2026-03-02
17225,13225,Annual,6.99,2025-10-25,,Active,
17226,13226,Annual,6.99,2025-10-20,,Active,
17227,13227,Annual,6.99,2025-10-02,2025-11-22,Churned,2025-11-22
17228,13228,Annual,6.99,2025-10-15,,Active,
17229,13229,Monthly,9.99,2025-10-25,2025-11-25,Churned,2025-11-25
17230,13230,Monthly,9.99,2025-10-30,,Active,
17231,13231,Annual,6.99,2025-10-28,,Active,
17232,13232,Monthly,9.99,2025-10-26,2026-01-26,CHURNED,2026-01-26
17233,13233,Annual,6.99,2025-10-10,2025-11-16,Churned,2025-11-16
17234,13234,Monthly,9.99,2025-10-24,,Active,
17235,13235,Annual,6.99,2025-10-06,2026-07-04,Churned,2026-07-04
17236,13236,Annual,6.99,2025-10-11,2026-02-25,Churned,2026-02-25
17237,13237,Annual,6.99,2025-10-09,,Active,
17238,13238,Annual,6.99,2025-10-16,2025-12-24,Churned,2025-12-24
17239,13239,Annual,6.99,2025-10-28,,Active,
17240,13240,Monthly,9.99,2025-10-27,2026-03-30,Churned,2026-03-30
17241,13241,Annual,6.99,2025-10-28,2025-12-11,Churned,2025-12-11
17242,13242,Annual,6.99,2025-10-30,,Active,
17243,13243,Annual,6.99,2025-10-01,2025-11-22,Churned,2025-11-22
17244,13244,Monthly,9.99,2025-10-31,,Active,
17245,13245,Monthly,9.99,2025-10-28,,Active,
17246,13246,Annual,6.99,2025-10-23,,Active,
17247,13247,Annual,6.99,2025-10-03,,Active,
17248,13248,Monthly,9.99,2025-10-23,2025-12-21,Churned,2025-12-21
17249,13249,Monthly,9.99,2025-10-21,,Active,
17250,13250,Monthly,9.99,2025-10-03,,Active,
17251,13251,Monthly,9.99,2025-10-07,2026-06-20,CHURNED,2026-06-20
17252,13252,Annual,0.0,2025-10-24,,Active,
17253,13253,Monthly,9.99,2025-10-06,,Active,
17254,13254,Monthly,9.99,2025-10-11,,Active,
17255,13255,Monthly,9.99,2025-10-19,2025-11-13,Churned,2025-11-13
17256,13256,Annual,6.99,2025-10-27,,Active,
17257,13257,Monthly,9.99,2025-10-09,,Active,
17258,13258,Monthly,9.99,2025-10-01,,Active,
17259,13259,Monthly,9.99,2025-10-27,,Active,
17260,13260,Monthly,9.99,2025-10-29,,Active,
17261,13261,Monthly,0.0,2025-10-27,,Active,
17262,13262,Annual,6.99,2025-10-16,,Active,
17263,13263,Annual,6.99,2025-10-23,,Active,
17264,13264,Annual,6.99,2025-10-04,,Active,
17265,13265,Monthly,9.99,2025-10-20,,Active,
17266,13266,Monthly,9.99,2025-10-19,,Active,
17267,13267,Monthly,9.99,2025-10-20,,Active,
17268,13268,Monthly,9.99,2025-10-22,,Active,
17269,13269,Monthly,9.99,2025-10-28,2025-12-13,Churned,2025-12-13
17270,13270,Monthly,9.99,2025-10-25,,Active,
17271,13271,Annual,6.99,2025-10-02,,Active,
17272,13272,Annual,0.0,2025-10-22,,Active,
17273,13273,Annual,6.99,2025-10-23,2025-12-01,Churned,2025-12-01
17274,13274,Monthly,9.99,2025-10-18,,Active,
17275,13275,Annual,6.99,2025-10-20,,Active,
17276,13276,Annual,6.99,2025-10-03,,Active,
17277,13277,Annual,6.99,2025-10-09,,Active,
17278,13278,Monthly,9.99,2025-10-27,,Active,
17279,13279,Monthly,9.99,2025-10-01,,Active,
17280,13280,Monthly,9.99,2025-10-31,,Active,
17281,13281,Annual,6.99,2025-10-07,,Active,
17282,13282,Monthly,9.99,2025-10-25,,Active,
17283,13283,Annual,6.99,2025-10-07,,Active,
17284,13284,Monthly,9.99,2025-10-02,2026-05-24,Churned,2026-05-24
17285,13285,Annual,6.99,2025-10-19,2026-03-31,Churned,2026-03-31
17286,13286,Annual,6.99,2025-10-24,,Active,
17287,13287,Monthly,9.99,2025-10-03,2026-06-05,Churned,2026-06-05
17288,13288,Monthly,9.99,2025-10-09,,Active,
17289,13289,Monthly,9.99,2025-10-10,,Active,
17290,13290,Annual,6.99,2025-10-30,2026-07-07,Churned,2026-07-07
17291,13291,Monthly,9.99,2025-10-10,,Active,
17292,13292,Annual,6.99,2025-10-02,,Active,
17293,13293,Annual,6.99,2025-10-31,,Active,
17294,13294,Monthly,9.99,2025-10-03,,Active,
17295,13295,Monthly,9.99,2025-10-16,2026-01-06,Churned,2026-01-06
17296,13296,Monthly,9.99,2025-10-06,,Active,
17297,13297,Monthly,9.99,2025-10-08,2026-02-05,Churned,2026-02-05
17298,13298,Monthly,9.99,2025-10-24,2026-02-12,Churned,2026-02-12
17299,13299,Annual,6.99,2025-10-05,2026-05-02,Churned,2026-05-02
17300,13300,Monthly,9.99,2025-10-21,2025-11-06,Churned,2025-11-06
17301,13301,Monthly,9.99,2025-10-18,,Active,
17302,13302,Monthly,9.99,2025-10-23,2025-11-04,Churned,2025-11-04
17303,13303,Monthly,9.99,2025-10-05,,Active,
17304,13304,Annual,6.99,2025-10-11,,Active,
17305,13305,Monthly,9.99,2025-10-01,,Active,
17306,13306,Monthly,9.99,2025-10-28,2025-12-09,Churned,2025-12-09
17307,13307,Monthly,9.99,2025-10-31,,Active,
17308,13308,Monthly,9.99,2025-10-14,,Active,
17309,13309,Monthly,9.99,2025-10-17,2026-04-29,Churned,2026-04-29
17310,13310,Monthly,9.99,2025-10-05,2026-06-03,churned,2026-06-03
17311,13311,Monthly,9.99,2025-10-28,2025-11-08,Churned,2025-11-08
17312,13312,Annual,0.0,2025-10-24,,Active,
17313,13313,Monthly,9.99,2025-10-04,2026-01-08,Churned,2026-01-08
17314,13314,Monthly,9.99,2025-10-17,,Active,
17315,13315,Monthly,9.99,2025-10-06,,Active,
17316,13316,Monthly,9.99,2025-10-19,,Active,
17317,13317,Annual,6.99,2025-10-21,2026-01-13,Churned,2026-01-13
17318,13318,Annual,6.99,2025-10-12,,Active,
17319,13319,Annual,6.99,2025-10-14,,ACTIVE,
17320,13320,Monthly,9.99,2025-10-23,,Active,
17321,13321,Monthly,9.99,2025-10-05,,Active,
17322,13322,Monthly,9.99,2025-10-02,2026-02-10,Churned,2026-02-10
17323,13323,Monthly,9.99,2025-10-13,2026-05-17,Churned,2026-05-17
17324,13324,Monthly,9.99,2025-10-16,,Active,
17325,13325,Monthly,9.99,2025-10-09,,Active,
17326,13326,Monthly,9.99,2025-10-14,,Active,
17327,13327,Annual,6.99,2025-10-04,,Active,
17328,13328,Monthly,9.99,2025-10-24,,Active,
17329,13329,Annual,6.99,2025-10-24,2026-01-27,Churned,2026-01-27
17330,13330,Annual,6.99,2025-10-09,2026-02-18,Churned,2026-02-18
17331,13331,Monthly,9.99,2025-10-21,,Active,
17332,13332,Annual,6.99,2025-10-08,2025-12-27,Churned,2025-12-27
17333,13333,Monthly,9.99,2025-10-13,,Active,
17334,13334,Annual,6.99,2025-10-10,,Active,
17335,13335,Annual,6.99,2025-10-31,2026-05-26,Churned,2026-05-26
17336,13336,Annual,6.99,2025-10-15,,Active,
17337,13337,Monthly,9.99,2025-10-20,,Active,
17338,13338,Monthly,9.99,2025-10-07,,Active,
17339,13339,Monthly,9.99,2025-10-29,2026-02-12,Churned,2026-02-12
17340,13340,Monthly,9.99,2025-10-22,2026-03-13,Churned,2026-03-13
17341,13341,Annual,6.99,2025-10-04,,Active,
17342,13342,Monthly,9.99,2025-10-11,2025-12-20,churned,2025-12-20
17343,13343,Annual,6.99,2025-10-16,2026-02-17,Churned,2026-02-17
17344,13344,Annual,6.99,2025-10-14,,Active,
17345,13345,Monthly,9.99,2025-10-25,,Active,
17346,13346,Monthly,9.99,2025-10-18,2026-01-09,Churned,2026-01-09
17347,13347,Monthly,9.99,2025-10-18,,Active,
17348,13348,Annual,6.99,2025-10-12,,Active,
17349,13349,Monthly,9.99,2025-10-27,,Active,
17350,13350,Monthly,9.99,2025-10-22,2026-03-22,Churned,2026-03-22
17351,13351,Monthly,9.99,2025-10-22,2026-03-18,Churned,2026-03-18
17352,13352,Monthly,9.99,2025-10-21,,Active,
17353,13353,Monthly,9.99,2025-10-21,,Active,
17354,13354,Annual,6.99,2025-10-24,2025-11-18,Churned,2025-11-18
17355,13355,Monthly,9.99,2025-10-08,2026-07-04,Churned,2026-07-04
17356,13356,Monthly,9.99,2025-10-17,2026-01-24,Churned,2026-01-24
17357,13357,Monthly,9.99,2025-10-05,,Active,
17358,13358,Monthly,9.99,2025-10-12,,Active,
17359,13359,Monthly,9.99,2025-10-10,2025-12-20,Churned,2025-12-20
17360,13360,Annual,6.99,2025-10-07,,Active,
17361,13361,Monthly,9.99,2025-10-17,2025-12-14,Churned,2025-12-14
17362,13362,Annual,6.99,2025-10-14,,Active,
17363,13363,Monthly,9.99,2025-10-15,2026-07-03,Churned,2026-07-03
17364,13364,Monthly,9.99,2025-10-28,2026-02-25,Churned,2026-02-25
17365,13365,Monthly,9.99,2025-10-12,,Active,
17366,13366,Monthly,9.99,2025-10-04,2026-02-16,Churned,2026-02-16
17367,13367,Annual,6.99,2025-10-25,,Active,
17368,13368,Annual,6.99,2025-10-07,,Active,
17369,13369,Monthly,9.99,2025-10-31,,Active,
17370,13370,Monthly,9.99,2025-10-21,,Active,
17371,13371,Annual,6.99,2025-10-08,,Active,
17372,13372,Monthly,9.99,2025-10-18,,Active,
17373,13373,Monthly,9.99,2025-10-29,2025-11-22,Churned,2025-11-22
17374,13374,Annual,6.99,2025-10-29,,Active,
17375,13375,Annual,6.99,2025-10-13,,Active,
17376,13376,Annual,6.99,2025-10-01,2026-04-22,Churned,2026-04-22
17377,13377,Monthly,9.99,2025-10-03,2026-03-25,Churned,2026-03-25
17378,13378,Monthly,9.99,2025-10-28,2026-01-06,Churned,2026-01-06
17379,13379,Monthly,9.99,2025-10-21,,Active,
17380,13380,Annual,6.99,2025-10-23,,Active,
17381,13381,Monthly,9.99,2025-10-23,,Active,
17382,13382,Annual,6.99,2025-10-25,2026-02-21,Churned,2026-02-21
17383,13383,Monthly,9.99,2025-10-16,2026-01-14,Churned,2026-01-14
17384,13384,Monthly,9.99,2025-10-12,2026-06-13,Churned,2026-06-13
17385,13385,Monthly,9.99,2025-10-08,,Active,
17386,13386,Monthly,9.99,2025-10-10,,Active,
17387,13387,Annual,6.99,2025-10-24,2026-04-01,Churned,2026-04-01
17388,13388,Annual,6.99,2025-10-01,,Active,
17389,13389,Annual,6.99,2025-10-05,2026-02-02,Churned,2026-02-02
17390,13390,Annual,6.99,2025-10-25,,Active,
17391,13391,Annual,6.99,2025-10-21,,Active,
17392,13392,Monthly,9.99,2025-10-06,,Active,
17393,13393,Monthly,9.99,2025-10-02,,Active,
17394,13394,Annual,6.99,2025-10-08,,Active,
17395,13395,Monthly,9.99,2025-10-04,2026-06-17,Churned,2026-06-17
17396,13396,Monthly,9.99,2025-10-09,,Active,
17397,13397,Monthly,9.99,2025-10-26,,Active,
17398,13398,Monthly,9.99,2025-10-27,2026-06-30,Churned,2026-06-30
17399,13399,Monthly,9.99,2025-10-09,2026-02-25,Churned,2026-02-25
17400,13400,Monthly,9.99,2025-10-09,,Active,
17401,13401,Monthly,9.99,2025-10-26,2026-01-19,Churned,2026-01-19
17402,13402,Monthly,9.99,2025-10-14,2026-03-20,Churned,2026-03-20
17403,13403,Annual,6.99,2025-10-07,2026-01-26,Churned,2026-01-26
17404,13404,Annual,6.99,2025-10-24,,Active,
17405,13405,Monthly,9.99,2025-10-16,2026-02-03,Churned,2026-02-03
17406,13406,Annual,6.99,2025-10-28,2026-02-08,Churned,2026-02-08
17407,13407,Annual,6.99,2025-10-28,,Active,
17408,13408,Annual,6.99,2025-10-25,2026-03-14,Churned,2026-03-14
17409,13409,Monthly,9.99,2025-10-31,,Active,
17410,13410,Monthly,9.99,2025-10-17,,Active,
17411,13411,Monthly,9.99,2025-10-17,,Active,
17412,13412,Annual,6.99,2025-10-01,,Active,
17413,13413,Monthly,9.99,2025-10-06,2026-03-14,Churned,2026-03-14
17414,13414,Annual,6.99,2025-10-05,2026-04-23,Churned,2026-04-23
17415,13415,Annual,6.99,2025-10-29,,Active,
17416,13416,Monthly,9.99,2025-10-08,2026-05-13,Churned,2026-05-13
17417,13417,Annual,6.99,2025-10-20,,Active,
17418,13418,Monthly,9.99,2025-10-13,,Active,
17419,13419,Monthly,9.99,2025-10-24,,Active,
17420,13420,Monthly,9.99,2025-10-12,,Active,
17421,13421,Monthly,9.99,2025-10-30,2026-01-30,Churned,2026-01-30
17422,13422,Monthly,9.99,2025-10-16,,Active,
17423,13423,Annual,6.99,2025-10-08,2026-03-03,Churned,2026-03-03
17424,13424,Monthly,9.99,2025-10-13,2026-01-04,Churned,2026-01-04
17425,13425,Annual,6.99,2025-10-12,,Active,
17426,13426,Monthly,9.99,2025-10-23,2025-11-22,Churned,2025-11-22
17427,13427,Monthly,9.99,2025-10-11,2025-11-02,Churned,2025-11-02
17428,13428,Annual,6.99,2025-10-02,,Active,
17429,13429,Monthly,9.99,2025-10-25,,Active,
17430,13430,Monthly,9.99,2025-10-31,,Active,
17431,13431,Monthly,9.99,2025-10-08,,Active,
17432,13432,Annual,6.99,2025-10-27,,Active,
17433,13433,Monthly,9.99,2025-10-02,,Active,
17434,13434,Annual,6.99,2025-10-11,,Active,
17435,13435,Annual,6.99,2025-10-01,,Active,
17436,13436,Monthly,9.99,2025-10-13,2026-02-15,Churned,2026-02-15
17437,13437,Monthly,9.99,2025-10-19,,Active,
17438,13438,Monthly,9.99,2025-10-30,,Active,
17439,13439,Monthly,9.99,2025-10-27,,Active,
17440,13440,Monthly,9.99,2025-10-30,,Active,
17441,13441,Monthly,9.99,2025-10-21,,Active,
17442,13442,Annual,6.99,2025-10-13,,Active,
17443,13443,Monthly,9.99,2025-10-29,2026-02-19,Churned,2026-02-19
17444,13444,Monthly,9.99,2025-10-02,,Active,
17445,13445,Annual,6.99,2025-10-26,,Active,
17446,13446,Monthly,9.99,2025-10-31,,Active,
17447,13447,Annual,0.0,2025-10-01,,Active,
17448,13448,Monthly,9.99,2025-10-21,2026-03-19,Churned,2026-03-19
17449,13449,Annual,6.99,2025-10-28,2026-01-28,Churned,2026-01-28
17450,13450,Monthly,9.99,2025-10-22,2026-03-22,Churned,2026-03-22
17451,13451,Monthly,9.99,2025-10-31,,Active,
17452,13452,Monthly,9.99,2025-10-09,,Active,
17453,13453,Monthly,9.99,2025-10-20,2026-02-03,Churned,2026-02-03
17454,13454,Monthly,9.99,2025-10-26,,Active,
17455,13455,Monthly,9.99,2025-10-03,2026-04-01,Churned,2026-04-01
17456,13456,Annual,6.99,2025-10-18,,Active,
17457,13457,Annual,6.99,2025-10-30,2026-01-01,Churned,2026-01-01
17458,13458,Annual,6.99,2025-10-15,,Active,
17459,13459,Annual,6.99,2025-10-26,2026-03-14,Churned,2026-03-14
17460,13460,Monthly,9.99,2025-10-23,,Active,
17461,13461,Annual,6.99,2025-10-09,2026-03-28,Churned,2026-03-28
17462,13462,Monthly,9.99,2025-10-12,2026-03-28,CHURNED,2026-03-28
17463,13463,Annual,6.99,2025-10-16,2026-01-18,Churned,2026-01-18
17464,13464,Annual,6.99,2025-10-14,2026-03-04,Churned,2026-03-04
17465,13465,Monthly,9.99,2025-10-19,2025-11-03,Churned,2025-11-03
17466,13466,Monthly,9.99,2025-10-21,2025-11-01,Churned,2025-11-01
17467,13467,Monthly,9.99,2025-10-13,,Active,
17468,13468,Monthly,9.99,2025-10-20,,Active,
17469,13469,Monthly,9.99,2025-10-21,,Active,
17470,13470,Annual,6.99,2025-10-31,,Active,
17471,13471,Monthly,9.99,2025-10-26,2026-01-26,Churned,2026-01-26
17472,13472,Annual,6.99,2025-10-18,,Active,
17473,13473,Monthly,9.99,2025-10-06,,Active,
17474,13474,Annual,0.0,2025-10-10,,Active,
17475,13475,Monthly,9.99,2025-10-11,,Active,
17476,13476,Annual,6.99,2025-10-09,,Active,
17477,13477,Monthly,9.99,2025-10-30,2026-01-28,Churned,2026-01-28
17478,13478,Annual,6.99,2025-10-17,2026-01-12,Churned,2026-01-12
17479,13479,Monthly,9.99,2025-10-31,,Active,
17480,13480,Monthly,9.99,2025-10-04,,Active,
17481,13481,Annual,6.99,2025-10-23,,Active,
17482,13482,Monthly,9.99,2025-10-19,,Active,
17483,13483,Annual,6.99,2025-10-24,2025-12-30,Churned,2025-12-30
17484,13484,Monthly,9.99,2025-10-13,,Active,
17485,13485,Annual,6.99,2025-10-17,,Active,
17486,13486,Monthly,9.99,2025-10-11,2026-02-21,Churned,2026-02-21
17487,13487,Annual,6.99,2025-10-22,,Active,
17488,13488,Monthly,9.99,2025-10-06,2026-03-17,Churned,2026-03-17
17489,13489,Monthly,9.99,2025-10-21,,Active,
17490,13490,Annual,6.99,2025-10-16,,Active,
17491,13491,Annual,6.99,2025-10-25,,Active,
17492,13492,Annual,6.99,2025-10-02,,Active,
17493,13493,Annual,6.99,2025-10-06,2026-01-23,Churned,2026-01-23
17494,13494,Monthly,9.99,2025-10-19,,Active,
17495,13495,Annual,6.99,2025-10-12,2026-03-10,Churned,2026-03-10
17496,13496,Monthly,9.99,2025-10-09,,Active,
17497,13497,Monthly,9.99,2025-10-29,2026-02-18,Churned,2026-02-18
17498,13498,Annual,6.99,2025-10-29,,Active,
17499,13499,Monthly,9.99,2025-10-03,,Active,
17500,13500,Monthly,9.99,2025-10-17,2025-12-23,Churned,2025-12-23
17501,13501,Monthly,9.99,2025-11-14,2026-04-02,Churned,2026-04-02
17502,13502,Monthly,9.99,2025-11-19,,Active,
17503,13503,Monthly,9.99,2025-11-17,,Active,
17504,13504,Monthly,9.99,2025-11-04,,Active,
17505,13505,Monthly,9.99,2025-11-10,,Active,
17506,13506,Annual,6.99,2025-11-24,2026-01-29,Churned,2026-01-29
17507,13507,Monthly,9.99,2025-11-10,,Active,
17508,13508,Monthly,9.99,2025-11-28,,Active,
17509,13509,Annual,6.99,2025-11-29,,Active,
17510,13510,Monthly,9.99,2025-11-24,2026-03-17,Churned,2026-03-17
17511,13511,Annual,6.99,2025-11-01,2026-05-16,Churned,2026-05-16
17512,13512,Monthly,9.99,2025-11-23,,Active,
17513,13513,Monthly,9.99,2025-11-30,2026-07-04,Churned,2026-07-04
17514,13514,Monthly,9.99,2025-11-23,,Active,
17515,13515,Annual,6.99,2025-11-20,,Active,
17516,13516,Annual,6.99,2025-11-19,,Active,
17517,13517,Monthly,9.99,2025-11-15,2026-03-17,Churned,2026-03-17
17518,13518,Monthly,9.99,2025-11-08,2026-02-27,Churned,2026-02-27
17519,13519,Monthly,9.99,2025-11-15,,Active,
17520,13520,Annual,6.99,2025-11-28,2026-01-25,Churned,2026-01-25
17521,13521,Monthly,9.99,2025-11-03,2025-12-01,Churned,2025-12-01
17522,13522,Monthly,9.99,2025-11-04,,Active,
17523,13523,Annual,6.99,2025-11-27,,Active,
17524,13524,Annual,6.99,2025-11-25,,Active,
17525,13525,Monthly,9.99,2025-11-16,,Active,
17526,13526,Monthly,9.99,2025-11-11,,Active,
17527,13527,Annual,6.99,2025-11-04,2026-03-15,Churned,2026-03-15
17528,13528,Monthly,9.99,2025-11-21,2026-01-15,Churned,2026-01-15
17529,13529,Monthly,9.99,2025-11-17,,Active,
17530,13530,Monthly,9.99,2025-11-25,,Active,
17531,13531,Monthly,9.99,2025-11-11,2026-04-28,Churned,2026-04-28
17532,13532,Annual,6.99,2025-11-24,,Active,
17533,13533,Annual,6.99,2025-11-29,,Active,
17534,13534,Monthly,9.99,2025-11-05,,Active,
17535,13535,Monthly,9.99,2025-11-23,,Active,
17536,13536,Annual,6.99,2025-11-19,2026-05-14,Churned,2026-05-14
17537,13537,Monthly,9.99,2025-11-13,,Active,
17538,13538,Annual,6.99,2025-11-07,,Active,
17539,13539,Annual,6.99,2025-11-05,,Active,
17540,13540,Annual,6.99,2025-11-04,,Active,
17541,13541,Monthly,9.99,2025-11-08,,Active,
17542,13542,Monthly,9.99,2025-11-16,,Active,
17543,13543,Monthly,9.99,2025-11-17,,Active,
17544,13544,Monthly,9.99,2025-11-30,2026-02-08,Churned,2026-02-08
17545,13545,Monthly,9.99,2025-11-23,,Active,
17546,13546,Annual,6.99,2025-11-30,2026-04-10,Churned,2026-04-10
17547,13547,Annual,6.99,2025-11-23,,Active,
17548,13548,Monthly,9.99,2025-11-18,,Active,
17549,13549,Monthly,9.99,2025-11-25,,Active,
17550,13550,Annual,6.99,2025-11-24,,Active,
17551,13551,Annual,6.99,2025-11-25,,Active,
17552,13552,Monthly,9.99,2025-11-08,2025-12-30,Churned,2025-12-30
17553,13553,Annual,6.99,2025-11-22,,Active,
17554,13554,Monthly,9.99,2025-11-07,,Active,
17555,13555,Monthly,9.99,2025-11-10,2026-02-12,Churned,2026-02-12
17556,13556,Monthly,9.99,2025-11-22,,Active,
17557,13557,Monthly,9.99,2025-11-16,,Active,
17558,13558,Monthly,9.99,2025-11-24,,Active,
17559,13559,Monthly,0.0,2025-11-22,2026-05-22,Churned,2026-05-22
17560,13560,Monthly,9.99,2025-11-23,,Active,
17561,13561,Monthly,9.99,2025-11-05,,Active,
17562,13562,Monthly,9.99,2025-11-04,2026-07-06,Churned,2026-07-06
17563,13563,Monthly,9.99,2025-11-08,,Active,
17564,13564,Annual,6.99,2025-11-11,,Active,
17565,13565,Annual,6.99,2025-11-25,2026-01-15,Churned,2026-01-15
17566,13566,Annual,6.99,2025-11-02,,Active,
17567,13567,Annual,6.99,2025-11-17,,Active,
17568,13568,Monthly,9.99,2025-11-24,,Active,
17569,13569,Annual,6.99,2025-11-11,,Active,
17570,13570,Monthly,9.99,2025-11-10,2026-02-09,Churned,2026-02-09
17571,13571,Monthly,0.0,2025-11-07,,Active,
17572,13572,Annual,6.99,2025-11-13,,Active,
17573,13573,Monthly,9.99,2025-11-19,,Active,
17574,13574,Monthly,9.99,2025-11-18,,Active,
17575,13575,Annual,6.99,2025-11-26,,Active,
17576,13576,Annual,6.99,2025-11-01,,Active,
17577,13577,Annual,6.99,2025-11-09,,ACTIVE,
17578,13578,Monthly,9.99,2025-11-11,,Active,
17579,13579,Monthly,9.99,2025-11-12,2026-05-14,Churned,2026-05-14
17580,13580,Monthly,9.99,2025-11-22,,Active,
17581,13581,Monthly,9.99,2025-11-04,,Active,
17582,13582,Monthly,9.99,2025-11-09,,Active,
17583,13583,Monthly,9.99,2025-11-02,,Active,
17584,13584,Annual,6.99,2025-11-18,2026-04-15,Churned,2026-04-15
17585,13585,Monthly,9.99,2025-11-29,2026-03-11,Churned,2026-03-11
17586,13586,Monthly,9.99,2025-11-30,,Active,
17587,13587,Monthly,9.99,2025-11-02,2025-12-03,Churned,2025-12-03
17588,13588,Monthly,9.99,2025-11-04,,Active,
17589,13589,Annual,6.99,2025-11-18,2026-02-21,Churned,2026-02-21
17590,13590,Monthly,9.99,2025-11-09,,Active,
17591,13591,Monthly,9.99,2025-11-07,,Active,
17592,13592,Monthly,9.99,2025-11-21,,Active,
17593,13593,Monthly,9.99,2025-11-10,2026-04-03,Churned,2026-04-03
17594,13594,Monthly,9.99,2025-11-18,,Active,
17595,13595,Monthly,9.99,2025-11-02,2026-07-04,Churned,2026-07-04
17596,13596,Annual,6.99,2025-11-30,,Active,
17597,13597,Annual,6.99,2025-11-03,,Active,
17598,13598,Annual,6.99,2025-11-02,,Active,
17599,13599,Annual,6.99,2025-11-13,2026-06-26,Churned,2026-06-26
17600,13600,Monthly,9.99,2025-11-27,,Active,
17601,13601,Annual,6.99,2025-11-20,,Active,
17602,13602,Monthly,9.99,2025-11-15,2026-02-12,Churned,2026-02-12
17603,13603,Monthly,9.99,2025-11-09,,Active,
17604,13604,Monthly,9.99,2025-11-07,,Active,
17605,13605,Monthly,9.99,2025-11-20,2026-02-14,Churned,2026-02-14
17606,13606,Monthly,9.99,2025-11-16,2025-12-05,Churned,2025-12-05
17607,13607,Monthly,9.99,2025-11-19,,Active,
17608,13608,Monthly,9.99,2025-11-13,2026-01-28,Churned,2026-01-28
17609,13609,Annual,6.99,2025-11-10,2026-03-06,Churned,2026-03-06
17610,13610,Monthly,9.99,2025-11-06,,Active,
17611,13611,Annual,6.99,2025-11-09,,Active,
17612,13612,Annual,6.99,2025-11-07,2026-02-09,Churned,2026-02-09
17613,13613,Annual,6.99,2025-11-15,,Active,
17614,13614,Monthly,9.99,2025-11-09,2025-12-30,Churned,2025-12-30
17615,13615,Annual,6.99,2025-11-24,2025-12-09,Churned,2025-12-09
17616,13616,Monthly,9.99,2025-11-17,,Active,
17617,13617,Monthly,9.99,2025-11-10,,Active,
17618,13618,Annual,6.99,2025-11-03,,Active,
17619,13619,Annual,6.99,2025-11-04,,Active,
17620,13620,Monthly,9.99,2025-11-03,,Active,
17621,13621,Monthly,9.99,2025-11-10,,Active,
17622,13622,Monthly,9.99,2025-11-10,,Active,
17623,13623,Monthly,9.99,2025-11-02,,Active,
17624,13624,Annual,6.99,2025-11-22,,Active,
17625,13625,Annual,6.99,2025-11-16,,Active,
17626,13626,Monthly,9.99,2025-11-30,,Active,
17627,13627,Monthly,9.99,2025-11-27,,Active,
17628,13628,Annual,6.99,2025-11-01,2026-05-05,Churned,2026-05-05
17629,13629,Annual,6.99,2025-11-21,,Active,
17630,13630,Monthly,9.99,2025-11-30,2026-03-26,Churned,2026-03-26
17631,13631,Monthly,9.99,2025-11-25,,Active,
17632,13632,Monthly,9.99,2025-11-21,2026-01-16,Churned,2026-01-16
17633,13633,Monthly,9.99,2025-11-05,,Active,
17634,13634,Monthly,9.99,2025-11-28,,Active,
17635,13635,Monthly,9.99,2025-11-25,,Active,
17636,13636,Annual,6.99,2025-11-17,,Active,
17637,13637,Monthly,9.99,2025-11-28,,Active,
17638,13638,Annual,6.99,2025-11-14,,Active,
17639,13639,Annual,6.99,2025-11-16,,Active,
17640,13640,Annual,6.99,2025-11-24,,Active,
17641,13641,Annual,6.99,2025-11-22,2026-07-06,Churned,2026-07-06
17642,13642,Annual,6.99,2025-11-17,,Active,
17643,13643,Monthly,9.99,2025-11-24,2026-02-25,Churned,2026-02-25
17644,13644,Annual,6.99,2025-11-27,,Active,
17645,13645,Annual,6.99,2025-11-20,,Active,
17646,13646,Monthly,9.99,2025-11-27,2026-05-29,Churned,2026-05-29
17647,13647,Annual,6.99,2025-11-13,2026-04-30,Churned,2026-04-30
17648,13648,Annual,6.99,2025-11-16,,Active,
17649,13649,Monthly,9.99,2025-11-20,,Active,
17650,13650,Monthly,9.99,2025-11-18,,Active,
17651,13651,Monthly,9.99,2025-11-06,2026-03-01,Churned,2026-03-01
17652,13652,Annual,6.99,2025-11-14,,Active,
17653,13653,Monthly,9.99,2025-11-05,,Active,
17654,13654,Annual,6.99,2025-11-21,,Active,
17655,13655,Monthly,9.99,2025-11-24,,Active,
17656,13656,Monthly,9.99,2025-11-21,,Active,
17657,13657,Monthly,9.99,2025-11-26,2025-12-21,Churned,2025-12-21
17658,13658,Monthly,9.99,2025-11-20,,Active,
17659,13659,Annual,6.99,2025-11-12,,Active,
17660,13660,Monthly,9.99,2025-11-02,,Active,
17661,13661,Monthly,9.99,2025-11-01,2026-04-08,Churned,2026-04-08
17662,13662,Monthly,9.99,2025-11-29,,Active,
17663,13663,Monthly,9.99,2025-11-24,,Active,
17664,13664,Monthly,9.99,2025-11-11,,ACTIVE,
17665,13665,Annual,6.99,2025-11-29,,Active,
17666,13666,Monthly,9.99,2025-11-08,2025-12-05,Churned,2025-12-05
17667,13667,Annual,6.99,2025-11-24,2026-06-11,Churned,2026-06-11
17668,13668,Monthly,9.99,2025-11-07,,Active,
17669,13669,Monthly,9.99,2025-11-22,2026-01-06,Churned,2026-01-06
17670,13670,Monthly,9.99,2025-11-03,,Active,
17671,13671,Annual,6.99,2025-11-21,2026-04-14,Churned,2026-04-14
17672,13672,Monthly,9.99,2025-11-14,,Active,
17673,13673,Monthly,9.99,2025-11-18,,Active,
17674,13674,Annual,6.99,2025-11-02,,Active,
17675,13675,Annual,6.99,2025-11-12,,Active,
17676,13676,Annual,6.99,2025-11-05,,Active,
17677,13677,Annual,6.99,2025-11-19,,Active,
17678,13678,Monthly,9.99,2025-11-01,,Active,
17679,13679,Annual,6.99,2025-11-28,,Active,
17680,13680,Annual,6.99,2025-11-06,,Active,
17681,13681,Annual,6.99,2025-11-16,,Active,
17682,13682,Annual,6.99,2025-11-30,,Active,
17683,13683,Annual,6.99,2025-11-13,,Active,
17684,13684,Monthly,9.99,2025-11-17,2026-02-15,Churned,2026-02-15
17685,13685,Monthly,9.99,2025-11-29,2026-01-19,Churned,2026-01-19
17686,13686,Monthly,9.99,2025-11-03,2026-04-12,Churned,2026-04-12
17687,13687,Annual,6.99,2025-11-17,,Active,
17688,13688,Monthly,9.99,2025-11-17,2026-04-18,Churned,2026-04-18
17689,13689,Monthly,9.99,2025-11-22,,Active,
17690,13690,Monthly,9.99,2025-11-19,,Active,
17691,13691,Monthly,9.99,2025-11-15,,ACTIVE,
17692,13692,Annual,6.99,2025-11-17,2025-12-12,Churned,2025-12-12
17693,13693,Monthly,9.99,2025-11-09,,Active,
17694,13694,Annual,6.99,2025-11-11,,Active,
17695,13695,Monthly,9.99,2025-11-29,2025-12-18,Churned,2025-12-18
17696,13696,Monthly,9.99,2025-11-20,,Active,
17697,13697,Monthly,9.99,2025-11-21,,active,
17698,13698,Monthly,9.99,2025-11-05,2026-01-03,Churned,2026-01-03
17699,13699,Annual,0.0,2025-11-12,2026-01-17,Churned,2026-01-17
17700,13700,Monthly,9.99,2025-11-07,,Active,
17701,13701,Annual,6.99,2025-11-29,,Active,
17702,13702,Annual,6.99,2025-11-30,,Active,
17703,13703,Monthly,9.99,2025-11-11,,Active,
17704,13704,Monthly,9.99,2025-11-13,,Active,
17705,13705,Monthly,9.99,2025-11-21,,Active,
17706,13706,Annual,6.99,2025-11-05,2026-01-25,Churned,2026-01-25
17707,13707,Annual,6.99,2025-11-17,,Active,
17708,13708,Annual,6.99,2025-11-07,,Active,
17709,13709,Monthly,9.99,2025-11-16,2026-01-26,Churned,2026-01-26
17710,13710,Annual,6.99,2025-11-22,2026-01-27,Churned,2026-01-27
17711,13711,Monthly,9.99,2025-11-23,,Active,
17712,13712,Monthly,9.99,2025-11-04,2025-12-03,Churned,2025-12-03
17713,13713,Monthly,9.99,2025-11-09,2026-02-12,Churned,2026-02-12
17714,13714,Monthly,9.99,2025-11-11,2025-12-02,Churned,2025-12-02
17715,13715,Annual,6.99,2025-11-22,,Active,
17716,13716,Monthly,0.0,2025-11-10,,Active,
17717,13717,Monthly,9.99,2025-11-14,,Active,
17718,13718,Annual,6.99,2025-11-07,,Active,
17719,13719,Monthly,9.99,2025-11-11,,Active,
17720,13720,Annual,6.99,2025-11-15,,Active,
17721,13721,Annual,6.99,2025-11-07,2026-02-05,Churned,2026-02-05
17722,13722,Monthly,9.99,2025-11-04,,Active,
17723,13723,Monthly,9.99,2025-11-05,2026-03-08,Churned,2026-03-08
17724,13724,Monthly,9.99,2025-11-14,,Active,
17725,13725,Annual,6.99,2025-11-05,,ACTIVE,
17726,13726,Monthly,9.99,2025-11-01,2026-07-01,Churned,2026-07-01
17727,13727,Monthly,9.99,2025-11-26,,Active,
17728,13728,Monthly,9.99,2025-11-30,,Active,
17729,13729,Annual,6.99,2025-11-16,,Active,
17730,13730,Monthly,9.99,2025-11-19,2026-03-18,Churned,2026-03-18
17731,13731,Monthly,9.99,2025-11-05,,Active,
17732,13732,Annual,6.99,2025-11-03,,Active,
17733,13733,Monthly,9.99,2025-11-03,,Active,
17734,13734,Monthly,9.99,2025-11-06,,Active,
17735,13735,Monthly,9.99,2025-11-04,,Active,
17736,13736,Annual,6.99,2025-11-23,,Active,
17737,13737,Annual,6.99,2025-11-24,2026-02-09,Churned,2026-02-09
17738,13738,Monthly,9.99,2025-11-22,2026-05-31,Churned,2026-05-31
17739,13739,Annual,6.99,2025-11-09,,Active,
17740,13740,Annual,6.99,2025-11-11,,Active,
17741,13741,Monthly,9.99,2025-11-11,,Active,
17742,13742,Annual,6.99,2025-11-05,,ACTIVE,
17743,13743,Monthly,9.99,2025-11-15,,Active,
17744,13744,Monthly,9.99,2025-11-17,,Active,
17745,13745,Monthly,9.99,2025-11-07,,Active,
17746,13746,Annual,6.99,2025-11-09,2026-05-19,Churned,2026-05-19
17747,13747,Annual,6.99,2025-11-15,2026-02-12,Churned,2026-02-12
17748,13748,Monthly,9.99,2025-11-03,,Active,
17749,13749,Monthly,9.99,2025-11-18,2026-03-30,Churned,2026-03-30
17750,13750,Monthly,9.99,2025-11-11,,Active,
17751,13751,Monthly,9.99,2025-11-22,2026-03-07,Churned,2026-03-07
17752,13752,Annual,6.99,2025-11-23,,Active,
17753,13753,Annual,6.99,2025-11-12,,Active,
17754,13754,Monthly,9.99,2025-11-11,2026-03-10,Churned,2026-03-10
17755,13755,Annual,6.99,2025-11-16,,Active,
17756,13756,Monthly,9.99,2025-11-02,,active,
17757,13757,Annual,6.99,2025-11-06,,Active,
17758,13758,Monthly,0.0,2025-11-04,,Active,
17759,13759,Monthly,9.99,2025-11-09,,Active,
17760,13760,Monthly,9.99,2025-11-18,2026-03-12,Churned,2026-03-12
17761,13761,Annual,6.99,2025-11-08,,Active,
17762,13762,Monthly,9.99,2025-11-16,2026-02-11,Churned,2026-02-11
17763,13763,Monthly,9.99,2025-11-21,2025-12-19,Churned,2025-12-19
17764,13764,Monthly,9.99,2025-11-21,2026-05-12,Churned,2026-05-12
17765,13765,Monthly,9.99,2025-11-16,,Active,
17766,13766,Monthly,9.99,2025-11-18,2026-01-12,Churned,2026-01-12
17767,13767,Monthly,9.99,2025-11-14,,Active,
17768,13768,Annual,0.0,2025-11-15,,Active,
17769,13769,Annual,6.99,2025-11-24,,Active,
17770,13770,Monthly,9.99,2025-11-15,2025-12-15,Churned,2025-12-15
17771,13771,Monthly,9.99,2025-11-11,,Active,
17772,13772,Monthly,9.99,2025-11-29,2025-12-11,Churned,2025-12-11
17773,13773,Monthly,9.99,2025-11-28,,Active,
17774,13774,Annual,6.99,2025-11-26,,Active,
17775,13775,Monthly,9.99,2025-11-25,2026-01-23,Churned,2026-01-23
17776,13776,Annual,6.99,2025-11-12,,Active,
17777,13777,Annual,6.99,2025-11-29,,Active,
17778,13778,Monthly,9.99,2025-11-20,,ACTIVE,
17779,13779,Monthly,9.99,2025-11-27,,Active,
17780,13780,Monthly,9.99,2025-11-01,,Active,
17781,13781,Annual,6.99,2025-11-04,,Active,
17782,13782,Monthly,0.0,2025-11-01,,Active,
17783,13783,Monthly,9.99,2025-11-30,2026-02-06,Churned,2026-02-06
17784,13784,Monthly,9.99,2025-11-10,,Active,
17785,13785,Annual,6.99,2025-11-02,,Active,
17786,13786,Annual,6.99,2025-11-23,2026-05-26,Churned,2026-05-26
17787,13787,Monthly,9.99,2025-11-24,2026-01-01,Churned,2026-01-01
17788,13788,Annual,6.99,2025-11-28,,Active,
17789,13789,Monthly,9.99,2025-11-18,,Active,
17790,13790,Annual,6.99,2025-11-21,,Active,
17791,13791,Monthly,9.99,2025-11-19,2026-07-06,Churned,2026-07-06
17792,13792,Monthly,9.99,2025-11-22,,Active,
17793,13793,Monthly,0.0,2025-11-16,2026-04-27,Churned,2026-04-27
17794,13794,Monthly,9.99,2025-11-01,,Active,
17795,13795,Annual,0.0,2025-11-06,2026-04-04,Churned,2026-04-04
17796,13796,Monthly,9.99,2025-11-28,2026-01-22,Churned,2026-01-22
17797,13797,Monthly,9.99,2025-11-02,,Active,
17798,13798,Monthly,9.99,2025-11-03,,Active,
17799,13799,Monthly,9.99,2025-11-25,2026-01-24,Churned,2026-01-24
17800,13800,Annual,6.99,2025-11-29,,Active,
17801,13801,Annual,6.99,2025-11-14,,Active,
17802,13802,Monthly,9.99,2025-11-05,,Active,
17803,13803,Monthly,9.99,2025-11-18,,active,
17804,13804,Annual,6.99,2025-11-02,,ACTIVE,
17805,13805,Monthly,9.99,2025-11-11,2025-12-20,Churned,2025-12-20
17806,13806,Annual,6.99,2025-11-17,,Active,
17807,13807,Annual,6.99,2025-11-27,,Active,
17808,13808,Monthly,9.99,2025-11-04,2025-12-27,Churned,2025-12-27
17809,13809,Monthly,0.0,2025-11-19,,Active,
17810,13810,Annual,6.99,2025-11-01,2026-05-08,churned,2026-05-08
17811,13811,Monthly,9.99,2025-11-14,,active,
17812,13812,Monthly,9.99,2025-11-21,,Active,
17813,13813,Monthly,9.99,2025-11-02,,Active,
17814,13814,Monthly,9.99,2025-11-23,2025-12-17,Churned,2025-12-17
17815,13815,Monthly,9.99,2025-11-30,,Active,
17816,13816,Annual,6.99,2025-11-09,,Active,
17817,13817,Monthly,9.99,2025-11-23,,Active,
17818,13818,Annual,6.99,2025-11-17,2025-12-24,Churned,2025-12-24
17819,13819,Annual,6.99,2025-11-28,,Active,
17820,13820,Annual,6.99,2025-11-18,,Active,
17821,13821,Annual,6.99,2025-11-25,2025-12-16,Churned,2025-12-16
17822,13822,Monthly,0.0,2025-11-05,,Active,
17823,13823,Monthly,9.99,2025-11-08,2026-02-14,Churned,2026-02-14
17824,13824,Annual,6.99,2025-11-14,,Active,
17825,13825,Monthly,9.99,2025-11-28,,Active,
17826,13826,Monthly,9.99,2025-11-20,,Active,
17827,13827,Annual,6.99,2025-11-07,,Active,
17828,13828,Monthly,9.99,2025-11-27,,Active,
17829,13829,Annual,6.99,2025-11-19,,Active,
17830,13830,Annual,6.99,2025-11-13,2026-06-28,Churned,2026-06-28
17831,13831,Monthly,9.99,2025-11-12,2026-04-17,Churned,2026-04-17
17832,13832,Monthly,9.99,2025-11-21,,Active,
17833,13833,Annual,6.99,2025-11-27,2026-01-10,Churned,2026-01-10
17834,13834,Annual,6.99,2025-11-16,,Active,
17835,13835,Monthly,9.99,2025-11-26,,Active,
17836,13836,Monthly,9.99,2025-11-22,,Active,
17837,13837,Monthly,9.99,2025-11-03,,Active,
17838,13838,Monthly,9.99,2025-11-24,,Active,
17839,13839,Monthly,9.99,2025-11-17,,Active,
17840,13840,Monthly,9.99,2025-11-16,,Active,
17841,13841,Annual,6.99,2025-11-19,,Active,
17842,13842,Monthly,9.99,2025-11-02,,Active,
17843,13843,Annual,6.99,2025-11-28,,Active,
17844,13844,Monthly,9.99,2025-11-27,,Active,
17845,13845,Annual,6.99,2025-11-30,,Active,
17846,13846,Annual,6.99,2025-11-19,,Active,
17847,13847,Monthly,0.0,2025-11-08,,Active,
17848,13848,Monthly,9.99,2025-11-19,2026-02-09,Churned,2026-02-09
17849,13849,Monthly,0.0,2025-11-09,2026-01-10,Churned,2026-01-10
17850,13850,Monthly,9.99,2025-11-16,,Active,
17851,13851,Monthly,9.99,2025-11-25,,Active,
17852,13852,Annual,6.99,2025-11-06,,Active,
17853,13853,Monthly,9.99,2025-11-14,,Active,
17854,13854,Annual,6.99,2025-11-15,,Active,
17855,13855,Monthly,9.99,2025-11-28,,Active,
17856,13856,Annual,6.99,2025-11-17,2025-12-19,CHURNED,2025-12-19
17857,13857,Monthly,9.99,2025-11-11,,Active,
17858,13858,Annual,6.99,2025-11-12,2025-12-30,Churned,2025-12-30
17859,13859,Monthly,9.99,2025-11-10,2026-03-10,Churned,2026-03-10
17860,13860,Monthly,9.99,2025-11-05,,Active,
17861,13861,Annual,6.99,2025-11-22,2025-12-24,Churned,2025-12-24
17862,13862,Monthly,9.99,2025-11-23,,Active,
17863,13863,Annual,6.99,2025-11-06,,Active,
17864,13864,Monthly,9.99,2025-11-14,,Active,
17865,13865,Monthly,9.99,2025-11-23,,Active,
17866,13866,Annual,6.99,2025-11-22,,Active,
17867,13867,Monthly,9.99,2025-11-03,,Active,
17868,13868,Monthly,9.99,2025-11-02,,Active,
17869,13869,Monthly,9.99,2025-11-03,,Active,
17870,13870,Monthly,9.99,2025-11-16,2026-02-15,Churned,2026-02-15
17871,13871,Monthly,9.99,2025-11-28,,Active,
17872,13872,Annual,6.99,2025-11-03,2025-12-28,Churned,2025-12-28
17873,13873,Annual,6.99,2025-11-22,,Active,
17874,13874,Monthly,9.99,2025-11-23,2026-04-03,Churned,2026-04-03
17875,13875,Monthly,9.99,2025-11-29,,Active,
17876,13876,Annual,6.99,2025-11-18,,Active,
17877,13877,Annual,6.99,2025-11-29,,Active,
17878,13878,Monthly,9.99,2025-11-14,,Active,
17879,13879,Monthly,9.99,2025-11-08,2026-03-31,Churned,2026-03-31
17880,13880,Annual,6.99,2025-11-30,2026-02-03,Churned,2026-02-03
17881,13881,Monthly,9.99,2025-11-16,,Active,
17882,13882,Monthly,9.99,2025-11-10,2025-12-05,Churned,2025-12-05
17883,13883,Monthly,9.99,2025-11-20,,Active,
17884,13884,Monthly,9.99,2025-11-13,,Active,
17885,13885,Annual,6.99,2025-11-23,,Active,
17886,13886,Annual,6.99,2025-11-23,2026-07-03,Churned,2026-07-03
17887,13887,Annual,6.99,2025-11-01,,Active,
17888,13888,Monthly,9.99,2025-11-16,2026-01-20,Churned,2026-01-20
17889,13889,Annual,6.99,2025-11-26,,Active,
17890,13890,Monthly,9.99,2025-11-20,,Active,
17891,13891,Monthly,9.99,2025-11-22,2026-03-25,Churned,2026-03-25
17892,13892,Monthly,9.99,2025-11-30,,Active,
17893,13893,Annual,6.99,2025-11-11,,Active,
17894,13894,Monthly,9.99,2025-11-21,,Active,
17895,13895,Monthly,9.99,2025-11-01,2025-12-27,Churned,2025-12-27
17896,13896,Monthly,9.99,2025-11-05,,Active,
17897,13897,Monthly,9.99,2025-11-21,,Active,
17898,13898,Annual,6.99,2025-11-07,,Active,
17899,13899,Monthly,9.99,2025-11-24,2026-04-05,Churned,2026-04-05
17900,13900,Monthly,9.99,2025-11-27,,Active,
17901,13901,Monthly,9.99,2025-11-27,2026-06-12,Churned,2026-06-12
17902,13902,Annual,6.99,2025-11-02,,Active,
17903,13903,Annual,6.99,2025-11-10,,Active,
17904,13904,Annual,6.99,2025-11-16,,Active,
17905,13905,Monthly,9.99,2025-11-01,2026-06-19,Churned,2026-06-19
17906,13906,Annual,6.99,2025-11-28,,Active,
17907,13907,Annual,6.99,2025-11-29,,active,
17908,13908,Monthly,9.99,2025-11-24,,active,
17909,13909,Monthly,0.0,2025-11-09,2026-03-31,Churned,2026-03-31
17910,13910,Annual,6.99,2025-11-04,2026-04-25,Churned,2026-04-25
17911,13911,Monthly,9.99,2025-11-25,2026-02-23,Churned,2026-02-23
17912,13912,Annual,6.99,2025-11-23,,Active,
17913,13913,Monthly,9.99,2025-11-29,2026-05-04,Churned,2026-05-04
17914,13914,Annual,6.99,2025-11-12,,Active,
17915,13915,Monthly,9.99,2025-11-06,,Active,
17916,13916,Annual,6.99,2025-11-28,,Active,
17917,13917,Monthly,9.99,2025-11-04,,Active,
17918,13918,Annual,6.99,2025-11-18,,Active,
17919,13919,Annual,6.99,2025-11-15,,Active,
17920,13920,Monthly,9.99,2025-11-17,,Active,
17921,13921,Monthly,9.99,2025-11-13,,Active,
17922,13922,Monthly,9.99,2025-11-01,2026-01-12,Churned,2026-01-12
17923,13923,Monthly,9.99,2025-11-19,,Active,
17924,13924,Annual,6.99,2025-11-08,,Active,
17925,13925,Monthly,9.99,2025-11-04,,Active,
17926,13926,Monthly,9.99,2025-11-13,,Active,
17927,13927,Monthly,9.99,2025-11-09,2026-01-30,Churned,2026-01-30
17928,13928,Annual,6.99,2025-11-22,2026-01-20,Churned,2026-01-20
17929,13929,Monthly,9.99,2025-11-11,,Active,
17930,13930,Annual,6.99,2025-11-16,,Active,
17931,13931,Annual,6.99,2025-11-15,,Active,
17932,13932,Monthly,9.99,2025-11-26,,Active,
17933,13933,Annual,6.99,2025-11-04,,Active,
17934,13934,Annual,6.99,2025-11-02,,Active,
17935,13935,Annual,6.99,2025-11-27,,Active,
17936,13936,Annual,6.99,2025-11-10,,Active,
17937,13937,Monthly,9.99,2025-11-22,2026-07-03,Churned,2026-07-03
17938,13938,Monthly,9.99,2025-11-18,,Active,
17939,13939,Monthly,9.99,2025-11-23,,Active,
17940,13940,Monthly,9.99,2025-11-20,,Active,
17941,13941,Annual,6.99,2025-11-08,,Active,
17942,13942,Annual,6.99,2025-11-16,,Active,
17943,13943,Monthly,9.99,2025-11-10,,Active,
17944,13944,Monthly,9.99,2025-11-12,2026-01-04,Churned,2026-01-04
17945,13945,Annual,6.99,2025-11-17,,Active,
17946,13946,Monthly,9.99,2025-11-03,,Active,
17947,13947,Monthly,9.99,2025-11-01,2026-05-06,Churned,2026-05-06
17948,13948,Monthly,9.99,2025-11-21,2026-02-12,Churned,2026-02-12
17949,13949,Annual,6.99,2025-11-03,,Active,
17950,13950,Monthly,9.99,2025-11-28,2026-01-24,Churned,2026-01-24
17951,13951,Annual,6.99,2025-11-20,2025-12-19,Churned,2025-12-19
17952,13952,Monthly,9.99,2025-11-25,,Active,
17953,13953,Monthly,9.99,2025-11-15,2026-04-12,Churned,2026-04-12
17954,13954,Monthly,9.99,2025-11-22,,Active,
17955,13955,Annual,6.99,2025-11-06,2026-04-29,Churned,2026-04-29
17956,13956,Annual,6.99,2025-11-20,,ACTIVE,
17957,13957,Monthly,9.99,2025-11-10,,Active,
17958,13958,Monthly,9.99,2025-11-24,,Active,
17959,13959,Annual,6.99,2025-11-12,,Active,
17960,13960,Annual,6.99,2025-11-24,,Active,
17961,13961,Monthly,9.99,2025-11-27,2026-02-11,Churned,2026-02-11
17962,13962,Monthly,9.99,2025-11-01,2025-12-29,CHURNED,2025-12-29
17963,13963,Monthly,9.99,2025-11-02,,Active,
17964,13964,Monthly,9.99,2025-11-11,,Active,
17965,13965,Annual,6.99,2025-11-17,2026-04-13,Churned,2026-04-13
17966,13966,Monthly,9.99,2025-11-27,,Active,
17967,13967,Monthly,9.99,2025-11-14,2026-07-05,Churned,2026-07-05
17968,13968,Annual,6.99,2025-11-26,,Active,
17969,13969,Monthly,9.99,2025-11-22,2026-02-13,Churned,2026-02-13
17970,13970,Annual,6.99,2025-11-22,,Active,
17971,13971,Annual,6.99,2025-11-28,,Active,
17972,13972,Monthly,9.99,2025-11-10,2026-02-13,Churned,2026-02-13
17973,13973,Annual,6.99,2025-11-21,2026-02-13,Churned,2026-02-13
17974,13974,Monthly,9.99,2025-11-24,2026-03-18,Churned,2026-03-18
17975,13975,Annual,6.99,2025-11-30,,ACTIVE,
17976,13976,Annual,6.99,2025-11-07,,Active,
17977,13977,Monthly,9.99,2025-11-24,2026-01-09,Churned,2026-01-09
17978,13978,Annual,0.0,2025-11-07,2026-02-23,Churned,2026-02-23
17979,13979,Monthly,9.99,2025-11-29,2026-02-02,Churned,2026-02-02
17980,13980,Annual,6.99,2025-11-17,,Active,
17981,13981,Monthly,9.99,2025-11-27,,Active,
17982,13982,Monthly,9.99,2025-11-18,,Active,
17983,13983,Monthly,9.99,2025-11-03,,Active,
17984,13984,Annual,6.99,2025-11-11,2026-01-26,Churned,2026-01-26
17985,13985,Monthly,9.99,2025-11-19,,Active,
17986,13986,Annual,6.99,2025-11-19,2025-12-03,churned,2025-12-03
17987,13987,Annual,6.99,2025-11-17,2026-02-23,Churned,2026-02-23
17988,13988,Monthly,9.99,2025-11-22,,Active,
17989,13989,Annual,6.99,2025-11-18,,Active,
17990,13990,Monthly,9.99,2025-11-06,2026-06-13,Churned,2026-06-13
17991,13991,Annual,6.99,2025-11-03,,Active,
17992,13992,Monthly,9.99,2025-11-09,2026-01-13,Churned,2026-01-13
17993,13993,Monthly,9.99,2025-11-05,,Active,
17994,13994,Monthly,9.99,2025-11-21,,Active,
17995,13995,Monthly,9.99,2025-11-30,,Active,
17996,13996,Annual,6.99,2025-11-28,,Active,
17997,13997,Annual,6.99,2025-11-17,,Active,
17998,13998,Monthly,9.99,2025-11-27,,Active,
17999,13999,Monthly,9.99,2025-11-20,2026-05-01,Churned,2026-05-01
18000,14000,Monthly,9.99,2025-11-04,,Active,
18001,14001,Monthly,9.99,2025-11-18,,Active,
18002,14002,Monthly,9.99,2025-11-18,,Active,
18003,14003,Monthly,9.99,2025-11-17,,Active,
18004,14004,Monthly,9.99,2025-11-25,2026-02-14,Churned,2026-02-14
18005,14005,Annual,6.99,2025-11-30,2026-03-23,Churned,2026-03-23
18006,14006,Monthly,9.99,2025-11-08,,Active,
18007,14007,Annual,6.99,2025-11-01,,Active,
18008,14008,Annual,6.99,2025-11-20,,Active,
18009,14009,Monthly,9.99,2025-11-04,2026-02-27,Churned,2026-02-27
18010,14010,Annual,6.99,2025-11-13,2026-01-14,Churned,2026-01-14
18011,14011,Monthly,9.99,2025-11-28,2026-06-24,Churned,2026-06-24
18012,14012,Monthly,9.99,2025-11-20,,Active,
18013,14013,Monthly,0.0,2025-11-29,2026-02-25,Churned,2026-02-25
18014,14014,Monthly,9.99,2025-11-01,,Active,
18015,14015,Monthly,9.99,2025-11-22,,Active,
18016,14016,Annual,6.99,2025-11-10,2026-07-06,Churned,2026-07-06
18017,14017,Monthly,9.99,2025-11-03,2026-01-30,Churned,2026-01-30
18018,14018,Monthly,9.99,2025-11-10,,Active,
18019,14019,Monthly,9.99,2025-11-29,2026-02-08,Churned,2026-02-08
18020,14020,Monthly,9.99,2025-11-13,,Active,
18021,14021,Monthly,9.99,2025-11-28,,Active,
18022,14022,Monthly,9.99,2025-11-04,2026-07-02,Churned,2026-07-02
18023,14023,Monthly,9.99,2025-11-20,,Active,
18024,14024,Annual,6.99,2025-11-14,,Active,
18025,14025,Monthly,9.99,2025-11-09,,Active,
18026,14026,Monthly,9.99,2025-11-17,2026-02-19,Churned,2026-02-19
18027,14027,Monthly,9.99,2025-11-19,,Active,
18028,14028,Monthly,9.99,2025-11-01,,Active,
18029,14029,Monthly,9.99,2025-11-20,2026-03-10,Churned,2026-03-10
18030,14030,Monthly,9.99,2025-11-10,2026-01-11,Churned,2026-01-11
18031,14031,Annual,6.99,2025-11-25,,Active,
18032,14032,Annual,6.99,2025-11-06,,Active,
18033,14033,Annual,6.99,2025-11-09,2026-03-07,Churned,2026-03-07
18034,14034,Monthly,9.99,2025-11-30,2026-07-01,Churned,2026-07-01
18035,14035,Monthly,9.99,2025-11-08,,Active,
18036,14036,Monthly,9.99,2025-11-04,,Active,
18037,14037,Monthly,9.99,2025-11-17,,Active,
18038,14038,Monthly,9.99,2025-11-19,,Active,
18039,14039,Monthly,9.99,2025-11-18,2026-03-11,Churned,2026-03-11
18040,14040,Annual,6.99,2025-11-13,,Active,
18041,14041,Annual,6.99,2025-11-04,,Active,
18042,14042,Monthly,0.0,2025-11-09,2025-12-19,CHURNED,2025-12-19
18043,14043,Monthly,9.99,2025-11-02,2026-04-14,Churned,2026-04-14
18044,14044,Annual,6.99,2025-11-26,,Active,
18045,14045,Annual,6.99,2025-11-08,,Active,
18046,14046,Monthly,9.99,2025-11-20,,active,
18047,14047,Annual,6.99,2025-11-08,2026-02-09,Churned,2026-02-09
18048,14048,Annual,6.99,2025-11-19,2026-02-21,Churned,2026-02-21
18049,14049,Annual,6.99,2025-11-03,,Active,
18050,14050,Annual,6.99,2025-11-03,2026-06-21,Churned,2026-06-21
18051,14051,Monthly,9.99,2025-11-10,,Active,
18052,14052,Monthly,9.99,2025-11-08,,Active,
18053,14053,Annual,6.99,2025-11-10,,Active,
18054,14054,Monthly,9.99,2025-11-09,2026-07-07,Churned,2026-07-07
18055,14055,Monthly,9.99,2025-11-21,,Active,
18056,14056,Annual,6.99,2025-11-14,,Active,
18057,14057,Monthly,9.99,2025-11-05,,Active,
18058,14058,Annual,6.99,2025-11-28,2026-04-01,Churned,2026-04-01
18059,14059,Monthly,9.99,2025-11-20,2025-12-18,Churned,2025-12-18
18060,14060,Monthly,9.99,2025-11-13,,Active,
18061,14061,Annual,6.99,2025-11-16,2025-12-24,Churned,2025-12-24
18062,14062,Monthly,9.99,2025-11-10,,Active,
18063,14063,Monthly,9.99,2025-11-12,,Active,
18064,14064,Annual,6.99,2025-11-03,,Active,
18065,14065,Annual,6.99,2025-11-25,,Active,
18066,14066,Monthly,9.99,2025-11-12,2026-03-18,Churned,2026-03-18
18067,14067,Monthly,9.99,2025-11-21,,Active,
18068,14068,Monthly,9.99,2025-11-02,,Active,
18069,14069,Monthly,9.99,2025-11-03,,Active,
18070,14070,Monthly,9.99,2025-11-11,2026-03-03,Churned,2026-03-03
18071,14071,Annual,6.99,2025-11-02,,Active,
18072,14072,Monthly,9.99,2025-11-30,,Active,
18073,14073,Annual,6.99,2025-11-02,,Active,
18074,14074,Monthly,9.99,2025-11-17,2026-07-06,Churned,2026-07-06
18075,14075,Annual,6.99,2025-11-11,,Active,
18076,14076,Annual,6.99,2025-11-07,,Active,
18077,14077,Monthly,9.99,2025-11-05,,Active,
18078,14078,Annual,6.99,2025-11-09,2026-01-18,Churned,2026-01-18
18079,14079,Monthly,9.99,2025-11-02,2026-03-12,Churned,2026-03-12
18080,14080,Annual,6.99,2025-11-18,,Active,
18081,14081,Monthly,9.99,2025-11-08,,Active,
18082,14082,Monthly,9.99,2025-11-01,2026-06-09,Churned,2026-06-09
18083,14083,Monthly,9.99,2025-11-04,2025-12-17,Churned,2025-12-17
18084,14084,Monthly,9.99,2025-11-27,,Active,
18085,14085,Monthly,9.99,2025-11-08,,Active,
18086,14086,Annual,6.99,2025-11-18,,Active,
18087,14087,Annual,6.99,2025-11-13,,Active,
18088,14088,Annual,6.99,2025-11-15,2026-03-09,Churned,2026-03-09
18089,14089,Annual,6.99,2025-11-26,,Active,
18090,14090,Annual,6.99,2025-11-22,2026-02-18,Churned,2026-02-18
18091,14091,Monthly,9.99,2025-11-17,,Active,
18092,14092,Annual,6.99,2025-11-07,,Active,
18093,14093,Monthly,9.99,2025-11-26,,Active,
18094,14094,Monthly,9.99,2025-11-01,,Active,
18095,14095,Monthly,9.99,2025-11-17,2026-02-23,Churned,2026-02-23
18096,14096,Monthly,9.99,2025-11-19,,Active,
18097,14097,Annual,6.99,2025-11-29,,Active,
18098,14098,Monthly,9.99,2025-11-05,2026-01-25,Churned,2026-01-25
18099,14099,Monthly,9.99,2025-11-09,,Active,
18100,14100,Monthly,9.99,2025-11-01,,Active,
18101,14101,Monthly,9.99,2025-12-19,,Active,
18102,14102,Monthly,9.99,2025-12-17,,Active,
18103,14103,Annual,6.99,2025-12-13,,Active,
18104,14104,Monthly,0.0,2025-12-22,2026-06-20,Churned,2026-06-20
18105,14105,Monthly,9.99,2025-12-09,,Active,
18106,14106,Annual,6.99,2025-12-12,,Active,
18107,14107,Annual,6.99,2025-12-24,2026-03-20,Churned,2026-03-20
18108,14108,Annual,6.99,2025-12-12,,Active,
18109,14109,Annual,6.99,2025-12-30,,ACTIVE,
18110,14110,Monthly,9.99,2025-12-14,,Active,
18111,14111,Annual,6.99,2025-12-18,,Active,
18112,14112,Monthly,9.99,2025-12-20,,Active,
18113,14113,Annual,6.99,2025-12-22,,Active,
18114,14114,Monthly,9.99,2025-12-16,2026-05-04,Churned,2026-05-04
18115,14115,Annual,6.99,2025-12-12,,Active,
18116,14116,Annual,6.99,2025-12-25,,Active,
18117,14117,Monthly,9.99,2025-12-23,,Active,
18118,14118,Annual,6.99,2025-12-02,,Active,
18119,14119,Annual,6.99,2025-12-20,2026-03-19,Churned,2026-03-19
18120,14120,Monthly,9.99,2025-12-28,,Active,
18121,14121,Monthly,9.99,2025-12-18,,Active,
18122,14122,Monthly,9.99,2025-12-29,,Active,
18123,14123,Monthly,9.99,2025-12-13,,Active,
18124,14124,Monthly,9.99,2025-12-08,2026-01-18,Churned,2026-01-18
18125,14125,Monthly,9.99,2025-12-16,2026-01-29,Churned,2026-01-29
18126,14126,Monthly,9.99,2025-12-04,,Active,
18127,14127,Monthly,9.99,2025-12-03,,Active,
18128,14128,Monthly,9.99,2025-12-18,,Active,
18129,14129,Monthly,9.99,2025-12-01,,Active,
18130,14130,Annual,6.99,2025-12-02,2026-01-22,Churned,2026-01-22
18131,14131,Annual,6.99,2025-12-15,,Active,
18132,14132,Monthly,9.99,2025-12-08,,Active,
18133,14133,Monthly,9.99,2025-12-06,,Active,
18134,14134,Monthly,0.0,2025-12-16,,Active,
18135,14135,Annual,6.99,2025-12-11,2026-01-10,Churned,2026-01-10
18136,14136,Monthly,9.99,2025-12-20,2026-02-03,Churned,2026-02-03
18137,14137,Monthly,9.99,2025-12-14,,Active,
18138,14138,Annual,6.99,2025-12-07,2026-01-13,churned,2026-01-13
18139,14139,Monthly,9.99,2025-12-22,,Active,
18140,14140,Annual,6.99,2025-12-29,,Active,
18141,14141,Monthly,9.99,2025-12-23,,Active,
18142,14142,Annual,6.99,2025-12-06,2026-03-05,Churned,2026-03-05
18143,14143,Monthly,9.99,2025-12-18,,Active,
18144,14144,Annual,6.99,2025-12-05,2026-01-04,Churned,2026-01-04
18145,14145,Annual,6.99,2025-12-01,,Active,
18146,14146,Annual,6.99,2025-12-06,,Active,
18147,14147,Annual,6.99,2025-12-26,2026-05-04,Churned,2026-05-04
18148,14148,Monthly,9.99,2025-12-29,2026-06-02,Churned,2026-06-02
18149,14149,Annual,6.99,2025-12-19,,Active,
18150,14150,Annual,6.99,2025-12-28,,Active,
18151,14151,Monthly,9.99,2025-12-13,,Active,
18152,14152,Annual,6.99,2025-12-02,2026-02-23,Churned,2026-02-23
18153,14153,Monthly,9.99,2025-12-29,,Active,
18154,14154,Annual,6.99,2025-12-23,,Active,
18155,14155,Monthly,9.99,2025-12-21,,Active,
18156,14156,Monthly,9.99,2025-12-03,,Active,
18157,14157,Annual,6.99,2025-12-30,,active,
18158,14158,Monthly,9.99,2025-12-03,,Active,
18159,14159,Annual,6.99,2025-12-01,2026-07-01,Churned,2026-07-01
18160,14160,Annual,6.99,2025-12-03,2026-03-31,Churned,2026-03-31
18161,14161,Monthly,9.99,2025-12-30,,Active,
18162,14162,Monthly,9.99,2025-12-26,,Active,
18163,14163,Monthly,9.99,2025-12-04,,Active,
18164,14164,Annual,6.99,2025-12-14,,Active,
18165,14165,Monthly,9.99,2025-12-17,,Active,
18166,14166,Annual,6.99,2025-12-18,,Active,
18167,14167,Monthly,9.99,2025-12-07,2026-06-16,Churned,2026-06-16
18168,14168,Annual,6.99,2025-12-01,,Active,
18169,14169,Monthly,9.99,2025-12-01,,Active,
18170,14170,Monthly,9.99,2025-12-28,2026-01-24,Churned,2026-01-24
18171,14171,Monthly,9.99,2025-12-20,,Active,
18172,14172,Monthly,9.99,2025-12-31,2026-05-23,Churned,2026-05-23
18173,14173,Monthly,9.99,2025-12-27,,Active,
18174,14174,Monthly,9.99,2025-12-08,,Active,
18175,14175,Monthly,9.99,2025-12-03,2026-02-17,Churned,2026-02-17
18176,14176,Monthly,9.99,2025-12-21,2026-07-06,Churned,2026-07-06
18177,14177,Annual,6.99,2025-12-07,,Active,
18178,14178,Annual,6.99,2025-12-22,,Active,
18179,14179,Monthly,9.99,2025-12-30,,Active,
18180,14180,Annual,6.99,2025-12-30,2026-01-11,Churned,2026-01-11
18181,14181,Monthly,9.99,2025-12-08,,Active,
18182,14182,Annual,6.99,2025-12-15,,Active,
18183,14183,Monthly,9.99,2025-12-22,2026-06-07,Churned,2026-06-07
18184,14184,Annual,6.99,2025-12-08,,Active,
18185,14185,Monthly,9.99,2025-12-18,,Active,
18186,14186,Monthly,9.99,2025-12-12,2026-03-24,Churned,2026-03-24
18187,14187,Annual,6.99,2025-12-18,,Active,
18188,14188,Monthly,9.99,2025-12-20,,Active,
18189,14189,Monthly,9.99,2025-12-28,2026-02-18,Churned,2026-02-18
18190,14190,Monthly,9.99,2025-12-15,,Active,
18191,14191,Monthly,9.99,2025-12-09,,Active,
18192,14192,Monthly,9.99,2025-12-03,,Active,
18193,14193,Annual,6.99,2025-12-22,,Active,
18194,14194,Monthly,9.99,2025-12-26,2026-01-08,Churned,2026-01-08
18195,14195,Annual,6.99,2025-12-13,,Active,
18196,14196,Monthly,9.99,2025-12-27,,Active,
18197,14197,Monthly,9.99,2025-12-15,2026-06-17,Churned,2026-06-17
18198,14198,Monthly,0.0,2025-12-15,2026-03-20,Churned,2026-03-20
18199,14199,Monthly,9.99,2025-12-02,,Active,
18200,14200,Annual,6.99,2025-12-17,,Active,
18201,14201,Annual,6.99,2025-12-19,2026-02-03,Churned,2026-02-03
18202,14202,Annual,6.99,2025-12-16,,Active,
18203,14203,Annual,6.99,2025-12-17,,Active,
18204,14204,Annual,6.99,2025-12-17,,Active,
18205,14205,Monthly,9.99,2025-12-22,,Active,
18206,14206,Monthly,9.99,2025-12-04,2026-01-17,Churned,2026-01-17
18207,14207,Monthly,9.99,2025-12-17,,Active,
18208,14208,Monthly,9.99,2025-12-14,,Active,
18209,14209,Annual,6.99,2025-12-11,,Active,
18210,14210,Monthly,9.99,2025-12-14,2026-06-06,Churned,2026-06-06
18211,14211,Annual,6.99,2025-12-22,,Active,
18212,14212,Monthly,9.99,2025-12-31,,Active,
18213,14213,Monthly,9.99,2025-12-07,2026-01-09,Churned,2026-01-09
18214,14214,Annual,6.99,2025-12-02,,Active,
18215,14215,Monthly,9.99,2025-12-11,,Active,
18216,14216,Monthly,9.99,2025-12-10,,Active,
18217,14217,Annual,6.99,2025-12-03,2026-02-04,Churned,2026-02-04
18218,14218,Annual,6.99,2025-12-16,,Active,
18219,14219,Annual,6.99,2025-12-17,,Active,
18220,14220,Monthly,9.99,2025-12-27,,Active,
18221,14221,Monthly,9.99,2025-12-22,,Active,
18222,14222,Monthly,9.99,2025-12-15,,Active,
18223,14223,Annual,6.99,2025-12-21,,Active,
18224,14224,Annual,6.99,2025-12-10,,Active,
18225,14225,Monthly,9.99,2025-12-05,2026-02-21,Churned,2026-02-21
18226,14226,Annual,6.99,2025-12-17,,Active,
18227,14227,Monthly,9.99,2025-12-16,,Active,
18228,14228,Annual,6.99,2025-12-10,,active,
18229,14229,Annual,6.99,2025-12-28,,ACTIVE,
18230,14230,Monthly,9.99,2025-12-17,2026-04-14,Churned,2026-04-14
18231,14231,Annual,6.99,2025-12-18,,Active,
18232,14232,Monthly,9.99,2025-12-22,2026-02-11,Churned,2026-02-11
18233,14233,Monthly,9.99,2025-12-09,,Active,
18234,14234,Monthly,9.99,2025-12-17,,Active,
18235,14235,Monthly,9.99,2025-12-28,,Active,
18236,14236,Monthly,9.99,2025-12-19,,Active,
18237,14237,Monthly,9.99,2025-12-27,,Active,
18238,14238,Monthly,9.99,2025-12-02,,Active,
18239,14239,Monthly,9.99,2025-12-23,,Active,
18240,14240,Annual,6.99,2025-12-21,,Active,
18241,14241,Monthly,9.99,2025-12-28,,Active,
18242,14242,Annual,6.99,2025-12-31,,Active,
18243,14243,Monthly,9.99,2025-12-05,,Active,
18244,14244,Annual,6.99,2025-12-16,,Active,
18245,14245,Monthly,9.99,2025-12-29,,Active,
18246,14246,Monthly,9.99,2025-12-25,,Active,
18247,14247,Annual,6.99,2025-12-04,,Active,
18248,14248,Monthly,9.99,2025-12-18,,active,
18249,14249,Monthly,9.99,2025-12-11,2026-02-19,Churned,2026-02-19
18250,14250,Monthly,9.99,2025-12-22,,Active,
18251,14251,Monthly,9.99,2025-12-16,,Active,
18252,14252,Annual,6.99,2025-12-10,,Active,
18253,14253,Monthly,9.99,2025-12-13,,Active,
18254,14254,Monthly,9.99,2025-12-30,,Active,
18255,14255,Monthly,9.99,2025-12-12,2026-04-24,Churned,2026-04-24
18256,14256,Monthly,9.99,2025-12-07,,Active,
18257,14257,Annual,6.99,2025-12-04,2026-02-25,Churned,2026-02-25
18258,14258,Monthly,9.99,2025-12-05,,Active,
18259,14259,Annual,6.99,2025-12-02,,active,
18260,14260,Annual,6.99,2025-12-02,,Active,
18261,14261,Monthly,9.99,2025-12-17,2026-02-10,Churned,2026-02-10
18262,14262,Monthly,0.0,2025-12-17,,Active,
18263,14263,Monthly,9.99,2025-12-25,2026-06-10,Churned,2026-06-10
18264,14264,Monthly,9.99,2025-12-20,,Active,
18265,14265,Annual,6.99,2025-12-06,,Active,
18266,14266,Monthly,9.99,2025-12-21,,Active,
18267,14267,Monthly,9.99,2025-12-14,2026-02-28,Churned,2026-02-28
18268,14268,Monthly,9.99,2025-12-06,,Active,
18269,14269,Annual,6.99,2025-12-21,2026-02-16,Churned,2026-02-16
18270,14270,Annual,6.99,2025-12-21,2026-03-12,Churned,2026-03-12
18271,14271,Annual,6.99,2025-12-14,,Active,
18272,14272,Monthly,9.99,2025-12-06,,Active,
18273,14273,Monthly,9.99,2025-12-01,2026-04-03,Churned,2026-04-03
18274,14274,Monthly,9.99,2025-12-24,,Active,
18275,14275,Annual,6.99,2025-12-05,,Active,
18276,14276,Monthly,9.99,2025-12-09,,Active,
18277,14277,Monthly,9.99,2025-12-21,,Active,
18278,14278,Monthly,9.99,2025-12-14,2026-02-24,Churned,2026-02-24
18279,14279,Annual,6.99,2025-12-26,,Active,
18280,14280,Monthly,9.99,2025-12-12,2026-02-03,Churned,2026-02-03
18281,14281,Monthly,9.99,2025-12-28,,Active,
18282,14282,Monthly,9.99,2025-12-12,2026-03-25,Churned,2026-03-25
18283,14283,Monthly,9.99,2025-12-03,2026-01-22,Churned,2026-01-22
18284,14284,Annual,6.99,2025-12-23,,Active,
18285,14285,Annual,6.99,2025-12-21,,Active,
18286,14286,Annual,6.99,2025-12-31,,Active,
18287,14287,Annual,6.99,2025-12-04,,Active,
18288,14288,Annual,6.99,2025-12-17,,Active,
18289,14289,Monthly,9.99,2025-12-22,,Active,
18290,14290,Annual,6.99,2025-12-13,,Active,
18291,14291,Monthly,9.99,2025-12-09,2026-03-12,Churned,2026-03-12
18292,14292,Annual,6.99,2025-12-10,,Active,
18293,14293,Annual,6.99,2025-12-01,,Active,
18294,14294,Annual,6.99,2025-12-20,,Active,
18295,14295,Annual,6.99,2025-12-25,,Active,
18296,14296,Monthly,9.99,2025-12-14,,Active,
18297,14297,Monthly,9.99,2025-12-02,,Active,
18298,14298,Monthly,9.99,2025-12-24,,Active,
18299,14299,Monthly,9.99,2025-12-29,,Active,
18300,14300,Annual,6.99,2025-12-19,,Active,
18301,14301,Monthly,9.99,2025-12-03,2026-02-23,Churned,2026-02-23
18302,14302,Annual,6.99,2025-12-13,,Active,
18303,14303,Annual,6.99,2025-12-18,,Active,
18304,14304,Annual,6.99,2025-12-30,2026-02-08,Churned,2026-02-08
18305,14305,Monthly,9.99,2025-12-16,2026-03-31,Churned,2026-03-31
18306,14306,Monthly,9.99,2025-12-01,,Active,
18307,14307,Annual,6.99,2025-12-22,2026-05-16,Churned,2026-05-16
18308,14308,Annual,6.99,2025-12-22,,Active,
18309,14309,Monthly,9.99,2025-12-08,,Active,
18310,14310,Monthly,9.99,2025-12-13,,Active,
18311,14311,Monthly,9.99,2025-12-02,2026-01-13,Churned,2026-01-13
18312,14312,Monthly,9.99,2025-12-04,,Active,
18313,14313,Annual,6.99,2025-12-10,,Active,
18314,14314,Monthly,9.99,2025-12-03,,Active,
18315,14315,Annual,6.99,2025-12-09,,Active,
18316,14316,Monthly,9.99,2025-12-21,,Active,
18317,14317,Annual,6.99,2025-12-12,,Active,
18318,14318,Monthly,9.99,2025-12-05,,Active,
18319,14319,Monthly,9.99,2025-12-20,,Active,
18320,14320,Annual,6.99,2025-12-27,2026-01-25,Churned,2026-01-25
18321,14321,Monthly,9.99,2025-12-19,,Active,
18322,14322,Annual,6.99,2025-12-10,2026-02-16,Churned,2026-02-16
18323,14323,Monthly,9.99,2025-12-26,,Active,
18324,14324,Monthly,9.99,2025-12-11,,Active,
18325,14325,Annual,6.99,2025-12-01,,Active,
18326,14326,Annual,6.99,2025-12-21,,Active,
18327,14327,Monthly,9.99,2025-12-23,,Active,
18328,14328,Monthly,9.99,2025-12-07,,Active,
18329,14329,Monthly,9.99,2025-12-12,,Active,
18330,14330,Annual,6.99,2025-12-01,,Active,
18331,14331,Annual,6.99,2025-12-15,2026-02-21,Churned,2026-02-21
18332,14332,Monthly,9.99,2025-12-14,2026-05-18,Churned,2026-05-18
18333,14333,Monthly,9.99,2025-12-09,,Active,
18334,14334,Annual,6.99,2025-12-17,2026-03-10,Churned,2026-03-10
18335,14335,Monthly,9.99,2025-12-22,,Active,
18336,14336,Monthly,9.99,2025-12-14,,Active,
18337,14337,Annual,6.99,2025-12-25,2026-01-17,Churned,2026-01-17
18338,14338,Monthly,9.99,2025-12-15,,ACTIVE,
18339,14339,Monthly,9.99,2025-12-13,,Active,
18340,14340,Annual,6.99,2025-12-21,,Active,
18341,14341,Annual,6.99,2025-12-06,,Active,
18342,14342,Monthly,9.99,2025-12-27,,Active,
18343,14343,Monthly,9.99,2025-12-19,,Active,
18344,14344,Annual,6.99,2025-12-12,2026-06-03,Churned,2026-06-03
18345,14345,Monthly,9.99,2025-12-08,,Active,
18346,14346,Monthly,9.99,2025-12-25,,Active,
18347,14347,Monthly,9.99,2025-12-01,,Active,
18348,14348,Monthly,9.99,2025-12-02,,Active,
18349,14349,Annual,6.99,2025-12-19,,Active,
18350,14350,Monthly,9.99,2025-12-15,2026-02-26,Churned,2026-02-26
18351,14351,Annual,0.0,2025-12-06,,Active,
18352,14352,Annual,6.99,2025-12-12,,Active,
18353,14353,Annual,6.99,2025-12-25,,Active,
18354,14354,Monthly,9.99,2025-12-15,,Active,
18355,14355,Annual,6.99,2025-12-17,,Active,
18356,14356,Annual,6.99,2025-12-03,,Active,
18357,14357,Annual,6.99,2025-12-23,,Active,
18358,14358,Monthly,9.99,2025-12-05,,Active,
18359,14359,Annual,6.99,2025-12-08,,Active,
18360,14360,Annual,6.99,2025-12-10,2026-05-15,Churned,2026-05-15
18361,14361,Monthly,9.99,2025-12-14,,Active,
18362,14362,Monthly,9.99,2025-12-09,2026-06-05,Churned,2026-06-05
18363,14363,Monthly,9.99,2025-12-26,,Active,
18364,14364,Monthly,9.99,2025-12-12,,active,
18365,14365,Annual,6.99,2025-12-02,2026-02-25,Churned,2026-02-25
18366,14366,Annual,6.99,2025-12-15,,Active,
18367,14367,Annual,6.99,2025-12-04,,Active,
18368,14368,Monthly,9.99,2025-12-07,,Active,
18369,14369,Monthly,9.99,2025-12-19,2026-01-02,Churned,2026-01-02
18370,14370,Monthly,9.99,2025-12-20,,Active,
18371,14371,Monthly,9.99,2025-12-21,,Active,
18372,14372,Monthly,9.99,2025-12-12,,Active,
18373,14373,Monthly,9.99,2025-12-26,,Active,
18374,14374,Annual,6.99,2025-12-02,2026-03-05,Churned,2026-03-05
18375,14375,Monthly,9.99,2025-12-12,,Active,
18376,14376,Annual,6.99,2025-12-08,,Active,
18377,14377,Annual,6.99,2025-12-02,,Active,
18378,14378,Annual,6.99,2025-12-18,,Active,
18379,14379,Monthly,9.99,2025-12-02,2026-01-05,Churned,2026-01-05
18380,14380,Monthly,9.99,2025-12-19,,Active,
18381,14381,Monthly,9.99,2025-12-27,,Active,
18382,14382,Monthly,9.99,2025-12-25,,Active,
18383,14383,Annual,0.0,2025-12-22,,Active,
18384,14384,Annual,6.99,2025-12-08,2026-02-21,Churned,2026-02-21
18385,14385,Annual,6.99,2025-12-21,,Active,
18386,14386,Annual,6.99,2025-12-18,,Active,
18387,14387,Monthly,9.99,2025-12-16,,Active,
18388,14388,Annual,6.99,2025-12-15,2026-05-17,Churned,2026-05-17
18389,14389,Monthly,9.99,2025-12-05,,Active,
18390,14390,Monthly,9.99,2025-12-27,,Active,
18391,14391,Annual,6.99,2025-12-26,2026-02-04,Churned,2026-02-04
18392,14392,Monthly,9.99,2025-12-23,,Active,
18393,14393,Monthly,9.99,2025-12-17,,Active,
18394,14394,Monthly,9.99,2025-12-05,,Active,
18395,14395,Annual,6.99,2025-12-20,,Active,
18396,14396,Monthly,9.99,2025-12-30,,Active,
18397,14397,Monthly,9.99,2025-12-05,,Active,
18398,14398,Monthly,9.99,2025-12-12,2026-05-12,Churned,2026-05-12
18399,14399,Annual,6.99,2025-12-29,,Active,
18400,14400,Monthly,9.99,2025-12-30,,ACTIVE,
18401,14401,Annual,6.99,2025-12-14,,Active,
18402,14402,Monthly,9.99,2025-12-09,,Active,
18403,14403,Annual,6.99,2025-12-09,,Active,
18404,14404,Monthly,9.99,2025-12-15,2026-01-29,Churned,2026-01-29
18405,14405,Annual,6.99,2025-12-10,,Active,
18406,14406,Monthly,9.99,2025-12-18,,Active,
18407,14407,Monthly,9.99,2025-12-03,,Active,
18408,14408,Annual,6.99,2025-12-02,2026-03-17,Churned,2026-03-17
18409,14409,Annual,6.99,2025-12-01,,Active,
18410,14410,Monthly,9.99,2025-12-23,,Active,
18411,14411,Monthly,9.99,2025-12-29,,Active,
18412,14412,Monthly,9.99,2025-12-04,2026-02-15,Churned,2026-02-15
18413,14413,Annual,6.99,2025-12-29,2026-07-02,Churned,2026-07-02
18414,14414,Annual,6.99,2025-12-06,,Active,
18415,14415,Monthly,9.99,2025-12-02,,Active,
18416,14416,Monthly,9.99,2025-12-09,,Active,
18417,14417,Annual,6.99,2025-12-10,,Active,
18418,14418,Annual,6.99,2025-12-30,,Active,
18419,14419,Monthly,9.99,2025-12-04,,Active,
18420,14420,Monthly,9.99,2025-12-31,2026-07-02,Churned,2026-07-02
18421,14421,Monthly,9.99,2025-12-27,,Active,
18422,14422,Monthly,9.99,2025-12-16,2026-05-19,Churned,2026-05-19
18423,14423,Monthly,9.99,2025-12-21,,Active,
18424,14424,Annual,6.99,2025-12-17,,Active,
18425,14425,Monthly,9.99,2025-12-29,2026-05-19,Churned,2026-05-19
18426,14426,Monthly,9.99,2025-12-07,2026-03-11,Churned,2026-03-11
18427,14427,Annual,6.99,2025-12-30,,Active,
18428,14428,Annual,6.99,2025-12-13,,Active,
18429,14429,Annual,6.99,2025-12-29,2026-01-13,Churned,2026-01-13
18430,14430,Annual,6.99,2025-12-31,,Active,
18431,14431,Annual,6.99,2025-12-27,,Active,
18432,14432,Annual,6.99,2025-12-25,2026-01-21,CHURNED,2026-01-21
18433,14433,Monthly,9.99,2025-12-14,,Active,
18434,14434,Annual,6.99,2025-12-22,,Active,
18435,14435,Monthly,9.99,2025-12-08,2026-06-03,Churned,2026-06-03
18436,14436,Monthly,9.99,2025-12-09,,Active,
18437,14437,Annual,6.99,2025-12-23,,Active,
18438,14438,Monthly,9.99,2025-12-24,2026-01-15,Churned,2026-01-15
18439,14439,Monthly,9.99,2025-12-09,,Active,
18440,14440,Monthly,9.99,2025-12-30,,Active,
18441,14441,Monthly,9.99,2025-12-22,,Active,
18442,14442,Monthly,9.99,2025-12-31,,Active,
18443,14443,Monthly,9.99,2025-12-15,,Active,
18444,14444,Monthly,9.99,2025-12-19,,Active,
18445,14445,Annual,6.99,2025-12-21,2026-01-17,Churned,2026-01-17
18446,14446,Monthly,9.99,2025-12-05,,Active,
18447,14447,Monthly,9.99,2025-12-09,2026-03-12,Churned,2026-03-12
18448,14448,Monthly,9.99,2025-12-30,,Active,
18449,14449,Monthly,9.99,2025-12-21,,Active,
18450,14450,Annual,6.99,2025-12-17,2026-07-03,Churned,2026-07-03
18451,14451,Monthly,9.99,2025-12-01,2026-03-20,Churned,2026-03-20
18452,14452,Monthly,9.99,2025-12-02,2026-03-31,Churned,2026-03-31
18453,14453,Monthly,9.99,2025-12-18,,Active,
18454,14454,Monthly,9.99,2025-12-03,,Active,
18455,14455,Monthly,9.99,2025-12-05,,Active,
18456,14456,Annual,6.99,2025-12-18,,Active,
18457,14457,Monthly,9.99,2025-12-30,,Active,
18458,14458,Monthly,9.99,2025-12-26,2026-07-01,Churned,2026-07-01
18459,14459,Annual,6.99,2025-12-15,,ACTIVE,
18460,14460,Annual,6.99,2025-12-30,2026-07-03,Churned,2026-07-03
18461,14461,Monthly,9.99,2025-12-19,,Active,
18462,14462,Monthly,9.99,2025-12-30,,Active,
18463,14463,Annual,6.99,2025-12-08,,Active,
18464,14464,Monthly,9.99,2025-12-18,2026-03-23,Churned,2026-03-23
18465,14465,Annual,6.99,2025-12-29,,Active,
18466,14466,Monthly,9.99,2025-12-31,,Active,
18467,14467,Annual,6.99,2025-12-27,,Active,
18468,14468,Annual,6.99,2025-12-05,,Active,
18469,14469,Annual,6.99,2025-12-20,2026-02-16,Churned,2026-02-16
18470,14470,Monthly,9.99,2025-12-03,2026-03-20,Churned,2026-03-20
18471,14471,Annual,6.99,2025-12-12,,Active,
18472,14472,Monthly,9.99,2025-12-01,,Active,
18473,14473,Monthly,9.99,2025-12-24,2026-03-31,Churned,2026-03-31
18474,14474,Monthly,9.99,2025-12-24,,Active,
18475,14475,Monthly,9.99,2025-12-03,2026-03-19,Churned,2026-03-19
18476,14476,Monthly,9.99,2025-12-29,2026-01-20,Churned,2026-01-20
18477,14477,Annual,6.99,2025-12-27,,Active,
18478,14478,Annual,6.99,2025-12-27,,Active,
18479,14479,Monthly,9.99,2025-12-14,2026-01-10,Churned,2026-01-10
18480,14480,Monthly,9.99,2025-12-30,,Active,
18481,14481,Monthly,9.99,2025-12-31,2026-01-19,churned,2026-01-19
18482,14482,Annual,6.99,2025-12-17,,Active,
18483,14483,Annual,6.99,2025-12-12,,Active,
18484,14484,Monthly,9.99,2025-12-24,,Active,
18485,14485,Monthly,9.99,2025-12-02,2026-05-17,Churned,2026-05-17
18486,14486,Monthly,9.99,2025-12-11,2026-02-26,Churned,2026-02-26
18487,14487,Monthly,9.99,2025-12-01,,Active,
18488,14488,Monthly,9.99,2025-12-24,,Active,
18489,14489,Monthly,9.99,2025-12-02,,Active,
18490,14490,Monthly,9.99,2025-12-24,2026-04-20,Churned,2026-04-20
18491,14491,Monthly,9.99,2025-12-18,,Active,
18492,14492,Annual,6.99,2025-12-14,,Active,
18493,14493,Annual,6.99,2025-12-20,2026-01-08,Churned,2026-01-08
18494,14494,Monthly,9.99,2025-12-02,,Active,
18495,14495,Monthly,9.99,2025-12-26,,Active,
18496,14496,Annual,6.99,2025-12-09,,Active,
18497,14497,Monthly,9.99,2025-12-27,,Active,
18498,14498,Monthly,9.99,2025-12-28,,Active,
18499,14499,Annual,6.99,2025-12-18,,Active,
18500,14500,Monthly,9.99,2025-12-19,,Active,
18501,14501,Annual,6.99,2025-12-29,,Active,
18502,14502,Annual,6.99,2025-12-13,2026-01-23,Churned,2026-01-23
18503,14503,Annual,6.99,2025-12-13,,Active,
18504,14504,Monthly,9.99,2025-12-30,,Active,
18505,14505,Monthly,9.99,2025-12-13,,Active,
18506,14506,Monthly,9.99,2025-12-12,,Active,
18507,14507,Monthly,9.99,2025-12-01,,Active,
18508,14508,Annual,6.99,2025-12-11,2026-01-15,Churned,2026-01-15
18509,14509,Annual,6.99,2025-12-08,,Active,
18510,14510,Monthly,9.99,2025-12-24,,Active,
18511,14511,Monthly,9.99,2025-12-16,,Active,
18512,14512,Monthly,9.99,2025-12-12,,Active,
18513,14513,Monthly,9.99,2025-12-29,,Active,
18514,14514,Annual,6.99,2025-12-14,,ACTIVE,
18515,14515,Monthly,9.99,2025-12-13,,Active,
18516,14516,Monthly,9.99,2025-12-23,,Active,
18517,14517,Monthly,9.99,2025-12-09,,Active,
18518,14518,Annual,6.99,2025-12-14,,Active,
18519,14519,Annual,6.99,2025-12-22,,Active,
18520,14520,Monthly,9.99,2025-12-10,,Active,
18521,14521,Monthly,9.99,2025-12-14,2026-05-08,Churned,2026-05-08
18522,14522,Monthly,9.99,2025-12-01,,Active,
18523,14523,Annual,6.99,2025-12-25,2026-02-11,Churned,2026-02-11
18524,14524,Monthly,9.99,2025-12-27,,Active,
18525,14525,Annual,6.99,2025-12-21,,Active,
18526,14526,Monthly,9.99,2025-12-17,,Active,
18527,14527,Annual,6.99,2025-12-28,,Active,
18528,14528,Monthly,9.99,2025-12-27,,Active,
18529,14529,Annual,6.99,2025-12-15,,Active,
18530,14530,Monthly,9.99,2025-12-20,,active,
18531,14531,Annual,6.99,2025-12-30,,Active,
18532,14532,Annual,6.99,2025-12-07,,Active,
18533,14533,Monthly,9.99,2025-12-25,,Active,
18534,14534,Annual,6.99,2025-12-12,2026-07-02,Churned,2026-07-02
18535,14535,Monthly,9.99,2025-12-03,,Active,
18536,14536,Annual,6.99,2025-12-13,2026-02-18,Churned,2026-02-18
18537,14537,Monthly,9.99,2025-12-17,,Active,
18538,14538,Monthly,9.99,2025-12-23,,Active,
18539,14539,Monthly,9.99,2025-12-05,,Active,
18540,14540,Annual,6.99,2025-12-17,2026-02-12,Churned,2026-02-12
18541,14541,Monthly,9.99,2025-12-21,,Active,
18542,14542,Annual,6.99,2025-12-20,2026-06-12,Churned,2026-06-12
18543,14543,Monthly,9.99,2025-12-26,2026-03-03,Churned,2026-03-03
18544,14544,Monthly,9.99,2025-12-24,,Active,
18545,14545,Annual,6.99,2025-12-15,,Active,
18546,14546,Annual,6.99,2025-12-09,,Active,
18547,14547,Monthly,9.99,2025-12-28,,Active,
18548,14548,Monthly,9.99,2025-12-28,2026-01-04,CHURNED,2026-01-04
18549,14549,Annual,6.99,2025-12-05,,Active,
18550,14550,Monthly,9.99,2025-12-15,2026-01-17,Churned,2026-01-17
18551,14551,Annual,6.99,2025-12-24,,Active,
18552,14552,Monthly,9.99,2025-12-21,,Active,
18553,14553,Annual,6.99,2025-12-28,2026-03-26,Churned,2026-03-26
18554,14554,Monthly,9.99,2025-12-07,2026-02-20,Churned,2026-02-20
18555,14555,Monthly,9.99,2025-12-30,,Active,
18556,14556,Annual,6.99,2025-12-08,,Active,
18557,14557,Monthly,9.99,2025-12-03,2026-02-22,Churned,2026-02-22
18558,14558,Annual,6.99,2025-12-23,2026-03-25,Churned,2026-03-25
18559,14559,Monthly,9.99,2025-12-29,,Active,
18560,14560,Monthly,9.99,2025-12-11,,Active,
18561,14561,Annual,6.99,2025-12-05,,Active,
18562,14562,Monthly,9.99,2025-12-28,,Active,
18563,14563,Annual,6.99,2025-12-03,,Active,
18564,14564,Monthly,9.99,2025-12-21,,Active,
18565,14565,Monthly,9.99,2025-12-04,2026-02-07,Churned,2026-02-07
18566,14566,Monthly,9.99,2025-12-21,,Active,
18567,14567,Monthly,9.99,2025-12-04,,Active,
18568,14568,Monthly,9.99,2025-12-12,,Active,
18569,14569,Monthly,9.99,2025-12-15,,Active,
18570,14570,Monthly,9.99,2025-12-28,2026-03-19,Churned,2026-03-19
18571,14571,Annual,6.99,2025-12-23,,Active,
18572,14572,Monthly,9.99,2025-12-30,2026-02-17,Churned,2026-02-17
18573,14573,Monthly,9.99,2025-12-17,,Active,
18574,14574,Monthly,9.99,2025-12-08,2026-04-05,Churned,2026-04-05
18575,14575,Monthly,9.99,2025-12-14,,Active,
18576,14576,Annual,6.99,2025-12-16,2026-02-27,Churned,2026-02-27
18577,14577,Annual,6.99,2025-12-18,2026-05-17,Churned,2026-05-17
18578,14578,Monthly,9.99,2025-12-29,,Active,
18579,14579,Annual,6.99,2025-12-28,,Active,
18580,14580,Monthly,9.99,2025-12-04,2026-04-21,Churned,2026-04-21
18581,14581,Annual,6.99,2025-12-25,2026-03-28,Churned,2026-03-28
18582,14582,Monthly,9.99,2025-12-10,,Active,
18583,14583,Monthly,9.99,2025-12-19,,Active,
18584,14584,Annual,6.99,2025-12-30,,Active,
18585,14585,Monthly,9.99,2025-12-28,,Active,
18586,14586,Annual,6.99,2025-12-16,2026-07-05,Churned,2026-07-05
18587,14587,Annual,6.99,2025-12-02,,Active,
18588,14588,Monthly,9.99,2025-12-30,2026-07-04,Churned,2026-07-04
18589,14589,Annual,6.99,2025-12-29,,Active,
18590,14590,Annual,6.99,2025-12-12,,Active,
18591,14591,Annual,0.0,2025-12-05,2026-02-25,Churned,2026-02-25
18592,14592,Annual,0.0,2025-12-17,,Active,
18593,14593,Annual,6.99,2025-12-25,2026-02-11,Churned,2026-02-11
18594,14594,Monthly,9.99,2025-12-15,,Active,
18595,14595,Monthly,9.99,2025-12-01,,Active,
18596,14596,Annual,6.99,2025-12-15,2026-03-12,Churned,2026-03-12
18597,14597,Annual,6.99,2025-12-16,,Active,
18598,14598,Annual,6.99,2025-12-29,,Active,
18599,14599,Annual,6.99,2025-12-26,,Active,
18600,14600,Annual,6.99,2025-12-22,,Active,
18601,14601,Annual,6.99,2026-01-18,,Active,
18602,14602,Annual,6.99,2026-01-16,,Active,
18603,14603,Monthly,9.99,2026-01-24,,Active,
18604,14604,Monthly,9.99,2026-01-24,,Active,
18605,14605,Annual,6.99,2026-01-01,,Active,
18606,14606,Monthly,9.99,2026-01-24,,Active,
18607,14607,Monthly,9.99,2026-01-02,2026-03-16,Churned,2026-03-16
18608,14608,Annual,6.99,2026-01-29,2026-02-04,Churned,2026-02-04
18609,14609,Monthly,9.99,2026-01-10,,Active,
18610,14610,Monthly,9.99,2026-01-29,,Active,
18611,14611,Monthly,9.99,2026-01-31,,Active,
18612,14612,Annual,6.99,2026-01-04,,active,
18613,14613,Monthly,9.99,2026-01-12,2026-03-31,Churned,2026-03-31
18614,14614,Annual,6.99,2026-01-04,,Active,
18615,14615,Annual,6.99,2026-01-31,,Active,
18616,14616,Annual,6.99,2026-01-16,,Active,
18617,14617,Monthly,9.99,2026-01-26,,Active,
18618,14618,Annual,6.99,2026-01-19,,Active,
18619,14619,Monthly,0.0,2026-01-27,,Active,
18620,14620,Monthly,9.99,2026-01-19,,ACTIVE,
18621,14621,Monthly,9.99,2026-01-02,,Active,
18622,14622,Monthly,9.99,2026-01-16,,Active,
18623,14623,Annual,6.99,2026-01-21,,Active,
18624,14624,Monthly,9.99,2026-01-31,,Active,
18625,14625,Annual,6.99,2026-01-26,,Active,
18626,14626,Annual,6.99,2026-01-16,,Active,
18627,14627,Annual,6.99,2026-01-25,2026-05-25,Churned,2026-05-25
18628,14628,Monthly,9.99,2026-01-29,2026-02-09,Churned,2026-02-09
18629,14629,Annual,6.99,2026-01-28,2026-05-24,Churned,2026-05-24
18630,14630,Monthly,9.99,2026-01-31,,Active,
18631,14631,Annual,6.99,2026-01-12,,Active,
18632,14632,Monthly,9.99,2026-01-14,,Active,
18633,14633,Annual,6.99,2026-01-01,2026-05-05,Churned,2026-05-05
18634,14634,Monthly,9.99,2026-01-05,,Active,
18635,14635,Monthly,9.99,2026-01-26,,Active,
18636,14636,Annual,6.99,2026-01-11,,Active,
18637,14637,Monthly,9.99,2026-01-14,,Active,
18638,14638,Monthly,9.99,2026-01-12,2026-03-24,Churned,2026-03-24
18639,14639,Annual,6.99,2026-01-29,,Active,
18640,14640,Annual,6.99,2026-01-28,,Active,
18641,14641,Annual,6.99,2026-01-23,,Active,
18642,14642,Monthly,9.99,2026-01-30,2026-02-05,Churned,2026-02-05
18643,14643,Annual,6.99,2026-01-17,,Active,
18644,14644,Monthly,9.99,2026-01-06,2026-03-15,Churned,2026-03-15
18645,14645,Monthly,9.99,2026-01-20,,Active,
18646,14646,Monthly,9.99,2026-01-01,,ACTIVE,
18647,14647,Monthly,9.99,2026-01-14,2026-03-07,Churned,2026-03-07
18648,14648,Annual,6.99,2026-01-26,,Active,
18649,14649,Monthly,9.99,2026-01-06,,Active,
18650,14650,Annual,6.99,2026-01-18,,Active,
18651,14651,Monthly,9.99,2026-01-25,,Active,
18652,14652,Annual,6.99,2026-01-24,2026-03-10,Churned,2026-03-10
18653,14653,Monthly,9.99,2026-01-19,,Active,
18654,14654,Annual,6.99,2026-01-11,,Active,
18655,14655,Monthly,9.99,2026-01-08,,Active,
18656,14656,Monthly,9.99,2026-01-05,2026-04-09,Churned,2026-04-09
18657,14657,Annual,6.99,2026-01-23,,Active,
18658,14658,Monthly,9.99,2026-01-09,,Active,
18659,14659,Monthly,9.99,2026-01-21,2026-03-05,Churned,2026-03-05
18660,14660,Monthly,9.99,2026-01-02,,Active,
18661,14661,Monthly,9.99,2026-01-10,,Active,
18662,14662,Monthly,9.99,2026-01-12,,Active,
18663,14663,Monthly,9.99,2026-01-24,,Active,
18664,14664,Annual,6.99,2026-01-04,,Active,
18665,14665,Monthly,9.99,2026-01-15,2026-03-04,Churned,2026-03-04
18666,14666,Monthly,9.99,2026-01-15,,Active,
18667,14667,Monthly,9.99,2026-01-10,2026-03-28,Churned,2026-03-28
18668,14668,Monthly,9.99,2026-01-25,,Active,
18669,14669,Monthly,9.99,2026-01-31,2026-04-20,Churned,2026-04-20
18670,14670,Annual,6.99,2026-01-02,,Active,
18671,14671,Monthly,9.99,2026-01-29,2026-07-04,Churned,2026-07-04
18672,14672,Monthly,9.99,2026-01-28,2026-07-02,Churned,2026-07-02
18673,14673,Annual,0.0,2026-01-27,,Active,
18674,14674,Annual,6.99,2026-01-04,,Active,
18675,14675,Annual,6.99,2026-01-13,,Active,
18676,14676,Monthly,9.99,2026-01-21,,Active,
18677,14677,Monthly,9.99,2026-01-07,2026-02-01,Churned,2026-02-01
18678,14678,Monthly,9.99,2026-01-08,2026-02-09,Churned,2026-02-09
18679,14679,Annual,6.99,2026-01-18,,Active,
18680,14680,Annual,6.99,2026-01-27,,Active,
18681,14681,Annual,6.99,2026-01-06,2026-02-11,Churned,2026-02-11
18682,14682,Monthly,9.99,2026-01-01,,Active,
18683,14683,Monthly,9.99,2026-01-31,2026-02-08,Churned,2026-02-08
18684,14684,Monthly,9.99,2026-01-14,,Active,
18685,14685,Annual,6.99,2026-01-03,,Active,
18686,14686,Monthly,0.0,2026-01-30,,Active,
18687,14687,Monthly,9.99,2026-01-09,2026-07-02,Churned,2026-07-02
18688,14688,Monthly,9.99,2026-01-04,,Active,
18689,14689,Monthly,9.99,2026-01-21,,Active,
18690,14690,Monthly,9.99,2026-01-24,,Active,
18691,14691,Monthly,9.99,2026-01-04,,Active,
18692,14692,Annual,6.99,2026-01-23,,Active,
18693,14693,Monthly,9.99,2026-01-12,,Active,
18694,14694,Monthly,9.99,2026-01-10,,Active,
18695,14695,Monthly,9.99,2026-01-21,2026-04-18,churned,2026-04-18
18696,14696,Annual,6.99,2026-01-02,,Active,
18697,14697,Monthly,9.99,2026-01-06,,Active,
18698,14698,Annual,6.99,2026-01-26,,Active,
18699,14699,Monthly,9.99,2026-01-31,2026-07-03,Churned,2026-07-03
18700,14700,Monthly,9.99,2026-01-29,,Active,
18701,14701,Annual,6.99,2026-01-25,,Active,
18702,14702,Monthly,9.99,2026-01-04,2026-05-17,Churned,2026-05-17
18703,14703,Monthly,9.99,2026-01-10,2026-04-15,Churned,2026-04-15
18704,14704,Monthly,9.99,2026-01-27,,Active,
18705,14705,Annual,6.99,2026-01-23,,Active,
18706,14706,Monthly,9.99,2026-01-26,,Active,
18707,14707,Monthly,9.99,2026-01-13,,Active,
18708,14708,Monthly,9.99,2026-01-18,2026-03-07,Churned,2026-03-07
18709,14709,Monthly,9.99,2026-01-23,2026-02-05,Churned,2026-02-05
18710,14710,Monthly,0.0,2026-01-25,2026-07-02,Churned,2026-07-02
18711,14711,Annual,6.99,2026-01-23,,Active,
18712,14712,Monthly,9.99,2026-01-02,,Active,
18713,14713,Annual,6.99,2026-01-07,,Active,
18714,14714,Annual,6.99,2026-01-16,2026-02-16,Churned,2026-02-16
18715,14715,Annual,6.99,2026-01-22,,Active,
18716,14716,Monthly,9.99,2026-01-30,,Active,
18717,14717,Monthly,9.99,2026-01-10,,Active,
18718,14718,Monthly,9.99,2026-01-25,2026-02-16,Churned,2026-02-16
18719,14719,Annual,6.99,2026-01-21,,active,
18720,14720,Annual,6.99,2026-01-09,,Active,
18721,14721,Monthly,9.99,2026-01-06,2026-05-21,Churned,2026-05-21
18722,14722,Monthly,9.99,2026-01-20,,Active,
18723,14723,Annual,6.99,2026-01-11,,Active,
18724,14724,Monthly,9.99,2026-01-07,,Active,
18725,14725,Annual,6.99,2026-01-07,,Active,
18726,14726,Monthly,9.99,2026-01-07,2026-02-22,Churned,2026-02-22
18727,14727,Monthly,9.99,2026-01-03,,Active,
18728,14728,Annual,6.99,2026-01-06,,Active,
18729,14729,Annual,6.99,2026-01-31,,Active,
18730,14730,Annual,6.99,2026-01-06,,Active,
18731,14731,Annual,6.99,2026-01-13,,Active,
18732,14732,Monthly,9.99,2026-01-16,,Active,
18733,14733,Monthly,9.99,2026-01-22,,Active,
18734,14734,Annual,6.99,2026-01-10,,Active,
18735,14735,Monthly,9.99,2026-01-26,,Active,
18736,14736,Annual,6.99,2026-01-25,,Active,
18737,14737,Monthly,9.99,2026-01-16,,Active,
18738,14738,Annual,6.99,2026-01-28,2026-02-28,Churned,2026-02-28
18739,14739,Annual,6.99,2026-01-11,,Active,
18740,14740,Monthly,9.99,2026-01-16,,Active,
18741,14741,Annual,6.99,2026-01-19,,Active,
18742,14742,Annual,6.99,2026-01-06,,Active,
18743,14743,Monthly,9.99,2026-01-03,,Active,
18744,14744,Monthly,0.0,2026-01-31,,Active,
18745,14745,Monthly,9.99,2026-01-02,,Active,
18746,14746,Monthly,9.99,2026-01-02,2026-03-27,Churned,2026-03-27
18747,14747,Annual,6.99,2026-01-04,,Active,
18748,14748,Monthly,9.99,2026-01-18,,Active,
18749,14749,Monthly,0.0,2026-01-09,2026-02-15,Churned,2026-02-15
18750,14750,Annual,6.99,2026-01-07,2026-02-27,Churned,2026-02-27
18751,14751,Annual,6.99,2026-01-27,,Active,
18752,14752,Monthly,9.99,2026-01-30,,Active,
18753,14753,Monthly,9.99,2026-01-28,,Active,
18754,14754,Annual,6.99,2026-01-11,,ACTIVE,
18755,14755,Monthly,9.99,2026-01-03,2026-02-11,Churned,2026-02-11
18756,14756,Annual,0.0,2026-01-30,,Active,
18757,14757,Monthly,9.99,2026-01-17,,Active,
18758,14758,Monthly,9.99,2026-01-31,2026-03-07,Churned,2026-03-07
18759,14759,Annual,6.99,2026-01-06,,Active,
18760,14760,Annual,6.99,2026-01-30,,Active,
18761,14761,Monthly,9.99,2026-01-10,,Active,
18762,14762,Annual,6.99,2026-01-25,,Active,
18763,14763,Monthly,9.99,2026-01-04,,Active,
18764,14764,Monthly,9.99,2026-01-23,,Active,
18765,14765,Monthly,9.99,2026-01-15,,Active,
18766,14766,Monthly,9.99,2026-01-30,,Active,
18767,14767,Monthly,9.99,2026-01-05,,Active,
18768,14768,Monthly,9.99,2026-01-07,,Active,
18769,14769,Monthly,9.99,2026-01-20,,Active,
18770,14770,Annual,6.99,2026-01-26,,Active,
18771,14771,Monthly,9.99,2026-01-28,,Active,
18772,14772,Annual,6.99,2026-01-04,2026-04-13,Churned,2026-04-13
18773,14773,Annual,6.99,2026-01-01,2026-04-12,Churned,2026-04-12
18774,14774,Monthly,9.99,2026-01-12,,Active,
18775,14775,Annual,6.99,2026-01-04,,Active,
18776,14776,Annual,6.99,2026-01-13,,Active,
18777,14777,Monthly,9.99,2026-01-15,2026-02-10,Churned,2026-02-10
18778,14778,Annual,6.99,2026-01-31,,Active,
18779,14779,Monthly,0.0,2026-01-02,2026-03-16,Churned,2026-03-16
18780,14780,Monthly,9.99,2026-01-10,,Active,
18781,14781,Monthly,9.99,2026-01-11,,Active,
18782,14782,Annual,6.99,2026-01-18,,active,
18783,14783,Monthly,9.99,2026-01-10,,Active,
18784,14784,Annual,6.99,2026-01-20,,Active,
18785,14785,Monthly,9.99,2026-01-27,,Active,
18786,14786,Annual,6.99,2026-01-22,,Active,
18787,14787,Monthly,9.99,2026-01-21,,Active,
18788,14788,Annual,6.99,2026-01-04,,Active,
18789,14789,Monthly,9.99,2026-01-28,,Active,
18790,14790,Annual,6.99,2026-01-18,2026-04-14,Churned,2026-04-14
18791,14791,Monthly,9.99,2026-01-06,,Active,
18792,14792,Annual,6.99,2026-01-20,,Active,
18793,14793,Monthly,9.99,2026-01-16,,Active,
18794,14794,Monthly,9.99,2026-01-29,,Active,
18795,14795,Annual,6.99,2026-01-21,,Active,
18796,14796,Annual,6.99,2026-01-30,,ACTIVE,
18797,14797,Annual,6.99,2026-01-31,,Active,
18798,14798,Monthly,9.99,2026-01-08,2026-03-10,Churned,2026-03-10
18799,14799,Monthly,9.99,2026-01-10,,Active,
18800,14800,Monthly,9.99,2026-01-07,,Active,
18801,14801,Monthly,9.99,2026-01-08,,Active,
18802,14802,Annual,6.99,2026-01-22,,active,
18803,14803,Monthly,9.99,2026-01-30,2026-02-21,Churned,2026-02-21
18804,14804,Monthly,9.99,2026-01-16,,Active,
18805,14805,Monthly,9.99,2026-01-26,,Active,
18806,14806,Annual,6.99,2026-01-24,2026-03-17,Churned,2026-03-17
18807,14807,Monthly,9.99,2026-01-09,,Active,
18808,14808,Monthly,9.99,2026-01-27,2026-05-20,Churned,2026-05-20
18809,14809,Annual,6.99,2026-01-15,,Active,
18810,14810,Annual,6.99,2026-01-01,,Active,
18811,14811,Monthly,9.99,2026-01-23,2026-07-05,Churned,2026-07-05
18812,14812,Monthly,9.99,2026-01-28,2026-03-04,Churned,2026-03-04
18813,14813,Annual,6.99,2026-01-08,,Active,
18814,14814,Monthly,9.99,2026-01-09,,Active,
18815,14815,Annual,6.99,2026-01-23,,Active,
18816,14816,Annual,6.99,2026-01-31,,Active,
18817,14817,Annual,6.99,2026-01-09,,Active,
18818,14818,Monthly,9.99,2026-01-14,,Active,
18819,14819,Annual,6.99,2026-01-22,,Active,
18820,14820,Monthly,9.99,2026-01-27,,Active,
18821,14821,Monthly,9.99,2026-01-02,,Active,
18822,14822,Annual,6.99,2026-01-07,,Active,
18823,14823,Annual,6.99,2026-01-28,,ACTIVE,
18824,14824,Monthly,9.99,2026-01-17,,Active,
18825,14825,Monthly,9.99,2026-01-24,,Active,
18826,14826,Annual,6.99,2026-01-02,,Active,
18827,14827,Monthly,9.99,2026-01-03,,Active,
18828,14828,Monthly,9.99,2026-01-23,2026-02-06,Churned,2026-02-06
18829,14829,Monthly,9.99,2026-01-12,,Active,
18830,14830,Monthly,9.99,2026-01-30,,Active,
18831,14831,Annual,6.99,2026-01-14,,active,
18832,14832,Monthly,9.99,2026-01-27,,Active,
18833,14833,Annual,6.99,2026-01-17,,Active,
18834,14834,Monthly,9.99,2026-01-22,,Active,
18835,14835,Annual,6.99,2026-01-21,2026-04-21,Churned,2026-04-21
18836,14836,Monthly,9.99,2026-01-04,,Active,
18837,14837,Monthly,9.99,2026-01-25,,Active,
18838,14838,Monthly,9.99,2026-01-31,2026-02-14,Churned,2026-02-14
18839,14839,Monthly,9.99,2026-01-12,2026-03-20,Churned,2026-03-20
18840,14840,Annual,6.99,2026-01-11,,Active,
18841,14841,Annual,6.99,2026-01-19,,Active,
18842,14842,Annual,6.99,2026-01-20,,Active,
18843,14843,Monthly,9.99,2026-01-12,2026-07-04,Churned,2026-07-04
18844,14844,Monthly,9.99,2026-01-09,,Active,
18845,14845,Annual,6.99,2026-01-31,,Active,
18846,14846,Monthly,9.99,2026-01-26,2026-04-10,Churned,2026-04-10
18847,14847,Annual,6.99,2026-01-18,,Active,
18848,14848,Monthly,9.99,2026-01-12,,Active,
18849,14849,Monthly,9.99,2026-01-11,,Active,
18850,14850,Annual,6.99,2026-01-13,,Active,
18851,14851,Annual,6.99,2026-01-19,,Active,
18852,14852,Monthly,9.99,2026-01-01,,Active,
18853,14853,Annual,6.99,2026-01-21,2026-06-08,Churned,2026-06-08
18854,14854,Annual,6.99,2026-01-18,,Active,
18855,14855,Annual,6.99,2026-01-05,,Active,
18856,14856,Monthly,9.99,2026-01-08,,Active,
18857,14857,Monthly,9.99,2026-01-09,,Active,
18858,14858,Monthly,0.0,2026-01-29,,Active,
18859,14859,Monthly,9.99,2026-01-29,,Active,
18860,14860,Monthly,9.99,2026-01-25,,Active,
18861,14861,Monthly,9.99,2026-01-22,,Active,
18862,14862,Monthly,9.99,2026-01-30,,Active,
18863,14863,Annual,6.99,2026-01-23,,Active,
18864,14864,Annual,6.99,2026-01-13,,Active,
18865,14865,Monthly,9.99,2026-01-12,,Active,
18866,14866,Monthly,9.99,2026-01-21,,Active,
18867,14867,Monthly,9.99,2026-01-13,,Active,
18868,14868,Monthly,9.99,2026-01-15,,Active,
18869,14869,Annual,6.99,2026-01-31,,Active,
18870,14870,Annual,6.99,2026-01-29,2026-07-01,Churned,2026-07-01
18871,14871,Monthly,9.99,2026-01-19,,Active,
18872,14872,Annual,6.99,2026-01-11,,Active,
18873,14873,Monthly,9.99,2026-01-14,,Active,
18874,14874,Annual,6.99,2026-01-11,,Active,
18875,14875,Monthly,9.99,2026-01-13,,Active,
18876,14876,Annual,6.99,2026-01-12,,Active,
18877,14877,Monthly,9.99,2026-01-14,,Active,
18878,14878,Annual,6.99,2026-01-16,,Active,
18879,14879,Annual,6.99,2026-01-20,2026-06-22,Churned,2026-06-22
18880,14880,Monthly,9.99,2026-01-28,,Active,
18881,14881,Annual,6.99,2026-01-17,,Active,
18882,14882,Annual,6.99,2026-01-07,2026-03-19,Churned,2026-03-19
18883,14883,Monthly,9.99,2026-01-06,,Active,
18884,14884,Annual,6.99,2026-01-21,,Active,
18885,14885,Annual,6.99,2026-01-31,2026-03-07,Churned,2026-03-07
18886,14886,Annual,6.99,2026-01-10,,Active,
18887,14887,Monthly,9.99,2026-01-03,,Active,
18888,14888,Annual,6.99,2026-01-03,2026-02-16,Churned,2026-02-16
18889,14889,Monthly,9.99,2026-01-09,,Active,
18890,14890,Monthly,9.99,2026-01-30,2026-04-21,Churned,2026-04-21
18891,14891,Annual,6.99,2026-01-25,,Active,
18892,14892,Monthly,9.99,2026-01-25,2026-05-12,Churned,2026-05-12
18893,14893,Monthly,9.99,2026-01-11,,Active,
18894,14894,Monthly,9.99,2026-01-30,,Active,
18895,14895,Monthly,9.99,2026-01-13,,Active,
18896,14896,Monthly,9.99,2026-01-13,,Active,
18897,14897,Annual,6.99,2026-01-30,,Active,
18898,14898,Monthly,9.99,2026-01-24,,Active,
18899,14899,Annual,6.99,2026-01-09,2026-04-18,Churned,2026-04-18
18900,14900,Monthly,9.99,2026-01-21,,Active,
18901,14901,Monthly,9.99,2026-01-11,,Active,
18902,14902,Monthly,9.99,2026-01-20,,Active,
18903,14903,Monthly,9.99,2026-01-05,,Active,
18904,14904,Annual,6.99,2026-01-02,,Active,
18905,14905,Annual,6.99,2026-01-30,2026-06-27,Churned,2026-06-27
18906,14906,Annual,6.99,2026-01-03,,Active,
18907,14907,Monthly,9.99,2026-01-13,,Active,
18908,14908,Monthly,9.99,2026-01-07,,Active,
18909,14909,Annual,6.99,2026-01-01,2026-02-18,Churned,2026-02-18
18910,14910,Monthly,9.99,2026-01-24,,Active,
18911,14911,Annual,6.99,2026-01-09,,Active,
18912,14912,Monthly,9.99,2026-01-25,,Active,
18913,14913,Annual,6.99,2026-01-18,,Active,
18914,14914,Monthly,9.99,2026-01-21,,Active,
18915,14915,Monthly,9.99,2026-01-21,,Active,
18916,14916,Monthly,9.99,2026-01-06,,Active,
18917,14917,Monthly,9.99,2026-01-15,,Active,
18918,14918,Monthly,9.99,2026-01-25,,Active,
18919,14919,Monthly,9.99,2026-01-08,,Active,
18920,14920,Annual,6.99,2026-01-04,,Active,
18921,14921,Annual,6.99,2026-01-13,2026-04-02,Churned,2026-04-02
18922,14922,Annual,6.99,2026-01-28,2026-06-28,Churned,2026-06-28
18923,14923,Monthly,9.99,2026-01-10,,Active,
18924,14924,Monthly,9.99,2026-01-12,,Active,
18925,14925,Annual,6.99,2026-01-04,,Active,
18926,14926,Annual,6.99,2026-01-23,,Active,
18927,14927,Monthly,9.99,2026-01-11,,Active,
18928,14928,Monthly,9.99,2026-01-06,,Active,
18929,14929,Monthly,9.99,2026-01-04,,Active,
18930,14930,Monthly,9.99,2026-01-10,,Active,
18931,14931,Annual,6.99,2026-01-07,,Active,
18932,14932,Monthly,9.99,2026-01-16,,Active,
18933,14933,Monthly,9.99,2026-01-14,2026-03-07,Churned,2026-03-07
18934,14934,Monthly,9.99,2026-01-16,,Active,
18935,14935,Annual,6.99,2026-01-12,,Active,
18936,14936,Monthly,9.99,2026-01-04,,Active,
18937,14937,Annual,6.99,2026-01-25,,Active,
18938,14938,Annual,6.99,2026-01-17,,Active,
18939,14939,Annual,6.99,2026-01-06,,Active,
18940,14940,Monthly,9.99,2026-01-03,,Active,
18941,14941,Monthly,9.99,2026-01-30,,Active,
18942,14942,Annual,6.99,2026-01-29,,Active,
18943,14943,Annual,6.99,2026-01-06,,Active,
18944,14944,Annual,6.99,2026-01-14,,Active,
18945,14945,Monthly,9.99,2026-01-19,,Active,
18946,14946,Monthly,0.0,2026-01-14,,Active,
18947,14947,Monthly,9.99,2026-01-26,,Active,
18948,14948,Monthly,9.99,2026-01-18,2026-03-22,Churned,2026-03-22
18949,14949,Monthly,9.99,2026-01-09,,Active,
18950,14950,Monthly,9.99,2026-01-25,2026-07-07,Churned,2026-07-07
18951,14951,Monthly,9.99,2026-01-28,2026-04-15,Churned,2026-04-15
18952,14952,Monthly,9.99,2026-01-03,,Active,
18953,14953,Monthly,9.99,2026-01-27,,Active,
18954,14954,Monthly,9.99,2026-01-22,,Active,
18955,14955,Monthly,9.99,2026-01-29,,Active,
18956,14956,Annual,6.99,2026-01-29,2026-03-04,Churned,2026-03-04
18957,14957,Monthly,9.99,2026-01-02,2026-02-23,Churned,2026-02-23
18958,14958,Monthly,9.99,2026-01-14,,active,
18959,14959,Monthly,9.99,2026-01-03,,Active,
18960,14960,Annual,6.99,2026-01-01,,Active,
18961,14961,Monthly,9.99,2026-01-29,,Active,
18962,14962,Annual,6.99,2026-01-08,,Active,
18963,14963,Monthly,9.99,2026-01-02,,Active,
18964,14964,Monthly,9.99,2026-01-30,,Active,
18965,14965,Monthly,9.99,2026-01-13,,Active,
18966,14966,Monthly,9.99,2026-01-04,,Active,
18967,14967,Monthly,9.99,2026-01-08,,Active,
18968,14968,Monthly,9.99,2026-01-01,,Active,
18969,14969,Annual,6.99,2026-01-21,,Active,
18970,14970,Monthly,9.99,2026-01-30,2026-07-04,Churned,2026-07-04
18971,14971,Monthly,9.99,2026-01-13,,Active,
18972,14972,Annual,6.99,2026-01-27,,Active,
18973,14973,Monthly,9.99,2026-01-11,,Active,
18974,14974,Annual,6.99,2026-01-15,,Active,
18975,14975,Monthly,9.99,2026-01-07,,Active,
18976,14976,Monthly,9.99,2026-01-01,,ACTIVE,
18977,14977,Monthly,9.99,2026-01-06,2026-02-04,Churned,2026-02-04
18978,14978,Annual,6.99,2026-01-19,,Active,
18979,14979,Monthly,9.99,2026-01-04,,Active,
18980,14980,Monthly,9.99,2026-01-26,,Active,
18981,14981,Monthly,9.99,2026-01-29,,Active,
18982,14982,Monthly,9.99,2026-01-09,,Active,
18983,14983,Monthly,9.99,2026-01-09,,Active,
18984,14984,Monthly,9.99,2026-01-06,2026-07-07,Churned,2026-07-07
18985,14985,Annual,6.99,2026-01-13,,Active,
18986,14986,Annual,6.99,2026-01-29,,Active,
18987,14987,Monthly,9.99,2026-01-13,2026-03-05,Churned,2026-03-05
18988,14988,Monthly,9.99,2026-01-24,,Active,
18989,14989,Annual,6.99,2026-01-10,2026-02-03,Churned,2026-02-03
18990,14990,Monthly,9.99,2026-01-14,,Active,
18991,14991,Monthly,9.99,2026-01-16,,Active,
18992,14992,Annual,6.99,2026-01-29,,Active,
18993,14993,Annual,6.99,2026-01-16,,ACTIVE,
18994,14994,Monthly,9.99,2026-01-19,,Active,
18995,14995,Annual,6.99,2026-01-27,,Active,
18996,14996,Annual,6.99,2026-01-30,2026-03-14,Churned,2026-03-14
18997,14997,Monthly,9.99,2026-01-28,,Active,
18998,14998,Monthly,9.99,2026-01-04,,Active,
18999,14999,Annual,6.99,2026-01-04,,Active,
19000,15000,Annual,6.99,2026-01-14,,Active,
19001,15001,Monthly,9.99,2026-01-11,,Active,
19002,15002,Monthly,9.99,2026-01-22,2026-04-04,Churned,2026-04-04
19003,15003,Monthly,9.99,2026-01-14,,Active,
19004,15004,Monthly,9.99,2026-01-13,2026-03-11,Churned,2026-03-11
19005,15005,Monthly,9.99,2026-01-03,,Active,
19006,15006,Monthly,9.99,2026-01-11,,Active,
19007,15007,Annual,6.99,2026-01-18,,Active,
19008,15008,Annual,6.99,2026-01-22,,Active,
19009,15009,Monthly,9.99,2026-01-06,,ACTIVE,
19010,15010,Monthly,9.99,2026-01-19,,Active,
19011,15011,Monthly,9.99,2026-01-18,,Active,
19012,15012,Monthly,9.99,2026-01-09,,Active,
19013,15013,Monthly,9.99,2026-01-28,,Active,
19014,15014,Annual,6.99,2026-01-14,,Active,
19015,15015,Annual,6.99,2026-01-09,,Active,
19016,15016,Monthly,9.99,2026-01-22,,Active,
19017,15017,Monthly,9.99,2026-01-06,,Active,
19018,15018,Annual,6.99,2026-01-20,2026-03-12,Churned,2026-03-12
19019,15019,Annual,6.99,2026-01-22,2026-06-10,Churned,2026-06-10
19020,15020,Monthly,9.99,2026-01-15,,Active,
19021,15021,Annual,6.99,2026-02-08,,Active,
19022,15022,Annual,6.99,2026-02-26,,Active,
19023,15023,Annual,6.99,2026-02-12,,Active,
19024,15024,Monthly,9.99,2026-02-22,,Active,
19025,15025,Monthly,9.99,2026-02-03,,Active,
19026,15026,Monthly,9.99,2026-02-21,,Active,
19027,15027,Annual,6.99,2026-02-13,,Active,
19028,15028,Monthly,9.99,2026-02-23,,Active,
19029,15029,Monthly,9.99,2026-02-06,2026-03-24,Churned,2026-03-24
19030,15030,Monthly,9.99,2026-02-06,,ACTIVE,
19031,15031,Monthly,9.99,2026-02-25,,Active,
19032,15032,Annual,6.99,2026-02-17,,Active,
19033,15033,Monthly,9.99,2026-02-16,,Active,
19034,15034,Annual,6.99,2026-02-17,,Active,
19035,15035,Annual,6.99,2026-02-11,,Active,
19036,15036,Annual,6.99,2026-02-27,,Active,
19037,15037,Monthly,9.99,2026-02-16,,Active,
19038,15038,Annual,6.99,2026-02-01,,Active,
19039,15039,Annual,6.99,2026-02-09,2026-05-31,Churned,2026-05-31
19040,15040,Monthly,9.99,2026-02-28,,Active,
19041,15041,Monthly,9.99,2026-02-14,2026-06-10,Churned,2026-06-10
19042,15042,Monthly,9.99,2026-02-21,,Active,
19043,15043,Monthly,9.99,2026-02-01,2026-04-04,Churned,2026-04-04
19044,15044,Monthly,9.99,2026-02-01,,Active,
19045,15045,Annual,6.99,2026-02-06,,Active,
19046,15046,Annual,6.99,2026-02-15,,Active,
19047,15047,Annual,6.99,2026-02-18,,active,
19048,15048,Monthly,9.99,2026-02-02,,Active,
19049,15049,Annual,6.99,2026-02-26,,Active,
19050,15050,Monthly,9.99,2026-02-17,,Active,
19051,15051,Monthly,9.99,2026-02-10,,Active,
19052,15052,Monthly,9.99,2026-02-13,,Active,
19053,15053,Monthly,9.99,2026-02-15,,Active,
19054,15054,Monthly,9.99,2026-02-22,,Active,
19055,15055,Annual,6.99,2026-02-03,,Active,
19056,15056,Monthly,9.99,2026-02-17,,Active,
19057,15057,Annual,6.99,2026-02-15,,Active,
19058,15058,Monthly,9.99,2026-02-23,,Active,
19059,15059,Annual,6.99,2026-02-11,,Active,
19060,15060,Monthly,9.99,2026-02-11,,Active,
19061,15061,Annual,6.99,2026-02-23,,Active,
19062,15062,Annual,6.99,2026-02-24,,Active,
19063,15063,Monthly,0.0,2026-02-24,,Active,
19064,15064,Annual,6.99,2026-02-25,,Active,
19065,15065,Annual,6.99,2026-02-03,,Active,
19066,15066,Monthly,9.99,2026-02-19,2026-07-06,Churned,2026-07-06
19067,15067,Annual,6.99,2026-02-20,,Active,
19068,15068,Monthly,9.99,2026-02-08,,Active,
19069,15069,Annual,6.99,2026-02-13,,Active,
19070,15070,Monthly,9.99,2026-02-28,,Active,
19071,15071,Monthly,9.99,2026-02-04,,Active,
19072,15072,Monthly,9.99,2026-02-23,,ACTIVE,
19073,15073,Monthly,9.99,2026-02-09,,Active,
19074,15074,Monthly,9.99,2026-02-24,,Active,
19075,15075,Monthly,9.99,2026-02-15,,Active,
19076,15076,Annual,6.99,2026-02-01,,Active,
19077,15077,Monthly,9.99,2026-02-04,,Active,
19078,15078,Monthly,9.99,2026-02-24,2026-05-09,Churned,2026-05-09
19079,15079,Annual,6.99,2026-02-23,,Active,
19080,15080,Annual,6.99,2026-02-07,2026-07-02,Churned,2026-07-02
19081,15081,Annual,6.99,2026-02-18,,Active,
19082,15082,Annual,6.99,2026-02-15,,Active,
19083,15083,Annual,6.99,2026-02-02,2026-03-16,Churned,2026-03-16
19084,15084,Monthly,9.99,2026-02-20,,Active,
19085,15085,Monthly,9.99,2026-02-05,,Active,
19086,15086,Monthly,9.99,2026-02-12,2026-05-09,Churned,2026-05-09
19087,15087,Annual,6.99,2026-02-01,,Active,
19088,15088,Monthly,9.99,2026-02-07,,Active,
19089,15089,Monthly,9.99,2026-02-27,,Active,
19090,15090,Monthly,9.99,2026-02-15,,Active,
19091,15091,Monthly,9.99,2026-02-21,,Active,
19092,15092,Monthly,9.99,2026-02-09,,Active,
19093,15093,Monthly,9.99,2026-02-02,,Active,
19094,15094,Annual,6.99,2026-02-18,,Active,
19095,15095,Monthly,9.99,2026-02-07,,Active,
19096,15096,Monthly,9.99,2026-02-04,,Active,
19097,15097,Monthly,9.99,2026-02-14,,Active,
19098,15098,Monthly,9.99,2026-02-12,,Active,
19099,15099,Annual,6.99,2026-02-04,,Active,
19100,15100,Annual,6.99,2026-02-17,,Active,
19101,15101,Monthly,9.99,2026-02-13,,Active,
19102,15102,Monthly,9.99,2026-02-28,,Active,
19103,15103,Annual,6.99,2026-02-03,,Active,
19104,15104,Monthly,9.99,2026-02-14,,Active,
19105,15105,Annual,6.99,2026-02-23,,Active,
19106,15106,Monthly,9.99,2026-02-12,2026-07-06,Churned,2026-07-06
19107,15107,Monthly,9.99,2026-02-06,,Active,
19108,15108,Monthly,9.99,2026-02-28,,active,
19109,15109,Monthly,9.99,2026-02-10,,Active,
19110,15110,Annual,6.99,2026-02-26,2026-05-05,Churned,2026-05-05
19111,15111,Monthly,9.99,2026-02-24,,Active,
19112,15112,Monthly,9.99,2026-02-19,2026-05-26,Churned,2026-05-26
19113,15113,Monthly,9.99,2026-02-22,,ACTIVE,
19114,15114,Monthly,9.99,2026-02-16,2026-03-21,Churned,2026-03-21
19115,15115,Annual,6.99,2026-02-19,2026-03-05,Churned,2026-03-05
19116,15116,Monthly,9.99,2026-02-08,,Active,
19117,15117,Annual,6.99,2026-02-02,,Active,
19118,15118,Monthly,9.99,2026-02-18,2026-04-02,Churned,2026-04-02
19119,15119,Annual,6.99,2026-02-23,,Active,
19120,15120,Annual,6.99,2026-02-24,2026-04-04,Churned,2026-04-04
19121,15121,Monthly,9.99,2026-02-22,2026-03-12,Churned,2026-03-12
19122,15122,Monthly,9.99,2026-02-28,,Active,
19123,15123,Monthly,9.99,2026-02-17,,Active,
19124,15124,Monthly,9.99,2026-02-05,,Active,
19125,15125,Monthly,9.99,2026-02-06,,active,
19126,15126,Monthly,9.99,2026-02-08,,Active,
19127,15127,Annual,6.99,2026-02-28,,Active,
19128,15128,Annual,6.99,2026-02-25,,Active,
19129,15129,Monthly,9.99,2026-02-21,,Active,
19130,15130,Annual,6.99,2026-02-25,,Active,
19131,15131,Monthly,9.99,2026-02-10,,Active,
19132,15132,Monthly,9.99,2026-02-21,,Active,
19133,15133,Monthly,9.99,2026-02-05,,Active,
19134,15134,Annual,6.99,2026-02-03,,Active,
19135,15135,Monthly,9.99,2026-02-18,,Active,
19136,15136,Monthly,9.99,2026-02-20,,Active,
19137,15137,Monthly,9.99,2026-02-17,,Active,
19138,15138,Monthly,9.99,2026-02-14,2026-03-02,Churned,2026-03-02
19139,15139,Monthly,9.99,2026-02-17,,Active,
19140,15140,Annual,6.99,2026-02-11,,Active,
19141,15141,Annual,6.99,2026-02-09,,Active,
19142,15142,Monthly,0.0,2026-02-08,,Active,
19143,15143,Annual,6.99,2026-02-11,,Active,
19144,15144,Annual,6.99,2026-02-09,,Active,
19145,15145,Annual,6.99,2026-02-05,,Active,
19146,15146,Monthly,9.99,2026-02-16,,Active,
19147,15147,Monthly,9.99,2026-02-12,,Active,
19148,15148,Monthly,9.99,2026-02-05,,Active,
19149,15149,Annual,6.99,2026-02-26,,Active,
19150,15150,Annual,6.99,2026-02-15,2026-03-01,Churned,2026-03-01
19151,15151,Annual,6.99,2026-02-04,,Active,
19152,15152,Monthly,9.99,2026-02-02,,Active,
19153,15153,Monthly,9.99,2026-02-03,2026-07-03,Churned,2026-07-03
19154,15154,Annual,6.99,2026-02-12,,Active,
19155,15155,Annual,6.99,2026-02-07,,Active,
19156,15156,Annual,6.99,2026-02-27,,Active,
19157,15157,Monthly,9.99,2026-02-14,,Active,
19158,15158,Monthly,9.99,2026-02-21,2026-05-27,Churned,2026-05-27
19159,15159,Monthly,9.99,2026-02-07,2026-03-06,Churned,2026-03-06
19160,15160,Monthly,9.99,2026-02-02,,Active,
19161,15161,Annual,6.99,2026-02-10,,Active,
19162,15162,Monthly,9.99,2026-02-20,,Active,
19163,15163,Monthly,9.99,2026-02-22,,Active,
19164,15164,Annual,6.99,2026-02-06,,Active,
19165,15165,Monthly,9.99,2026-02-09,,Active,
19166,15166,Monthly,9.99,2026-02-14,,Active,
19167,15167,Monthly,9.99,2026-02-10,,Active,
19168,15168,Monthly,9.99,2026-02-09,,Active,
19169,15169,Monthly,9.99,2026-02-28,,Active,
19170,15170,Annual,6.99,2026-02-27,,Active,
19171,15171,Annual,6.99,2026-02-10,,Active,
19172,15172,Monthly,9.99,2026-02-02,,Active,
19173,15173,Annual,6.99,2026-02-11,,Active,
19174,15174,Monthly,9.99,2026-02-25,,Active,
19175,15175,Monthly,9.99,2026-02-26,,Active,
19176,15176,Annual,6.99,2026-02-20,2026-03-24,Churned,2026-03-24
19177,15177,Monthly,9.99,2026-02-19,,Active,
19178,15178,Monthly,9.99,2026-02-11,2026-04-22,Churned,2026-04-22
19179,15179,Annual,6.99,2026-02-13,,Active,
19180,15180,Monthly,9.99,2026-02-25,,Active,
19181,15181,Annual,6.99,2026-02-07,,Active,
19182,15182,Monthly,9.99,2026-02-12,,Active,
19183,15183,Monthly,9.99,2026-02-25,,Active,
19184,15184,Monthly,9.99,2026-02-20,,Active,
19185,15185,Monthly,9.99,2026-02-04,2026-07-02,Churned,2026-07-02
19186,15186,Monthly,9.99,2026-02-23,,Active,
19187,15187,Monthly,9.99,2026-02-02,,Active,
19188,15188,Annual,6.99,2026-02-09,,Active,
19189,15189,Annual,6.99,2026-02-26,,Active,
19190,15190,Monthly,9.99,2026-02-03,,Active,
19191,15191,Monthly,9.99,2026-02-06,2026-03-27,Churned,2026-03-27
19192,15192,Annual,6.99,2026-02-25,,Active,
19193,15193,Monthly,9.99,2026-02-19,,Active,
19194,15194,Monthly,9.99,2026-02-07,2026-05-18,Churned,2026-05-18
19195,15195,Annual,6.99,2026-02-10,2026-07-05,Churned,2026-07-05
19196,15196,Monthly,9.99,2026-02-27,,Active,
19197,15197,Annual,6.99,2026-02-17,,Active,
19198,15198,Annual,6.99,2026-02-09,,Active,
19199,15199,Annual,6.99,2026-02-05,,Active,
19200,15200,Monthly,9.99,2026-02-12,,Active,
19201,15201,Annual,6.99,2026-02-09,,Active,
19202,15202,Annual,6.99,2026-02-13,,Active,
19203,15203,Monthly,9.99,2026-02-02,,Active,
19204,15204,Annual,6.99,2026-02-14,,Active,
19205,15205,Monthly,9.99,2026-02-07,,Active,
19206,15206,Monthly,9.99,2026-02-27,,Active,
19207,15207,Monthly,9.99,2026-02-08,,Active,
19208,15208,Monthly,9.99,2026-02-07,,Active,
19209,15209,Annual,6.99,2026-02-09,,active,
19210,15210,Monthly,9.99,2026-02-18,,Active,
19211,15211,Monthly,9.99,2026-02-21,,Active,
19212,15212,Annual,6.99,2026-02-09,,Active,
19213,15213,Monthly,9.99,2026-02-20,2026-03-31,Churned,2026-03-31
19214,15214,Monthly,9.99,2026-02-04,2026-04-13,Churned,2026-04-13
19215,15215,Monthly,9.99,2026-02-06,2026-03-03,Churned,2026-03-03
19216,15216,Monthly,9.99,2026-02-09,,Active,
19217,15217,Annual,6.99,2026-02-20,2026-04-25,Churned,2026-04-25
19218,15218,Monthly,9.99,2026-02-16,,Active,
19219,15219,Monthly,9.99,2026-02-13,,Active,
19220,15220,Monthly,9.99,2026-02-17,,Active,
19221,15221,Monthly,9.99,2026-02-06,,Active,
19222,15222,Monthly,9.99,2026-02-08,2026-07-02,Churned,2026-07-02
19223,15223,Monthly,9.99,2026-02-20,,Active,
19224,15224,Monthly,9.99,2026-02-28,,Active,
19225,15225,Monthly,9.99,2026-02-01,2026-03-24,Churned,2026-03-24
19226,15226,Annual,6.99,2026-02-11,,Active,
19227,15227,Monthly,9.99,2026-02-25,,Active,
19228,15228,Monthly,9.99,2026-02-24,,Active,
19229,15229,Annual,6.99,2026-02-08,,Active,
19230,15230,Annual,6.99,2026-02-01,,Active,
19231,15231,Monthly,9.99,2026-02-16,,Active,
19232,15232,Annual,0.0,2026-02-20,,Active,
19233,15233,Monthly,9.99,2026-02-08,,Active,
19234,15234,Monthly,9.99,2026-02-09,2026-03-12,Churned,2026-03-12
19235,15235,Annual,6.99,2026-02-19,,Active,
19236,15236,Monthly,9.99,2026-02-16,2026-06-04,Churned,2026-06-04
19237,15237,Monthly,9.99,2026-02-08,,Active,
19238,15238,Annual,6.99,2026-02-24,2026-05-13,Churned,2026-05-13
19239,15239,Annual,6.99,2026-02-26,2026-03-23,Churned,2026-03-23
19240,15240,Monthly,9.99,2026-02-21,,Active,
19241,15241,Annual,6.99,2026-02-27,,Active,
19242,15242,Annual,6.99,2026-02-11,2026-03-02,churned,2026-03-02
19243,15243,Monthly,9.99,2026-02-04,,Active,
19244,15244,Annual,6.99,2026-02-21,,Active,
19245,15245,Monthly,9.99,2026-02-16,,Active,
19246,15246,Annual,6.99,2026-02-12,,active,
19247,15247,Annual,6.99,2026-02-08,,Active,
19248,15248,Annual,6.99,2026-02-02,,Active,
19249,15249,Annual,6.99,2026-02-05,,Active,
19250,15250,Monthly,9.99,2026-02-19,2026-07-03,Churned,2026-07-03
19251,15251,Monthly,9.99,2026-02-07,,Active,
19252,15252,Monthly,9.99,2026-02-27,,Active,
19253,15253,Monthly,9.99,2026-02-14,,Active,
19254,15254,Annual,6.99,2026-02-03,2026-05-09,Churned,2026-05-09
19255,15255,Monthly,9.99,2026-02-19,,Active,
19256,15256,Monthly,9.99,2026-02-20,,Active,
19257,15257,Monthly,9.99,2026-02-06,,Active,
19258,15258,Monthly,9.99,2026-02-24,2026-03-05,Churned,2026-03-05
19259,15259,Monthly,9.99,2026-02-21,,Active,
19260,15260,Monthly,9.99,2026-02-17,,Active,
19261,15261,Annual,6.99,2026-02-04,,Active,
19262,15262,Annual,6.99,2026-02-14,2026-05-20,Churned,2026-05-20
19263,15263,Annual,6.99,2026-02-28,2026-03-05,Churned,2026-03-05
19264,15264,Monthly,9.99,2026-02-07,,Active,
19265,15265,Annual,6.99,2026-02-27,,Active,
19266,15266,Annual,6.99,2026-02-06,,Active,
19267,15267,Monthly,9.99,2026-02-17,,Active,
19268,15268,Monthly,9.99,2026-02-12,,Active,
19269,15269,Annual,6.99,2026-02-02,,Active,
19270,15270,Annual,6.99,2026-02-18,,Active,
19271,15271,Monthly,9.99,2026-02-14,,Active,
19272,15272,Monthly,9.99,2026-02-09,,Active,
19273,15273,Monthly,9.99,2026-02-07,,Active,
19274,15274,Annual,6.99,2026-02-14,,Active,
19275,15275,Monthly,9.99,2026-02-03,,Active,
19276,15276,Monthly,9.99,2026-02-17,,Active,
19277,15277,Monthly,9.99,2026-02-03,,Active,
19278,15278,Monthly,0.0,2026-02-06,,Active,
19279,15279,Monthly,9.99,2026-02-15,,Active,
19280,15280,Monthly,9.99,2026-02-21,,Active,
19281,15281,Annual,6.99,2026-02-12,,Active,
19282,15282,Monthly,9.99,2026-02-18,,Active,
19283,15283,Monthly,9.99,2026-02-27,,Active,
19284,15284,Annual,6.99,2026-02-17,2026-03-21,Churned,2026-03-21
19285,15285,Monthly,9.99,2026-02-22,,Active,
19286,15286,Annual,6.99,2026-02-14,,Active,
19287,15287,Monthly,9.99,2026-02-08,,Active,
19288,15288,Monthly,9.99,2026-02-11,,Active,
19289,15289,Annual,6.99,2026-02-10,2026-06-02,Churned,2026-06-02
19290,15290,Monthly,9.99,2026-02-16,,Active,
19291,15291,Monthly,9.99,2026-02-05,,Active,
19292,15292,Monthly,9.99,2026-02-22,,Active,
19293,15293,Monthly,9.99,2026-02-05,2026-03-13,Churned,2026-03-13
19294,15294,Monthly,9.99,2026-02-20,,Active,
19295,15295,Annual,6.99,2026-02-14,,Active,
19296,15296,Monthly,9.99,2026-02-21,2026-03-15,Churned,2026-03-15
19297,15297,Monthly,9.99,2026-02-05,,Active,
19298,15298,Monthly,9.99,2026-02-06,,Active,
19299,15299,Annual,6.99,2026-02-08,,Active,
19300,15300,Monthly,9.99,2026-02-22,,Active,
19301,15301,Annual,6.99,2026-02-08,2026-03-07,Churned,2026-03-07
19302,15302,Monthly,9.99,2026-02-10,,Active,
19303,15303,Monthly,9.99,2026-02-04,,Active,
19304,15304,Annual,6.99,2026-02-07,,Active,
19305,15305,Monthly,9.99,2026-02-24,,Active,
19306,15306,Annual,6.99,2026-02-04,,Active,
19307,15307,Annual,6.99,2026-02-26,,Active,
19308,15308,Annual,6.99,2026-02-24,,Active,
19309,15309,Monthly,9.99,2026-02-27,,Active,
19310,15310,Annual,6.99,2026-02-18,,Active,
19311,15311,Monthly,9.99,2026-02-20,,Active,
19312,15312,Monthly,9.99,2026-02-24,,Active,
19313,15313,Annual,6.99,2026-02-20,,Active,
19314,15314,Monthly,9.99,2026-02-16,,Active,
19315,15315,Monthly,9.99,2026-02-12,,Active,
19316,15316,Monthly,9.99,2026-02-25,,Active,
19317,15317,Annual,6.99,2026-02-09,,Active,
19318,15318,Annual,6.99,2026-02-16,,Active,
19319,15319,Monthly,9.99,2026-02-02,2026-03-22,Churned,2026-03-22
19320,15320,Annual,6.99,2026-02-19,2026-03-14,Churned,2026-03-14
19321,15321,Monthly,9.99,2026-02-04,,Active,
19322,15322,Annual,6.99,2026-02-02,,Active,
19323,15323,Monthly,9.99,2026-02-09,,Active,
19324,15324,Annual,6.99,2026-02-19,,Active,
19325,15325,Monthly,9.99,2026-02-24,,Active,
19326,15326,Monthly,9.99,2026-02-17,,Active,
19327,15327,Annual,6.99,2026-02-19,,Active,
19328,15328,Monthly,9.99,2026-02-07,2026-05-16,Churned,2026-05-16
19329,15329,Monthly,9.99,2026-02-03,,Active,
19330,15330,Monthly,9.99,2026-02-04,,Active,
19331,15331,Annual,6.99,2026-02-03,,Active,
19332,15332,Monthly,9.99,2026-02-10,,Active,
19333,15333,Annual,6.99,2026-02-21,2026-03-27,Churned,2026-03-27
19334,15334,Annual,6.99,2026-02-02,,Active,
19335,15335,Annual,6.99,2026-02-10,,Active,
19336,15336,Monthly,9.99,2026-02-17,,Active,
19337,15337,Annual,6.99,2026-02-02,2026-05-11,Churned,2026-05-11
19338,15338,Annual,6.99,2026-02-16,,Active,
19339,15339,Monthly,9.99,2026-02-12,,Active,
19340,15340,Annual,6.99,2026-02-26,,Active,
19341,15341,Monthly,9.99,2026-02-14,,Active,
19342,15342,Monthly,9.99,2026-02-15,,Active,
19343,15343,Monthly,9.99,2026-02-24,,Active,
19344,15344,Annual,6.99,2026-02-21,,Active,
19345,15345,Monthly,9.99,2026-02-16,,Active,
19346,15346,Annual,0.0,2026-02-19,,Active,
19347,15347,Annual,6.99,2026-02-12,,Active,
19348,15348,Annual,6.99,2026-02-20,,Active,
19349,15349,Monthly,9.99,2026-02-09,,Active,
19350,15350,Monthly,9.99,2026-02-09,,Active,
19351,15351,Annual,6.99,2026-02-24,,Active,
19352,15352,Annual,6.99,2026-02-12,,Active,
19353,15353,Monthly,9.99,2026-02-15,,Active,
19354,15354,Annual,6.99,2026-02-04,,Active,
19355,15355,Monthly,9.99,2026-02-10,,Active,
19356,15356,Annual,6.99,2026-02-19,,Active,
19357,15357,Annual,6.99,2026-02-15,,Active,
19358,15358,Monthly,9.99,2026-02-09,,Active,
19359,15359,Monthly,9.99,2026-02-01,,Active,
19360,15360,Annual,6.99,2026-02-16,,Active,
19361,15361,Annual,6.99,2026-02-10,,active,
19362,15362,Monthly,9.99,2026-02-26,,Active,
19363,15363,Monthly,9.99,2026-02-02,2026-04-15,Churned,2026-04-15
19364,15364,Monthly,9.99,2026-02-20,2026-03-08,Churned,2026-03-08
19365,15365,Monthly,9.99,2026-02-11,,Active,
19366,15366,Annual,6.99,2026-02-08,2026-03-14,Churned,2026-03-14
19367,15367,Annual,6.99,2026-02-20,,Active,
19368,15368,Annual,6.99,2026-02-15,,Active,
19369,15369,Annual,6.99,2026-02-03,2026-04-27,Churned,2026-04-27
19370,15370,Monthly,9.99,2026-02-17,2026-05-18,CHURNED,2026-05-18
19371,15371,Annual,6.99,2026-02-06,,Active,
19372,15372,Monthly,9.99,2026-02-24,,Active,
19373,15373,Annual,6.99,2026-02-07,,Active,
19374,15374,Monthly,9.99,2026-02-23,,Active,
19375,15375,Monthly,9.99,2026-02-10,2026-06-14,Churned,2026-06-14
19376,15376,Monthly,9.99,2026-02-09,,Active,
19377,15377,Annual,6.99,2026-02-01,2026-04-16,CHURNED,2026-04-16
19378,15378,Monthly,9.99,2026-02-26,,Active,
19379,15379,Monthly,9.99,2026-02-16,2026-04-08,Churned,2026-04-08
19380,15380,Monthly,9.99,2026-02-05,,Active,
19381,15381,Monthly,9.99,2026-03-01,,Active,
19382,15382,Monthly,9.99,2026-03-19,,Active,
19383,15383,Monthly,9.99,2026-03-04,,Active,
19384,15384,Annual,6.99,2026-03-11,,Active,
19385,15385,Monthly,9.99,2026-03-03,,Active,
19386,15386,Monthly,9.99,2026-03-23,,Active,
19387,15387,Monthly,9.99,2026-03-15,,Active,
19388,15388,Monthly,9.99,2026-03-30,,Active,
19389,15389,Monthly,9.99,2026-03-22,2026-04-12,Churned,2026-04-12
19390,15390,Annual,6.99,2026-03-10,,Active,
19391,15391,Annual,6.99,2026-03-25,,Active,
19392,15392,Annual,6.99,2026-03-09,,Active,
19393,15393,Monthly,9.99,2026-03-09,,Active,
19394,15394,Monthly,9.99,2026-03-09,,Active,
19395,15395,Monthly,9.99,2026-03-23,,Active,
19396,15396,Annual,6.99,2026-03-31,,Active,
19397,15397,Annual,6.99,2026-03-27,,Active,
19398,15398,Annual,6.99,2026-03-17,,Active,
19399,15399,Monthly,9.99,2026-03-01,,Active,
19400,15400,Monthly,9.99,2026-03-30,,Active,
19401,15401,Monthly,9.99,2026-03-12,,Active,
19402,15402,Monthly,9.99,2026-03-20,,Active,
19403,15403,Monthly,9.99,2026-03-14,,Active,
19404,15404,Monthly,9.99,2026-03-10,,Active,
19405,15405,Monthly,9.99,2026-03-10,,Active,
19406,15406,Monthly,9.99,2026-03-19,2026-05-03,Churned,2026-05-03
19407,15407,Annual,6.99,2026-03-14,,Active,
19408,15408,Annual,6.99,2026-03-05,2026-05-02,Churned,2026-05-02
19409,15409,Annual,6.99,2026-03-12,,Active,
19410,15410,Annual,0.0,2026-03-14,2026-04-11,Churned,2026-04-11
19411,15411,Monthly,9.99,2026-03-20,,Active,
19412,15412,Monthly,9.99,2026-03-14,,Active,
19413,15413,Annual,6.99,2026-03-07,,Active,
19414,15414,Annual,6.99,2026-03-18,,Active,
19415,15415,Annual,6.99,2026-03-26,,Active,
19416,15416,Monthly,9.99,2026-03-13,,Active,
19417,15417,Annual,6.99,2026-03-20,,Active,
19418,15418,Annual,6.99,2026-03-15,,Active,
19419,15419,Monthly,9.99,2026-03-10,,Active,
19420,15420,Monthly,9.99,2026-03-28,,Active,
19421,15421,Annual,6.99,2026-03-30,,Active,
19422,15422,Monthly,9.99,2026-03-06,,Active,
19423,15423,Monthly,9.99,2026-03-20,,Active,
19424,15424,Monthly,9.99,2026-03-29,,Active,
19425,15425,Monthly,9.99,2026-03-17,,Active,
19426,15426,Annual,6.99,2026-03-17,,Active,
19427,15427,Annual,6.99,2026-03-30,,Active,
19428,15428,Monthly,9.99,2026-03-20,,Active,
19429,15429,Annual,6.99,2026-03-27,,Active,
19430,15430,Annual,6.99,2026-03-04,,Active,
19431,15431,Annual,6.99,2026-03-19,,Active,
19432,15432,Monthly,9.99,2026-03-05,,Active,
19433,15433,Monthly,9.99,2026-03-07,,Active,
19434,15434,Monthly,9.99,2026-03-23,,Active,
19435,15435,Monthly,9.99,2026-03-27,,Active,
19436,15436,Monthly,9.99,2026-03-28,,Active,
19437,15437,Monthly,9.99,2026-03-24,,Active,
19438,15438,Annual,6.99,2026-03-17,,ACTIVE,
19439,15439,Annual,6.99,2026-03-14,,Active,
19440,15440,Annual,6.99,2026-03-06,2026-04-18,Churned,2026-04-18
19441,15441,Annual,6.99,2026-03-25,,Active,
19442,15442,Monthly,9.99,2026-03-25,,Active,
19443,15443,Annual,6.99,2026-03-04,,Active,
19444,15444,Annual,6.99,2026-03-29,,Active,
19445,15445,Monthly,9.99,2026-03-11,,Active,
19446,15446,Annual,6.99,2026-03-21,,Active,
19447,15447,Monthly,9.99,2026-03-04,,Active,
19448,15448,Monthly,9.99,2026-03-06,,Active,
19449,15449,Annual,6.99,2026-03-19,2026-04-15,Churned,2026-04-15
19450,15450,Annual,6.99,2026-03-13,,Active,
19451,15451,Monthly,9.99,2026-03-01,,Active,
19452,15452,Monthly,9.99,2026-03-30,2026-07-03,Churned,2026-07-03
19453,15453,Monthly,9.99,2026-03-28,,Active,
19454,15454,Annual,6.99,2026-03-06,,Active,
19455,15455,Monthly,9.99,2026-03-21,,Active,
19456,15456,Annual,6.99,2026-03-06,,active,
19457,15457,Annual,6.99,2026-03-23,,Active,
19458,15458,Annual,6.99,2026-03-22,,Active,
19459,15459,Monthly,9.99,2026-03-24,,Active,
19460,15460,Monthly,9.99,2026-03-17,,Active,
19461,15461,Monthly,9.99,2026-03-01,,Active,
19462,15462,Annual,6.99,2026-03-07,,ACTIVE,
19463,15463,Monthly,9.99,2026-03-31,,Active,
19464,15464,Annual,6.99,2026-03-20,,Active,
19465,15465,Monthly,9.99,2026-03-11,,Active,
19466,15466,Monthly,9.99,2026-03-30,,Active,
19467,15467,Annual,6.99,2026-03-14,,Active,
19468,15468,Monthly,9.99,2026-03-27,,Active,
19469,15469,Monthly,9.99,2026-03-25,,Active,
19470,15470,Annual,6.99,2026-03-01,,Active,
19471,15471,Annual,6.99,2026-03-29,,Active,
19472,15472,Monthly,9.99,2026-03-28,,Active,
19473,15473,Monthly,9.99,2026-03-31,,Active,
19474,15474,Monthly,9.99,2026-03-20,,Active,
19475,15475,Annual,6.99,2026-03-22,,Active,
19476,15476,Annual,6.99,2026-03-09,2026-06-19,Churned,2026-06-19
19477,15477,Annual,6.99,2026-03-05,,Active,
19478,15478,Monthly,9.99,2026-03-03,,Active,
19479,15479,Monthly,9.99,2026-03-06,,Active,
19480,15480,Annual,6.99,2026-03-31,,Active,
19481,15481,Monthly,9.99,2026-03-09,,Active,
19482,15482,Monthly,9.99,2026-03-01,,Active,
19483,15483,Annual,6.99,2026-03-22,,Active,
19484,15484,Monthly,9.99,2026-03-06,,Active,
19485,15485,Monthly,9.99,2026-03-16,,Active,
19486,15486,Annual,6.99,2026-03-21,,Active,
19487,15487,Monthly,9.99,2026-03-18,,Active,
19488,15488,Annual,6.99,2026-03-24,,Active,
19489,15489,Annual,6.99,2026-03-01,,Active,
19490,15490,Monthly,9.99,2026-03-09,,Active,
19491,15491,Annual,6.99,2026-03-13,2026-06-10,Churned,2026-06-10
19492,15492,Monthly,9.99,2026-03-23,2026-04-24,Churned,2026-04-24
19493,15493,Annual,6.99,2026-03-17,,Active,
19494,15494,Monthly,9.99,2026-03-24,2026-04-08,Churned,2026-04-08
19495,15495,Monthly,9.99,2026-03-23,,Active,
19496,15496,Monthly,9.99,2026-03-25,,Active,
19497,15497,Annual,6.99,2026-03-19,,Active,
19498,15498,Monthly,9.99,2026-03-24,,Active,
19499,15499,Monthly,9.99,2026-03-22,,Active,
19500,15500,Annual,6.99,2026-03-02,2026-07-02,Churned,2026-07-02
19501,15501,Annual,6.99,2026-03-09,2026-06-08,Churned,2026-06-08
19502,15502,Annual,6.99,2026-03-28,,Active,
19503,15503,Monthly,9.99,2026-03-03,,Active,
19504,15504,Annual,6.99,2026-03-18,,Active,
19505,15505,Annual,6.99,2026-03-24,,Active,
19506,15506,Monthly,9.99,2026-03-14,,Active,
19507,15507,Annual,6.99,2026-03-06,,Active,
19508,15508,Annual,6.99,2026-03-01,2026-05-29,Churned,2026-05-29
19509,15509,Monthly,9.99,2026-03-21,,Active,
19510,15510,Annual,6.99,2026-03-19,,Active,
19511,15511,Monthly,9.99,2026-03-22,,Active,
19512,15512,Annual,6.99,2026-03-06,,Active,
19513,15513,Monthly,9.99,2026-03-15,,Active,
19514,15514,Monthly,9.99,2026-03-17,2026-07-07,Churned,2026-07-07
19515,15515,Annual,6.99,2026-03-26,,Active,
19516,15516,Monthly,9.99,2026-03-06,,Active,
19517,15517,Monthly,0.0,2026-03-22,,active,
19518,15518,Annual,6.99,2026-03-22,,Active,
19519,15519,Monthly,9.99,2026-03-19,,Active,
19520,15520,Monthly,9.99,2026-03-03,,Active,
19521,15521,Annual,6.99,2026-03-04,,active,
19522,15522,Monthly,9.99,2026-03-19,,Active,
19523,15523,Monthly,9.99,2026-03-20,,Active,
19524,15524,Monthly,9.99,2026-03-20,,Active,
19525,15525,Monthly,9.99,2026-03-24,,Active,
19526,15526,Annual,6.99,2026-03-13,2026-05-03,Churned,2026-05-03
19527,15527,Monthly,9.99,2026-03-10,,Active,
19528,15528,Annual,6.99,2026-03-29,,Active,
19529,15529,Monthly,9.99,2026-03-22,,Active,
19530,15530,Monthly,9.99,2026-03-17,,Active,
19531,15531,Annual,6.99,2026-03-18,,Active,
19532,15532,Monthly,0.0,2026-03-24,,Active,
19533,15533,Monthly,9.99,2026-03-10,,Active,
19534,15534,Monthly,9.99,2026-03-14,,Active,
19535,15535,Monthly,9.99,2026-03-02,,Active,
19536,15536,Monthly,9.99,2026-03-25,,Active,
19537,15537,Annual,6.99,2026-03-16,,Active,
19538,15538,Annual,6.99,2026-03-28,,Active,
19539,15539,Annual,6.99,2026-03-10,2026-04-20,Churned,2026-04-20
19540,15540,Monthly,9.99,2026-03-13,,Active,
19541,15541,Monthly,9.99,2026-03-02,,Active,
19542,15542,Annual,6.99,2026-03-30,,Active,
19543,15543,Annual,6.99,2026-03-11,,Active,
19544,15544,Annual,6.99,2026-03-05,,Active,
19545,15545,Monthly,9.99,2026-03-19,,Active,
19546,15546,Annual,6.99,2026-03-27,,Active,
19547,15547,Monthly,9.99,2026-03-04,2026-06-03,Churned,2026-06-03
19548,15548,Monthly,9.99,2026-03-17,,Active,
19549,15549,Monthly,9.99,2026-03-15,,Active,
19550,15550,Monthly,9.99,2026-03-05,,Active,
19551,15551,Annual,6.99,2026-03-09,2026-04-01,Churned,2026-04-01
19552,15552,Annual,6.99,2026-03-20,,Active,
19553,15553,Annual,6.99,2026-03-31,,Active,
19554,15554,Monthly,9.99,2026-03-05,,Active,
19555,15555,Annual,6.99,2026-03-20,,Active,
19556,15556,Annual,6.99,2026-03-28,,Active,
19557,15557,Annual,6.99,2026-03-24,,Active,
19558,15558,Monthly,9.99,2026-03-26,,Active,
19559,15559,Annual,6.99,2026-03-29,,Active,
19560,15560,Annual,6.99,2026-03-21,,Active,
19561,15561,Annual,6.99,2026-03-02,2026-06-15,Churned,2026-06-15
19562,15562,Monthly,9.99,2026-03-08,,Active,
19563,15563,Annual,6.99,2026-03-13,,Active,
19564,15564,Monthly,9.99,2026-03-30,,Active,
19565,15565,Monthly,9.99,2026-03-07,,Active,
19566,15566,Monthly,9.99,2026-03-27,,Active,
19567,15567,Annual,6.99,2026-03-20,,Active,
19568,15568,Monthly,9.99,2026-03-23,,Active,
19569,15569,Monthly,9.99,2026-03-04,,Active,
19570,15570,Annual,6.99,2026-03-12,,Active,
19571,15571,Annual,6.99,2026-03-15,,Active,
19572,15572,Monthly,9.99,2026-03-16,,Active,
19573,15573,Annual,6.99,2026-03-28,,Active,
19574,15574,Monthly,9.99,2026-03-11,,Active,
19575,15575,Annual,6.99,2026-03-27,,Active,
19576,15576,Monthly,9.99,2026-03-27,,Active,
19577,15577,Annual,6.99,2026-03-20,,Active,
19578,15578,Monthly,9.99,2026-03-10,2026-06-01,Churned,2026-06-01
19579,15579,Annual,6.99,2026-03-04,,Active,
19580,15580,Annual,6.99,2026-03-08,2026-07-07,Churned,2026-07-07
19581,15581,Monthly,9.99,2026-03-19,2026-06-24,Churned,2026-06-24
19582,15582,Annual,6.99,2026-03-07,,Active,
19583,15583,Annual,6.99,2026-03-28,,Active,
19584,15584,Monthly,9.99,2026-03-13,,Active,
19585,15585,Monthly,9.99,2026-03-09,,Active,
19586,15586,Annual,6.99,2026-03-20,,Active,
19587,15587,Monthly,9.99,2026-03-05,,Active,
19588,15588,Annual,6.99,2026-03-26,2026-06-15,Churned,2026-06-15
19589,15589,Monthly,9.99,2026-03-18,,Active,
19590,15590,Monthly,9.99,2026-03-29,,Active,
19591,15591,Monthly,9.99,2026-03-27,,Active,
19592,15592,Annual,6.99,2026-03-03,2026-04-28,Churned,2026-04-28
19593,15593,Annual,6.99,2026-03-28,2026-04-30,Churned,2026-04-30
19594,15594,Monthly,9.99,2026-03-02,,Active,
19595,15595,Monthly,9.99,2026-03-25,,Active,
19596,15596,Monthly,9.99,2026-03-12,,Active,
19597,15597,Annual,6.99,2026-03-11,,Active,
19598,15598,Annual,6.99,2026-03-26,,Active,
19599,15599,Monthly,9.99,2026-03-09,,ACTIVE,
19600,15600,Annual,6.99,2026-03-29,,Active,
19601,15601,Monthly,9.99,2026-03-02,,Active,
19602,15602,Monthly,9.99,2026-03-06,,Active,
19603,15603,Monthly,9.99,2026-03-12,,Active,
19604,15604,Annual,6.99,2026-03-09,,Active,
19605,15605,Annual,6.99,2026-03-27,2026-06-02,Churned,2026-06-02
19606,15606,Monthly,0.0,2026-03-28,,Active,
19607,15607,Monthly,9.99,2026-03-14,,Active,
19608,15608,Annual,6.99,2026-03-18,,Active,
19609,15609,Monthly,9.99,2026-03-11,,Active,
19610,15610,Annual,6.99,2026-03-13,,Active,
19611,15611,Monthly,9.99,2026-03-11,,Active,
19612,15612,Annual,6.99,2026-03-08,,Active,
19613,15613,Monthly,9.99,2026-03-22,,Active,
19614,15614,Monthly,9.99,2026-03-04,,Active,
19615,15615,Annual,6.99,2026-03-10,,Active,
19616,15616,Annual,6.99,2026-03-04,,Active,
19617,15617,Monthly,9.99,2026-03-15,,Active,
19618,15618,Annual,6.99,2026-03-21,,Active,
19619,15619,Monthly,9.99,2026-03-17,,Active,
19620,15620,Monthly,9.99,2026-03-23,,Active,
19621,15621,Annual,6.99,2026-03-18,,Active,
19622,15622,Monthly,9.99,2026-03-12,,Active,
19623,15623,Monthly,9.99,2026-03-29,,Active,
19624,15624,Annual,6.99,2026-03-19,,Active,
19625,15625,Monthly,9.99,2026-03-02,,Active,
19626,15626,Monthly,9.99,2026-03-05,,Active,
19627,15627,Monthly,9.99,2026-03-21,,Active,
19628,15628,Monthly,9.99,2026-03-01,,Active,
19629,15629,Annual,6.99,2026-03-06,,Active,
19630,15630,Annual,6.99,2026-03-04,,Active,
19631,15631,Monthly,9.99,2026-03-26,,Active,
19632,15632,Annual,6.99,2026-03-04,,Active,
19633,15633,Annual,6.99,2026-03-07,,Active,
19634,15634,Monthly,9.99,2026-03-31,,Active,
19635,15635,Annual,6.99,2026-03-04,,Active,
19636,15636,Annual,6.99,2026-03-08,,Active,
19637,15637,Annual,6.99,2026-03-26,,Active,
19638,15638,Annual,6.99,2026-03-05,,Active,
19639,15639,Annual,6.99,2026-03-08,,Active,
19640,15640,Annual,6.99,2026-03-25,,Active,
19641,15641,Monthly,9.99,2026-03-01,,Active,
19642,15642,Annual,6.99,2026-03-12,,Active,
19643,15643,Annual,6.99,2026-03-08,,Active,
19644,15644,Monthly,9.99,2026-03-07,,Active,
19645,15645,Monthly,9.99,2026-03-13,2026-07-04,Churned,2026-07-04
19646,15646,Annual,6.99,2026-03-07,,Active,
19647,15647,Monthly,9.99,2026-03-24,2026-05-12,Churned,2026-05-12
19648,15648,Monthly,9.99,2026-03-05,,Active,
19649,15649,Monthly,9.99,2026-03-13,,Active,
19650,15650,Monthly,9.99,2026-03-03,,Active,
19651,15651,Monthly,0.0,2026-03-04,,Active,
19652,15652,Monthly,9.99,2026-03-22,,Active,
19653,15653,Monthly,9.99,2026-03-15,,Active,
19654,15654,Monthly,9.99,2026-03-14,,Active,
19655,15655,Annual,6.99,2026-03-09,,Active,
19656,15656,Monthly,9.99,2026-03-05,,Active,
19657,15657,Monthly,9.99,2026-03-28,,Active,
19658,15658,Annual,6.99,2026-03-25,,Active,
19659,15659,Annual,6.99,2026-03-15,,Active,
19660,15660,Monthly,9.99,2026-03-01,2026-06-28,Churned,2026-06-28
19661,15661,Monthly,9.99,2026-03-28,,Active,
19662,15662,Monthly,9.99,2026-03-14,2026-05-16,Churned,2026-05-16
19663,15663,Monthly,9.99,2026-03-06,,Active,
19664,15664,Annual,6.99,2026-03-04,,Active,
19665,15665,Monthly,9.99,2026-03-31,,Active,
19666,15666,Monthly,9.99,2026-03-01,2026-07-02,Churned,2026-07-02
19667,15667,Annual,6.99,2026-03-12,,Active,
19668,15668,Annual,6.99,2026-03-18,,Active,
19669,15669,Monthly,9.99,2026-03-10,,Active,
19670,15670,Monthly,9.99,2026-03-05,,Active,
19671,15671,Monthly,9.99,2026-03-20,,Active,
19672,15672,Monthly,9.99,2026-03-03,,Active,
19673,15673,Monthly,9.99,2026-03-31,,Active,
19674,15674,Annual,6.99,2026-03-15,,Active,
19675,15675,Annual,6.99,2026-03-23,,Active,
19676,15676,Monthly,9.99,2026-03-27,,Active,
19677,15677,Monthly,9.99,2026-03-25,,Active,
19678,15678,Monthly,9.99,2026-03-16,,Active,
19679,15679,Monthly,9.99,2026-03-03,2026-05-02,Churned,2026-05-02
19680,15680,Monthly,9.99,2026-03-03,,Active,
19681,15681,Monthly,9.99,2026-04-02,,Active,
19682,15682,Monthly,9.99,2026-04-28,,Active,
19683,15683,Annual,6.99,2026-04-10,,Active,
19684,15684,Monthly,9.99,2026-04-13,2026-05-27,Churned,2026-05-27
19685,15685,Annual,6.99,2026-04-08,,Active,
19686,15686,Annual,6.99,2026-04-17,,Active,
19687,15687,Annual,6.99,2026-04-09,,Active,
19688,15688,Monthly,9.99,2026-04-28,2026-05-30,Churned,2026-05-30
19689,15689,Annual,6.99,2026-04-10,,Active,
19690,15690,Annual,6.99,2026-04-10,,Active,
19691,15691,Annual,6.99,2026-04-01,,Active,
19692,15692,Monthly,9.99,2026-04-22,,Active,
19693,15693,Monthly,9.99,2026-04-28,,Active,
19694,15694,Annual,6.99,2026-04-18,2026-06-25,Churned,2026-06-25
19695,15695,Monthly,9.99,2026-04-28,,Active,
19696,15696,Annual,6.99,2026-04-13,,Active,
19697,15697,Annual,6.99,2026-04-21,,active,
19698,15698,Annual,6.99,2026-04-26,,Active,
19699,15699,Monthly,9.99,2026-04-23,,Active,
19700,15700,Monthly,9.99,2026-04-05,,Active,
19701,15701,Monthly,9.99,2026-04-30,,Active,
19702,15702,Annual,6.99,2026-04-02,,Active,
19703,15703,Monthly,9.99,2026-04-04,,Active,
19704,15704,Monthly,9.99,2026-04-07,,Active,
19705,15705,Monthly,9.99,2026-04-22,,Active,
19706,15706,Monthly,9.99,2026-04-27,,Active,
19707,15707,Monthly,9.99,2026-04-17,,Active,
19708,15708,Monthly,9.99,2026-04-11,,Active,
19709,15709,Annual,6.99,2026-04-14,,Active,
19710,15710,Annual,6.99,2026-04-21,,Active,
19711,15711,Monthly,9.99,2026-04-07,,Active,
19712,15712,Monthly,9.99,2026-04-07,,Active,
19713,15713,Monthly,9.99,2026-04-09,,Active,
19714,15714,Monthly,9.99,2026-04-15,,Active,
19715,15715,Monthly,9.99,2026-04-23,,active,
19716,15716,Annual,6.99,2026-04-16,,Active,
19717,15717,Annual,6.99,2026-04-03,,Active,
19718,15718,Annual,6.99,2026-04-08,,Active,
19719,15719,Annual,6.99,2026-04-02,2026-05-30,Churned,2026-05-30
19720,15720,Monthly,9.99,2026-04-12,,Active,
19721,15721,Monthly,9.99,2026-04-16,,Active,
19722,15722,Annual,6.99,2026-04-08,,Active,
19723,15723,Monthly,9.99,2026-04-02,,Active,
19724,15724,Annual,6.99,2026-04-04,,Active,
19725,15725,Monthly,9.99,2026-04-21,,Active,
19726,15726,Monthly,9.99,2026-04-13,,Active,
19727,15727,Annual,6.99,2026-04-30,,Active,
19728,15728,Monthly,9.99,2026-04-17,,Active,
19729,15729,Monthly,9.99,2026-04-10,,Active,
19730,15730,Annual,6.99,2026-04-03,,Active,
19731,15731,Annual,6.99,2026-04-23,,Active,
19732,15732,Annual,6.99,2026-04-11,,Active,
19733,15733,Monthly,9.99,2026-04-18,,Active,
19734,15734,Monthly,9.99,2026-04-14,,active,
19735,15735,Annual,6.99,2026-04-03,,Active,
19736,15736,Annual,6.99,2026-04-28,,Active,
19737,15737,Monthly,9.99,2026-04-04,,Active,
19738,15738,Monthly,9.99,2026-04-19,,Active,
19739,15739,Annual,6.99,2026-04-05,,Active,
19740,15740,Monthly,9.99,2026-04-29,,Active,
19741,15741,Monthly,9.99,2026-04-09,,Active,
19742,15742,Annual,6.99,2026-04-16,,Active,
19743,15743,Monthly,9.99,2026-04-03,2026-07-01,Churned,2026-07-01
19744,15744,Monthly,9.99,2026-04-25,2026-07-06,Churned,2026-07-06
19745,15745,Annual,6.99,2026-04-07,,Active,
19746,15746,Monthly,9.99,2026-04-03,,Active,
19747,15747,Monthly,9.99,2026-04-09,,Active,
19748,15748,Monthly,9.99,2026-04-17,,Active,
19749,15749,Monthly,9.99,2026-04-10,,Active,
19750,15750,Monthly,9.99,2026-04-11,,Active,
19751,15751,Monthly,9.99,2026-04-03,,Active,
19752,15752,Annual,6.99,2026-04-22,,Active,
19753,15753,Annual,6.99,2026-04-11,,Active,
19754,15754,Annual,6.99,2026-04-27,,Active,
19755,15755,Annual,6.99,2026-04-13,,Active,
19756,15756,Monthly,9.99,2026-04-22,,Active,
19757,15757,Monthly,9.99,2026-04-10,,Active,
19758,15758,Annual,6.99,2026-04-03,,Active,
19759,15759,Monthly,9.99,2026-04-20,,Active,
19760,15760,Monthly,9.99,2026-04-19,,Active,
19761,15761,Monthly,0.0,2026-04-30,,Active,
19762,15762,Monthly,9.99,2026-04-23,2026-06-13,Churned,2026-06-13
19763,15763,Annual,6.99,2026-04-19,,Active,
19764,15764,Annual,6.99,2026-04-01,,active,
19765,15765,Annual,6.99,2026-04-25,,Active,
19766,15766,Monthly,9.99,2026-04-06,2026-07-03,Churned,2026-07-03
19767,15767,Monthly,9.99,2026-04-22,,Active,
19768,15768,Monthly,9.99,2026-04-21,,Active,
19769,15769,Monthly,9.99,2026-04-25,,Active,
19770,15770,Monthly,9.99,2026-04-10,,Active,
19771,15771,Annual,0.0,2026-04-15,,Active,
19772,15772,Annual,6.99,2026-04-02,,Active,
19773,15773,Annual,6.99,2026-04-11,,Active,
19774,15774,Annual,6.99,2026-04-27,,Active,
19775,15775,Monthly,9.99,2026-04-07,,Active,
19776,15776,Monthly,9.99,2026-04-29,,Active,
19777,15777,Monthly,9.99,2026-04-02,,Active,
19778,15778,Monthly,9.99,2026-04-12,,Active,
19779,15779,Monthly,9.99,2026-04-12,,Active,
19780,15780,Monthly,9.99,2026-04-30,,Active,
19781,15781,Monthly,9.99,2026-04-17,,Active,
19782,15782,Annual,6.99,2026-04-26,2026-05-11,Churned,2026-05-11
19783,15783,Annual,6.99,2026-04-26,,Active,
19784,15784,Monthly,9.99,2026-04-17,,Active,
19785,15785,Annual,6.99,2026-04-22,,Active,
19786,15786,Monthly,9.99,2026-04-23,,Active,
19787,15787,Monthly,9.99,2026-04-16,,Active,
19788,15788,Monthly,9.99,2026-04-29,,Active,
19789,15789,Annual,6.99,2026-04-13,2026-05-21,Churned,2026-05-21
19790,15790,Annual,6.99,2026-04-22,,Active,
19791,15791,Monthly,9.99,2026-04-11,,Active,
19792,15792,Monthly,9.99,2026-04-11,,Active,
19793,15793,Annual,6.99,2026-04-11,,Active,
19794,15794,Monthly,9.99,2026-04-06,,Active,
19795,15795,Monthly,9.99,2026-04-25,,Active,
19796,15796,Annual,6.99,2026-04-13,,Active,
19797,15797,Annual,6.99,2026-04-21,,Active,
19798,15798,Monthly,9.99,2026-04-06,,Active,
19799,15799,Monthly,9.99,2026-04-21,,Active,
19800,15800,Monthly,9.99,2026-04-01,,Active,
19801,15801,Monthly,9.99,2026-04-20,,Active,
19802,15802,Monthly,9.99,2026-04-14,,ACTIVE,
19803,15803,Annual,6.99,2026-04-04,,Active,
19804,15804,Monthly,9.99,2026-04-10,,Active,
19805,15805,Monthly,0.0,2026-04-02,,Active,
19806,15806,Annual,6.99,2026-04-03,,Active,
19807,15807,Annual,6.99,2026-04-25,,Active,
19808,15808,Monthly,9.99,2026-04-27,,Active,
19809,15809,Monthly,9.99,2026-04-25,,Active,
19810,15810,Annual,6.99,2026-04-04,,Active,
19811,15811,Annual,6.99,2026-04-18,,Active,
19812,15812,Monthly,9.99,2026-04-19,2026-06-21,Churned,2026-06-21
19813,15813,Annual,6.99,2026-04-11,,Active,
19814,15814,Annual,6.99,2026-04-18,,Active,
19815,15815,Monthly,9.99,2026-04-09,,Active,
19816,15816,Monthly,9.99,2026-04-30,,Active,
19817,15817,Annual,6.99,2026-04-08,,Active,
19818,15818,Monthly,9.99,2026-04-08,,Active,
19819,15819,Annual,6.99,2026-04-24,,Active,
19820,15820,Annual,6.99,2026-04-08,,Active,
19821,15821,Monthly,9.99,2026-04-28,,Active,
19822,15822,Monthly,9.99,2026-04-19,,Active,
19823,15823,Monthly,9.99,2026-04-28,,Active,
19824,15824,Annual,6.99,2026-04-17,,Active,
19825,15825,Monthly,9.99,2026-04-29,,Active,
19826,15826,Annual,6.99,2026-04-25,,Active,
19827,15827,Annual,6.99,2026-04-25,,Active,
19828,15828,Monthly,9.99,2026-04-06,,Active,
19829,15829,Monthly,9.99,2026-04-25,,Active,
19830,15830,Monthly,9.99,2026-04-10,2026-07-05,Churned,2026-07-05
19831,15831,Annual,6.99,2026-04-25,2026-07-04,Churned,2026-07-04
19832,15832,Monthly,9.99,2026-04-01,,Active,
19833,15833,Annual,6.99,2026-04-02,,Active,
19834,15834,Monthly,9.99,2026-04-22,2026-07-01,Churned,2026-07-01
19835,15835,Monthly,9.99,2026-04-02,,Active,
19836,15836,Monthly,9.99,2026-04-10,2026-07-02,Churned,2026-07-02
19837,15837,Annual,6.99,2026-04-14,,Active,
19838,15838,Monthly,9.99,2026-04-08,,Active,
19839,15839,Annual,6.99,2026-04-23,,Active,
19840,15840,Annual,6.99,2026-04-19,,Active,
19841,15841,Annual,6.99,2026-04-20,,Active,
19842,15842,Annual,6.99,2026-04-08,,active,
19843,15843,Monthly,9.99,2026-04-01,2026-05-31,Churned,2026-05-31
19844,15844,Annual,6.99,2026-04-02,,Active,
19845,15845,Monthly,9.99,2026-04-08,2026-05-31,Churned,2026-05-31
19846,15846,Annual,6.99,2026-04-08,,Active,
19847,15847,Monthly,9.99,2026-04-19,,Active,
19848,15848,Annual,6.99,2026-04-26,,Active,
19849,15849,Annual,6.99,2026-04-09,,Active,
19850,15850,Monthly,9.99,2026-04-18,,Active,
19851,15851,Annual,6.99,2026-04-28,,Active,
19852,15852,Annual,6.99,2026-04-15,,Active,
19853,15853,Monthly,9.99,2026-04-07,,Active,
19854,15854,Annual,6.99,2026-04-15,2026-07-01,Churned,2026-07-01
19855,15855,Monthly,9.99,2026-04-02,,Active,
19856,15856,Annual,6.99,2026-04-30,,Active,
19857,15857,Monthly,9.99,2026-04-28,,Active,
19858,15858,Annual,6.99,2026-04-01,,Active,
19859,15859,Monthly,9.99,2026-04-08,,Active,
19860,15860,Annual,6.99,2026-04-05,,Active,
19861,15861,Monthly,9.99,2026-04-27,,Active,
19862,15862,Annual,6.99,2026-04-26,,active,
19863,15863,Monthly,9.99,2026-04-11,,Active,
19864,15864,Annual,6.99,2026-04-17,,Active,
19865,15865,Annual,6.99,2026-04-20,,Active,
19866,15866,Annual,6.99,2026-04-30,,Active,
19867,15867,Annual,6.99,2026-04-25,,Active,
19868,15868,Annual,6.99,2026-04-21,,Active,
19869,15869,Monthly,9.99,2026-04-14,,Active,
19870,15870,Monthly,9.99,2026-04-22,,Active,
19871,15871,Monthly,9.99,2026-04-20,,Active,
19872,15872,Annual,6.99,2026-04-18,,Active,
19873,15873,Monthly,9.99,2026-04-07,,Active,
19874,15874,Monthly,9.99,2026-04-01,,Active,
19875,15875,Annual,6.99,2026-04-16,,Active,
19876,15876,Monthly,9.99,2026-04-28,,Active,
19877,15877,Annual,6.99,2026-04-30,2026-05-08,Churned,2026-05-08
19878,15878,Annual,6.99,2026-04-16,2026-06-26,Churned,2026-06-26
19879,15879,Monthly,9.99,2026-04-30,,Active,
19880,15880,Monthly,9.99,2026-04-01,,Active,
19881,15881,Monthly,9.99,2026-04-25,,Active,
19882,15882,Annual,6.99,2026-04-07,,Active,
19883,15883,Monthly,9.99,2026-04-11,,Active,
19884,15884,Monthly,9.99,2026-04-11,,Active,
19885,15885,Monthly,9.99,2026-04-07,,Active,
19886,15886,Monthly,9.99,2026-04-09,,Active,
19887,15887,Annual,6.99,2026-04-17,,Active,
19888,15888,Annual,6.99,2026-04-01,,Active,
19889,15889,Monthly,9.99,2026-04-07,,Active,
19890,15890,Monthly,9.99,2026-04-09,2026-06-12,Churned,2026-06-12
19891,15891,Annual,6.99,2026-04-03,,Active,
19892,15892,Monthly,9.99,2026-04-27,,Active,
19893,15893,Monthly,9.99,2026-04-14,,Active,
19894,15894,Annual,6.99,2026-04-18,2026-05-02,churned,2026-05-02
19895,15895,Annual,6.99,2026-04-18,,Active,
19896,15896,Monthly,9.99,2026-04-10,,Active,
19897,15897,Monthly,9.99,2026-04-09,,Active,
19898,15898,Annual,6.99,2026-04-03,2026-05-26,Churned,2026-05-26
19899,15899,Annual,6.99,2026-04-25,,Active,
19900,15900,Annual,6.99,2026-04-23,,Active,
19901,15901,Annual,6.99,2026-04-20,2026-07-03,Churned,2026-07-03
19902,15902,Monthly,9.99,2026-04-22,,Active,
19903,15903,Annual,6.99,2026-04-25,,Active,
19904,15904,Monthly,9.99,2026-04-01,,Active,
19905,15905,Annual,6.99,2026-04-21,,Active,
19906,15906,Monthly,9.99,2026-04-30,,Active,
19907,15907,Monthly,9.99,2026-04-25,,Active,
19908,15908,Annual,6.99,2026-04-08,,Active,
19909,15909,Monthly,9.99,2026-04-18,,Active,
19910,15910,Monthly,9.99,2026-04-08,,Active,
19911,15911,Monthly,9.99,2026-04-04,,Active,
19912,15912,Annual,6.99,2026-04-10,,Active,
19913,15913,Monthly,9.99,2026-04-11,,Active,
19914,15914,Monthly,9.99,2026-04-29,,Active,
19915,15915,Annual,6.99,2026-04-15,2026-05-25,Churned,2026-05-25
19916,15916,Monthly,9.99,2026-04-26,,Active,
19917,15917,Monthly,9.99,2026-04-29,,Active,
19918,15918,Annual,6.99,2026-04-20,,Active,
19919,15919,Monthly,9.99,2026-04-15,,Active,
19920,15920,Monthly,9.99,2026-04-15,,Active,
19921,15921,Monthly,9.99,2026-04-24,,Active,
19922,15922,Monthly,9.99,2026-04-10,2026-06-02,Churned,2026-06-02
19923,15923,Annual,6.99,2026-04-14,2026-06-17,Churned,2026-06-17
19924,15924,Annual,6.99,2026-04-11,,Active,
19925,15925,Monthly,9.99,2026-04-08,,Active,
19926,15926,Monthly,9.99,2026-04-10,,Active,
19927,15927,Monthly,9.99,2026-04-03,,Active,
19928,15928,Monthly,9.99,2026-04-26,,Active,
19929,15929,Annual,6.99,2026-04-27,,Active,
19930,15930,Monthly,9.99,2026-04-21,,Active,
19931,15931,Annual,6.99,2026-04-23,,Active,
19932,15932,Monthly,9.99,2026-04-13,,Active,
19933,15933,Monthly,9.99,2026-04-16,,Active,
19934,15934,Monthly,9.99,2026-04-30,,Active,
19935,15935,Annual,6.99,2026-04-02,,Active,
19936,15936,Monthly,9.99,2026-04-06,,Active,
19937,15937,Annual,6.99,2026-04-25,,Active,
19938,15938,Annual,6.99,2026-04-03,,Active,
19939,15939,Monthly,9.99,2026-04-24,,Active,
19940,15940,Annual,0.0,2026-04-12,,Active,
19941,15941,Annual,6.99,2026-04-22,,Active,
19942,15942,Monthly,9.99,2026-04-30,,Active,
19943,15943,Annual,6.99,2026-04-18,,Active,
19944,15944,Monthly,9.99,2026-04-01,,Active,
19945,15945,Monthly,9.99,2026-04-16,,Active,
19946,15946,Annual,6.99,2026-04-03,2026-07-05,Churned,2026-07-05
19947,15947,Monthly,9.99,2026-04-29,,Active,
19948,15948,Annual,6.99,2026-04-11,,Active,
19949,15949,Monthly,9.99,2026-04-29,,Active,
19950,15950,Monthly,9.99,2026-04-30,,Active,
19951,15951,Annual,6.99,2026-04-10,,Active,
19952,15952,Monthly,9.99,2026-04-11,,Active,
19953,15953,Monthly,9.99,2026-04-27,,Active,
19954,15954,Monthly,9.99,2026-04-21,,Active,
19955,15955,Annual,6.99,2026-04-16,,Active,
19956,15956,Annual,6.99,2026-04-26,,active,
19957,15957,Annual,6.99,2026-04-08,,Active,
19958,15958,Monthly,9.99,2026-04-21,,Active,
19959,15959,Annual,6.99,2026-04-11,2026-06-16,Churned,2026-06-16
19960,15960,Monthly,9.99,2026-04-03,2026-05-07,Churned,2026-05-07
19961,15961,Monthly,9.99,2026-04-11,,Active,
19962,15962,Annual,6.99,2026-04-05,,Active,
19963,15963,Monthly,9.99,2026-04-30,,Active,
19964,15964,Annual,6.99,2026-04-08,,Active,
19965,15965,Monthly,9.99,2026-04-28,,Active,
19966,15966,Annual,6.99,2026-04-24,,Active,
19967,15967,Monthly,9.99,2026-04-12,2026-07-04,Churned,2026-07-04
19968,15968,Annual,6.99,2026-04-25,,Active,
19969,15969,Monthly,9.99,2026-04-02,,Active,
19970,15970,Annual,6.99,2026-04-06,,Active,
19971,15971,Monthly,9.99,2026-04-25,,Active,
19972,15972,Annual,6.99,2026-04-12,,Active,
19973,15973,Annual,6.99,2026-04-05,,Active,
19974,15974,Monthly,9.99,2026-04-05,,Active,
19975,15975,Annual,6.99,2026-04-25,2026-05-17,Churned,2026-05-17
19976,15976,Monthly,0.0,2026-04-15,,Active,
19977,15977,Monthly,9.99,2026-04-14,,Active,
19978,15978,Annual,6.99,2026-04-11,,ACTIVE,
19979,15979,Annual,6.99,2026-04-03,,Active,
19980,15980,Monthly,9.99,2026-04-30,,Active,
19981,15981,Monthly,9.99,2026-04-07,,Active,
19982,15982,Monthly,9.99,2026-04-12,,Active,
19983,15983,Monthly,9.99,2026-04-25,,Active,
19984,15984,Monthly,9.99,2026-04-02,,Active,
19985,15985,Monthly,9.99,2026-04-18,,Active,
19986,15986,Annual,6.99,2026-04-16,,Active,
19987,15987,Monthly,9.99,2026-04-22,,Active,
19988,15988,Monthly,9.99,2026-04-28,,Active,
19989,15989,Monthly,9.99,2026-04-03,,Active,
19990,15990,Monthly,9.99,2026-04-12,,Active,
19991,15991,Annual,6.99,2026-04-11,,Active,
19992,15992,Annual,6.99,2026-04-25,,Active,
19993,15993,Annual,6.99,2026-04-14,,Active,
19994,15994,Monthly,9.99,2026-04-13,,Active,
19995,15995,Annual,6.99,2026-04-09,,Active,
19996,15996,Annual,6.99,2026-04-18,,Active,
19997,15997,Monthly,9.99,2026-04-19,,Active,
19998,15998,Annual,6.99,2026-04-16,,Active,
19999,15999,Monthly,9.99,2026-04-19,,Active,
20000,16000,Annual,6.99,2026-04-27,2026-05-04,Churned,2026-05-04
20001,16001,Annual,6.99,2026-04-26,,Active,
20002,16002,Monthly,9.99,2026-04-18,,Active,
20003,16003,Annual,6.99,2026-04-29,,Active,
20004,16004,Annual,6.99,2026-04-12,,Active,
20005,16005,Annual,6.99,2026-04-01,2026-06-16,Churned,2026-06-16
20006,16006,Monthly,9.99,2026-04-24,,Active,
20007,16007,Annual,6.99,2026-04-24,,active,
20008,16008,Annual,6.99,2026-04-02,,Active,
20009,16009,Monthly,9.99,2026-04-10,,Active,
20010,16010,Annual,6.99,2026-04-09,,Active,
20011,16011,Monthly,9.99,2026-04-16,,Active,
20012,16012,Monthly,9.99,2026-04-09,,Active,
20013,16013,Annual,6.99,2026-04-23,,Active,
20014,16014,Monthly,9.99,2026-04-18,,Active,
20015,16015,Monthly,9.99,2026-04-27,,active,
20016,16016,Monthly,9.99,2026-04-26,,Active,
20017,16017,Monthly,9.99,2026-04-09,,Active,
20018,16018,Monthly,9.99,2026-04-17,,Active,
20019,16019,Annual,6.99,2026-04-19,,Active,
20020,16020,Monthly,9.99,2026-04-14,,Active,
20021,16021,Annual,6.99,2026-04-29,,Active,
20022,16022,Monthly,9.99,2026-04-02,,Active,
20023,16023,Monthly,9.99,2026-04-28,,Active,
20024,16024,Annual,6.99,2026-04-30,,Active,
20025,16025,Monthly,9.99,2026-04-11,,Active,
20026,16026,Monthly,9.99,2026-04-09,,Active,
20027,16027,Annual,6.99,2026-04-02,,Active,
20028,16028,Monthly,9.99,2026-04-04,,Active,
20029,16029,Annual,6.99,2026-04-08,,Active,
20030,16030,Monthly,9.99,2026-04-25,2026-06-01,Churned,2026-06-01
20031,16031,Monthly,9.99,2026-05-07,,Active,
20032,16032,Monthly,9.99,2026-05-05,,Active,
20033,16033,Annual,6.99,2026-05-05,,Active,
20034,16034,Monthly,9.99,2026-05-25,,Active,
20035,16035,Monthly,9.99,2026-05-08,,Active,
20036,16036,Monthly,9.99,2026-05-07,,Active,
20037,16037,Monthly,9.99,2026-05-13,,Active,
20038,16038,Monthly,9.99,2026-05-21,,Active,
20039,16039,Monthly,9.99,2026-05-14,,Active,
20040,16040,Monthly,9.99,2026-05-19,,Active,
20041,16041,Monthly,9.99,2026-05-12,,Active,
20042,16042,Annual,6.99,2026-05-14,,Active,
20043,16043,Monthly,9.99,2026-05-19,,Active,
20044,16044,Monthly,9.99,2026-05-21,,Active,
20045,16045,Annual,6.99,2026-05-23,,Active,
20046,16046,Monthly,9.99,2026-05-27,,Active,
20047,16047,Annual,6.99,2026-05-11,,Active,
20048,16048,Annual,6.99,2026-05-04,,Active,
20049,16049,Monthly,9.99,2026-05-03,,Active,
20050,16050,Monthly,9.99,2026-05-21,,Active,
20051,16051,Annual,6.99,2026-05-14,,Active,
20052,16052,Monthly,9.99,2026-05-13,,Active,
20053,16053,Annual,6.99,2026-05-23,,Active,
20054,16054,Monthly,9.99,2026-05-21,,Active,
20055,16055,Monthly,9.99,2026-05-29,,Active,
20056,16056,Monthly,9.99,2026-05-28,,Active,
20057,16057,Annual,6.99,2026-05-24,,Active,
20058,16058,Monthly,9.99,2026-05-21,,Active,
20059,16059,Monthly,9.99,2026-05-28,,Active,
20060,16060,Annual,6.99,2026-05-05,,Active,
20061,16061,Annual,6.99,2026-05-30,,Active,
20062,16062,Monthly,9.99,2026-05-13,,Active,
20063,16063,Annual,6.99,2026-05-08,,Active,
20064,16064,Monthly,9.99,2026-05-18,,Active,
20065,16065,Annual,6.99,2026-05-28,,Active,
20066,16066,Monthly,9.99,2026-05-04,,Active,
20067,16067,Annual,6.99,2026-05-06,,Active,
20068,16068,Annual,6.99,2026-05-20,,active,
20069,16069,Annual,6.99,2026-05-21,,Active,
20070,16070,Monthly,9.99,2026-05-23,,Active,
20071,16071,Monthly,0.0,2026-05-28,,Active,
20072,16072,Monthly,9.99,2026-05-24,,Active,
20073,16073,Monthly,9.99,2026-05-26,,ACTIVE,
20074,16074,Annual,6.99,2026-05-04,,Active,
20075,16075,Annual,6.99,2026-05-12,,Active,
20076,16076,Monthly,9.99,2026-05-22,,Active,
20077,16077,Annual,6.99,2026-05-26,,Active,
20078,16078,Annual,6.99,2026-05-12,,Active,
20079,16079,Monthly,9.99,2026-05-19,,Active,
20080,16080,Monthly,9.99,2026-05-07,,Active,
20081,16081,Annual,6.99,2026-05-27,,Active,
20082,16082,Annual,6.99,2026-05-17,,Active,
20083,16083,Monthly,9.99,2026-05-03,,Active,
20084,16084,Monthly,9.99,2026-05-18,,Active,
20085,16085,Annual,6.99,2026-05-09,,Active,
20086,16086,Monthly,0.0,2026-05-15,,Active,
20087,16087,Monthly,9.99,2026-05-11,,Active,
20088,16088,Annual,6.99,2026-05-27,,Active,
20089,16089,Annual,6.99,2026-05-27,,Active,
20090,16090,Monthly,9.99,2026-05-05,,Active,
20091,16091,Annual,6.99,2026-05-11,,Active,
20092,16092,Annual,6.99,2026-05-13,,Active,
20093,16093,Monthly,9.99,2026-05-27,,ACTIVE,
20094,16094,Monthly,9.99,2026-05-09,,Active,
20095,16095,Monthly,9.99,2026-05-22,,Active,
20096,16096,Monthly,9.99,2026-05-02,,Active,
20097,16097,Monthly,9.99,2026-05-30,,Active,
20098,16098,Monthly,9.99,2026-05-11,,Active,
20099,16099,Monthly,9.99,2026-05-09,,Active,
20100,16100,Monthly,9.99,2026-05-23,,Active,
20101,16101,Monthly,9.99,2026-05-19,,Active,
20102,16102,Monthly,9.99,2026-05-17,,active,
20103,16103,Monthly,9.99,2026-05-29,,Active,
20104,16104,Monthly,9.99,2026-05-13,,Active,
20105,16105,Annual,6.99,2026-05-17,,Active,
20106,16106,Annual,6.99,2026-05-15,2026-06-15,Churned,2026-06-15
20107,16107,Monthly,9.99,2026-05-06,,Active,
20108,16108,Annual,6.99,2026-05-10,,Active,
20109,16109,Annual,6.99,2026-05-19,,Active,
20110,16110,Annual,6.99,2026-05-04,,Active,
20111,16111,Annual,6.99,2026-05-23,,Active,
20112,16112,Monthly,9.99,2026-05-19,,Active,
20113,16113,Monthly,9.99,2026-05-21,,Active,
20114,16114,Monthly,9.99,2026-05-26,,Active,
20115,16115,Monthly,9.99,2026-05-15,,Active,
20116,16116,Annual,6.99,2026-05-25,,Active,
20117,16117,Monthly,9.99,2026-05-24,,Active,
20118,16118,Monthly,9.99,2026-05-08,,Active,
20119,16119,Monthly,9.99,2026-05-09,,Active,
20120,16120,Monthly,9.99,2026-05-14,,Active,
20121,16121,Annual,6.99,2026-05-03,2026-07-04,Churned,2026-07-04
20122,16122,Monthly,9.99,2026-05-18,,Active,
20123,16123,Monthly,9.99,2026-05-29,,Active,
20124,16124,Annual,6.99,2026-05-25,,Active,
20125,16125,Annual,6.99,2026-05-23,,Active,
20126,16126,Monthly,9.99,2026-05-07,,Active,
20127,16127,Annual,6.99,2026-05-25,,Active,
20128,16128,Monthly,9.99,2026-05-05,,Active,
20129,16129,Monthly,9.99,2026-05-13,,Active,
20130,16130,Annual,6.99,2026-05-29,,Active,
20131,16131,Monthly,9.99,2026-05-24,,Active,
20132,16132,Monthly,9.99,2026-05-05,,Active,
20133,16133,Monthly,9.99,2026-05-17,,Active,
20134,16134,Monthly,9.99,2026-05-31,,Active,
20135,16135,Annual,6.99,2026-05-14,,Active,
20136,16136,Monthly,9.99,2026-05-19,,Active,
20137,16137,Annual,6.99,2026-05-12,,Active,
20138,16138,Annual,6.99,2026-05-16,,Active,
20139,16139,Annual,6.99,2026-05-17,,Active,
20140,16140,Monthly,9.99,2026-05-06,,Active,
20141,16141,Monthly,9.99,2026-05-30,,Active,
20142,16142,Annual,6.99,2026-05-27,,Active,
20143,16143,Monthly,9.99,2026-05-04,,Active,
20144,16144,Monthly,9.99,2026-05-06,,Active,
20145,16145,Monthly,9.99,2026-05-20,,Active,
20146,16146,Annual,6.99,2026-05-13,,Active,
20147,16147,Annual,6.99,2026-05-22,2026-07-06,Churned,2026-07-06
20148,16148,Annual,6.99,2026-05-02,,Active,
20149,16149,Monthly,9.99,2026-05-24,,Active,
20150,16150,Annual,6.99,2026-05-01,,Active,
20151,16151,Annual,6.99,2026-05-07,2026-06-17,Churned,2026-06-17
20152,16152,Annual,6.99,2026-05-23,,ACTIVE,
20153,16153,Annual,6.99,2026-05-11,,Active,
20154,16154,Annual,6.99,2026-05-07,2026-06-08,Churned,2026-06-08
20155,16155,Monthly,9.99,2026-05-28,,Active,
20156,16156,Annual,6.99,2026-05-19,,Active,
20157,16157,Annual,6.99,2026-05-09,,Active,
20158,16158,Annual,6.99,2026-05-23,,Active,
20159,16159,Monthly,9.99,2026-05-05,,Active,
20160,16160,Monthly,9.99,2026-05-16,,Active,
20161,16161,Monthly,9.99,2026-05-06,,Active,
20162,16162,Annual,6.99,2026-05-21,,Active,
20163,16163,Monthly,9.99,2026-05-09,,Active,
20164,16164,Monthly,9.99,2026-05-08,,Active,
20165,16165,Annual,6.99,2026-05-08,,Active,
20166,16166,Monthly,9.99,2026-05-26,,Active,
20167,16167,Monthly,9.99,2026-05-27,2026-06-02,Churned,2026-06-02
20168,16168,Monthly,9.99,2026-05-07,,Active,
20169,16169,Annual,0.0,2026-05-05,,Active,
20170,16170,Annual,6.99,2026-05-19,,Active,
20171,16171,Monthly,9.99,2026-05-20,,Active,
20172,16172,Annual,6.99,2026-05-26,,Active,
20173,16173,Annual,6.99,2026-05-26,,Active,
20174,16174,Monthly,9.99,2026-05-25,,Active,
20175,16175,Annual,6.99,2026-05-02,,Active,
20176,16176,Annual,6.99,2026-05-02,,Active,
20177,16177,Annual,6.99,2026-05-06,,Active,
20178,16178,Annual,6.99,2026-05-12,,Active,
20179,16179,Annual,6.99,2026-05-23,,Active,
20180,16180,Monthly,9.99,2026-05-27,,Active,
20181,16181,Monthly,9.99,2026-05-23,,Active,
20182,16182,Annual,6.99,2026-05-27,,Active,
20183,16183,Monthly,9.99,2026-05-12,,active,
20184,16184,Annual,6.99,2026-05-20,,Active,
20185,16185,Annual,6.99,2026-05-05,,Active,
20186,16186,Monthly,9.99,2026-05-04,,Active,
20187,16187,Monthly,9.99,2026-05-26,,Active,
20188,16188,Annual,6.99,2026-05-13,,Active,
20189,16189,Monthly,9.99,2026-05-23,,Active,
20190,16190,Annual,6.99,2026-05-30,,active,
20191,16191,Monthly,9.99,2026-05-18,,Active,
20192,16192,Monthly,9.99,2026-05-04,,Active,
20193,16193,Monthly,9.99,2026-05-21,,Active,
20194,16194,Monthly,9.99,2026-05-25,,Active,
20195,16195,Monthly,9.99,2026-05-09,,Active,
20196,16196,Monthly,9.99,2026-05-13,,Active,
20197,16197,Annual,6.99,2026-05-20,,Active,
20198,16198,Monthly,9.99,2026-05-24,,Active,
20199,16199,Monthly,9.99,2026-05-06,,Active,
20200,16200,Monthly,9.99,2026-05-02,,Active,
20201,16201,Monthly,9.99,2026-05-20,,Active,
20202,16202,Monthly,9.99,2026-05-01,,Active,
20203,16203,Monthly,9.99,2026-05-15,,Active,
20204,16204,Annual,0.0,2026-05-10,,Active,
20205,16205,Annual,6.99,2026-05-14,,Active,
20206,16206,Annual,6.99,2026-05-27,,Active,
20207,16207,Annual,6.99,2026-05-30,,Active,
20208,16208,Annual,6.99,2026-05-22,,Active,
20209,16209,Monthly,9.99,2026-05-12,,Active,
20210,16210,Annual,6.99,2026-05-19,,Active,
20211,16211,Annual,6.99,2026-05-05,,Active,
20212,16212,Annual,6.99,2026-05-31,,Active,
20213,16213,Annual,6.99,2026-05-28,,Active,
20214,16214,Monthly,9.99,2026-05-11,,Active,
20215,16215,Annual,6.99,2026-05-01,,Active,
20216,16216,Monthly,9.99,2026-05-27,,Active,
20217,16217,Monthly,9.99,2026-05-01,,Active,
20218,16218,Monthly,9.99,2026-05-04,,Active,
20219,16219,Annual,6.99,2026-05-01,,ACTIVE,
20220,16220,Monthly,9.99,2026-05-06,,Active,
20221,16221,Monthly,9.99,2026-05-29,,Active,
20222,16222,Monthly,9.99,2026-05-15,,active,
20223,16223,Monthly,9.99,2026-05-06,,Active,
20224,16224,Monthly,9.99,2026-05-30,,Active,
20225,16225,Monthly,9.99,2026-05-13,2026-06-25,Churned,2026-06-25
20226,16226,Monthly,9.99,2026-05-22,,Active,
20227,16227,Monthly,9.99,2026-05-17,,Active,
20228,16228,Annual,6.99,2026-05-04,,Active,
20229,16229,Monthly,9.99,2026-05-23,,Active,
20230,16230,Monthly,9.99,2026-05-30,2026-06-27,Churned,2026-06-27
20231,16231,Monthly,9.99,2026-05-31,,Active,
20232,16232,Monthly,9.99,2026-05-24,,Active,
20233,16233,Annual,6.99,2026-05-21,,Active,
20234,16234,Monthly,9.99,2026-05-23,,Active,
20235,16235,Monthly,9.99,2026-05-31,,Active,
20236,16236,Monthly,9.99,2026-05-18,,Active,
20237,16237,Annual,6.99,2026-05-29,,active,
20238,16238,Annual,6.99,2026-05-13,,Active,
20239,16239,Annual,6.99,2026-05-10,,Active,
20240,16240,Annual,6.99,2026-05-04,,active,
20241,16241,Annual,0.0,2026-05-15,,Active,
20242,16242,Monthly,9.99,2026-05-20,,Active,
20243,16243,Annual,6.99,2026-05-13,,Active,
20244,16244,Monthly,9.99,2026-05-04,,Active,
20245,16245,Annual,6.99,2026-05-14,,Active,
20246,16246,Annual,6.99,2026-05-19,,Active,
20247,16247,Annual,6.99,2026-05-04,2026-07-03,Churned,2026-07-03
20248,16248,Annual,6.99,2026-05-17,,Active,
20249,16249,Monthly,9.99,2026-05-12,,Active,
20250,16250,Monthly,9.99,2026-05-19,,Active,
20251,16251,Monthly,9.99,2026-05-01,,Active,
20252,16252,Monthly,9.99,2026-05-26,2026-07-05,Churned,2026-07-05
20253,16253,Monthly,9.99,2026-05-13,,Active,
20254,16254,Monthly,9.99,2026-05-13,,Active,
20255,16255,Monthly,0.0,2026-05-04,,Active,
20256,16256,Annual,6.99,2026-05-14,,Active,
20257,16257,Monthly,9.99,2026-05-13,,Active,
20258,16258,Monthly,9.99,2026-05-02,,ACTIVE,
20259,16259,Monthly,9.99,2026-05-18,,Active,
20260,16260,Monthly,9.99,2026-05-09,,Active,
20261,16261,Annual,6.99,2026-05-12,,Active,
20262,16262,Monthly,9.99,2026-05-03,,active,
20263,16263,Annual,6.99,2026-05-20,,Active,
20264,16264,Monthly,9.99,2026-05-05,,Active,
20265,16265,Monthly,9.99,2026-05-19,,Active,
20266,16266,Monthly,9.99,2026-05-14,,Active,
20267,16267,Monthly,9.99,2026-05-24,,Active,
20268,16268,Annual,6.99,2026-05-13,,Active,
20269,16269,Annual,6.99,2026-05-21,,Active,
20270,16270,Monthly,9.99,2026-05-30,,Active,
20271,16271,Monthly,9.99,2026-05-09,,Active,
20272,16272,Annual,6.99,2026-05-04,,active,
20273,16273,Monthly,9.99,2026-05-19,,Active,
20274,16274,Monthly,9.99,2026-05-05,,Active,
20275,16275,Annual,6.99,2026-05-07,,active,
20276,16276,Annual,6.99,2026-05-24,,Active,
20277,16277,Monthly,9.99,2026-05-22,,Active,
20278,16278,Monthly,9.99,2026-05-01,,Active,
20279,16279,Monthly,9.99,2026-05-19,,Active,
20280,16280,Monthly,9.99,2026-05-21,,Active,
20281,16281,Annual,6.99,2026-05-10,,Active,
20282,16282,Annual,6.99,2026-05-24,,Active,
20283,16283,Monthly,9.99,2026-05-23,,Active,
20284,16284,Annual,6.99,2026-05-20,,Active,
20285,16285,Annual,6.99,2026-05-08,,Active,
20286,16286,Monthly,9.99,2026-05-09,,Active,
20287,16287,Monthly,9.99,2026-05-17,,Active,
20288,16288,Annual,6.99,2026-05-04,,Active,
20289,16289,Monthly,9.99,2026-05-13,,Active,
20290,16290,Monthly,9.99,2026-05-31,,Active,
20291,16291,Monthly,9.99,2026-05-20,,Active,
20292,16292,Monthly,9.99,2026-05-27,,Active,
20293,16293,Annual,6.99,2026-05-11,,Active,
20294,16294,Monthly,0.0,2026-05-23,,Active,
20295,16295,Monthly,9.99,2026-05-23,,Active,
20296,16296,Monthly,0.0,2026-05-06,,Active,
20297,16297,Monthly,9.99,2026-05-07,,Active,
20298,16298,Monthly,9.99,2026-05-14,2026-07-02,Churned,2026-07-02
20299,16299,Annual,6.99,2026-05-20,,Active,
20300,16300,Annual,6.99,2026-05-23,,ACTIVE,
20301,16301,Monthly,9.99,2026-05-31,,Active,
20302,16302,Annual,6.99,2026-05-04,,Active,
20303,16303,Monthly,9.99,2026-05-20,,Active,
20304,16304,Annual,6.99,2026-05-30,,Active,
20305,16305,Annual,6.99,2026-05-06,,Active,
20306,16306,Monthly,9.99,2026-05-30,,Active,
20307,16307,Annual,6.99,2026-05-27,,Active,
20308,16308,Monthly,9.99,2026-05-05,,Active,
20309,16309,Annual,6.99,2026-05-07,,Active,
20310,16310,Monthly,9.99,2026-05-07,,Active,
20311,16311,Annual,6.99,2026-05-03,,Active,
20312,16312,Annual,6.99,2026-05-12,,Active,
20313,16313,Annual,6.99,2026-05-14,,Active,
20314,16314,Annual,6.99,2026-05-14,,Active,
20315,16315,Monthly,9.99,2026-05-26,,Active,
20316,16316,Annual,6.99,2026-05-14,,Active,
20317,16317,Annual,6.99,2026-05-06,,Active,
20318,16318,Monthly,9.99,2026-05-22,,Active,
20319,16319,Monthly,9.99,2026-05-20,,Active,
20320,16320,Monthly,9.99,2026-05-15,,ACTIVE,
20321,16321,Monthly,9.99,2026-05-20,,Active,
20322,16322,Monthly,9.99,2026-05-06,,Active,
20323,16323,Monthly,9.99,2026-05-25,,Active,
20324,16324,Monthly,9.99,2026-05-09,,Active,
20325,16325,Annual,6.99,2026-05-02,,Active,
20326,16326,Monthly,9.99,2026-05-13,,Active,
20327,16327,Annual,6.99,2026-05-08,,Active,
20328,16328,Annual,6.99,2026-05-17,,Active,
20329,16329,Monthly,9.99,2026-05-15,,Active,
20330,16330,Annual,6.99,2026-05-29,,Active,
20331,16331,Annual,6.99,2026-05-13,,Active,
20332,16332,Monthly,9.99,2026-05-03,,Active,
20333,16333,Monthly,9.99,2026-05-16,,Active,
20334,16334,Monthly,9.99,2026-05-25,,Active,
20335,16335,Monthly,9.99,2026-05-09,2026-07-06,Churned,2026-07-06
20336,16336,Annual,6.99,2026-05-10,,Active,
20337,16337,Monthly,9.99,2026-05-06,,Active,
20338,16338,Annual,6.99,2026-05-23,,Active,
20339,16339,Annual,6.99,2026-05-06,,Active,
20340,16340,Monthly,9.99,2026-05-09,2026-06-26,CHURNED,2026-06-26
20341,16341,Monthly,9.99,2026-05-03,,Active,
20342,16342,Annual,6.99,2026-05-12,,Active,
20343,16343,Annual,6.99,2026-05-27,,Active,
20344,16344,Monthly,9.99,2026-05-14,,Active,
20345,16345,Annual,6.99,2026-05-04,,Active,
20346,16346,Annual,6.99,2026-05-24,,Active,
20347,16347,Annual,6.99,2026-05-12,,Active,
20348,16348,Annual,6.99,2026-05-06,,Active,
20349,16349,Annual,6.99,2026-05-01,,Active,
20350,16350,Monthly,9.99,2026-05-11,,Active,
20351,16351,Annual,6.99,2026-05-05,,Active,
20352,16352,Monthly,0.0,2026-05-17,,Active,
20353,16353,Annual,6.99,2026-05-14,,Active,
20354,16354,Annual,6.99,2026-05-21,,Active,
20355,16355,Annual,6.99,2026-05-09,,Active,
20356,16356,Monthly,9.99,2026-05-03,,Active,
20357,16357,Annual,6.99,2026-05-04,2026-07-03,Churned,2026-07-03
20358,16358,Annual,6.99,2026-05-03,,Active,
20359,16359,Monthly,9.99,2026-05-09,,Active,
20360,16360,Annual,6.99,2026-05-23,,Active,
20361,16361,Monthly,9.99,2026-05-17,,Active,
20362,16362,Monthly,9.99,2026-05-12,,Active,
20363,16363,Annual,6.99,2026-05-08,,Active,
20364,16364,Annual,6.99,2026-05-06,,Active,
20365,16365,Annual,6.99,2026-05-05,,Active,
20366,16366,Monthly,9.99,2026-05-09,,Active,
20367,16367,Monthly,9.99,2026-05-16,,Active,
20368,16368,Annual,6.99,2026-05-19,,Active,
20369,16369,Annual,6.99,2026-05-30,,Active,
20370,16370,Annual,6.99,2026-05-30,,Active,
20371,16371,Monthly,9.99,2026-05-09,,Active,
20372,16372,Monthly,9.99,2026-05-23,,ACTIVE,
20373,16373,Annual,6.99,2026-05-05,,Active,
20374,16374,Annual,6.99,2026-05-25,,Active,
20375,16375,Monthly,9.99,2026-05-29,,Active,
20376,16376,Monthly,9.99,2026-05-19,,Active,
20377,16377,Annual,6.99,2026-05-17,,Active,
20378,16378,Monthly,9.99,2026-05-12,,Active,
20379,16379,Monthly,9.99,2026-05-28,,Active,
20380,16380,Annual,6.99,2026-05-30,,Active,
20381,16381,Annual,6.99,2026-05-22,,Active,
20382,16382,Annual,6.99,2026-05-03,,Active,
20383,16383,Annual,6.99,2026-05-28,,Active,
20384,16384,Annual,6.99,2026-05-26,,Active,
20385,16385,Monthly,0.0,2026-05-12,,Active,
20386,16386,Monthly,9.99,2026-05-09,,Active,
20387,16387,Monthly,9.99,2026-05-24,,Active,
20388,16388,Monthly,9.99,2026-05-19,,Active,
20389,16389,Monthly,9.99,2026-05-24,,Active,
20390,16390,Monthly,9.99,2026-05-31,,Active,
20391,16391,Monthly,9.99,2026-05-12,,Active,
20392,16392,Monthly,9.99,2026-05-27,,Active,
20393,16393,Annual,6.99,2026-05-15,,Active,
20394,16394,Monthly,9.99,2026-05-27,,Active,
20395,16395,Monthly,9.99,2026-05-08,,Active,
20396,16396,Annual,6.99,2026-05-26,,Active,
20397,16397,Monthly,9.99,2026-05-22,,Active,
20398,16398,Annual,6.99,2026-05-15,,Active,
20399,16399,Annual,6.99,2026-05-29,,Active,
20400,16400,Monthly,9.99,2026-05-13,,Active,
20401,16401,Annual,6.99,2026-05-24,,Active,
20402,16402,Monthly,9.99,2026-05-17,2026-06-02,CHURNED,2026-06-02
20403,16403,Monthly,9.99,2026-05-05,,Active,
20404,16404,Annual,6.99,2026-05-09,,Active,
20405,16405,Monthly,9.99,2026-05-25,,Active,
20406,16406,Monthly,9.99,2026-05-15,,Active,
20407,16407,Annual,6.99,2026-05-27,,Active,
20408,16408,Annual,6.99,2026-05-04,,Active,
20409,16409,Annual,6.99,2026-05-24,,Active,
20410,16410,Annual,6.99,2026-05-28,,Active,
20411,16411,Monthly,9.99,2026-05-31,,Active,
20412,16412,Annual,6.99,2026-05-23,,Active,
20413,16413,Monthly,9.99,2026-05-15,,Active,
20414,16414,Annual,6.99,2026-05-02,,Active,
20415,16415,Monthly,9.99,2026-05-07,,Active,
20416,16416,Annual,6.99,2026-05-21,,Active,
20417,16417,Monthly,9.99,2026-05-28,,Active,
20418,16418,Annual,6.99,2026-05-24,,Active,
20419,16419,Annual,6.99,2026-05-19,2026-06-09,Churned,2026-06-09
20420,16420,Annual,6.99,2026-05-27,,Active,
20421,16421,Monthly,9.99,2026-05-10,,Active,
20422,16422,Monthly,9.99,2026-05-11,,Active,
20423,16423,Monthly,9.99,2026-05-03,,Active,
20424,16424,Monthly,9.99,2026-05-20,,Active,
20425,16425,Monthly,9.99,2026-05-06,,Active,
20426,16426,Annual,6.99,2026-05-09,,Active,
20427,16427,Monthly,9.99,2026-05-03,,Active,
20428,16428,Annual,6.99,2026-05-27,,Active,
20429,16429,Monthly,9.99,2026-05-07,,Active,
20430,16430,Monthly,9.99,2026-05-28,,Active,
20431,16431,Annual,6.99,2026-05-08,,Active,
20432,16432,Annual,6.99,2026-05-03,2026-07-07,Churned,2026-07-07
20433,16433,Monthly,9.99,2026-05-31,,ACTIVE,
20434,16434,Monthly,9.99,2026-05-09,,Active,
20435,16435,Monthly,9.99,2026-05-23,,Active,
20436,16436,Monthly,9.99,2026-05-04,,Active,
20437,16437,Annual,6.99,2026-05-06,,Active,
20438,16438,Monthly,9.99,2026-05-13,,Active,
20439,16439,Annual,6.99,2026-05-24,,Active,
20440,16440,Monthly,9.99,2026-05-01,,Active,
20441,16441,Annual,6.99,2026-05-20,,Active,
20442,16442,Annual,6.99,2026-05-25,,Active,
20443,16443,Monthly,9.99,2026-05-04,,Active,
20444,16444,Monthly,9.99,2026-05-14,,Active,
20445,16445,Monthly,9.99,2026-05-30,,Active,
20446,16446,Monthly,9.99,2026-05-17,,Active,
20447,16447,Monthly,9.99,2026-05-24,,Active,
20448,16448,Monthly,9.99,2026-05-24,,Active,
20449,16449,Monthly,9.99,2026-05-13,,Active,
20450,16450,Monthly,9.99,2026-05-23,,Active,
20451,16451,Monthly,9.99,2026-06-02,,Active,
20452,16452,Annual,6.99,2026-06-05,,Active,
20453,16453,Annual,6.99,2026-06-16,,Active,
20454,16454,Annual,6.99,2026-06-04,,Active,
20455,16455,Annual,6.99,2026-06-14,,ACTIVE,
20456,16456,Annual,6.99,2026-06-14,,Active,
20457,16457,Annual,6.99,2026-06-15,,Active,
20458,16458,Annual,6.99,2026-06-02,,Active,
20459,16459,Annual,6.99,2026-06-22,,Active,
20460,16460,Monthly,9.99,2026-06-10,,Active,
20461,16461,Monthly,9.99,2026-06-22,,Active,
20462,16462,Monthly,9.99,2026-06-07,,Active,
20463,16463,Monthly,9.99,2026-06-07,,Active,
20464,16464,Annual,6.99,2026-06-02,,Active,
20465,16465,Annual,6.99,2026-06-26,,Active,
20466,16466,Monthly,9.99,2026-06-12,,Active,
20467,16467,Monthly,9.99,2026-06-05,,Active,
20468,16468,Annual,6.99,2026-06-08,,Active,
20469,16469,Monthly,9.99,2026-06-05,,Active,
20470,16470,Annual,6.99,2026-06-04,,Active,
20471,16471,Annual,6.99,2026-06-03,,Active,
20472,16472,Monthly,9.99,2026-06-22,,Active,
20473,16473,Monthly,9.99,2026-06-18,,Active,
20474,16474,Monthly,9.99,2026-06-28,,Active,
20475,16475,Monthly,9.99,2026-06-30,,Active,
20476,16476,Annual,6.99,2026-06-19,,Active,
20477,16477,Annual,6.99,2026-06-17,,Active,
20478,16478,Annual,6.99,2026-06-28,,active,
20479,16479,Monthly,9.99,2026-06-29,,Active,
20480,16480,Monthly,9.99,2026-06-05,,Active,
20481,16481,Annual,6.99,2026-06-18,,Active,
20482,16482,Annual,6.99,2026-06-24,,Active,
20483,16483,Monthly,9.99,2026-06-27,,Active,
20484,16484,Annual,6.99,2026-06-13,,Active,
20485,16485,Annual,6.99,2026-06-20,,Active,
20486,16486,Monthly,0.0,2026-06-15,,Active,
20487,16487,Annual,6.99,2026-06-19,,Active,
20488,16488,Monthly,9.99,2026-06-20,2026-07-07,Churned,2026-07-07
20489,16489,Annual,6.99,2026-06-18,,Active,
20490,16490,Annual,6.99,2026-06-24,,Active,
20491,16491,Annual,6.99,2026-06-03,,Active,
20492,16492,Annual,6.99,2026-06-02,,Active,
20493,16493,Annual,6.99,2026-06-26,,Active,
20494,16494,Monthly,9.99,2026-06-12,,Active,
20495,16495,Monthly,9.99,2026-06-12,,Active,
20496,16496,Annual,6.99,2026-06-23,,Active,
20497,16497,Annual,6.99,2026-06-17,,Active,
20498,16498,Monthly,9.99,2026-06-17,,Active,
20499,16499,Annual,6.99,2026-06-29,,Active,
20500,16500,Annual,6.99,2026-06-11,,Active,
20501,16501,Monthly,9.99,2026-06-08,,Active,
20502,16502,Monthly,9.99,2026-06-02,,Active,
20503,16503,Annual,6.99,2026-06-29,,ACTIVE,
20504,16504,Annual,6.99,2026-06-01,,Active,
20505,16505,Monthly,9.99,2026-06-13,,Active,
20506,16506,Annual,0.0,2026-06-13,,Active,
20507,16507,Monthly,9.99,2026-06-28,,Active,
20508,16508,Annual,6.99,2026-06-15,,Active,
20509,16509,Annual,6.99,2026-06-01,,Active,
20510,16510,Monthly,9.99,2026-06-07,,Active,
20511,16511,Annual,6.99,2026-06-16,,Active,
20512,16512,Annual,6.99,2026-06-24,,active,
20513,16513,Monthly,9.99,2026-06-02,,Active,
20514,16514,Monthly,9.99,2026-06-22,,Active,
20515,16515,Annual,6.99,2026-06-06,,Active,
20516,16516,Monthly,9.99,2026-06-06,,Active,
20517,16517,Annual,6.99,2026-06-05,,Active,
20518,16518,Monthly,9.99,2026-06-06,,Active,
20519,16519,Annual,6.99,2026-06-19,,Active,
20520,16520,Annual,6.99,2026-06-26,,Active,
20521,16521,Annual,6.99,2026-06-03,,Active,
20522,16522,Monthly,9.99,2026-06-28,,Active,
20523,16523,Annual,6.99,2026-06-07,,Active,
20524,16524,Monthly,9.99,2026-06-30,,active,
20525,16525,Annual,6.99,2026-06-25,,Active,
20526,16526,Monthly,9.99,2026-06-21,,Active,
20527,16527,Monthly,9.99,2026-06-15,,Active,
20528,16528,Annual,6.99,2026-06-28,,Active,
20529,16529,Monthly,9.99,2026-06-15,,active,
20530,16530,Annual,6.99,2026-06-05,,Active,
20531,16531,Monthly,9.99,2026-06-10,,Active,
20532,16532,Annual,6.99,2026-06-05,,Active,
20533,16533,Annual,6.99,2026-06-08,,Active,
20534,16534,Monthly,9.99,2026-06-02,,Active,
20535,16535,Annual,6.99,2026-06-15,,Active,
20536,16536,Annual,6.99,2026-06-17,,ACTIVE,
20537,16537,Annual,6.99,2026-06-16,,Active,
20538,16538,Monthly,9.99,2026-06-07,,active,
20539,16539,Monthly,9.99,2026-06-08,,Active,
20540,16540,Monthly,9.99,2026-06-18,,Active,
20541,16541,Monthly,9.99,2026-06-10,,Active,
20542,16542,Monthly,9.99,2026-06-01,,Active,
20543,16543,Monthly,9.99,2026-06-22,,Active,
20544,16544,Monthly,9.99,2026-06-16,,Active,
20545,16545,Monthly,9.99,2026-06-06,,Active,
20546,16546,Monthly,9.99,2026-06-27,,Active,
20547,16547,Annual,6.99,2026-06-08,,Active,
20548,16548,Monthly,9.99,2026-06-22,,Active,
20549,16549,Monthly,9.99,2026-06-02,,Active,
20550,16550,Annual,6.99,2026-06-12,,Active,
20551,16551,Monthly,9.99,2026-06-08,,Active,
20552,16552,Monthly,9.99,2026-06-03,,Active,
20553,16553,Monthly,9.99,2026-06-13,,Active,
20554,16554,Monthly,9.99,2026-06-08,,Active,
20555,16555,Annual,6.99,2026-06-08,,Active,
20556,16556,Monthly,9.99,2026-06-16,,Active,
20557,16557,Annual,6.99,2026-06-27,,Active,
20558,16558,Annual,6.99,2026-06-08,,Active,
20559,16559,Monthly,9.99,2026-06-05,,Active,
20560,16560,Monthly,9.99,2026-06-24,,Active,
20561,16561,Monthly,9.99,2026-06-13,,Active,
20562,16562,Monthly,9.99,2026-06-29,,Active,
20563,16563,Monthly,9.99,2026-06-22,,Active,
20564,16564,Monthly,9.99,2026-06-06,,Active,
20565,16565,Monthly,9.99,2026-06-24,,Active,
20566,16566,Annual,6.99,2026-06-01,,Active,
20567,16567,Monthly,9.99,2026-06-14,,Active,
20568,16568,Monthly,9.99,2026-06-03,,Active,
20569,16569,Monthly,9.99,2026-06-24,,Active,
20570,16570,Annual,6.99,2026-06-25,,Active,
20571,16571,Monthly,9.99,2026-06-29,,active,
20572,16572,Annual,6.99,2026-06-02,,Active,
20573,16573,Annual,6.99,2026-06-26,,Active,
20574,16574,Annual,6.99,2026-06-23,,Active,
20575,16575,Monthly,9.99,2026-06-26,,Active,
20576,16576,Monthly,9.99,2026-06-13,,Active,
20577,16577,Monthly,9.99,2026-06-20,,Active,
20578,16578,Monthly,9.99,2026-06-13,,Active,
20579,16579,Monthly,9.99,2026-06-21,,Active,
20580,16580,Annual,6.99,2026-06-22,,Active,
20581,16581,Monthly,9.99,2026-06-09,,Active,
20582,16582,Annual,6.99,2026-06-10,,Active,
20583,16583,Monthly,9.99,2026-06-30,,Active,
20584,16584,Annual,6.99,2026-06-25,,Active,
20585,16585,Annual,6.99,2026-06-02,,Active,
20586,16586,Monthly,9.99,2026-06-03,,Active,
20587,16587,Monthly,9.99,2026-06-24,,Active,
20588,16588,Monthly,9.99,2026-06-22,,Active,
20589,16589,Monthly,9.99,2026-06-07,,Active,
20590,16590,Annual,6.99,2026-06-28,,Active,
20591,16591,Monthly,9.99,2026-06-01,,Active,
20592,16592,Annual,6.99,2026-06-05,,Active,
20593,16593,Monthly,9.99,2026-06-17,,Active,
20594,16594,Annual,6.99,2026-06-17,,Active,
20595,16595,Annual,6.99,2026-06-07,,Active,
20596,16596,Monthly,9.99,2026-06-20,,Active,
20597,16597,Monthly,9.99,2026-06-26,,Active,
20598,16598,Annual,6.99,2026-06-04,,Active,
20599,16599,Monthly,9.99,2026-06-24,,Active,
20600,16600,Monthly,9.99,2026-06-17,,Active,
20601,16601,Annual,6.99,2026-06-28,,Active,
20602,16602,Monthly,9.99,2026-06-08,2026-07-01,Churned,2026-07-01
20603,16603,Monthly,9.99,2026-06-21,,Active,
20604,16604,Monthly,9.99,2026-06-23,,Active,
20605,16605,Annual,6.99,2026-06-11,,Active,
20606,16606,Monthly,9.99,2026-06-18,,Active,
20607,16607,Monthly,0.0,2026-06-23,,Active,
20608,16608,Monthly,9.99,2026-06-13,,active,
20609,16609,Monthly,9.99,2026-06-20,,Active,
20610,16610,Annual,6.99,2026-06-23,,Active,
20611,16611,Monthly,9.99,2026-06-08,,Active,
20612,16612,Monthly,9.99,2026-06-22,,Active,
20613,16613,Annual,6.99,2026-06-18,,Active,
20614,16614,Monthly,9.99,2026-06-07,,Active,
20615,16615,Annual,6.99,2026-06-26,,Active,
20616,16616,Monthly,9.99,2026-06-01,,Active,
20617,16617,Annual,6.99,2026-06-19,,Active,
20618,16618,Monthly,9.99,2026-06-08,,Active,
20619,16619,Annual,6.99,2026-06-22,,Active,
20620,16620,Monthly,9.99,2026-06-27,,Active,
20621,16621,Monthly,9.99,2026-06-20,,Active,
20622,16622,Annual,6.99,2026-06-12,,Active,
20623,16623,Annual,6.99,2026-06-20,,Active,
20624,16624,Monthly,9.99,2026-06-07,,Active,
20625,16625,Annual,6.99,2026-06-03,,Active,
20626,16626,Monthly,9.99,2026-06-12,,Active,
20627,16627,Monthly,9.99,2026-06-19,,Active,
20628,16628,Monthly,9.99,2026-06-12,,Active,
20629,16629,Annual,6.99,2026-06-04,2026-07-05,Churned,2026-07-05
20630,16630,Annual,6.99,2026-06-14,,Active,
20631,16631,Monthly,9.99,2026-06-27,,Active,
20632,16632,Monthly,9.99,2026-06-14,,Active,
20633,16633,Monthly,9.99,2026-06-14,,Active,
20634,16634,Monthly,9.99,2026-06-09,,Active,
20635,16635,Monthly,9.99,2026-06-15,,Active,
20636,16636,Monthly,9.99,2026-06-09,,Active,
20637,16637,Monthly,9.99,2026-06-29,,Active,
20638,16638,Monthly,9.99,2026-06-24,,Active,
20639,16639,Annual,0.0,2026-06-22,,Active,
20640,16640,Annual,6.99,2026-06-20,,Active,
20641,16641,Annual,6.99,2026-06-10,,Active,
20642,16642,Annual,6.99,2026-06-21,,Active,
20643,16643,Monthly,9.99,2026-06-29,,Active,
20644,16644,Monthly,9.99,2026-06-06,2026-07-05,Churned,2026-07-05
20645,16645,Monthly,9.99,2026-06-26,,Active,
20646,16646,Monthly,9.99,2026-06-30,,Active,
20647,16647,Annual,6.99,2026-06-02,,Active,
20648,16648,Annual,6.99,2026-06-03,,Active,
20649,16649,Annual,6.99,2026-06-15,,Active,
20650,16650,Monthly,9.99,2026-06-21,,Active,
20651,16651,Annual,6.99,2026-06-16,,Active,
20652,16652,Annual,6.99,2026-06-23,,Active,
20653,16653,Annual,6.99,2026-06-25,,Active,
20654,16654,Monthly,9.99,2026-06-09,,Active,
20655,16655,Annual,6.99,2026-06-16,2026-07-07,Churned,2026-07-07
20656,16656,Annual,6.99,2026-06-03,2026-07-06,Churned,2026-07-06
20657,16657,Monthly,9.99,2026-06-04,,Active,
20658,16658,Annual,6.99,2026-06-23,,Active,
20659,16659,Monthly,9.99,2026-06-27,,Active,
20660,16660,Monthly,9.99,2026-06-17,,Active,
20661,16661,Monthly,9.99,2026-06-22,,Active,
20662,16662,Monthly,9.99,2026-06-29,,Active,
20663,16663,Annual,6.99,2026-06-03,,Active,
20664,16664,Monthly,9.99,2026-06-22,,Active,
20665,16665,Monthly,9.99,2026-06-19,,Active,
20666,16666,Monthly,9.99,2026-06-28,,Active,
20667,16667,Monthly,9.99,2026-06-10,,Active,
20668,16668,Annual,6.99,2026-06-20,,Active,
20669,16669,Monthly,9.99,2026-06-26,,Active,
20670,16670,Monthly,9.99,2026-06-15,,Active,
20671,16671,Monthly,9.99,2026-06-09,,Active,
20672,16672,Annual,6.99,2026-06-29,,active,
20673,16673,Monthly,9.99,2026-06-05,,Active,
20674,16674,Monthly,9.99,2026-06-25,,Active,
20675,16675,Annual,6.99,2026-06-26,,Active,
20676,16676,Monthly,9.99,2026-06-02,,Active,
20677,16677,Monthly,9.99,2026-06-11,,Active,
20678,16678,Monthly,9.99,2026-06-18,,Active,
20679,16679,Annual,6.99,2026-06-04,,Active,
20680,16680,Annual,6.99,2026-06-05,,Active,
20681,16681,Monthly,9.99,2026-06-10,,Active,
20682,16682,Monthly,9.99,2026-06-29,2026-07-03,Churned,2026-07-03
20683,16683,Monthly,9.99,2026-06-13,,Active,
20684,16684,Monthly,9.99,2026-06-21,,Active,
20685,16685,Annual,6.99,2026-06-19,,Active,
20686,16686,Monthly,9.99,2026-06-14,,Active,
20687,16687,Annual,6.99,2026-06-03,,Active,
20688,16688,Annual,6.99,2026-06-29,,Active,
20689,16689,Monthly,9.99,2026-06-17,,Active,
20690,16690,Monthly,9.99,2026-06-11,,Active,
20691,16691,Annual,6.99,2026-06-14,,Active,
20692,16692,Monthly,9.99,2026-06-14,,Active,
20693,16693,Monthly,9.99,2026-06-30,,Active,
20694,16694,Monthly,9.99,2026-06-12,,Active,
20695,16695,Annual,6.99,2026-06-30,,Active,
20696,16696,Monthly,9.99,2026-06-04,,Active,
20697,16697,Annual,6.99,2026-06-07,,Active,
20698,16698,Annual,6.99,2026-06-05,2026-07-01,Churned,2026-07-01
20699,16699,Annual,6.99,2026-06-29,,Active,
20700,16700,Annual,6.99,2026-06-18,,Active,
20701,16701,Annual,6.99,2026-06-15,,Active,
20702,16702,Annual,6.99,2026-06-03,,Active,
20703,16703,Monthly,9.99,2026-06-05,,Active,
20704,16704,Annual,6.99,2026-06-28,,Active,
20705,16705,Annual,6.99,2026-06-29,,Active,
20706,16706,Monthly,9.99,2026-06-10,,Active,
20707,16707,Annual,6.99,2026-06-22,,Active,
20708,16708,Monthly,9.99,2026-06-10,,Active,
20709,16709,Annual,6.99,2026-06-29,,Active,
20710,16710,Monthly,9.99,2026-06-05,,Active,
20711,16711,Monthly,9.99,2026-06-03,,ACTIVE,
20712,16712,Annual,6.99,2026-06-11,,Active,
20713,16713,Monthly,9.99,2026-06-06,,Active,
20714,16714,Monthly,9.99,2026-06-21,,Active,
20715,16715,Monthly,9.99,2026-06-28,,Active,
20716,16716,Annual,6.99,2026-06-29,,Active,
20717,16717,Annual,6.99,2026-06-30,,Active,
20718,16718,Monthly,9.99,2026-06-06,,Active,
20719,16719,Monthly,9.99,2026-06-02,,Active,
20720,16720,Monthly,9.99,2026-06-06,,Active,
20721,16721,Annual,6.99,2026-06-23,,Active,
20722,16722,Annual,6.99,2026-06-05,,Active,
20723,16723,Annual,6.99,2026-06-21,,Active,
20724,16724,Monthly,9.99,2026-06-18,,Active,
20725,16725,Monthly,9.99,2026-06-24,,Active,
20726,16726,Annual,6.99,2026-06-04,,Active,
20727,16727,Monthly,9.99,2026-06-14,,ACTIVE,
20728,16728,Monthly,9.99,2026-06-03,,Active,
20729,16729,Monthly,9.99,2026-06-01,,Active,
20730,16730,Monthly,9.99,2026-06-23,,Active,
20731,16731,Monthly,9.99,2026-06-17,,Active,
20732,16732,Monthly,9.99,2026-06-24,,Active,
20733,16733,Monthly,9.99,2026-06-03,,Active,
20734,16734,Annual,6.99,2026-06-10,,Active,
20735,16735,Monthly,9.99,2026-06-05,,Active,
20736,16736,Annual,6.99,2026-06-18,,Active,
20737,16737,Annual,6.99,2026-06-17,,Active,
20738,16738,Annual,6.99,2026-06-23,,Active,
20739,16739,Monthly,9.99,2026-06-03,,Active,
20740,16740,Monthly,9.99,2026-06-02,,Active,
20741,16741,Monthly,9.99,2026-06-26,,Active,
20742,16742,Annual,6.99,2026-06-20,,Active,
20743,16743,Annual,6.99,2026-06-04,,ACTIVE,
20744,16744,Annual,0.0,2026-06-09,,Active,
20745,16745,Annual,6.99,2026-06-13,,Active,
20746,16746,Annual,6.99,2026-06-13,,Active,
20747,16747,Annual,6.99,2026-06-22,,Active,
20748,16748,Monthly,9.99,2026-06-11,,Active,
20749,16749,Monthly,9.99,2026-06-18,,Active,
20750,16750,Annual,6.99,2026-06-22,,Active,
20751,16751,Annual,6.99,2026-06-04,,Active,
20752,16752,Monthly,9.99,2026-06-15,,Active,
20753,16753,Monthly,9.99,2026-06-08,,Active,
20754,16754,Monthly,9.99,2026-06-23,,Active,
20755,16755,Monthly,9.99,2026-06-04,,Active,
20756,16756,Annual,6.99,2026-06-10,,Active,
20757,16757,Annual,6.99,2026-06-19,,Active,
20758,16758,Annual,6.99,2026-06-17,,Active,
20759,16759,Monthly,9.99,2026-06-02,,Active,
20760,16760,Monthly,9.99,2026-06-28,,Active,
20761,16761,Annual,6.99,2026-06-03,,Active,
20762,16762,Monthly,9.99,2026-06-14,,Active,
20763,16763,Monthly,9.99,2026-06-02,,Active,
20764,16764,Monthly,9.99,2026-06-18,,Active,
20765,16765,Monthly,9.99,2026-06-11,,Active,
20766,16766,Monthly,9.99,2026-06-21,,Active,
20767,16767,Monthly,9.99,2026-06-19,,Active,
20768,16768,Monthly,9.99,2026-06-28,,active,
20769,16769,Monthly,9.99,2026-06-02,,Active,
20770,16770,Annual,6.99,2026-06-20,,Active,
20771,16771,Monthly,9.99,2026-06-11,,Active,
20772,16772,Monthly,9.99,2026-06-19,,Active,
20773,16773,Monthly,9.99,2026-06-29,,Active,
20774,16774,Annual,6.99,2026-06-26,,Active,
20775,16775,Annual,6.99,2026-06-30,,Active,
20776,16776,Annual,6.99,2026-06-30,,Active,
20777,16777,Monthly,9.99,2026-06-24,,Active,
20778,16778,Monthly,9.99,2026-06-27,,Active,
20779,16779,Annual,6.99,2026-06-21,,Active,
20780,16780,Monthly,9.99,2026-06-04,,Active,
20781,16781,Monthly,9.99,2026-06-27,,Active,
20782,16782,Monthly,9.99,2026-06-21,,Active,
20783,16783,Annual,6.99,2026-06-26,,Active,
20784,16784,Monthly,9.99,2026-06-10,,Active,
20785,16785,Annual,6.99,2026-06-18,,Active,
20786,16786,Annual,6.99,2026-06-13,2026-07-01,Churned,2026-07-01
20787,16787,Monthly,9.99,2026-06-01,,Active,
20788,16788,Annual,6.99,2026-06-20,,Active,
20789,16789,Annual,6.99,2026-06-10,,Active,
20790,16790,Annual,6.99,2026-06-05,,Active,
20791,16791,Monthly,9.99,2026-06-07,,Active,
20792,16792,Monthly,9.99,2026-06-21,,Active,
20793,16793,Monthly,9.99,2026-06-22,,Active,
20794,16794,Annual,6.99,2026-06-09,,Active,
20795,16795,Annual,6.99,2026-06-11,,Active,
20796,16796,Monthly,9.99,2026-06-25,,Active,
20797,16797,Annual,6.99,2026-06-15,,Active,
20798,16798,Monthly,9.99,2026-06-12,,Active,
20799,16799,Annual,6.99,2026-06-26,,Active,
20800,16800,Monthly,9.99,2026-06-02,,Active,
20801,16801,Monthly,9.99,2026-06-21,,Active,
20802,16802,Monthly,9.99,2026-06-18,,Active,
20803,16803,Monthly,9.99,2026-06-12,,Active,
20804,16804,Annual,6.99,2026-06-23,,Active,
20805,16805,Annual,6.99,2026-06-09,,Active,
20806,16806,Monthly,9.99,2026-06-19,,Active,
20807,16807,Monthly,9.99,2026-06-08,,Active,
20808,16808,Monthly,9.99,2026-06-24,,Active,
20809,16809,Monthly,9.99,2026-06-13,,Active,
20810,16810,Monthly,9.99,2026-06-25,,ACTIVE,
20811,16811,Annual,6.99,2026-06-18,,Active,
20812,16812,Annual,6.99,2026-06-02,,Active,
20813,16813,Annual,6.99,2026-06-19,,Active,
20814,16814,Monthly,9.99,2026-06-01,,Active,
20815,16815,Annual,6.99,2026-06-22,,Active,
20816,16816,Annual,6.99,2026-06-07,,Active,
20817,16817,Annual,6.99,2026-06-30,,Active,
20818,16818,Annual,6.99,2026-06-07,,Active,
20819,16819,Annual,6.99,2026-06-14,,Active,
20820,16820,Annual,6.99,2026-06-17,,Active,
20821,16821,Annual,6.99,2026-06-05,,Active,
20822,16822,Monthly,9.99,2026-06-07,,Active,
20823,16823,Annual,6.99,2026-06-30,,Active,
20824,16824,Annual,6.99,2026-06-11,,Active,
20825,16825,Annual,6.99,2026-06-24,,Active,
20826,16826,Monthly,9.99,2026-06-14,,Active,
20827,16827,Monthly,9.99,2026-06-07,2026-07-05,Churned,2026-07-05
20828,16828,Annual,6.99,2026-06-19,,Active,
20829,16829,Annual,6.99,2026-06-05,,Active,
20830,16830,Annual,6.99,2026-06-30,,Active,
20831,16831,Monthly,9.99,2026-06-21,,Active,
20832,16832,Monthly,9.99,2026-06-21,,Active,
20833,16833,Monthly,0.0,2026-06-01,,Active,
20834,16834,Monthly,9.99,2026-06-08,,Active,
20835,16835,Annual,6.99,2026-06-12,,Active,
20836,16836,Monthly,9.99,2026-06-11,,Active,
20837,16837,Monthly,9.99,2026-06-04,,Active,
20838,16838,Annual,6.99,2026-06-02,2026-07-03,Churned,2026-07-03
20839,16839,Monthly,9.99,2026-06-18,,Active,
20840,16840,Monthly,9.99,2026-06-13,,Active,
20841,16841,Monthly,9.99,2026-06-08,,Active,
20842,16842,Annual,6.99,2026-06-18,,Active,
20843,16843,Annual,6.99,2026-06-30,,Active,
20844,16844,Annual,6.99,2026-06-29,,Active,
20845,16845,Annual,6.99,2026-06-27,,Active,
20846,16846,Annual,6.99,2026-06-09,,Active,
20847,16847,Annual,6.99,2026-06-06,,Active,
20848,16848,Annual,6.99,2026-06-08,,Active,
20849,16849,Monthly,9.99,2026-06-10,,Active,
20850,16850,Monthly,9.99,2026-06-01,,Active,
20851,16851,Annual,6.99,2026-06-10,,Active,
20852,16852,Annual,6.99,2026-06-18,,Active,
20853,16853,Monthly,9.99,2026-06-08,,Active,
20854,16854,Annual,6.99,2026-06-30,,Active,
20855,16855,Annual,6.99,2026-06-26,,Active,
20856,16856,Monthly,9.99,2026-06-12,,Active,
20857,16857,Annual,6.99,2026-06-13,,Active,
20858,16858,Annual,6.99,2026-06-15,,Active,
20859,16859,Monthly,9.99,2026-06-10,,Active,
20860,16860,Monthly,9.99,2026-06-02,,ACTIVE,
20861,16861,Monthly,9.99,2026-06-12,,Active,
20862,16862,Monthly,9.99,2026-06-18,,Active,
20863,16863,Annual,6.99,2026-06-08,,Active,
20864,16864,Monthly,9.99,2026-06-07,,Active,
20865,16865,Monthly,9.99,2026-06-16,,Active,
20866,16866,Monthly,9.99,2026-06-01,,Active,
20867,16867,Monthly,9.99,2026-06-23,,Active,
20868,16868,Annual,6.99,2026-06-21,,Active,
20869,16869,Monthly,9.99,2026-06-29,2026-07-03,Churned,2026-07-03
20870,16870,Annual,6.99,2026-06-05,,Active,
20871,16871,Annual,6.99,2026-06-24,,Active,
20872,16872,Annual,6.99,2026-06-04,,Active,
20873,16873,Annual,6.99,2026-06-24,,Active,
20874,16874,Annual,6.99,2026-06-07,,Active,
20875,16875,Monthly,9.99,2026-06-25,,Active,
20876,16876,Monthly,9.99,2026-06-05,,Active,
20877,16877,Monthly,9.99,2026-06-25,,Active,
20878,16878,Monthly,0.0,2026-06-19,,ACTIVE,
20879,16879,Annual,0.0,2026-06-02,,active,
20880,16880,Monthly,9.99,2026-06-09,,Active,
20881,16881,Monthly,9.99,2026-06-15,,Active,
20882,16882,Annual,6.99,2026-06-21,,Active,
20883,16883,Annual,6.99,2026-06-23,,Active,
20884,16884,Monthly,9.99,2026-06-17,,Active,
20885,16885,Monthly,9.99,2026-06-21,,Active,
20886,16886,Annual,6.99,2026-06-11,,Active,
20887,16887,Monthly,9.99,2026-06-10,,Active,
20888,16888,Monthly,9.99,2026-06-06,,Active,
20889,16889,Monthly,9.99,2026-06-21,,Active,
20890,16890,Monthly,9.99,2026-06-21,,Active,
20891,16891,Annual,6.99,2026-06-28,,Active,
20892,16892,Monthly,9.99,2026-06-16,,active,
20893,16893,Monthly,9.99,2026-06-19,,Active,
20894,16894,Annual,6.99,2026-06-22,,Active,
20895,16895,Monthly,9.99,2026-06-27,,Active,
20896,16896,Monthly,9.99,2026-06-16,,Active,
20897,16897,Annual,6.99,2026-06-23,,Active,
20898,16898,Monthly,9.99,2026-06-25,2026-07-01,Churned,2026-07-01
20899,16899,Annual,6.99,2026-06-18,,Active,
20900,16900,Annual,6.99,2026-06-17,,Active,
20901,16901,Monthly,9.99,2026-06-21,,Active,
20902,16902,Monthly,9.99,2026-06-25,,Active,
20903,16903,Monthly,9.99,2026-06-17,,Active,
20904,16904,Annual,6.99,2026-06-17,,Active,
20905,16905,Monthly,9.99,2026-06-07,,Active,
20906,16906,Annual,6.99,2026-06-29,,Active,
20907,16907,Monthly,9.99,2026-06-02,,Active,
20908,16908,Monthly,9.99,2026-06-26,,Active,
20909,16909,Monthly,9.99,2026-06-12,,Active,
20910,16910,Monthly,9.99,2026-06-08,,Active,
20911,16911,Annual,6.99,2026-06-07,,Active,
20912,16912,Monthly,9.99,2026-06-22,,Active,
20913,16913,Annual,6.99,2026-06-09,,Active,
20914,16914,Annual,6.99,2026-06-04,,Active,
20915,16915,Annual,6.99,2026-06-14,,Active,
20916,16916,Monthly,9.99,2026-06-28,,Active,
20917,16917,Monthly,9.99,2026-06-27,,Active,
20918,16918,Monthly,9.99,2026-06-11,,Active,
20919,16919,Monthly,9.99,2026-06-20,,Active,
20920,16920,Monthly,9.99,2026-06-15,,Active,
20921,16921,Monthly,9.99,2026-06-12,,Active,
20922,16922,Monthly,9.99,2026-06-01,,Active,
20923,16923,Annual,6.99,2026-06-05,,Active,
20924,16924,Monthly,9.99,2026-06-27,,Active,
20925,16925,Monthly,9.99,2026-06-29,,Active,
20926,16926,Monthly,9.99,2026-06-29,,Active,
20927,16927,Monthly,9.99,2026-06-29,,Active,
20928,16928,Monthly,9.99,2026-06-15,,Active,
20929,16929,Monthly,9.99,2026-06-02,,Active,
20930,16930,Annual,6.99,2026-06-06,,Active,
20931,16931,Annual,6.99,2026-07-02,,Active,
20932,16932,Monthly,9.99,2026-07-07,,Active,
20933,16933,Annual,6.99,2026-07-01,,Active,
20934,16934,Monthly,9.99,2026-07-06,,Active,
20935,16935,Annual,6.99,2026-07-05,,Active,
20936,16936,Monthly,9.99,2026-07-06,,Active,
20937,16937,Monthly,9.99,2026-07-07,,Active,
20938,16938,Monthly,9.99,2026-07-03,,Active,
20939,16939,Annual,6.99,2026-07-05,,Active,
20940,16940,Annual,6.99,2026-07-01,,Active,
20941,16941,Annual,6.99,2026-07-03,,Active,
20942,16942,Monthly,9.99,2026-07-02,,Active,
20943,16943,Monthly,9.99,2026-07-06,,Active,
20944,16944,Monthly,9.99,2026-07-03,,Active,
20945,16945,Monthly,9.99,2026-07-03,,Active,
20946,16946,Monthly,9.99,2026-07-04,,Active,
20947,16947,Annual,6.99,2026-07-05,,Active,
20948,16948,Annual,6.99,2026-07-05,,Active,
20949,16949,Annual,6.99,2026-07-07,,Active,
20950,16950,Monthly,9.99,2026-07-04,,Active,
20951,16951,Monthly,9.99,2026-07-05,,Active,
20952,16952,Annual,6.99,2026-07-03,,Active,
20953,16953,Monthly,9.99,2026-07-05,,Active,
20954,16954,Monthly,9.99,2026-07-02,,Active,
20955,16955,Monthly,9.99,2026-07-02,,ACTIVE,
20956,16956,Monthly,9.99,2026-07-06,,Active,
20957,16957,Annual,6.99,2026-07-05,,Active,
20958,16958,Monthly,9.99,2026-07-06,,Active,
20959,16959,Monthly,9.99,2026-07-06,,Active,
20960,16960,Annual,6.99,2026-07-03,,Active,
20961,16961,Monthly,9.99,2026-07-06,,Active,
20962,16962,Annual,6.99,2026-07-02,,Active,
20963,16963,Monthly,9.99,2026-07-01,,Active,
20964,16964,Monthly,9.99,2026-07-02,,Active,
20965,16965,Monthly,9.99,2026-07-05,,Active,
20966,16966,Annual,6.99,2026-07-05,,Active,
20967,16967,Monthly,9.99,2026-07-06,,Active,
20968,16968,Annual,6.99,2026-07-06,,Active,
20969,16969,Monthly,9.99,2026-07-02,,Active,
20970,16970,Annual,6.99,2026-07-06,,Active,
20971,16971,Annual,6.99,2026-07-04,,Active,
20972,16972,Monthly,9.99,2026-07-07,,Active,
20973,16973,Annual,6.99,2026-07-01,,Active,
20974,16974,Monthly,9.99,2026-07-06,,Active,
20975,16975,Monthly,9.99,2026-07-05,,Active,
20976,16976,Monthly,9.99,2026-07-04,,Active,
20977,16977,Annual,6.99,2026-07-07,,active,
20978,16978,Annual,6.99,2026-07-02,,Active,
20979,16979,Monthly,9.99,2026-07-03,,Active,
20980,16980,Annual,6.99,2026-07-03,,Active,
20981,16981,Annual,6.99,2026-07-04,,Active,
20982,16982,Monthly,9.99,2026-07-02,,Active,
20983,16983,Monthly,9.99,2026-07-05,,active,
20984,16984,Monthly,9.99,2026-07-01,,Active,
20985,16985,Annual,6.99,2026-07-01,,Active,
20986,16986,Annual,6.99,2026-07-02,,Active,
20987,16987,Annual,6.99,2026-07-04,,Active,
20988,16988,Monthly,9.99,2026-07-01,,Active,
20989,16989,Monthly,9.99,2026-07-05,,Active,
20990,16990,Monthly,9.99,2026-07-02,,Active,
20991,16991,Monthly,9.99,2026-07-06,,Active,
20992,16992,Monthly,9.99,2026-07-06,,Active,
20993,16993,Monthly,9.99,2026-07-06,,Active,
20994,16994,Monthly,9.99,2026-07-04,,Active,
20995,16995,Monthly,9.99,2026-07-04,,Active,
20996,16996,Monthly,9.99,2026-07-03,,Active,
20997,16997,Annual,6.99,2026-07-01,,Active,
20998,16998,Monthly,9.99,2026-07-02,,Active,
20999,16999,Annual,6.99,2026-07-02,,Active,
21000,17000,Monthly,9.99,2026-07-05,,Active,
21001,17001,Monthly,9.99,2026-07-01,,Active,
21002,17002,Monthly,9.99,2026-07-07,,Active,
21003,17003,Annual,6.99,2026-07-01,,Active,
21004,17004,Monthly,9.99,2026-07-03,,Active,
21005,17005,Annual,6.99,2026-07-03,,Active,
21006,17006,Monthly,9.99,2026-07-06,,Active,
21007,17007,Annual,6.99,2026-07-05,,Active,
21008,17008,Monthly,9.99,2026-07-07,,active,
21009,17009,Monthly,9.99,2026-07-07,,Active,
21010,17010,Annual,6.99,2026-07-06,,Active,
21011,17011,Monthly,9.99,2026-07-02,,Active,
21012,17012,Monthly,9.99,2026-07-05,,Active,
21013,17013,Monthly,9.99,2026-07-05,,Active,
21014,17014,Monthly,9.99,2026-07-03,,Active,
21015,17015,Monthly,9.99,2026-07-01,,Active,
21016,17016,Annual,6.99,2026-07-01,,Active,
21017,17017,Monthly,9.99,2026-07-03,,Active,
21018,17018,Monthly,9.99,2026-07-06,,Active,
21019,17019,Monthly,9.99,2026-07-02,,Active,
21020,17020,Monthly,9.99,2026-07-07,,Active,
21021,17021,Monthly,9.99,2026-07-03,,Active,
21022,17022,Annual,6.99,2026-07-05,,Active,
21023,17023,Monthly,9.99,2026-07-01,,Active,
21024,17024,Monthly,9.99,2026-07-01,,Active,
21025,17025,Annual,6.99,2026-07-04,,Active,
21026,17026,Monthly,9.99,2026-07-01,,Active,
21027,17027,Monthly,9.99,2026-07-05,,Active,
21028,17028,Annual,6.99,2026-07-03,,Active,
21029,17029,Monthly,9.99,2026-07-02,,Active,
21030,17030,Annual,6.99,2026-07-07,,Active,
21031,17031,Monthly,9.99,2026-07-03,,Active,
21032,17032,Monthly,9.99,2026-07-01,,Active,
21033,17033,Annual,6.99,2026-07-01,,Active,
21034,17034,Monthly,9.99,2026-07-03,,Active,
21035,17035,Monthly,9.99,2026-07-04,,Active,
21036,17036,Annual,6.99,2026-07-04,,Active,
21037,17037,Annual,6.99,2026-07-04,,Active,
21038,17038,Monthly,9.99,2026-07-01,,Active,
21039,17039,Monthly,9.99,2026-07-02,,Active,
21040,17040,Annual,6.99,2026-07-01,,Active,
