user_id,sign_up_date,country,age_group,gender,plan_type
1001,2024-06-07,Nigeria,35-44,Male,Monthly
1002,2024-06-26,Nigeria,25-34,Male,Monthly
1003,2024-06-22,Canada,18-24,Female,Monthly
1004,2024-06-02,Nigeria,25-34,Female,Monthly
1005,2024-06-21,Nigeria,25-34,Male,Monthly
1006,2024-02-19,United Kingdom,25-34,Male,Monthly
1007,2024-02-05,United Kingdom,18-24,Female,Monthly
1008,2024-05-18,Canada,25-34,Female,Monthly
1009,2024-06-17,Nigeria,25-34,Male,Monthly
1010,2024-02-21,Nigeria,25-34,Female,Monthly
1011,2024-03-25,Nigeria,25-34,Female,Monthly
1012,2024-01-11,Nigeria,25-34,Male,Monthly
1013,2024-03-25,Nigeria,25-34,Male,
1014,2024-01-08,United Kingdom,18-24,Male,Monthly
1015,2024-01-08,Nigeria,18-24,Female,Monthly
1016,2024-01-06,Canada,18-24,Male,Monthly
1017,2024-02-23,Nigeria,25-34,Male,Monthly
1018,2024-01-17,United Kingdom,45+,Female,Monthly
1019,2024-04-19,NG,25-34,Female,Monthly
1020,2024-01-14,Nigeria,25-34,Male,Monthly
1021,2024-01-21,Canada,25-34,Female,Monthly
1022,2024-04-28,United Kingdom,25-34,Female,Monthly
1023,2024-04-12,United Kingdom,25-34,Female,Monthly
1024,2024-04-11,United Kingdom,45+,Female,Monthly
1025,2024-02-04,United Kingdom,25-34,Female,Monthly
1026,2024-04-29,United Kingdom,25-34,Female,
1027,2024-06-14,Nigeria,25-34,Female,Monthly
1028,2024-02-28,NG,35-44,Male,Monthly
1029,2024-06-23,Canada,25-34,Female,Monthly
1030,2024-03-17,Nigeria,18-24,Female,Monthly
1031,2024-05-11,United Kingdom,25-34,Male,Monthly
1032,2024-05-12,Nigeria,25-34,Male,Monthly
1033,2024-02-18,United Kingdom,25-34,Male,Monthly
1034,2024-05-27,Nigeria,25-34,Male,Monthly
1035,2024-04-17,Nigeria,25-34,Female,Monthly
1036,2024-01-09,Nigeria,25-34,Male,Monthly
1037,2024-02-22,Nigeria,45+,Female,Monthly
1038,2024-03-18,Nigeria,35-44,FEMALE,
1039,2024-04-08,Canada,18-24,Male,Monthly
1040,2024-04-15,Nigeria,18-24,Male,Monthly
1041,2024-02-22,Nigeria,45+,Female,Monthly
1042,2024-05-08,United Kingdom,25-34,Female,Monthly
1043,2024-03-04,United Kingdom,35-44,Female,Monthly
1044,2024-04-26,United Kingdom,25-34,Male,Monthly
1045,2024-02-15,Nigeria,25-34,Male,Monthly
1046,2024-01-12,Canada,25-34,Male,Monthly
1047,2024-02-25,Canada,35-44,Male,Monthly
1048,2024-03-24,United Kingdom,25-34,male,Monthly
1049,2024-04-12,NG,25-34,Female,Monthly
1050,2024-01-18,Canada,25-34,Female,Monthly
1051,2024-02-13,Canada,35-44,Female,Monthly
1052,2024-01-03,Nigeria,18-24,Male,
1053,2024-01-13,Nigeria,25-34,Male,Monthly
1054,2024-04-23,United Kingdom,35/44,Female,Monthly
1055,2024-02-21,United Kingdom,45+,Female,Monthly
1056,2024-01-25,Nigeria,25-34,Male,Monthly
1057,2024-03-23,Nigeria,35-44,Male,Monthly
1058,2024-01-28,Canada,25-34,Male,Monthly
1059,2024-06-17,United Kingdom,25-34,Female,Monthly
1060,2024-05-07,United Kingdom,35-44,Female,Monthly
1061,2024-01-25,United Kingdom,25-34,Male,Monthly
1062,2024-06-11,Nigeria,25-34,Male,Monthly
1063,2024-05-29,United Kingdom,35-44,Male,Monthly
1064,2024-06-06,Nigeria,25-34,Male,Monthly
1065,2024-04-05,Canada,18-24,Male,Monthly
1066,2024-03-25,United Kingdom,35-44,FEMALE,Monthly
1067,2024-02-28,Nigeria,35-44,Female,Monthly
1068,2024-06-27,Nigeria,35-44,Male,Monthly
1069,2024-05-05,Nigeria,18-24,Male,Monthly
1070,2024-05-20,Nigeria,18-24,Male,Monthly
1071,2024-02-20,United Kingdom,18-24,Female,Monthly
1072,2024-05-03,Canada,25-34,Male,Monthly
1073,2024-05-03,Canada,35 to 44,Female,Monthly
1074,2024-02-09,United Kingdom,25-34,Female,Monthly
1075,2024-02-04,Nigeria,18-24,FEMALE,Monthly
1076,2024-04-05,Nigeria,45+,Female,Monthly
1077,2024-05-24,Nigeria,25-34,Male,Monthly
1078,2024-05-05,Nigeria,25-34,Female,Monthly
1079,2024-01-09,United Kingdom,25-34,male,Monthly
1080,2024-02-07,United Kingdom,45+,Female,
1081,2024-04-08,United Kingdom,35-44,Male,Monthly
1082,2024-04-19,Nigeria,18-24,Female,Monthly
1083,2024-01-23,Nigeria,35-44,Female,Monthly
1084,2024-04-11,Canada,45+,Male,Monthly
1085,2024-06-16,United Kingdom,25-34,Female,Monthly
1086,2024-01-29,Canada,18-24,female,Monthly
1087,2024-04-14,Nigeria,25-34,Male,Monthly
1088,2024-03-11,Nigeria,25/34,Male,Monthly
1089,2024-01-02,CA,18-24,Male,
1090,2024-05-01,United Kingdom,45+,Female,Monthly
1091,2024-04-02,United Kingdom,35-44,Female,Monthly
1092,2024-06-27,Nigeria,18-24,male,Monthly
1093,2024-03-04,United Kingdom,45+,Female,Monthly
1094,2024-06-12,NGR,18-24,Male,Monthly
1095,2024-02-29,Nigeria,35-44,Female,Monthly
1096,2024-06-28,United Kingdom,45+,Female,Monthly
1097,2024-01-23,United Kingdom,18-24,Male,Monthly
1098,2024-05-03,Canada,45+,Female,Monthly
1099,2024-01-08,Nigeria,18-24,Male,Monthly
1100,2024-06-20,United Kingdom,35-44,Female,Monthly
1101,2024-05-27,Nigeria,45+,Female,Monthly
1102,2024-05-23,Nigeria,35-44,Female,Monthly
1103,2024-05-31,United Kingdom,18-24,Male,Monthly
1104,2024-01-01,Nigeria,25-34,Female,Monthly
1105,2024-02-02,United Kingdom,35-44,Female,Monthly
1106,2024-03-16,United Kingdom,25-34,Female,Monthly
1107,2024-03-20,Nigeria,25-34,Male,Monthly
1108,2024-06-29,United Kingdom,25-34,Male,Monthly
1109,2024-01-14,Nigeria,35-44,Male,Monthly
1110,2024-05-20,United Kingdom,45+,Male,Monthly
1111,2024-03-13,Canada,25-34,Male,Monthly
1112,2024-05-28,Canada,35-44,Female,Monthly
1113,2024-05-03,Canada,25-34,Male,Monthly
1114,2024-05-27,United Kingdom,25-34,Male,Monthly
1115,2024-01-25,Canada,45+,Male,Monthly
1116,2024-02-08,UK,25-34,Female,Monthly
1117,2024-04-06,United Kingdom,35-44,Male,Monthly
1118,2024-06-16,Nigeria,25/34,Female,Monthly
1119,2024-05-26,Nigeria,18-24,Male,Monthly
1120,2024-06-14,Nigeria,25-34,Female,Monthly
1121,2024-06-28,Nigeria,25 to 34,Male,Monthly
1122,2024-05-29,United Kingdom,18-24,Female,Monthly
1123,2024-06-02,Nigeria,18/24,Male,
1124,2024-01-23,CA,35-44,Male,Monthly
1125,2024-06-17,United Kingdom,25 to 34,Male,Monthly
1126,2024-04-23,Nigeria,35-44,Female,Monthly
1127,2024-06-18,Nigeria,35-44,Male,Monthly
1128,2024-02-25,Nigeria,35-44,Male,Monthly
1129,2024-02-11,Nigeria,25-34,Female,Monthly
1130,2024-03-09,Nigeria,18-24,Male,Monthly
1131,2024-02-09,United Kingdom,25-34,Male,Monthly
1132,2024-01-29,United Kingdom,18-24,Female,Monthly
1133,2024-02-27,Nigeria,18-24,Female,Monthly
1134,2024-03-19,Nigeria,18-24,Male,Monthly
1135,2024-06-04,Nigeria,25-34,Female,Monthly
1136,2024-02-02,Canada,25-34,Female,Monthly
1137,2024-06-12,Nigeria,18-24,Female,Monthly
1138,2024-03-31,Nigeria,25-34,Male,Monthly
1139,2024-01-23,Nigeria,25-34,Male,Monthly
1140,2024-02-12,United Kingdom,45+,Male,Monthly
1141,2024-04-18,Nigeria,45+,Male,Monthly
1142,2024-06-06,CAN,25-34,Male,Monthly
1143,2024-06-18,Nigeria,45+,Male,Monthly
1144,2024-06-21,Nigeria,45+,Female,Monthly
1145,2024-01-14,United Kingdom,25-34,Male,Monthly
1146,2024-01-31,United Kingdom,35-44,MALE,Monthly
1147,2024-06-13,Canada,45+,Female,Monthly
1148,2024-06-06,Canada,25-34,Male,Monthly
1149,2024-01-26,Nigeria,25-34,Female,Monthly
1150,2024-06-17,Nigeria,18-24,Female,Monthly
1151,2024-04-22,Nigeria,18-24,Female,
1152,2024-03-13,United Kingdom,18-24,Male,Monthly
1153,2024-06-19,Nigeria,45+,Male,Monthly
1154,2024-04-12,Canada,25-34,Male,Monthly
1155,2024-02-02,Nigeria,35-44,Male,Monthly
1156,2024-06-01,Nigeria,25-34,Female,Monthly
1157,2024-05-10,Nigeria,35-44,Male,Monthly
1158,2024-06-29,United Kingdom,18-24,Female,Monthly
1159,2024-02-03,Nigeria,25-34,Male,
1160,2024-01-14,United Kingdom,18-24,Male,Monthly
1161,2024-05-10,United Kingdom,25-34,Female,Monthly
1162,2024-01-13,Nigeria,25/34,Female,Monthly
1163,2024-01-26,Nigeria,45+,Female,Monthly
1164,2024-02-03,Nigeria,35-44,Male,Monthly
1165,2024-03-11,United Kingdom,25-34,Female,Monthly
1166,2024-06-16,Nigeria,18-24,Male,Monthly
1167,2024-05-01,Nigeria,25-34,female,Monthly
1168,2024-05-23,Canada,45+,Female,Monthly
1169,2024-05-14,GBR,25-34,Male,Monthly
1170,2024-01-16,Canada,45+,Male,Monthly
1171,2024-05-10,Nigeria,18-24,Male,Monthly
1172,2024-05-31,Nigeria,25-34,Male,Monthly
1173,2024-02-26,Nigeria,25-34,Female,Monthly
1174,2024-02-07,United Kingdom,18-24,Female,Monthly
1175,2024-02-23,Canada,45+,Male,Monthly
1176,2024-05-20,United Kingdom,45+,Male,Monthly
1177,2024-02-26,Canada,35-44,male,Monthly
1178,2024-03-06,Nigeria,45+,Female,Monthly
1179,2024-06-10,United Kingdom,25-34,Female,Monthly
1180,2024-05-02,United Kingdom,18-24,Female,Monthly
1181,2024-02-16,United Kingdom,45+,Female,Monthly
1182,2024-01-19,Canada,18-24,Male,Monthly
1183,2024-01-04,NG,35-44,Male,Monthly
1184,2024-01-22,Nigeria,18-24,Male,
1185,2024-03-27,United Kingdom,25-34,Male,Monthly
1186,2024-05-02,Canada,25-34,Male,Monthly
1187,2024-03-16,Nigeria,18-24,male,
1188,2024-03-31,Canada,25-34,Female,Monthly
1189,2024-01-29,Nigeria,25-34,Male,Monthly
1190,2024-01-22,Canada,45+,Female,Monthly
1191,2024-06-19,United Kingdom,18-24,Female,Monthly
1192,2024-03-08,Nigeria,35-44,female,Monthly
1193,2024-04-09,United Kingdom,25-34,Male,Monthly
1194,2024-03-12,Nigeria,45+,Female,Monthly
1195,2024-06-26,United Kingdom,25-34,Female,Monthly
1196,2024-05-20,Nigeria,25-34,Male,Monthly
1197,2024-06-26,Nigeria,25-34,Female,Monthly
1198,2024-05-01,Nigeria,25-34,Male,Monthly
1199,2024-02-06,Canada,25-34,Male,Monthly
1200,2024-02-05,United Kingdom,18-24,Male,Monthly
1201,2024-06-28,United Kingdom,25-34,Female,Monthly
1202,2024-01-21,United Kingdom,25/34,Male,Monthly
1203,2024-05-15,Nigeria,35-44,Female,Monthly
1204,2024-02-09,United Kingdom,25-34,Male,Monthly
1205,2024-06-23,Nigeria,35-44,Female,Monthly
1206,2024-04-18,United Kingdom,35-44,Female,Monthly
1207,2024-01-15,Canada,25-34,Male,Monthly
1208,2024-06-16,United Kingdom,25-34,Female,Monthly
1209,2024-01-27,United Kingdom,25-34,MALE,Monthly
1210,2024-06-01,Nigeria,18 to 24,Male,Monthly
1211,2024-01-22,Nigeria,25-34,Male,Monthly
1212,2024-03-20,Nigeria,18 to 24,Female,Monthly
1213,2024-04-10,United Kingdom,25-34,Male,Monthly
1214,2024-02-08,United Kingdom,25 to 34,Male,Monthly
1215,2024-02-08,United Kingdom,25-34,Male,Monthly
1216,2024-06-16,Canada,35-44,Male,Monthly
1217,2024-02-03,Canada,25-34,Female,Monthly
1218,2024-06-05,Nigeria,25-34,Female,Monthly
1219,2024-03-20,Nigeria,18-24,Male,Monthly
1220,2024-03-16,Canada,18-24,Female,Monthly
1221,2024-05-01,Nigeria,25-34,Female,Monthly
1222,2024-03-14,Nigeria,18-24,Female,Monthly
1223,2024-06-23,Nigeria,25-34,Female,Monthly
1224,2024-03-03,Nigeria,35-44,Male,Monthly
1225,2024-02-27,United Kingdom,45+,Female,Monthly
1226,2024-02-16,United Kingdom,18-24,Female,Monthly
1227,2024-03-28,Nigeria,18-24,Female,Monthly
1228,2024-04-30,Canada,25-34,Male,Monthly
1229,2024-04-02,United Kingdom,45+,Male,
1230,2024-06-11,United Kingdom,25-34,Female,Monthly
1231,2024-05-14,United Kingdom,45+,FEMALE,Monthly
1232,2024-03-30,United Kingdom,18-24,Female,Monthly
1233,2024-06-26,Canada,25-34,Female,Monthly
1234,2024-03-22,Nigeria,25 to 34,Male,Monthly
1235,2024-06-21,NGR,18-24,Female,Monthly
1236,2024-05-28,Canada,35-44,Female,Monthly
1237,2024-02-25,Nigeria,35-44,Male,
1238,2024-03-19,United Kingdom,18-24,Female,Monthly
1239,2024-05-18,Nigeria,25-34,Female,Monthly
1240,2024-06-01,Nigeria,18-24,Female,Monthly
1241,2024-01-26,Nigeria,35-44,Female,Monthly
1242,2024-06-08,Canada,18-24,Female,
1243,2024-02-24,United Kingdom,45+,Female,Monthly
1244,2024-04-28,United Kingdom,25-34,Male,
1245,2024-05-09,Nigeria,35-44,Female,Monthly
1246,2024-01-02,UK,35-44,Female,Monthly
1247,2024-05-26,Nigeria,25-34,Female,Monthly
1248,2024-05-27,United Kingdom,35-44,Male,Monthly
1249,2024-04-21,Canada,25-34,Female,Monthly
1250,2024-06-09,United Kingdom,35-44,Female,Monthly
1251,2024-06-09,United Kingdom,25-34,Male,Monthly
1252,2024-02-03,Nigeria,18-24,Female,Monthly
1253,2024-05-17,United Kingdom,25-34,Male,Monthly
1254,2024-02-06,Nigeria,25-34,Male,Monthly
1255,2024-03-13,United Kingdom,18-24,Male,Monthly
1256,2024-05-05,Nigeria,25-34,Male,Monthly
1257,2024-03-21,Nigeria,25-34,Female,Monthly
1258,2024-03-28,United Kingdom,18-24,Male,Monthly
1259,2024-02-19,Canada,45+,Female,Monthly
1260,2024-02-25,Canada,18 to 24,Female,Monthly
1261,2024-05-03,Nigeria,25-34,Male,Monthly
1262,2024-04-12,Nigeria,25-34,Female,Monthly
1263,2024-05-30,Nigeria,18-24,Female,Monthly
1264,2024-03-10,Nigeria,25-34,Female,Monthly
1265,2024-01-17,United Kingdom,45+,Female,Monthly
1266,2024-01-30,Nigeria,25-34,Female,Monthly
1267,2024-03-21,NGR,25-34,Female,Monthly
1268,2024-05-23,Nigeria,45+,Female,Monthly
1269,2024-06-14,Canada,25-34,Male,Monthly
1270,2024-03-11,Nigeria,25-34,Female,Monthly
1271,2024-06-13,CAN,25-34,Male,Monthly
1272,2024-05-16,Canada,18/24,Female,Monthly
1273,2024-03-11,Nigeria,35-44,Female,Monthly
1274,2024-06-27,Nigeria,25-34,Male,Monthly
1275,2024-01-13,Canada,18-24,Male,Monthly
1276,2024-02-18,Nigeria,18-24,Male,
1277,2024-01-12,United Kingdom,25-34,Male,Monthly
1278,2024-02-13,United Kingdom,25-34,Female,Monthly
1279,2024-06-20,United Kingdom,35-44,Female,Monthly
1280,2024-05-03,Nigeria,35-44,Female,Monthly
1281,2024-02-22,Nigeria,35-44,Male,Monthly
1282,2024-02-18,Nigeria,35-44,Female,Monthly
1283,2024-03-20,Nigeria,35-44,Female,Monthly
1284,2024-04-25,United Kingdom,25-34,Female,Monthly
1285,2024-05-27,Nigeria,35-44,Male,Monthly
1286,2024-01-08,United Kingdom,18-24,Female,Monthly
1287,2024-02-08,United Kingdom,25-34,Female,Monthly
1288,2024-04-18,United Kingdom,35-44,Male,Monthly
1289,2024-01-13,Nigeria,18-24,female,Monthly
1290,2024-01-26,Nigeria,18-24,Male,Monthly
1291,2024-06-26,United Kingdom,35-44,Male,Monthly
1292,2024-01-25,Canada,35-44,Female,Monthly
1293,2024-06-23,Nigeria,18-24,Male,
1294,2024-01-06,United Kingdom,25-34,Female,Monthly
1295,2024-05-29,United Kingdom,45+,Female,Monthly
1296,2024-03-15,Nigeria,25-34,Male,Monthly
1297,2024-03-26,Nigeria,35-44,Female,Monthly
1298,2024-03-31,United Kingdom,25-34,Female,Monthly
1299,2024-06-24,Nigeria,18-24,Female,Monthly
1300,2024-01-08,Nigeria,25-34,Male,Monthly
1301,2024-04-06,United Kingdom,45+,Male,Monthly
1302,2024-05-14,United Kingdom,45+,Female,Monthly
1303,2024-01-11,Nigeria,25-34,Female,Monthly
1304,2024-01-03,United Kingdom,25-34,Female,Monthly
1305,2024-03-14,United Kingdom,25-34,Male,Monthly
1306,2024-03-19,Nigeria,18 to 24,Male,Monthly
1307,2024-03-13,Canada,25-34,Male,Monthly
1308,2024-02-20,Nigeria,18-24,FEMALE,Monthly
1309,2024-01-26,United Kingdom,25-34,Female,Monthly
1310,2024-02-05,Nigeria,35-44,Female,Monthly
1311,2024-06-09,United Kingdom,25-34,Male,Monthly
1312,2024-05-08,Canada,35-44,Female,Monthly
1313,2024-05-23,Nigeria,25 to 34,Female,Monthly
1314,2024-05-28,Nigeria,35-44,Female,Monthly
1315,2024-06-20,Canada,18 to 24,Female,Monthly
1316,2024-03-10,Nigeria,18-24,Male,Monthly
1317,2024-01-16,Nigeria,35-44,Female,Monthly
1318,2024-05-06,Nigeria,25-34,Male,Monthly
1319,2024-06-08,CA,35-44,Male,Monthly
1320,2024-05-09,Nigeria,25-34,Male,Monthly
1321,2024-05-19,Nigeria,35-44,Male,Monthly
1322,2024-02-17,Nigeria,35-44,Male,Monthly
1323,2024-03-15,Canada,25-34,Male,Monthly
1324,2024-01-28,Canada,35-44,Female,Monthly
1325,2024-03-18,Nigeria,18 to 24,Female,Monthly
1326,2024-04-29,NG,45+,Female,Monthly
1327,2024-06-29,Nigeria,25-34,Male,Monthly
1328,2024-02-05,Canada,25-34,Female,Monthly
1329,2024-04-30,United Kingdom,25-34,Female,Monthly
1330,2024-03-23,United Kingdom,18-24,Female,Monthly
1331,2024-02-10,Nigeria,45+,Male,Monthly
1332,2024-03-01,Nigeria,45+,Male,Monthly
1333,2024-03-05,Nigeria,18-24,Male,Monthly
1334,2024-03-23,Nigeria,45+,Male,Monthly
1335,2024-04-22,United Kingdom,25-34,Male,Monthly
1336,2024-01-07,United Kingdom,18-24,Male,Monthly
1337,2024-05-25,United Kingdom,35-44,Female,Monthly
1338,2024-02-23,United Kingdom,18-24,Female,Monthly
1339,2024-04-22,United Kingdom,35-44,Male,Monthly
1340,2024-05-07,Nigeria,18-24,Female,Monthly
1341,2024-04-01,Nigeria,25-34,Female,Monthly
1342,2024-01-15,United Kingdom,25-34,Female,Monthly
1343,2024-04-17,Nigeria,18-24,Male,Monthly
1344,2024-06-18,Nigeria,45+,Female,Monthly
1345,2024-01-19,United Kingdom,25-34,Male,Monthly
1346,2024-01-11,Nigeria,25-34,Male,Monthly
1347,2024-01-15,United Kingdom,18 to 24,Male,Monthly
1348,2024-01-05,United Kingdom,35-44,Female,Monthly
1349,2024-01-30,Canada,25-34,Female,Monthly
1350,2024-03-01,Canada,45+,Female,Monthly
1351,2024-01-04,Nigeria,45+,MALE,Monthly
1352,2024-06-03,United Kingdom,25-34,Male,Monthly
1353,2024-01-20,United Kingdom,35-44,Male,Monthly
1354,2024-03-18,Nigeria,25-34,Male,Monthly
1355,2024-05-18,Nigeria,25-34,Female,Monthly
1356,2024-02-05,Nigeria,18-24,Female,Monthly
1357,2024-03-01,United Kingdom,18-24,Male,Monthly
1358,2024-05-30,Nigeria,25-34,Male,Monthly
1359,2024-04-07,Nigeria,18-24,Female,Monthly
1360,2024-01-09,NGR,35-44,Male,Monthly
1361,2024-03-28,Nigeria,35-44,Male,Monthly
1362,2024-05-21,United Kingdom,35-44,Male,Monthly
1363,2024-05-25,Canada,25-34,Female,Monthly
1364,2024-01-04,Nigeria,18-24,Male,Monthly
1365,2024-04-11,United Kingdom,25 to 34,Female,Monthly
1366,2024-05-25,United Kingdom,18-24,Male,
1367,2024-04-01,Nigeria,25-34,male,Monthly
1368,2024-04-22,United Kingdom,45+,Female,Monthly
1369,2024-06-07,Nigeria,18-24,Male,Monthly
1370,2024-01-11,Canada,25-34,Female,Monthly
1371,2024-03-31,Canada,35-44,Male,Monthly
1372,2024-03-01,Nigeria,25-34,Male,Monthly
1373,2024-02-06,United Kingdom,45+,Female,Monthly
1374,2024-03-16,NG,25-34,Female,
1375,2024-05-10,Nigeria,35-44,Male,Monthly
1376,2024-01-09,Nigeria,35-44,Female,Monthly
1377,2024-05-27,United Kingdom,25-34,Male,Monthly
1378,2024-06-17,Nigeria,35-44,Male,Monthly
1379,2024-04-02,Nigeria,25-34,Male,Monthly
1380,2024-03-31,Canada,25-34,Female,Monthly
1381,2024-02-02,Nigeria,25-34,Female,Monthly
1382,2024-03-28,Nigeria,35-44,Female,Monthly
1383,2024-04-26,United Kingdom,45+,Male,Monthly
1384,2024-02-02,UK,35-44,Female,Monthly
1385,2024-03-31,Nigeria,45+,Female,Monthly
1386,2024-06-06,Canada,25-34,Female,Monthly
1387,2024-04-21,Nigeria,35-44,Female,Monthly
1388,2024-01-02,Nigeria,18-24,Male,Monthly
1389,2024-01-25,NGR,45+,Female,Monthly
1390,2024-01-11,Nigeria,45+,Male,Monthly
1391,2024-03-13,Nigeria,18-24,Female,Monthly
1392,2024-01-28,Nigeria,45+,Female,Monthly
1393,2024-01-11,Canada,18-24,male,Monthly
1394,2024-05-26,Nigeria,45+,Female,Monthly
1395,2024-04-20,Nigeria,25-34,Male,Monthly
1396,2024-02-26,Canada,35-44,Female,Monthly
1397,2024-03-21,United Kingdom,35/44,Male,Monthly
1398,2024-06-18,Nigeria,35-44,Male,Monthly
1399,2024-02-26,Nigeria,45+,Female,Monthly
1400,2024-06-11,United Kingdom,18-24,Female,
1401,2024-06-05,Nigeria,25-34,Male,Monthly
1402,2024-05-03,United Kingdom,35-44,Male,Monthly
1403,2024-06-10,United Kingdom,25-34,Female,Monthly
1404,2024-04-24,United Kingdom,25-34,Female,Monthly
1405,2024-04-11,Nigeria,25-34,Male,Monthly
1406,2024-01-08,Nigeria,35-44,Female,Monthly
1407,2024-03-22,United Kingdom,25-34,Female,Monthly
1408,2024-03-27,Nigeria,35-44,Female,Monthly
1409,2024-01-29,Nigeria,35-44,Male,
1410,2024-01-24,Canada,35-44,Male,Monthly
1411,2024-04-02,United Kingdom,25-34,Male,Monthly
1412,2024-04-05,Nigeria,35-44,Female,
1413,2024-05-14,Nigeria,35-44,Male,Monthly
1414,2024-06-25,Canada,35-44,Male,Monthly
1415,2024-03-10,United Kingdom,35-44,Male,Monthly
1416,2024-05-18,Canada,18-24,Male,Monthly
1417,2024-04-18,Nigeria,35/44,Female,Monthly
1418,2024-04-19,Canada,25-34,Female,Monthly
1419,2024-05-07,Nigeria,25-34,Male,Monthly
1420,2024-02-29,United Kingdom,25-34,Male,Monthly
1421,2024-02-13,Nigeria,18-24,Male,Monthly
1422,2024-05-25,Nigeria,25-34,Female,Monthly
1423,2024-06-25,NG,18-24,Male,Monthly
1424,2024-06-15,Canada,25-34,Female,Monthly
1425,2024-04-18,United Kingdom,45+,Male,Monthly
1426,2024-01-30,United Kingdom,18 to 24,Male,Monthly
1427,2024-05-20,Nigeria,18/24,Female,Monthly
1428,2024-06-06,Nigeria,25-34,Female,Monthly
1429,2024-03-05,Nigeria,25-34,Female,Monthly
1430,2024-05-01,Nigeria,18 to 24,Male,Monthly
1431,2024-02-18,Nigeria,25-34,Male,Monthly
1432,2024-06-11,Canada,18-24,Male,Monthly
1433,2024-03-19,United Kingdom,25-34,Female,Monthly
1434,2024-02-09,United Kingdom,18-24,Male,Monthly
1435,2024-05-31,Nigeria,25-34,Female,Monthly
1436,2024-02-29,United Kingdom,18-24,Male,Monthly
1437,2024-01-14,United Kingdom,25-34,Male,Monthly
1438,2024-04-10,Nigeria,25-34,Male,Monthly
1439,2024-02-24,Nigeria,45+,Male,Monthly
1440,2024-03-05,Nigeria,25-34,Female,
1441,2024-06-20,Nigeria,45+,Female,Monthly
1442,2024-02-15,United Kingdom,25-34,Male,Monthly
1443,2024-04-04,NGR,25-34,FEMALE,Monthly
1444,2024-06-27,United Kingdom,18-24,Female,
1445,2024-06-10,Nigeria,45+,Female,Monthly
1446,2024-01-08,Canada,18-24,Male,Monthly
1447,2024-01-31,United Kingdom,25-34,Male,Monthly
1448,2024-01-05,Nigeria,35-44,Male,Monthly
1449,2024-06-19,Canada,25-34,Female,Monthly
1450,2024-01-22,United Kingdom,35-44,Male,Monthly
1451,2024-05-23,Canada,25-34,Male,Monthly
1452,2024-01-24,Nigeria,18-24,Female,
1453,2024-02-25,Nigeria,35-44,Male,Monthly
1454,2024-02-03,United Kingdom,35-44,Male,Monthly
1455,2024-02-18,United Kingdom,25-34,Female,Monthly
1456,2024-05-28,Canada,25-34,Male,Monthly
1457,2024-05-29,United Kingdom,18-24,Male,Monthly
1458,2024-06-28,Nigeria,25-34,Female,Monthly
1459,2024-04-29,United Kingdom,25-34,Male,Monthly
1460,2024-04-05,Canada,25-34,Female,Monthly
1461,2024-01-03,Nigeria,45+,Female,Monthly
1462,2024-04-29,Nigeria,25-34,Female,Monthly
1463,2024-05-01,Nigeria,35-44,Female,Monthly
1464,2024-02-29,Nigeria,18-24,Female,Monthly
1465,2024-02-11,Nigeria,25-34,Female,Monthly
1466,2024-05-25,Nigeria,45+,Male,Monthly
1467,2024-02-06,United Kingdom,35-44,female,Monthly
1468,2024-01-21,United Kingdom,25-34,Male,Monthly
1469,2024-02-10,United Kingdom,18-24,Female,Monthly
1470,2024-06-29,Nigeria,35-44,Female,Monthly
1471,2024-03-13,United Kingdom,35-44,Female,Monthly
1472,2024-05-30,Canada,35 to 44,Female,Monthly
1473,2024-01-01,Nigeria,25-34,Female,Monthly
1474,2024-03-18,Nigeria,18-24,Male,Monthly
1475,2024-05-03,Nigeria,35 to 44,Female,Monthly
1476,2024-01-22,Canada,25-34,Male,Monthly
1477,2024-05-27,CAN,25-34,Male,Monthly
1478,2024-06-11,Nigeria,25-34,Female,Monthly
1479,2024-04-03,Nigeria,35-44,Female,Monthly
1480,2024-03-27,United Kingdom,18-24,Male,Monthly
1481,2024-04-28,Canada,25-34,Female,Monthly
1482,2024-03-27,CAN,25-34,Female,Monthly
1483,2024-03-17,United Kingdom,25-34,MALE,Monthly
1484,2024-02-02,Canada,25-34,Male,Monthly
1485,2024-05-14,Nigeria,45+,male,Monthly
1486,2024-06-12,GBR,25-34,Male,Monthly
1487,2024-04-20,Nigeria,35-44,Male,Monthly
1488,2024-01-13,Canada,35-44,Male,Monthly
1489,2024-06-20,Nigeria,25-34,Male,
1490,2024-04-16,Canada,18-24,Male,Monthly
1491,2024-01-05,Nigeria,25-34,Male,Monthly
1492,2024-06-11,Nigeria,25-34,Female,Monthly
1493,2024-04-23,United Kingdom,25-34,Female,Monthly
1494,2024-01-09,Nigeria,25-34,Female,Monthly
1495,2024-05-15,Canada,25-34,Male,
1496,2024-05-24,NGR,35-44,Male,Monthly
1497,2024-05-17,Nigeria,25-34,Male,Monthly
1498,2024-02-15,Nigeria,25-34,Male,Monthly
1499,2024-04-17,Nigeria,35-44,Female,Monthly
1500,2024-05-16,Nigeria,25-34,Female,Monthly
1501,2024-02-15,Canada,18/24,Female,Monthly
1502,2024-06-16,United Kingdom,25-34,male,Monthly
1503,2024-04-14,Nigeria,25-34,Male,Monthly
1504,2024-01-06,Nigeria,45+,Male,Monthly
1505,2024-03-02,United Kingdom,25-34,Male,Monthly
1506,2024-04-28,Nigeria,25-34,Male,Monthly
1507,2024-01-29,Canada,25-34,Female,Monthly
1508,2024-01-09,Nigeria,18-24,Male,Monthly
1509,2024-05-17,Nigeria,45+,Female,
1510,2024-01-16,Nigeria,35-44,Female,Monthly
1511,2024-02-01,Nigeria,25-34,Female,Monthly
1512,2024-06-17,United Kingdom,25-34,Male,Monthly
1513,2024-06-30,Nigeria,25-34,Male,Monthly
1514,2024-05-25,United Kingdom,35/44,Female,
1515,2024-03-15,United Kingdom,25-34,Female,Monthly
1516,2024-06-26,Nigeria,18-24,Female,Monthly
1517,2024-02-07,Nigeria,25-34,Male,Monthly
1518,2024-02-13,Nigeria,25-34,Female,Monthly
1519,2024-05-04,United Kingdom,45+,Female,Monthly
1520,2024-03-20,United Kingdom,25-34,Male,Monthly
1521,2024-04-27,UK,25-34,Male,Monthly
1522,2024-01-26,United Kingdom,25-34,Male,Monthly
1523,2024-01-15,Nigeria,45+,Male,Monthly
1524,2024-04-26,Nigeria,25-34,Male,Monthly
1525,2024-02-03,Canada,45+,Male,Monthly
1526,2024-01-14,United Kingdom,18-24,Female,Monthly
1527,2024-05-30,Nigeria,18-24,Male,Monthly
1528,2024-04-23,United Kingdom,35-44,Male,Monthly
1529,2024-04-14,Canada,25-34,Male,Monthly
1530,2024-05-16,United Kingdom,25-34,Female,Monthly
1531,2024-03-22,Canada,25-34,Male,Monthly
1532,2024-04-23,Nigeria,18-24,Female,Monthly
1533,2024-05-08,United Kingdom,25-34,Male,Monthly
1534,2024-02-09,United Kingdom,25-34,Male,Monthly
1535,2024-05-12,Nigeria,25-34,Male,Monthly
1536,2024-03-18,Canada,25-34,Female,Monthly
1537,2024-04-10,United Kingdom,25/34,FEMALE,Monthly
1538,2024-03-11,United Kingdom,45+,Male,Monthly
1539,2024-01-07,United Kingdom,35-44,Female,Monthly
1540,2024-04-22,Nigeria,35-44,Male,Monthly
1541,2024-01-12,United Kingdom,45+,Female,Monthly
1542,2024-01-15,Nigeria,18-24,Female,Monthly
1543,2024-01-19,Canada,45+,Male,Monthly
1544,2024-05-23,Nigeria,25-34,Female,Monthly
1545,2024-02-05,Nigeria,35-44,Female,Monthly
1546,2024-04-24,Nigeria,45+,Female,Monthly
1547,2024-06-29,Nigeria,35-44,Male,Monthly
1548,2024-05-04,Nigeria,25-34,Female,Monthly
1549,2024-05-09,Nigeria,45+,Female,Monthly
1550,2024-05-24,Canada,35-44,Male,Monthly
1551,2024-04-29,Canada,25-34,Male,Monthly
1552,2024-02-08,Nigeria,25-34,Female,Monthly
1553,2024-04-12,United Kingdom,45+,female,Monthly
1554,2024-02-27,United Kingdom,25-34,Male,Monthly
1555,2024-05-27,United Kingdom,45+,Female,
1556,2024-05-18,Nigeria,35-44,Male,Monthly
1557,2024-04-18,United Kingdom,25-34,Male,
1558,2024-04-06,Nigeria,18 to 24,Female,Monthly
1559,2024-04-12,Nigeria,25-34,Male,Monthly
1560,2024-02-23,Nigeria,18-24,Male,Monthly
1561,2024-01-24,Nigeria,25-34,Male,Monthly
1562,2024-04-17,Nigeria,25-34,Male,Monthly
1563,2024-06-15,United Kingdom,45+,Female,Monthly
1564,2024-03-11,UK,18-24,Female,
1565,2024-04-30,Nigeria,18-24,Male,Monthly
1566,2024-02-10,United Kingdom,35-44,Female,Monthly
1567,2024-01-29,United Kingdom,25/34,Male,Monthly
1568,2024-01-08,Canada,35-44,female,Monthly
1569,2024-06-02,Nigeria,25-34,Male,Monthly
1570,2024-01-29,United Kingdom,45+,Female,Monthly
1571,2024-04-30,United Kingdom,25-34,Male,Monthly
1572,2024-05-26,Nigeria,25-34,Male,Monthly
1573,2024-04-13,Nigeria,35-44,Male,Monthly
1574,2024-04-28,Canada,25-34,Female,Monthly
1575,2024-04-05,Canada,25-34,MALE,Monthly
1576,2024-01-04,Nigeria,45+,Male,Monthly
1577,2024-03-29,Nigeria,25-34,Female,Monthly
1578,2024-05-19,Nigeria,35-44,Female,Monthly
1579,2024-05-04,Nigeria,25-34,Male,Monthly
1580,2024-04-03,Canada,18/24,Female,Monthly
1581,2024-03-16,United Kingdom,18-24,Male,Monthly
1582,2024-05-10,Canada,25-34,MALE,Monthly
1583,2024-05-15,Nigeria,25-34,Male,Monthly
1584,2024-01-26,Nigeria,25-34,Male,Monthly
1585,2024-06-05,GBR,25-34,Male,Monthly
1586,2024-04-29,Canada,45+,Female,Monthly
1587,2024-06-05,United Kingdom,25-34,Female,Monthly
1588,2024-03-03,United Kingdom,35-44,Male,Monthly
1589,2024-03-11,Nigeria,18-24,Female,Monthly
1590,2024-06-21,Nigeria,25-34,Male,Monthly
1591,2024-04-22,Canada,25-34,Female,Monthly
1592,2024-01-11,United Kingdom,45+,Female,Monthly
1593,2024-02-27,Nigeria,35-44,Female,Monthly
1594,2024-06-19,Nigeria,45+,male,Monthly
1595,2024-03-11,Nigeria,35-44,Female,Monthly
1596,2024-01-26,United Kingdom,18-24,Female,Monthly
1597,2024-06-30,United Kingdom,18-24,Female,Monthly
1598,2024-01-28,Nigeria,18-24,Female,Monthly
1599,2024-06-21,Canada,25-34,Male,
1600,2024-05-26,Nigeria,45+,Female,Monthly
1601,2024-01-07,Canada,35-44,Female,Monthly
1602,2024-04-26,Nigeria,35-44,Female,Monthly
1603,2024-01-13,United Kingdom,25-34,Male,Monthly
1604,2024-03-30,Nigeria,35-44,Female,Monthly
1605,2024-03-19,United Kingdom,25-34,Male,Monthly
1606,2024-02-21,Nigeria,35-44,Male,Monthly
1607,2024-03-23,Nigeria,45+,Male,Monthly
1608,2024-05-17,United Kingdom,35-44,Female,Monthly
1609,2024-02-07,Nigeria,45+,Female,Monthly
1610,2024-01-22,United Kingdom,35-44,Female,Monthly
1611,2024-02-27,Canada,18-24,Female,Monthly
1612,2024-03-16,Nigeria,18/24,Male,Monthly
1613,2024-05-12,United Kingdom,25-34,Male,Monthly
1614,2024-03-08,United Kingdom,35-44,Female,Monthly
1615,2024-02-04,Nigeria,45+,Male,Monthly
1616,2024-05-09,Canada,45+,Male,Monthly
1617,2024-06-14,Nigeria,35-44,Female,Monthly
1618,2024-05-07,United Kingdom,35-44,FEMALE,Monthly
1619,2024-05-02,Nigeria,45+,Male,Monthly
1620,2024-01-08,Nigeria,45+,Female,Monthly
1621,2024-03-20,United Kingdom,35-44,Male,Monthly
1622,2024-05-18,Nigeria,18-24,Female,Monthly
1623,2024-01-19,United Kingdom,25-34,Female,Monthly
1624,2024-01-08,Nigeria,35-44,Male,Monthly
1625,2024-04-07,Nigeria,35-44,Female,Monthly
1626,2024-05-07,Nigeria,45+,Female,Monthly
1627,2024-01-25,Nigeria,25/34,Male,Monthly
1628,2024-01-01,GBR,18-24,Female,Monthly
1629,2024-02-14,Nigeria,45+,Female,Monthly
1630,2024-05-26,Nigeria,25-34,Male,Monthly
1631,2024-01-10,United Kingdom,18-24,Female,Monthly
1632,2024-06-23,Nigeria,18-24,Female,Monthly
1633,2024-06-17,Nigeria,45+,Female,Monthly
1634,2024-02-06,United Kingdom,25-34,Female,Monthly
1635,2024-06-17,Canada,35-44,Female,Monthly
1636,2024-05-24,United Kingdom,45+,Female,Monthly
1637,2024-02-20,Canada,18-24,Female,Monthly
1638,2024-05-23,Nigeria,18-24,Female,Monthly
1639,2024-01-11,Nigeria,25-34,Male,Monthly
1640,2024-01-13,Canada,35-44,Male,Monthly
1641,2024-06-24,Nigeria,35-44,Male,Monthly
1642,2024-01-26,United Kingdom,45+,Male,Monthly
1643,2024-06-12,Nigeria,25-34,Female,Monthly
1644,2024-03-02,Nigeria,18-24,Female,Monthly
1645,2024-04-12,Nigeria,25-34,Male,Monthly
1646,2024-06-30,United Kingdom,35-44,Female,Monthly
1647,2024-01-03,United Kingdom,25-34,Female,Monthly
1648,2024-01-03,United Kingdom,25-34,Female,Monthly
1649,2024-01-30,Nigeria,18-24,Male,Monthly
1650,2024-06-26,Canada,45+,Female,Monthly
1651,2024-02-21,Nigeria,25-34,Male,Monthly
1652,2024-01-29,Canada,25-34,Female,Monthly
1653,2024-04-04,United Kingdom,25-34,male,Monthly
1654,2024-01-04,Canada,18-24,Female,Monthly
1655,2024-01-15,Canada,45+,Male,Monthly
1656,2024-04-22,Nigeria,25 to 34,Male,Monthly
1657,2024-02-06,Nigeria,25-34,Female,Monthly
1658,2024-02-13,NG,35-44,Male,
1659,2024-04-09,Nigeria,25-34,Male,Monthly
1660,2024-05-01,Nigeria,18-24,Male,Monthly
1661,2024-06-05,Canada,35-44,Male,Monthly
1662,2024-04-02,Canada,25-34,Female,Monthly
1663,2024-04-04,Canada,45+,FEMALE,Monthly
1664,2024-02-02,United Kingdom,45+,Male,Monthly
1665,2024-04-09,Nigeria,25-34,Female,Monthly
1666,2024-02-18,Canada,25-34,Male,Monthly
1667,2024-04-14,Nigeria,25-34,Female,Monthly
1668,2024-06-08,Nigeria,25-34,Female,Monthly
1669,2024-04-23,United Kingdom,18 to 24,Female,Monthly
1670,2024-05-27,Canada,35-44,Male,Monthly
1671,2024-05-04,Canada,35-44,Male,Monthly
1672,2024-01-22,Canada,35 to 44,Male,Monthly
1673,2024-04-01,Nigeria,25-34,Male,Monthly
1674,2024-04-24,United Kingdom,25-34,Female,Monthly
1675,2024-01-31,Nigeria,18-24,Male,Monthly
1676,2024-03-04,Canada,35-44,Female,Monthly
1677,2024-05-01,NGR,45+,Male,Monthly
1678,2024-01-06,Nigeria,25-34,Male,Monthly
1679,2024-02-04,Nigeria,18-24,Female,Monthly
1680,2024-03-23,United Kingdom,45+,Male,Monthly
1681,2024-05-31,United Kingdom,18-24,Female,Monthly
1682,2024-02-12,Nigeria,25-34,Male,Monthly
1683,2024-06-17,Nigeria,25-34,Male,Monthly
1684,2024-01-05,United Kingdom,35-44,Male,Monthly
1685,2024-03-26,Nigeria,35-44,Female,Monthly
1686,2024-03-07,Nigeria,45+,Male,Monthly
1687,2024-03-22,CA,35-44,Male,Monthly
1688,2024-01-17,Nigeria,18-24,Male,
1689,2024-03-28,Nigeria,35-44,Male,Monthly
1690,2024-03-25,United Kingdom,35-44,Female,Monthly
1691,2024-01-24,Nigeria,18 to 24,Male,Monthly
1692,2024-06-09,Canada,25-34,Male,Monthly
1693,2024-06-22,United Kingdom,25-34,Male,Monthly
1694,2024-05-18,Nigeria,25-34,Male,Monthly
1695,2024-02-28,United Kingdom,35-44,Female,Monthly
1696,2024-03-05,Nigeria,25-34,Female,Monthly
1697,2024-02-11,United Kingdom,25-34,Female,Monthly
1698,2024-04-24,United Kingdom,18 to 24,Female,Monthly
1699,2024-06-04,Nigeria,35-44,Female,Monthly
1700,2024-03-17,United Kingdom,25-34,Female,Monthly
1701,2024-04-14,Nigeria,35-44,Male,Monthly
1702,2024-04-28,Canada,45+,Female,
1703,2024-04-07,United Kingdom,35-44,male,Monthly
1704,2024-01-05,Nigeria,25-34,MALE,Monthly
1705,2024-05-04,United Kingdom,25-34,Female,Monthly
1706,2024-01-28,Nigeria,25-34,Male,Monthly
1707,2024-04-16,Canada,35-44,Female,Monthly
1708,2024-06-02,United Kingdom,35-44,Female,Monthly
1709,2024-05-01,Nigeria,25-34,Female,Monthly
1710,2024-03-21,Nigeria,45+,Male,Monthly
1711,2024-02-02,Canada,35-44,Female,Monthly
1712,2024-03-04,NG,35-44,Male,Monthly
1713,2024-05-05,Canada,18-24,Female,Monthly
1714,2024-03-11,Nigeria,35-44,Female,Monthly
1715,2024-06-07,Canada,25-34,Male,Monthly
1716,2024-06-14,Nigeria,35-44,Male,Monthly
1717,2024-05-09,United Kingdom,25-34,Male,
1718,2024-03-16,Nigeria,25 to 34,Female,Monthly
1719,2024-02-07,United Kingdom,35-44,Female,Monthly
1720,2024-02-20,United Kingdom,25-34,Female,Monthly
1721,2024-03-24,Nigeria,18-24,Male,Monthly
1722,2024-04-11,United Kingdom,35-44,Female,Monthly
1723,2024-01-15,Nigeria,45+,Male,Monthly
1724,2024-03-01,Nigeria,25-34,Male,Monthly
1725,2024-05-19,Canada,25-34,Male,Monthly
1726,2024-04-24,Canada,35-44,Male,Monthly
1727,2024-06-27,United Kingdom,18-24,Male,Monthly
1728,2024-03-23,Nigeria,25-34,Male,Monthly
1729,2024-06-27,United Kingdom,35-44,male,Monthly
1730,2024-01-21,Nigeria,25-34,Male,Monthly
1731,2024-06-08,Nigeria,45+,Male,Monthly
1732,2024-03-24,United Kingdom,25-34,Female,Monthly
1733,2024-01-29,Nigeria,25-34,Female,Monthly
1734,2024-06-21,United Kingdom,35-44,Female,Monthly
1735,2024-03-05,NG,25/34,Male,Monthly
1736,2024-04-27,United Kingdom,35-44,Female,Monthly
1737,2024-06-19,United Kingdom,35-44,Female,Monthly
1738,2024-03-11,United Kingdom,45+,Male,Monthly
1739,2024-06-14,Nigeria,25-34,Male,Monthly
1740,2024-01-09,Nigeria,25-34,Male,Monthly
1741,2024-06-11,GBR,18-24,Male,Monthly
1742,2024-05-28,NGR,25-34,Male,Monthly
1743,2024-06-22,Nigeria,18/24,Male,Monthly
1744,2024-01-12,Nigeria,25-34,Male,Monthly
1745,2024-01-07,Canada,35-44,Male,Monthly
1746,2024-04-21,United Kingdom,45+,Male,Monthly
1747,2024-06-02,Nigeria,25-34,Female,Monthly
1748,2024-06-12,Nigeria,25-34,Male,Monthly
1749,2024-06-21,Nigeria,18-24,Female,Monthly
1750,2024-03-26,Nigeria,45+,Female,Monthly
1751,2024-06-09,Nigeria,25-34,Male,Monthly
1752,2024-02-22,Nigeria,45+,Male,Monthly
1753,2024-05-27,Nigeria,25 to 34,Male,Monthly
1754,2024-03-26,Canada,35-44,Male,Monthly
1755,2024-03-30,Canada,25-34,Female,Monthly
1756,2024-02-18,Nigeria,35-44,Male,Monthly
1757,2024-03-19,United Kingdom,35-44,Male,Monthly
1758,2024-01-08,United Kingdom,18-24,Male,Monthly
1759,2024-04-18,GBR,45+,Female,Monthly
1760,2024-05-30,Canada,25-34,Female,Monthly
1761,2024-01-08,United Kingdom,25-34,Female,Monthly
1762,2024-06-07,Nigeria,35-44,Female,Monthly
1763,2024-01-23,United Kingdom,35-44,Female,Monthly
1764,2024-03-27,GBR,25-34,Male,Monthly
1765,2024-04-15,United Kingdom,25-34,Female,
1766,2024-02-16,Nigeria,18-24,Female,Monthly
1767,2024-01-31,Nigeria,25-34,Male,Monthly
1768,2024-04-19,Nigeria,35-44,Female,Monthly
1769,2024-06-16,NG,25-34,Male,Monthly
1770,2024-04-23,Nigeria,25-34,Female,Monthly
1771,2024-04-03,Canada,25-34,Male,Monthly
1772,2024-01-09,United Kingdom,25-34,Male,Monthly
1773,2024-05-09,Canada,25-34,Female,Monthly
1774,2024-04-24,Canada,35-44,Male,Monthly
1775,2024-01-30,Nigeria,25-34,Male,Monthly
1776,2024-05-10,Nigeria,25-34,Male,
1777,2024-03-03,Nigeria,25-34,Male,Monthly
1778,2024-05-21,United Kingdom,18-24,Male,Monthly
1779,2024-01-18,Nigeria,45+,Male,Monthly
1780,2024-04-02,United Kingdom,35-44,Female,Monthly
1781,2024-01-08,Nigeria,35-44,Female,Monthly
1782,2024-02-02,United Kingdom,35-44,Male,Monthly
1783,2024-05-13,United Kingdom,25-34,male,Monthly
1784,2024-01-11,Nigeria,35-44,Male,Monthly
1785,2024-06-03,United Kingdom,35-44,Female,Monthly
1786,2024-01-24,United Kingdom,25-34,Male,Monthly
1787,2024-03-14,Nigeria,45+,Female,Monthly
1788,2024-03-19,Nigeria,25-34,Male,Monthly
1789,2024-02-05,Nigeria,35-44,Male,Monthly
1790,2024-04-28,Nigeria,25-34,Female,Monthly
1791,2024-06-11,United Kingdom,25-34,Male,Monthly
1792,2024-05-25,United Kingdom,35-44,Female,Monthly
1793,2024-04-10,Nigeria,35 to 44,Female,Monthly
1794,2024-05-20,United Kingdom,45+,Female,Monthly
1795,2024-05-05,Canada,35-44,Female,Monthly
1796,2024-01-14,Nigeria,35-44,Female,Monthly
1797,2024-06-24,United Kingdom,45+,male,Monthly
1798,2024-03-02,Nigeria,25-34,Female,Monthly
1799,2024-05-21,Canada,18-24,Male,Monthly
1800,2024-01-24,Nigeria,45+,Male,Monthly
1801,2024-02-26,United Kingdom,35-44,Male,Monthly
1802,2024-03-19,Nigeria,25-34,Male,Monthly
1803,2024-04-23,United Kingdom,25-34,Male,Monthly
1804,2024-06-21,United Kingdom,25-34,Female,Monthly
1805,2024-06-04,Canada,35-44,Female,Monthly
1806,2024-02-23,United Kingdom,35-44,Male,Monthly
1807,2024-04-30,Nigeria,35-44,Female,Monthly
1808,2024-03-29,Canada,25/34,Male,Monthly
1809,2024-02-28,Nigeria,25-34,Female,Monthly
1810,2024-04-07,Canada,35-44,Male,Monthly
1811,2024-05-14,United Kingdom,25-34,Male,Monthly
1812,2024-03-20,Nigeria,25-34,Male,Monthly
1813,2024-04-30,Canada,25-34,Male,Monthly
1814,2024-01-26,United Kingdom,18-24,Male,Monthly
1815,2024-02-09,Nigeria,35-44,Female,Monthly
1816,2024-01-06,Canada,25-34,Female,Monthly
1817,2024-06-04,Nigeria,25-34,Male,Monthly
1818,2024-02-11,Nigeria,35-44,Male,
1819,2024-05-05,United Kingdom,25-34,Female,Monthly
1820,2024-05-27,Canada,35-44,Female,Monthly
1821,2024-01-10,United Kingdom,18-24,Female,Monthly
1822,2024-03-17,United Kingdom,25-34,FEMALE,Monthly
1823,2024-05-31,Nigeria,25-34,Male,Monthly
1824,2024-04-22,United Kingdom,45+,Male,Monthly
1825,2024-01-14,Nigeria,25-34,Male,Monthly
1826,2024-04-08,Nigeria,25-34,Female,Monthly
1827,2024-05-02,Nigeria,18-24,Female,
1828,2024-05-23,Nigeria,18/24,Male,
1829,2024-06-05,United Kingdom,25-34,female,Monthly
1830,2024-05-11,United Kingdom,25 to 34,Female,Monthly
1831,2024-02-09,Nigeria,45+,Male,Monthly
1832,2024-02-20,Nigeria,18-24,FEMALE,
1833,2024-05-25,Nigeria,18-24,Male,Monthly
1834,2024-01-17,Nigeria,18/24,Male,Monthly
1835,2024-05-06,Nigeria,45+,Male,Monthly
1836,2024-03-07,Nigeria,45+,Female,Monthly
1837,2024-06-19,Nigeria,25-34,Female,Monthly
1838,2024-01-06,United Kingdom,25-34,Male,Monthly
1839,2024-05-31,Nigeria,18-24,Female,Monthly
1840,2024-03-04,Canada,45+,Male,Monthly
1841,2024-03-25,Nigeria,25-34,Female,Monthly
1842,2024-01-15,Nigeria,45+,Female,
1843,2024-03-01,United Kingdom,18-24,Female,Monthly
1844,2024-03-14,Nigeria,35-44,Female,Monthly
1845,2024-01-22,United Kingdom,18/24,Male,Monthly
1846,2024-01-01,Nigeria,45+,Male,Monthly
1847,2024-01-23,Nigeria,35-44,female,Monthly
1848,2024-02-19,Canada,35-44,Male,Monthly
1849,2024-05-14,Nigeria,35-44,Female,Monthly
1850,2024-06-28,United Kingdom,35-44,Male,Monthly
1851,2024-06-26,Nigeria,35-44,Female,Monthly
1852,2024-03-01,United Kingdom,25-34,Female,Monthly
1853,2024-01-16,Nigeria,18-24,Male,Monthly
1854,2024-03-26,Canada,25-34,Male,Monthly
1855,2024-02-23,Canada,45+,Female,Monthly
1856,2024-03-05,United Kingdom,18-24,Male,Monthly
1857,2024-03-24,Nigeria,25-34,Female,Monthly
1858,2024-02-12,United Kingdom,18-24,Male,Monthly
1859,2024-06-03,Canada,25-34,Male,
1860,2024-03-28,NGR,35-44,Male,Monthly
1861,2024-03-26,Nigeria,25-34,Male,Monthly
1862,2024-01-11,Nigeria,25-34,Male,Monthly
1863,2024-01-05,Canada,25-34,Male,Monthly
1864,2024-06-04,Nigeria,45+,Female,Monthly
1865,2024-06-20,Nigeria,35-44,Male,Monthly
1866,2024-01-01,Nigeria,25-34,Female,Monthly
1867,2024-06-12,United Kingdom,18-24,Female,Monthly
1868,2024-03-01,Canada,35-44,Female,Monthly
1869,2024-01-21,Canada,35-44,Male,Monthly
1870,2024-03-15,Canada,18-24,Female,Monthly
1871,2024-03-14,United Kingdom,35-44,Male,Monthly
1872,2024-01-01,Nigeria,45+,Male,Monthly
1873,2024-04-25,United Kingdom,18-24,Male,Monthly
1874,2024-03-12,Nigeria,35-44,Female,Monthly
1875,2024-06-07,Nigeria,35-44,Female,Monthly
1876,2024-06-25,Nigeria,25-34,Male,
1877,2024-04-20,Canada,35-44,Female,Monthly
1878,2024-06-27,Canada,35-44,Female,Monthly
1879,2024-04-27,Nigeria,25-34,FEMALE,Monthly
1880,2024-06-19,Canada,18-24,Female,Monthly
1881,2024-01-25,Canada,18-24,Female,Monthly
1882,2024-01-09,Canada,18-24,Female,Monthly
1883,2024-01-15,United Kingdom,45+,Male,Monthly
1884,2024-04-15,Canada,25-34,Male,Monthly
1885,2024-03-13,United Kingdom,18-24,Female,Monthly
1886,2024-01-25,Canada,25-34,Male,Monthly
1887,2024-03-11,Canada,25-34,Male,Monthly
1888,2024-06-17,United Kingdom,45+,FEMALE,Monthly
1889,2024-01-14,Canada,25-34,FEMALE,Monthly
1890,2024-01-28,Canada,25-34,Female,Monthly
1891,2024-05-25,Canada,18-24,Male,Monthly
1892,2024-06-23,NGR,18-24,Male,Monthly
1893,2024-03-01,United Kingdom,25-34,Male,Monthly
1894,2024-05-31,United Kingdom,18-24,Female,Monthly
1895,2024-06-03,Nigeria,25-34,Female,Monthly
1896,2024-06-13,Nigeria,25-34,Male,Monthly
1897,2024-01-19,Nigeria,35-44,Male,Monthly
1898,2024-06-27,Nigeria,35 to 44,Male,Monthly
1899,2024-03-24,Nigeria,45+,Male,Monthly
1900,2024-03-31,United Kingdom,25-34,Male,Monthly
1901,2024-03-05,Nigeria,25 to 34,Female,Monthly
1902,2024-05-14,Nigeria,35-44,Male,Monthly
1903,2024-05-01,United Kingdom,35-44,Female,Monthly
1904,2024-03-11,Canada,25-34,Female,Monthly
1905,2024-03-01,United Kingdom,18-24,Male,Monthly
1906,2024-04-04,United Kingdom,18-24,Male,Monthly
1907,2024-05-25,United Kingdom,18-24,Female,Monthly
1908,2024-05-15,Nigeria,35 to 44,Male,Monthly
1909,2024-01-01,United Kingdom,25-34,Female,Monthly
1910,2024-06-09,Canada,25-34,Female,Monthly
1911,2024-03-03,United Kingdom,35-44,Female,Monthly
1912,2024-05-23,Nigeria,25 to 34,Female,Monthly
1913,2024-02-22,United Kingdom,45+,Female,Monthly
1914,2024-02-26,Nigeria,35-44,Female,Monthly
1915,2024-03-12,Nigeria,18-24,Female,Monthly
1916,2024-03-05,United Kingdom,18-24,Male,Monthly
1917,2024-06-17,Nigeria,25-34,Female,Monthly
1918,2024-01-26,Canada,45+,Female,Monthly
1919,2024-04-25,Nigeria,45+,Female,Monthly
1920,2024-02-10,United Kingdom,18-24,Female,Monthly
1921,2024-06-18,UK,25-34,Female,Monthly
1922,2024-04-20,Nigeria,35-44,Female,
1923,2024-02-14,Canada,18-24,Female,Monthly
1924,2024-04-21,Canada,25-34,Male,Monthly
1925,2024-02-10,Nigeria,45+,Female,Monthly
1926,2024-04-23,United Kingdom,35-44,Male,Monthly
1927,2024-03-16,United Kingdom,18-24,Male,Monthly
1928,2024-02-28,Nigeria,45+,Male,Monthly
1929,2024-02-16,United Kingdom,18-24,Male,Monthly
1930,2024-05-21,Canada,25-34,Male,Monthly
1931,2024-05-05,Nigeria,18-24,Male,Monthly
1932,2024-01-19,United Kingdom,35-44,Male,Monthly
1933,2024-03-27,Nigeria,45+,Female,Monthly
1934,2024-01-08,Nigeria,45+,Male,Monthly
1935,2024-01-26,Nigeria,25-34,male,Monthly
1936,2024-06-21,Nigeria,25-34,Female,Monthly
1937,2024-02-07,United Kingdom,25-34,Male,Monthly
1938,2024-03-14,Nigeria,18-24,Male,Monthly
1939,2024-06-02,Nigeria,18-24,Female,Monthly
1940,2024-05-12,Canada,25-34,Male,Monthly
1941,2024-03-23,United Kingdom,25-34,Female,Monthly
1942,2024-01-11,Canada,25-34,Male,Monthly
1943,2024-01-05,Nigeria,35-44,Female,Monthly
1944,2024-03-09,Nigeria,18-24,Male,Monthly
1945,2024-03-07,Nigeria,25-34,Male,Monthly
1946,2024-04-06,Nigeria,25-34,Male,Monthly
1947,2024-04-12,Canada,18-24,Male,Monthly
1948,2024-02-10,Nigeria,25 to 34,Female,Monthly
1949,2024-03-20,United Kingdom,25-34,FEMALE,Monthly
1950,2024-04-05,NGR,18-24,Female,Monthly
1951,2024-06-23,Nigeria,25-34,Female,Monthly
1952,2024-04-15,Nigeria,25-34,Female,Monthly
1953,2024-01-28,Canada,35-44,Male,Monthly
1954,2024-02-04,Canada,35-44,Female,
1955,2024-03-15,United Kingdom,45+,Male,Monthly
1956,2024-06-30,Canada,25-34,Female,Monthly
1957,2024-02-01,United Kingdom,25-34,Female,Monthly
1958,2024-02-04,Nigeria,25-34,Male,Monthly
1959,2024-06-05,Canada,45+,Male,Monthly
1960,2024-05-14,Nigeria,35/44,Female,Monthly
1961,2024-03-26,United Kingdom,25-34,Male,Monthly
1962,2024-03-26,Nigeria,35-44,Male,Monthly
1963,2024-04-16,United Kingdom,45+,Male,Monthly
1964,2024-01-15,United Kingdom,18-24,Female,Monthly
1965,2024-03-15,Nigeria,18-24,Female,Monthly
1966,2024-02-10,Nigeria,18-24,Female,Monthly
1967,2024-01-20,Nigeria,25-34,Female,Monthly
1968,2024-01-11,United Kingdom,45+,Female,Monthly
1969,2024-01-12,United Kingdom,25-34,Female,Monthly
1970,2024-01-15,Nigeria,45+,Male,Monthly
1971,2024-06-24,Nigeria,25-34,Male,Monthly
1972,2024-03-28,Nigeria,25-34,Male,Monthly
1973,2024-05-04,United Kingdom,35-44,Female,Monthly
1974,2024-01-11,Canada,25-34,Female,Monthly
1975,2024-03-01,Nigeria,25-34,Male,Monthly
1976,2024-06-14,United Kingdom,25-34,Male,Monthly
1977,2024-01-13,Nigeria,35-44,Male,Monthly
1978,2024-04-25,United Kingdom,45+,Male,Monthly
1979,2024-05-26,Nigeria,35-44,Female,Monthly
1980,2024-05-13,United Kingdom,18-24,Female,Monthly
1981,2024-05-24,United Kingdom,18/24,Male,Monthly
1982,2024-02-18,Canada,45+,Male,Monthly
1983,2024-05-23,United Kingdom,25-34,FEMALE,Monthly
1984,2024-04-16,United Kingdom,25/34,Male,Monthly
1985,2024-02-26,United Kingdom,25-34,Male,Monthly
1986,2024-05-23,United Kingdom,35-44,Male,Monthly
1987,2024-01-31,Nigeria,45+,Female,
1988,2024-04-01,Canada,25-34,Male,Monthly
1989,2024-06-10,NGR,25-34,Female,Monthly
1990,2024-05-15,Nigeria,35-44,Male,Monthly
1991,2024-02-08,United Kingdom,25-34,Female,Monthly
1992,2024-02-12,NGR,45+,Male,Monthly
1993,2024-01-15,United Kingdom,18-24,Female,Monthly
1994,2024-03-26,NG,35-44,Male,Monthly
1995,2024-06-10,Nigeria,18-24,Female,Monthly
1996,2024-04-23,Canada,45+,Male,Monthly
1997,2024-05-06,Nigeria,18-24,FEMALE,Monthly
1998,2024-04-15,United Kingdom,35-44,Female,Monthly
1999,2024-05-01,Nigeria,35-44,Female,Monthly
2000,2024-03-08,Nigeria,35 to 44,Male,Monthly
2001,2024-04-26,Nigeria,18-24,Male,Monthly
2002,2024-04-12,Canada,25-34,male,Monthly
2003,2024-01-01,United Kingdom,35-44,Male,Monthly
2004,2024-05-06,Canada,18-24,Female,Monthly
2005,2024-05-31,Nigeria,25-34,Female,Monthly
2006,2024-01-12,Canada,25-34,Female,Monthly
2007,2024-01-27,Canada,35-44,Male,Monthly
2008,2024-02-13,Canada,35-44,Female,Monthly
2009,2024-02-19,Canada,18-24,Male,Monthly
2010,2024-06-24,Nigeria,35-44,Female,Monthly
2011,2024-05-11,Nigeria,45+,male,Monthly
2012,2024-01-06,Canada,45+,Female,Monthly
2013,2024-06-28,Nigeria,25-34,Male,Monthly
2014,2024-01-04,Nigeria,45+,Male,Monthly
2015,2024-03-30,United Kingdom,25-34,Male,Monthly
2016,2024-05-18,Canada,35-44,Male,Monthly
2017,2024-02-14,Canada,25-34,Male,Monthly
2018,2024-05-16,Canada,25-34,Male,Monthly
2019,2024-02-02,United Kingdom,45+,male,Monthly
2020,2024-06-02,Nigeria,45+,Female,Monthly
2021,2024-06-05,Nigeria,35-44,Female,Monthly
2022,2024-01-10,Nigeria,45+,Female,Monthly
2023,2024-05-02,Canada,25-34,FEMALE,Monthly
2024,2024-01-17,United Kingdom,45+,Male,Monthly
2025,2024-05-27,Canada,45+,Male,Monthly
2026,2024-02-20,Canada,25-34,Female,Monthly
2027,2024-02-17,Canada,25-34,Male,Monthly
2028,2024-04-09,United Kingdom,35-44,Female,
2029,2024-05-18,Nigeria,18-24,Male,Monthly
2030,2024-04-10,Nigeria,25-34,Female,Monthly
2031,2024-05-27,Canada,35-44,Male,Monthly
2032,2024-02-12,United Kingdom,25-34,Male,Monthly
2033,2024-03-28,United Kingdom,18-24,Female,Monthly
2034,2024-06-04,Nigeria,25-34,Male,Monthly
2035,2024-01-07,Nigeria,25-34,Female,Monthly
2036,2024-03-23,Nigeria,18-24,Female,
2037,2024-01-31,United Kingdom,35-44,Female,Monthly
2038,2024-02-12,United Kingdom,25-34,Female,Monthly
2039,2024-04-03,United Kingdom,18-24,Male,Monthly
2040,2024-02-25,Nigeria,25-34,Female,Monthly
2041,2024-04-19,CAN,25-34,Male,Monthly
2042,2024-01-23,Nigeria,25 to 34,Male,Monthly
2043,2024-05-14,Nigeria,35-44,Male,Monthly
2044,2024-03-01,Canada,25-34,Female,Monthly
2045,2024-05-22,Nigeria,45+,MALE,Monthly
2046,2024-04-25,United Kingdom,35-44,Female,Monthly
2047,2024-06-20,Nigeria,45+,Female,Monthly
2048,2024-06-06,Nigeria,35-44,Female,Monthly
2049,2024-04-19,United Kingdom,35/44,male,Monthly
2050,2024-02-28,Canada,25-34,Female,Monthly
2051,2024-03-22,Nigeria,35/44,male,Monthly
2052,2024-02-16,Nigeria,25-34,Female,Monthly
2053,2024-05-05,Canada,25-34,Female,Monthly
2054,2024-03-15,GBR,35-44,Female,Monthly
2055,2024-03-14,Nigeria,45+,Male,Monthly
2056,2024-02-18,Canada,35-44,Male,Monthly
2057,2024-01-16,United Kingdom,35/44,Female,Monthly
2058,2024-05-21,United Kingdom,25/34,Male,Monthly
2059,2024-02-15,United Kingdom,35-44,Male,Monthly
2060,2024-03-09,Nigeria,25-34,Female,Monthly
2061,2024-06-20,Nigeria,25-34,Male,Monthly
2062,2024-02-16,Nigeria,25-34,Male,Monthly
2063,2024-02-25,United Kingdom,18-24,Male,Monthly
2064,2024-02-09,United Kingdom,18-24,Female,Monthly
2065,2024-03-24,United Kingdom,35-44,Male,Monthly
2066,2024-03-24,Nigeria,45+,Male,Monthly
2067,2024-03-19,Canada,25-34,Male,Monthly
2068,2024-04-10,Nigeria,25-34,Female,Monthly
2069,2024-01-30,Nigeria,35-44,Female,Monthly
2070,2024-04-22,Canada,25-34,Male,Monthly
2071,2024-02-24,United Kingdom,35-44,Female,Monthly
2072,2024-01-08,Nigeria,18-24,Male,Monthly
2073,2024-02-14,NGR,25 to 34,Male,Monthly
2074,2024-05-09,Nigeria,25-34,Female,Monthly
2075,2024-04-01,Nigeria,35-44,Female,Monthly
2076,2024-03-12,United Kingdom,25-34,Male,Monthly
2077,2024-01-18,Nigeria,18-24,Female,Monthly
2078,2024-02-08,United Kingdom,18-24,Male,Monthly
2079,2024-02-20,Nigeria,18-24,Male,Monthly
2080,2024-05-27,Canada,45+,Male,Monthly
2081,2024-01-13,Nigeria,18-24,Male,Monthly
2082,2024-06-18,Canada,25-34,Female,Monthly
2083,2024-02-03,United Kingdom,25-34,female,Monthly
2084,2024-02-20,Nigeria,45+,Female,Monthly
2085,2024-05-17,Canada,25 to 34,Female,Monthly
2086,2024-01-27,United Kingdom,35-44,Female,
2087,2024-02-05,Nigeria,35-44,Female,Monthly
2088,2024-01-05,United Kingdom,25-34,Female,Monthly
2089,2024-01-17,CA,35-44,Female,Monthly
2090,2024-06-26,Nigeria,18-24,Female,Monthly
2091,2024-04-18,United Kingdom,25-34,Male,Monthly
2092,2024-01-07,United Kingdom,25-34,Male,Monthly
2093,2024-04-18,Nigeria,45+,Female,Monthly
2094,2024-01-16,United Kingdom,25-34,Male,Monthly
2095,2024-02-02,Nigeria,25-34,Female,Monthly
2096,2024-06-24,Canada,35/44,Male,
2097,2024-06-06,United Kingdom,18-24,Male,Monthly
2098,2024-03-19,United Kingdom,25-34,Female,Monthly
2099,2024-02-14,Nigeria,25-34,Female,Monthly
2100,2024-01-29,Nigeria,25-34,Female,Monthly
2101,2024-04-15,Nigeria,18-24,Male,Monthly
2102,2024-01-11,United Kingdom,25-34,Male,Monthly
2103,2024-01-28,Nigeria,25-34,Male,Monthly
2104,2024-01-14,United Kingdom,18-24,FEMALE,Monthly
2105,2024-02-21,Canada,25-34,FEMALE,Monthly
2106,2024-06-29,CA,25-34,Female,Monthly
2107,2024-02-10,Nigeria,35-44,Male,Monthly
2108,2024-02-08,Nigeria,25-34,Female,Monthly
2109,2024-01-15,Canada,18-24,Female,Monthly
2110,2024-01-30,Nigeria,35-44,Male,Monthly
2111,2024-03-08,United Kingdom,35-44,Male,Monthly
2112,2024-03-21,Nigeria,25-34,Female,Monthly
2113,2024-03-17,Nigeria,35-44,Male,Monthly
2114,2024-06-14,Canada,35-44,Female,Monthly
2115,2024-04-07,Canada,18-24,Female,Monthly
2116,2024-02-14,Nigeria,25-34,Female,Monthly
2117,2024-01-30,NGR,25-34,Female,Monthly
2118,2024-04-29,Canada,18-24,Male,Monthly
2119,2024-02-10,Nigeria,18-24,Female,Monthly
2120,2024-06-24,Canada,25-34,Male,Monthly
2121,2024-01-29,GBR,45+,Female,Monthly
2122,2024-04-12,Nigeria,45+,Male,Monthly
2123,2024-02-29,Nigeria,25-34,Female,
2124,2024-01-07,Nigeria,18-24,Male,Monthly
2125,2024-04-07,Nigeria,35-44,Male,Monthly
2126,2024-05-07,United Kingdom,25-34,Male,Monthly
2127,2024-04-10,Nigeria,25-34,Male,Monthly
2128,2024-03-31,United Kingdom,18-24,Female,Monthly
2129,2024-01-12,Nigeria,25-34,Male,Monthly
2130,2024-04-06,United Kingdom,25-34,Male,Monthly
2131,2024-06-12,Nigeria,18-24,Female,Monthly
2132,2024-03-04,Nigeria,25-34,Female,Monthly
2133,2024-01-03,Canada,18-24,Male,Monthly
2134,2024-04-14,NG,35-44,Male,Monthly
2135,2024-04-21,Nigeria,35-44,Male,Monthly
2136,2024-01-18,Nigeria,35-44,Female,Monthly
2137,2024-03-04,United Kingdom,25-34,Male,Monthly
2138,2024-01-28,Nigeria,35-44,male,Monthly
2139,2024-03-23,United Kingdom,45+,Male,
2140,2024-03-12,United Kingdom,25-34,Male,Monthly
2141,2024-06-27,Nigeria,45+,Male,Monthly
2142,2024-01-17,Nigeria,45+,Female,Monthly
2143,2024-01-01,United Kingdom,25-34,Male,Monthly
2144,2024-01-27,Canada,25-34,Female,Monthly
2145,2024-06-06,United Kingdom,25-34,Female,Monthly
2146,2024-05-09,Nigeria,25-34,Female,Monthly
2147,2024-06-17,United Kingdom,45+,Female,Monthly
2148,2024-03-04,Nigeria,45+,Female,Monthly
2149,2024-01-16,United Kingdom,25-34,Male,Monthly
2150,2024-04-15,Nigeria,25-34,Female,Monthly
2151,2024-01-02,United Kingdom,25-34,Male,Monthly
2152,2024-03-16,Nigeria,18-24,Female,Monthly
2153,2024-04-15,United Kingdom,25-34,FEMALE,Monthly
2154,2024-04-23,Nigeria,25-34,Female,Monthly
2155,2024-02-19,CA,45+,Female,Monthly
2156,2024-04-07,Canada,35-44,Female,Monthly
2157,2024-06-10,Nigeria,18-24,MALE,Monthly
2158,2024-02-08,Nigeria,18-24,Male,Monthly
2159,2024-02-04,Nigeria,25-34,Female,Monthly
2160,2024-05-08,United Kingdom,18-24,Male,Monthly
2161,2024-05-17,United Kingdom,35 to 44,Male,Monthly
2162,2024-02-02,United Kingdom,45+,Female,Monthly
2163,2024-03-10,Nigeria,45+,Male,Monthly
2164,2024-01-29,United Kingdom,18-24,Female,Monthly
2165,2024-04-20,Nigeria,25-34,Female,Monthly
2166,2024-06-11,Nigeria,45+,Female,Monthly
2167,2024-03-05,Canada,25-34,MALE,Monthly
2168,2024-04-29,Canada,25-34,Female,Monthly
2169,2024-04-24,Nigeria,18-24,Male,Monthly
2170,2024-04-11,Nigeria,25-34,Male,Monthly
2171,2024-02-19,Canada,18-24,Female,Monthly
2172,2024-01-04,Nigeria,25-34,Female,Monthly
2173,2024-03-06,CA,35-44,Male,Monthly
2174,2024-02-28,United Kingdom,25-34,male,Monthly
2175,2024-05-09,Nigeria,25-34,Female,Monthly
2176,2024-06-20,Canada,25-34,Female,Monthly
2177,2024-05-01,Nigeria,35-44,Female,
2178,2024-06-01,United Kingdom,25-34,Female,Monthly
2179,2024-05-25,Canada,35-44,Female,Monthly
2180,2024-03-21,Canada,25-34,Male,Monthly
2181,2024-02-29,Nigeria,25 to 34,Male,Monthly
2182,2024-02-14,Canada,35-44,Female,Monthly
2183,2024-03-01,Nigeria,25-34,Male,Monthly
2184,2024-02-10,Canada,18-24,Female,Monthly
2185,2024-05-22,Canada,35-44,Male,
2186,2024-01-01,Nigeria,18 to 24,Male,Monthly
2187,2024-01-08,Nigeria,18-24,Male,Monthly
2188,2024-02-01,Nigeria,35 to 44,Female,Monthly
2189,2024-03-01,United Kingdom,25-34,Male,Monthly
2190,2024-03-11,Canada,35-44,Male,Monthly
2191,2024-05-30,Canada,25-34,female,Monthly
2192,2024-01-01,United Kingdom,45+,Female,Monthly
2193,2024-03-25,Nigeria,35 to 44,Female,Monthly
2194,2024-01-24,United Kingdom,25-34,Female,Monthly
2195,2024-02-27,United Kingdom,35/44,Male,Monthly
2196,2024-04-30,United Kingdom,35-44,Female,Monthly
2197,2024-03-16,Canada,25-34,Female,Monthly
2198,2024-01-04,United Kingdom,35-44,Female,Monthly
2199,2024-06-23,United Kingdom,25-34,Male,Monthly
2200,2024-04-26,Nigeria,18-24,female,Monthly
2201,2024-06-28,Nigeria,18-24,Male,Monthly
2202,2024-03-18,GBR,25-34,Male,Monthly
2203,2024-05-10,Canada,25-34,Female,Monthly
2204,2024-04-08,United Kingdom,25-34,Male,Monthly
2205,2024-06-04,Nigeria,25-34,Male,Monthly
2206,2024-05-30,United Kingdom,25-34,Female,Monthly
2207,2024-02-03,Nigeria,25-34,Female,Monthly
2208,2024-05-09,Nigeria,25-34,Male,Monthly
2209,2024-01-05,Canada,35-44,Male,Monthly
2210,2024-01-14,Canada,25-34,Female,Monthly
2211,2024-05-23,Nigeria,25-34,Male,Monthly
2212,2024-05-12,United Kingdom,25-34,Female,Monthly
2213,2024-05-18,Nigeria,18-24,Female,Monthly
2214,2024-06-13,Nigeria,45+,Female,Monthly
2215,2024-01-28,Nigeria,35-44,Male,Monthly
2216,2024-02-28,Nigeria,35-44,Male,Monthly
2217,2024-01-19,Nigeria,18-24,MALE,Monthly
2218,2024-05-26,United Kingdom,45+,Male,Monthly
2219,2024-05-13,Canada,35-44,Male,Monthly
2220,2024-03-12,Nigeria,25-34,Male,Monthly
2221,2024-02-21,United Kingdom,45+,Male,Monthly
2222,2024-03-26,Nigeria,18-24,Male,Monthly
2223,2024-03-16,Canada,18-24,Male,Monthly
2224,2024-02-08,Nigeria,25-34,Male,Monthly
2225,2024-05-30,Nigeria,25-34,Female,Monthly
2226,2024-02-15,Canada,25-34,Male,Monthly
2227,2024-02-05,Canada,25-34,Female,Monthly
2228,2024-04-24,Nigeria,25-34,Male,Monthly
2229,2024-01-03,Nigeria,35-44,Male,Monthly
2230,2024-03-20,United Kingdom,35-44,Female,Monthly
2231,2024-04-28,United Kingdom,45+,Male,
2232,2024-06-29,Nigeria,35-44,Female,Monthly
2233,2024-06-07,Nigeria,25-34,Male,Monthly
2234,2024-01-01,United Kingdom,35-44,Male,Monthly
2235,2024-01-16,Nigeria,45+,Female,Monthly
2236,2024-01-29,Canada,18-24,Male,Monthly
2237,2024-06-07,NGR,25-34,Female,Monthly
2238,2024-04-28,Nigeria,35-44,Male,Monthly
2239,2024-06-19,GBR,45+,Male,Monthly
2240,2024-01-04,Nigeria,45+,Male,Monthly
2241,2024-04-19,Nigeria,45+,Male,Monthly
2242,2024-01-25,Canada,35-44,Female,Monthly
2243,2024-03-03,United Kingdom,25-34,FEMALE,Monthly
2244,2024-05-04,Canada,25-34,Male,Monthly
2245,2024-04-09,NG,18-24,Male,Monthly
2246,2024-02-25,Nigeria,35-44,Male,Monthly
2247,2024-01-06,Nigeria,45+,Female,Monthly
2248,2024-01-03,United Kingdom,25-34,Male,Monthly
2249,2024-02-03,Nigeria,25-34,Female,Monthly
2250,2024-06-18,Nigeria,35-44,Male,Monthly
2251,2024-01-09,United Kingdom,18-24,Male,Monthly
2252,2024-05-18,Canada,18-24,male,Monthly
2253,2024-02-04,Nigeria,25/34,Female,Monthly
2254,2024-05-24,Nigeria,25-34,Female,Monthly
2255,2024-05-31,United Kingdom,18-24,Male,Monthly
2256,2024-02-15,Nigeria,35-44,Female,Monthly
2257,2024-04-28,United Kingdom,25-34,Male,Monthly
2258,2024-02-27,Nigeria,35-44,Female,Monthly
2259,2024-06-04,Nigeria,35-44,Male,Monthly
2260,2024-06-24,Nigeria,35-44,Female,Monthly
2261,2024-05-20,Canada,25-34,Female,Monthly
2262,2024-06-25,UK,18-24,Female,Monthly
2263,2024-06-28,Nigeria,25-34,Male,Monthly
2264,2024-05-10,Canada,45+,female,Monthly
2265,2024-05-02,Nigeria,18-24,Male,Monthly
2266,2024-02-09,Nigeria,18-24,Male,Monthly
2267,2024-05-14,Nigeria,45+,Male,Monthly
2268,2024-06-21,NG,35-44,Male,Monthly
2269,2024-06-27,Nigeria,45+,Female,Monthly
2270,2024-01-27,NG,35-44,Male,Monthly
2271,2024-04-11,United Kingdom,25-34,Male,Monthly
2272,2024-04-22,Canada,45+,Male,Monthly
2273,2024-06-24,United Kingdom,35 to 44,Male,Monthly
2274,2024-04-06,United Kingdom,25-34,Male,Monthly
2275,2024-01-08,United Kingdom,18-24,Male,Monthly
2276,2024-02-08,Nigeria,25-34,Female,Monthly
2277,2024-05-22,Nigeria,25-34,Male,Monthly
2278,2024-06-28,United Kingdom,25-34,Male,Monthly
2279,2024-03-14,Nigeria,25-34,MALE,Monthly
2280,2024-06-03,Nigeria,35-44,Male,Monthly
2281,2024-02-18,Canada,18-24,Female,Monthly
2282,2024-03-06,Nigeria,45+,Female,Monthly
2283,2024-02-08,Nigeria,25-34,Female,
2284,2024-06-01,Nigeria,45+,Female,Monthly
2285,2024-01-22,United Kingdom,35-44,Male,Monthly
2286,2024-03-13,Canada,45+,Male,Monthly
2287,2024-03-07,CA,25-34,Male,Monthly
2288,2024-05-15,Canada,35/44,Female,Monthly
2289,2024-05-24,Nigeria,45+,Female,Monthly
2290,2024-06-11,Nigeria,35-44,Female,Monthly
2291,2024-06-01,Nigeria,25-34,Female,Monthly
2292,2024-03-28,United Kingdom,18/24,MALE,Monthly
2293,2024-03-28,Nigeria,25-34,Female,Monthly
2294,2024-04-24,Canada,25-34,Female,Monthly
2295,2024-05-30,United Kingdom,25-34,Male,Monthly
2296,2024-05-29,Nigeria,35-44,Female,Monthly
2297,2024-02-24,Nigeria,45+,Female,Monthly
2298,2024-06-23,Nigeria,18/24,Male,Monthly
2299,2024-02-06,Nigeria,45+,Female,Monthly
2300,2024-02-23,Nigeria,25-34,Female,Monthly
2301,2024-06-23,GBR,25-34,Female,Monthly
2302,2024-04-15,United Kingdom,35-44,Male,Monthly
2303,2024-04-20,United Kingdom,18-24,Female,Monthly
2304,2024-01-12,United Kingdom,35-44,Male,Monthly
2305,2024-04-04,Nigeria,18-24,male,Monthly
2306,2024-01-17,Nigeria,35-44,Male,Monthly
2307,2024-02-28,United Kingdom,35-44,Male,Monthly
2308,2024-02-12,Nigeria,25-34,Male,Monthly
2309,2024-04-10,Canada,25-34,Male,Monthly
2310,2024-03-29,Canada,35-44,Female,Monthly
2311,2024-02-07,Nigeria,45+,Male,Monthly
2312,2024-06-03,United Kingdom,45+,Male,Monthly
2313,2024-02-27,Nigeria,35-44,Male,
2314,2024-01-13,Nigeria,18-24,Female,Monthly
2315,2024-02-10,CA,35-44,Male,Monthly
2316,2024-05-21,United Kingdom,25-34,Male,Monthly
2317,2024-05-06,Nigeria,45+,Male,Monthly
2318,2024-05-02,Nigeria,35-44,Female,Monthly
2319,2024-02-09,Nigeria,45+,male,Monthly
2320,2024-02-09,United Kingdom,25-34,Female,Monthly
2321,2024-03-31,Nigeria,18-24,Male,Monthly
2322,2024-01-13,Nigeria,25-34,Male,Monthly
2323,2024-06-14,United Kingdom,18-24,Male,Monthly
2324,2024-06-20,Nigeria,18-24,Male,Monthly
2325,2024-06-17,Canada,18-24,Female,Monthly
2326,2024-02-28,United Kingdom,35-44,Female,Monthly
2327,2024-01-12,Nigeria,35-44,Female,Monthly
2328,2024-04-19,Nigeria,25-34,Male,Monthly
2329,2024-01-05,Canada,25-34,Female,Monthly
2330,2024-05-07,Nigeria,25-34,female,
2331,2024-02-10,Nigeria,25-34,Male,Monthly
2332,2024-01-19,Nigeria,18-24,Male,Monthly
2333,2024-05-25,United Kingdom,25-34,Female,Monthly
2334,2024-05-03,Canada,25-34,Male,Monthly
2335,2024-01-08,Canada,35-44,Female,Monthly
2336,2024-06-12,United Kingdom,25-34,Female,Monthly
2337,2024-06-03,Nigeria,25-34,Female,Monthly
2338,2024-02-01,Canada,18-24,Female,
2339,2024-04-06,Canada,25-34,Female,Monthly
2340,2024-01-01,Nigeria,35-44,Male,Monthly
2341,2024-03-17,Nigeria,25-34,Female,Monthly
2342,2024-03-29,Nigeria,25-34,Male,
2343,2024-06-27,Nigeria,25-34,Male,Monthly
2344,2024-04-28,Nigeria,35-44,Female,Monthly
2345,2024-02-22,Nigeria,25-34,FEMALE,Monthly
2346,2024-04-28,Nigeria,25-34,Male,Monthly
2347,2024-06-07,Nigeria,45+,Female,Monthly
2348,2024-04-21,Nigeria,25-34,Female,Monthly
2349,2024-03-19,United Kingdom,35-44,Female,Monthly
2350,2024-03-03,Canada,35-44,Male,Monthly
2351,2024-03-08,United Kingdom,45+,Female,Monthly
2352,2024-01-13,United Kingdom,18-24,Male,Monthly
2353,2024-06-20,United Kingdom,45+,Male,Monthly
2354,2024-01-27,Nigeria,25-34,Male,Monthly
2355,2024-05-02,Nigeria,18-24,Male,Monthly
2356,2024-04-15,Canada,35-44,Female,Monthly
2357,2024-03-18,Nigeria,18-24,Male,Monthly
2358,2024-01-08,Nigeria,25-34,Male,Monthly
2359,2024-04-10,Canada,25-34,Female,Monthly
2360,2024-05-22,Canada,45+,Female,Monthly
2361,2024-04-02,Nigeria,25-34,Male,Monthly
2362,2024-05-18,United Kingdom,25-34,Male,Monthly
2363,2024-06-20,Nigeria,18/24,Female,Monthly
2364,2024-06-16,Canada,25-34,Female,Monthly
2365,2024-05-18,United Kingdom,35/44,Female,Monthly
2366,2024-03-12,United Kingdom,25-34,Male,Monthly
2367,2024-03-14,Nigeria,25-34,Female,Monthly
2368,2024-05-17,United Kingdom,18-24,Male,Monthly
2369,2024-03-27,United Kingdom,25-34,Female,Monthly
2370,2024-05-13,Canada,25-34,Male,Monthly
2371,2024-01-28,Canada,25-34,Female,Monthly
2372,2024-06-26,Nigeria,25-34,Female,Monthly
2373,2024-02-06,Nigeria,45+,Female,Monthly
2374,2024-06-13,Nigeria,18-24,Male,Monthly
2375,2024-02-13,Nigeria,35-44,Female,Monthly
2376,2024-04-27,Canada,25-34,Male,Monthly
2377,2024-02-11,Nigeria,18-24,MALE,Monthly
2378,2024-03-07,Canada,45+,Female,Monthly
2379,2024-06-25,Nigeria,35-44,Female,Monthly
2380,2024-01-13,Nigeria,45+,Male,Monthly
2381,2024-03-27,United Kingdom,35-44,Female,Monthly
2382,2024-05-16,United Kingdom,25-34,Female,Monthly
2383,2024-02-18,Canada,25-34,Female,Monthly
2384,2024-01-31,NGR,45+,Male,Monthly
2385,2024-01-19,Nigeria,35-44,Male,
2386,2024-03-31,Canada,25-34,Male,Monthly
2387,2024-01-29,Nigeria,35-44,Female,Monthly
2388,2024-05-22,United Kingdom,25-34,Female,Monthly
2389,2024-06-22,United Kingdom,18-24,Female,Monthly
2390,2024-01-01,United Kingdom,45+,Male,Monthly
2391,2024-05-12,Nigeria,25-34,MALE,
2392,2024-04-05,Nigeria,18-24,Male,Monthly
2393,2024-06-23,Canada,18-24,Female,Monthly
2394,2024-06-02,Nigeria,18-24,Male,Monthly
2395,2024-02-10,UK,35-44,Female,Monthly
2396,2024-06-03,United Kingdom,18-24,Male,Monthly
2397,2024-03-23,Nigeria,18-24,Female,Monthly
2398,2024-06-19,Nigeria,25-34,Female,Monthly
2399,2024-02-14,United Kingdom,35-44,Male,Monthly
2400,2024-06-18,Nigeria,18-24,Female,Monthly
2401,2024-02-27,GBR,35-44,Male,Monthly
2402,2024-02-10,Nigeria,35-44,Male,Monthly
2403,2024-04-05,United Kingdom,35-44,Male,Monthly
2404,2024-05-19,United Kingdom,45+,Male,Monthly
2405,2024-03-08,Nigeria,25-34,Male,Monthly
2406,2024-04-09,Nigeria,18-24,Male,Monthly
2407,2024-03-21,Nigeria,25-34,Female,Monthly
2408,2024-01-31,Nigeria,35-44,Female,Monthly
2409,2024-04-21,United Kingdom,35-44,male,Monthly
2410,2024-05-16,Nigeria,35-44,Male,Monthly
2411,2024-06-06,Nigeria,18-24,Male,Monthly
2412,2024-05-14,Nigeria,25-34,Female,Monthly
2413,2024-04-20,Canada,25/34,Male,
2414,2024-02-20,Nigeria,25-34,Male,Monthly
2415,2024-01-12,Nigeria,25-34,Male,Monthly
2416,2024-05-21,United Kingdom,45+,Male,Monthly
2417,2024-04-11,Nigeria,18-24,Male,Monthly
2418,2024-05-22,Nigeria,18-24,Male,Monthly
2419,2024-05-03,Nigeria,25-34,Male,Monthly
2420,2024-04-26,United Kingdom,18-24,Female,
2421,2024-06-18,Nigeria,18-24,Male,Monthly
2422,2024-02-17,United Kingdom,25-34,Male,Monthly
2423,2024-05-03,NGR,25-34,Male,Monthly
2424,2024-03-09,Canada,45+,Male,Monthly
2425,2024-05-08,Canada,25-34,Male,Monthly
2426,2024-03-17,Nigeria,25-34,male,Monthly
2427,2024-04-12,United Kingdom,25-34,Female,Monthly
2428,2024-02-22,Nigeria,25-34,Male,Monthly
2429,2024-06-20,United Kingdom,35-44,Male,Monthly
2430,2024-06-09,Canada,25-34,Male,Monthly
2431,2024-05-26,Canada,35-44,Male,Monthly
2432,2024-05-07,Nigeria,35-44,Female,Monthly
2433,2024-02-19,United Kingdom,45+,Male,Monthly
2434,2024-05-12,Nigeria,35-44,Female,Monthly
2435,2024-03-15,Canada,45+,Male,Monthly
2436,2024-05-11,Canada,35-44,Male,Monthly
2437,2024-02-05,Canada,18/24,Male,Monthly
2438,2024-02-15,Nigeria,35-44,Male,Monthly
2439,2024-01-11,United Kingdom,45+,Male,Monthly
2440,2024-01-28,Canada,25-34,FEMALE,Monthly
2441,2024-02-24,United Kingdom,18-24,Male,Monthly
2442,2024-01-05,Nigeria,35-44,Female,Monthly
2443,2024-05-18,Canada,35-44,Male,Monthly
2444,2024-01-05,Canada,45+,Female,Monthly
2445,2024-02-22,Nigeria,18-24,Male,Monthly
2446,2024-03-05,GBR,45+,Female,Monthly
2447,2024-04-12,Nigeria,25-34,female,Monthly
2448,2024-03-29,United Kingdom,18-24,Male,Monthly
2449,2024-02-16,Nigeria,18/24,Male,Monthly
2450,2024-01-08,Canada,25-34,Female,Monthly
2451,2024-02-27,Nigeria,25-34,Female,Monthly
2452,2024-05-05,Nigeria,25-34,Male,Monthly
2453,2024-06-01,Nigeria,35-44,Male,Monthly
2454,2024-04-30,Canada,45+,Male,Monthly
2455,2024-05-17,Nigeria,35-44,Female,Monthly
2456,2024-02-13,Nigeria,25-34,Female,Monthly
2457,2024-01-30,United Kingdom,18-24,Female,Monthly
2458,2024-05-15,Nigeria,45+,Female,Monthly
2459,2024-02-28,Nigeria,25-34,Female,Monthly
2460,2024-04-28,Nigeria,18-24,Female,Monthly
2461,2024-06-03,Nigeria,25-34,Female,Monthly
2462,2024-04-17,Nigeria,25-34,Male,Monthly
2463,2024-01-10,Nigeria,25-34,Male,Monthly
2464,2024-05-02,United Kingdom,35-44,Female,Monthly
2465,2024-02-01,Canada,25-34,Male,Monthly
2466,2024-05-11,United Kingdom,25-34,Male,Monthly
2467,2024-04-07,United Kingdom,25-34,Male,Monthly
2468,2024-01-17,Nigeria,25-34,Female,Monthly
2469,2024-06-10,United Kingdom,45+,female,Monthly
2470,2024-06-01,Nigeria,18-24,Male,Monthly
2471,2024-06-29,Canada,18-24,Female,Monthly
2472,2024-05-11,Nigeria,25-34,Female,Monthly
2473,2024-04-22,United Kingdom,25-34,Female,Monthly
2474,2024-02-02,Nigeria,35-44,female,Monthly
2475,2024-06-04,Canada,35-44,Female,Monthly
2476,2024-04-25,Nigeria,35-44,Male,Monthly
2477,2024-01-26,Nigeria,45+,Female,Monthly
2478,2024-01-27,United Kingdom,45+,Female,Monthly
2479,2024-01-30,Nigeria,35-44,Female,Monthly
2480,2024-03-27,CA,25-34,Male,Monthly
2481,2024-02-07,Canada,25-34,Male,Monthly
2482,2024-06-17,Nigeria,18-24,Female,Monthly
2483,2024-06-20,Canada,35-44,Male,Monthly
2484,2024-01-21,Nigeria,35 to 44,Male,Monthly
2485,2024-06-14,Nigeria,25-34,Female,Monthly
2486,2024-01-26,NGR,35-44,Female,Monthly
2487,2024-02-22,Nigeria,35-44,Male,Monthly
2488,2024-04-12,United Kingdom,25-34,Male,Monthly
2489,2024-02-23,United Kingdom,25-34,FEMALE,Monthly
2490,2024-06-11,United Kingdom,18-24,Female,Monthly
2491,2024-05-04,Canada,25-34,Female,Monthly
2492,2024-06-22,Canada,25-34,Male,Monthly
2493,2024-02-10,United Kingdom,25-34,Male,
2494,2024-05-13,Nigeria,25-34,Male,Monthly
2495,2024-01-27,Nigeria,18-24,Male,Monthly
2496,2024-06-11,Canada,25-34,Female,Monthly
2497,2024-05-23,United Kingdom,18-24,male,Monthly
2498,2024-05-10,United Kingdom,25-34,Male,Monthly
2499,2024-02-24,Nigeria,25-34,MALE,Monthly
2500,2024-02-14,United Kingdom,25-34,Male,Monthly
2501,2024-03-30,Canada,45+,Female,Monthly
2502,2024-05-05,United Kingdom,18-24,Female,Monthly
2503,2024-04-08,Canada,35-44,Male,
2504,2024-05-31,United Kingdom,45+,Female,Monthly
2505,2024-04-01,Canada,35-44,Female,Monthly
2506,2024-03-05,Canada,18-24,Female,Monthly
2507,2024-06-12,Nigeria,18-24,Female,Monthly
2508,2024-01-11,Nigeria,35-44,Female,Monthly
2509,2024-06-16,NGR,35-44,Male,Monthly
2510,2024-06-29,United Kingdom,35-44,Female,Monthly
2511,2024-05-03,Nigeria,18-24,Male,Monthly
2512,2024-04-29,Nigeria,25 to 34,Female,Monthly
2513,2024-05-27,Nigeria,45+,Female,Monthly
2514,2024-01-04,Nigeria,18-24,Male,Monthly
2515,2024-06-08,Nigeria,25-34,Male,Monthly
2516,2024-01-04,United Kingdom,18-24,Male,Monthly
2517,2024-01-09,Nigeria,35-44,Male,Monthly
2518,2024-04-02,United Kingdom,18-24,MALE,Monthly
2519,2024-01-25,Nigeria,18-24,Female,
2520,2024-04-28,CAN,25-34,Female,Monthly
2521,2024-04-07,Nigeria,25-34,Male,Monthly
2522,2024-01-07,Canada,18-24,Male,Monthly
2523,2024-05-06,Canada,35-44,Female,Monthly
2524,2024-03-19,Nigeria,25-34,Male,Monthly
2525,2024-02-03,Nigeria,45+,FEMALE,Monthly
2526,2024-02-06,Nigeria,35-44,FEMALE,Monthly
2527,2024-05-01,UK,35-44,Female,Monthly
2528,2024-02-03,Nigeria,18-24,Female,Monthly
2529,2024-06-22,Nigeria,45+,Male,Monthly
2530,2024-02-03,Nigeria,25-34,Male,Monthly
2531,2024-04-20,Canada,18-24,Male,Monthly
2532,2024-05-22,United Kingdom,25-34,Female,Monthly
2533,2024-01-16,Canada,25-34,Female,
2534,2024-06-17,United Kingdom,25-34,Male,Monthly
2535,2024-03-17,Nigeria,18-24,Male,Monthly
2536,2024-06-09,Nigeria,25-34,Male,Monthly
2537,2024-01-11,United Kingdom,25-34,Female,Monthly
2538,2024-01-03,Nigeria,18-24,Female,Monthly
2539,2024-04-01,Nigeria,45+,Male,Monthly
2540,2024-04-06,Nigeria,25-34,Male,Monthly
2541,2024-01-01,Nigeria,35-44,Male,Monthly
2542,2024-01-01,Nigeria,25 to 34,Male,Monthly
2543,2024-02-05,United Kingdom,35-44,Male,Monthly
2544,2024-06-07,United Kingdom,35/44,Female,Monthly
2545,2024-05-20,United Kingdom,45+,male,Monthly
2546,2024-03-04,United Kingdom,35-44,Female,Monthly
2547,2024-01-22,Nigeria,25-34,Male,Monthly
2548,2024-03-20,Canada,35/44,Male,Monthly
2549,2024-03-23,Nigeria,25-34,Male,Monthly
2550,2024-06-29,Canada,25-34,Female,Monthly
2551,2024-06-13,Canada,25-34,Male,Monthly
2552,2024-06-16,Nigeria,45+,Male,
2553,2024-05-15,Nigeria,18-24,Female,Monthly
2554,2024-04-01,Nigeria,25-34,Female,Monthly
2555,2024-03-16,United Kingdom,18-24,Female,Monthly
2556,2024-01-30,Nigeria,18-24,Female,Monthly
2557,2024-03-14,Canada,25-34,FEMALE,Monthly
2558,2024-04-19,Nigeria,18-24,Male,Monthly
2559,2024-02-14,Canada,18-24,Male,Monthly
2560,2024-02-02,Nigeria,25 to 34,Male,Monthly
2561,2024-04-19,Nigeria,25-34,Male,Monthly
2562,2024-01-12,United Kingdom,25-34,Female,Monthly
2563,2024-03-17,United Kingdom,45+,Male,Monthly
2564,2024-06-09,Nigeria,25-34,Female,Monthly
2565,2024-04-17,Canada,25-34,Female,Monthly
2566,2024-02-02,Canada,35-44,Male,
2567,2024-06-29,United Kingdom,35-44,Female,Monthly
2568,2024-01-20,Nigeria,25-34,Male,Monthly
2569,2024-03-10,Canada,25-34,Female,Monthly
2570,2024-04-02,United Kingdom,35 to 44,Male,Monthly
2571,2024-05-03,Nigeria,25-34,Female,Monthly
2572,2024-03-19,Nigeria,25-34,Male,Monthly
2573,2024-06-12,Nigeria,18-24,Male,Monthly
2574,2024-04-12,United Kingdom,18-24,Male,Monthly
2575,2024-06-05,United Kingdom,35-44,Male,Monthly
2576,2024-04-19,United Kingdom,45+,Male,Monthly
2577,2024-05-15,United Kingdom,35-44,MALE,Monthly
2578,2024-01-26,Nigeria,25-34,Male,Monthly
2579,2024-03-12,United Kingdom,18-24,FEMALE,Monthly
2580,2024-03-02,United Kingdom,18-24,Female,Monthly
2581,2024-01-16,Nigeria,25-34,Male,Monthly
2582,2024-03-11,GBR,18 to 24,Male,Monthly
2583,2024-06-25,Canada,25-34,Male,Monthly
2584,2024-01-27,United Kingdom,35-44,Male,Monthly
2585,2024-06-06,Canada,35-44,Female,Monthly
2586,2024-06-11,Canada,35-44,Female,Monthly
2587,2024-04-22,Nigeria,25-34,Male,Monthly
2588,2024-06-22,Canada,25-34,Male,Monthly
2589,2024-04-29,Nigeria,35-44,Male,Monthly
2590,2024-02-09,Nigeria,45+,Female,Monthly
2591,2024-05-05,Nigeria,25-34,Female,Monthly
2592,2024-01-28,Nigeria,25/34,Female,Monthly
2593,2024-04-29,CAN,35-44,Female,Monthly
2594,2024-04-11,Nigeria,25-34,Male,
2595,2024-04-07,Nigeria,35-44,Female,
2596,2024-04-01,United Kingdom,35-44,Female,Monthly
2597,2024-02-06,United Kingdom,35-44,Female,Monthly
2598,2024-01-02,Nigeria,25/34,MALE,Monthly
2599,2024-02-24,Canada,25-34,Male,Monthly
2600,2024-03-15,CA,25-34,Female,Monthly
2601,2024-03-21,Nigeria,35-44,Male,Monthly
2602,2024-05-20,Nigeria,35-44,Female,Monthly
2603,2024-05-20,UK,25/34,Female,Monthly
2604,2024-02-09,United Kingdom,25-34,Female,Monthly
2605,2024-05-21,Nigeria,25-34,Female,Monthly
2606,2024-05-06,Canada,45+,Male,Monthly
2607,2024-03-07,United Kingdom,25-34,Male,Monthly
2608,2024-04-08,Canada,18 to 24,Female,Monthly
2609,2024-04-18,NG,35-44,Female,
2610,2024-05-08,Nigeria,18-24,Male,Monthly
2611,2024-01-16,Nigeria,25-34,Male,
2612,2024-03-16,Nigeria,45+,Male,Monthly
2613,2024-02-11,Nigeria,25-34,Male,Monthly
2614,2024-02-17,United Kingdom,45+,Male,Monthly
2615,2024-06-16,Canada,18-24,Male,Monthly
2616,2024-02-23,Canada,45+,Male,Monthly
2617,2024-05-15,Nigeria,25-34,male,Monthly
2618,2024-02-29,Canada,25-34,Female,Monthly
2619,2024-06-24,United Kingdom,35-44,Female,Monthly
2620,2024-03-24,Nigeria,45+,Male,Monthly
2621,2024-01-15,Canada,25-34,Female,Monthly
2622,2024-01-20,United Kingdom,18-24,Female,Monthly
2623,2024-04-13,United Kingdom,25-34,Male,Monthly
2624,2024-02-07,United Kingdom,45+,Male,Monthly
2625,2024-01-31,Nigeria,25-34,Female,Monthly
2626,2024-03-09,Nigeria,18-24,female,Monthly
2627,2024-01-03,Canada,45+,female,Monthly
2628,2024-03-09,Nigeria,18-24,Male,Monthly
2629,2024-04-25,NG,45+,Male,Monthly
2630,2024-01-11,United Kingdom,25-34,Male,Monthly
2631,2024-04-27,Nigeria,25-34,Male,Monthly
2632,2024-03-12,United Kingdom,18-24,Female,Monthly
2633,2024-03-24,United Kingdom,35-44,Male,Monthly
2634,2024-06-03,United Kingdom,18-24,Female,Monthly
2635,2024-01-23,United Kingdom,18-24,Female,Monthly
2636,2024-05-24,United Kingdom,45+,Female,Monthly
2637,2024-04-26,United Kingdom,35-44,Female,Monthly
2638,2024-06-09,Nigeria,35/44,Female,Monthly
2639,2024-04-17,Canada,35-44,Female,
2640,2024-06-19,Canada,25-34,Male,Monthly
2641,2024-01-20,Canada,18-24,Male,Monthly
2642,2024-05-18,United Kingdom,25/34,Male,Monthly
2643,2024-02-14,Nigeria,25 to 34,Male,Monthly
2644,2024-03-25,Nigeria,45+,Female,Monthly
2645,2024-06-23,United Kingdom,25-34,Female,Monthly
2646,2024-02-23,Nigeria,35-44,Female,Monthly
2647,2024-02-11,United Kingdom,25-34,male,Monthly
2648,2024-01-24,United Kingdom,35-44,Female,Monthly
2649,2024-06-05,Nigeria,45+,Female,Monthly
2650,2024-05-03,Nigeria,18-24,Female,
2651,2024-03-09,United Kingdom,25-34,Male,Monthly
2652,2024-02-16,Nigeria,25-34,Male,Monthly
2653,2024-04-18,Canada,18-24,Female,Monthly
2654,2024-01-27,GBR,25-34,Female,Monthly
2655,2024-05-26,Canada,18-24,Male,Monthly
2656,2024-02-18,Nigeria,25-34,Male,Monthly
2657,2024-03-10,United Kingdom,25-34,Male,Monthly
2658,2024-04-23,Canada,25-34,Male,Monthly
2659,2024-03-05,United Kingdom,25-34,Male,Monthly
2660,2024-06-21,United Kingdom,35-44,Female,Monthly
2661,2024-05-18,Nigeria,25-34,Male,Monthly
2662,2024-02-13,United Kingdom,45+,Male,Monthly
2663,2024-04-29,United Kingdom,18-24,Male,Monthly
2664,2024-04-01,United Kingdom,35-44,Female,Monthly
2665,2024-06-30,Nigeria,35-44,FEMALE,Monthly
2666,2024-02-13,Canada,35-44,Male,Monthly
2667,2024-05-29,United Kingdom,18-24,Female,
2668,2024-03-31,Nigeria,25-34,Male,Monthly
2669,2024-05-21,Nigeria,25-34,Female,
2670,2024-03-03,Canada,35-44,Male,
2671,2024-06-16,United Kingdom,35-44,MALE,Monthly
2672,2024-03-28,Canada,45+,Female,Monthly
2673,2024-06-14,United Kingdom,35 to 44,Female,Monthly
2674,2024-03-03,Nigeria,25-34,Male,Monthly
2675,2024-05-31,Nigeria,18-24,Female,
2676,2024-06-17,Nigeria,25 to 34,Male,Monthly
2677,2024-01-15,United Kingdom,35-44,Female,Monthly
2678,2024-05-26,Nigeria,18-24,Female,Monthly
2679,2024-02-27,Nigeria,35-44,Female,Monthly
2680,2024-06-07,Nigeria,35-44,Male,Monthly
2681,2024-03-11,Nigeria,25-34,Male,Monthly
2682,2024-04-09,United Kingdom,35-44,Female,
2683,2024-06-03,GBR,35-44,Male,Monthly
2684,2024-03-28,UK,25-34,Female,Monthly
2685,2024-06-27,Nigeria,18-24,Male,Monthly
2686,2024-05-07,Canada,18-24,Female,Monthly
2687,2024-04-24,Nigeria,25-34,Female,Monthly
2688,2024-04-06,Canada,35-44,FEMALE,Monthly
2689,2024-03-09,Canada,35/44,Female,Monthly
2690,2024-03-21,United Kingdom,35-44,Female,Monthly
2691,2024-06-03,Canada,35 to 44,Female,Monthly
2692,2024-04-19,Nigeria,25-34,Male,Monthly
2693,2024-05-13,Nigeria,25-34,Male,Monthly
2694,2024-03-30,United Kingdom,35-44,Female,Monthly
2695,2024-04-13,Canada,35-44,Female,Monthly
2696,2024-05-12,Nigeria,25-34,Male,Monthly
2697,2024-01-29,United Kingdom,25 to 34,Male,Monthly
2698,2024-03-01,Canada,18-24,Female,
2699,2024-04-18,CAN,25-34,Male,Monthly
2700,2024-04-30,Canada,35-44,Male,Monthly
2701,2024-05-01,United Kingdom,25-34,Male,Monthly
2702,2024-05-09,Nigeria,25-34,Female,Monthly
2703,2024-02-22,Nigeria,25-34,Male,Monthly
2704,2024-01-07,Nigeria,45+,Female,
2705,2024-02-05,Nigeria,25-34,Female,Monthly
2706,2024-04-12,United Kingdom,25-34,Male,Monthly
2707,2024-02-11,United Kingdom,25-34,male,Monthly
2708,2024-05-10,Nigeria,35-44,Male,Monthly
2709,2024-02-09,United Kingdom,18-24,Female,Monthly
2710,2024-01-02,United Kingdom,18-24,Female,Monthly
2711,2024-02-22,Nigeria,18-24,Female,Monthly
2712,2024-03-01,Nigeria,35-44,Male,
2713,2024-05-24,NGR,25-34,Female,Monthly
2714,2024-04-22,Nigeria,35-44,Female,Monthly
2715,2024-05-11,United Kingdom,25-34,Female,Monthly
2716,2024-05-17,Nigeria,25-34,MALE,Monthly
2717,2024-06-22,Nigeria,35-44,Female,Monthly
2718,2024-06-15,Nigeria,18-24,Male,Monthly
2719,2024-02-21,Canada,25-34,male,Monthly
2720,2024-01-13,Canada,18-24,Female,Monthly
2721,2024-04-12,Nigeria,25-34,Male,Monthly
2722,2024-05-14,Canada,35-44,female,Monthly
2723,2024-02-17,Nigeria,45+,Female,Monthly
2724,2024-06-24,Nigeria,45+,Female,Monthly
2725,2024-02-03,UK,25 to 34,Female,Monthly
2726,2024-06-11,Canada,25-34,Male,Monthly
2727,2024-02-25,Nigeria,25-34,Female,Monthly
2728,2024-01-21,Nigeria,45+,Female,Monthly
2729,2024-04-05,Nigeria,18-24,Female,Monthly
2730,2024-03-04,United Kingdom,25 to 34,Male,Monthly
2731,2024-04-06,Canada,25-34,Male,Monthly
2732,2024-06-25,Nigeria,18-24,Female,Monthly
2733,2024-04-22,Canada,35-44,male,Monthly
2734,2024-05-10,Canada,35-44,Female,Monthly
2735,2024-03-11,Nigeria,25-34,Male,Monthly
2736,2024-04-13,Nigeria,18-24,Female,Monthly
2737,2024-05-28,Nigeria,18-24,Male,Monthly
2738,2024-01-13,Nigeria,18-24,Male,Monthly
2739,2024-04-16,Nigeria,18-24,Male,Monthly
2740,2024-04-06,Nigeria,45+,Male,Monthly
2741,2024-05-21,Nigeria,25-34,Male,Monthly
2742,2024-04-05,United Kingdom,35-44,Female,Monthly
2743,2024-03-05,United Kingdom,25-34,Male,Monthly
2744,2024-06-02,United Kingdom,45+,male,Monthly
2745,2024-06-17,United Kingdom,35-44,Male,Monthly
2746,2024-03-19,Nigeria,45+,Male,Monthly
2747,2024-01-31,United Kingdom,25 to 34,Male,Monthly
2748,2024-05-31,Nigeria,18-24,Female,Monthly
2749,2024-01-03,United Kingdom,25-34,male,Monthly
2750,2024-05-04,Canada,18-24,Male,Monthly
2751,2024-05-25,Nigeria,18-24,Female,Monthly
2752,2024-02-03,Nigeria,25-34,Female,Monthly
2753,2024-04-14,United Kingdom,35-44,Female,Monthly
2754,2024-01-02,United Kingdom,35-44,Female,Monthly
2755,2024-01-19,Nigeria,25-34,Female,Monthly
2756,2024-05-06,Nigeria,25-34,Male,Monthly
2757,2024-05-27,GBR,18-24,Female,Monthly
2758,2024-05-12,CAN,25-34,Male,Monthly
2759,2024-04-24,Nigeria,25-34,Female,
2760,2024-02-27,Nigeria,45+,FEMALE,Monthly
2761,2024-06-04,NGR,35-44,Male,Monthly
2762,2024-05-31,Nigeria,45+,Male,
2763,2024-03-31,United Kingdom,25-34,Male,Monthly
2764,2024-04-25,United Kingdom,25-34,Male,Monthly
2765,2024-01-13,NGR,45+,male,Monthly
2766,2024-03-22,Nigeria,35-44,male,Monthly
2767,2024-05-18,Nigeria,18 to 24,Male,Monthly
2768,2024-04-05,Nigeria,25-34,Male,Monthly
2769,2024-05-16,Nigeria,35-44,Male,Monthly
2770,2024-04-21,Canada,25-34,Female,Monthly
2771,2024-02-18,Nigeria,25-34,male,Monthly
2772,2024-05-09,Nigeria,25-34,Female,Monthly
2773,2024-01-31,Nigeria,45+,Male,Monthly
2774,2024-01-21,Canada,45+,Female,Monthly
2775,2024-03-11,United Kingdom,25-34,Male,Monthly
2776,2024-06-16,Nigeria,18-24,Male,Monthly
2777,2024-02-27,NGR,18-24,Male,Monthly
2778,2024-06-27,Nigeria,25-34,Female,Monthly
2779,2024-01-17,Nigeria,18-24,Male,Monthly
2780,2024-05-04,Nigeria,25-34,Female,Monthly
2781,2024-04-03,United Kingdom,45+,Female,Monthly
2782,2024-05-04,CAN,18-24,Male,Monthly
2783,2024-01-11,United Kingdom,25-34,Male,Monthly
2784,2024-04-19,Nigeria,35/44,Male,Monthly
2785,2024-02-12,United Kingdom,25-34,Male,Monthly
2786,2024-06-25,Nigeria,25-34,Female,Monthly
2787,2024-01-29,Canada,25-34,FEMALE,Monthly
2788,2024-05-06,Nigeria,25-34,Female,Monthly
2789,2024-03-14,Canada,18-24,Male,Monthly
2790,2024-01-05,Nigeria,18-24,Male,Monthly
2791,2024-03-13,United Kingdom,25-34,Male,Monthly
2792,2024-05-06,Nigeria,18-24,Female,Monthly
2793,2024-04-17,Nigeria,18-24,Female,Monthly
2794,2024-04-13,United Kingdom,35 to 44,Male,Monthly
2795,2024-04-05,Nigeria,18-24,Female,Monthly
2796,2024-01-25,Nigeria,25-34,Male,Monthly
2797,2024-01-20,Nigeria,25-34,Male,Monthly
2798,2024-04-03,Nigeria,45+,Female,Monthly
2799,2024-04-27,Nigeria,25-34,Male,Monthly
2800,2024-03-17,Nigeria,25-34,Female,Monthly
2801,2024-03-23,Nigeria,18-24,Male,Monthly
2802,2024-04-29,Nigeria,25-34,Male,Monthly
2803,2024-01-23,NG,35-44,Female,Monthly
2804,2024-03-02,Nigeria,25-34,Female,Monthly
2805,2024-02-04,Nigeria,35-44,Male,Monthly
2806,2024-02-11,Nigeria,25-34,Male,Monthly
2807,2024-04-22,United Kingdom,25-34,Male,Monthly
2808,2024-01-12,NG,35-44,Female,Monthly
2809,2024-02-18,Nigeria,25-34,Male,Monthly
2810,2024-01-19,Canada,25-34,FEMALE,Monthly
2811,2024-03-25,Canada,45+,Female,Monthly
2812,2024-05-25,Canada,25-34,Female,Monthly
2813,2024-04-10,United Kingdom,35-44,Male,Monthly
2814,2024-02-08,United Kingdom,45+,Female,Monthly
2815,2024-05-09,Nigeria,45+,Female,Monthly
2816,2024-04-23,Nigeria,45+,MALE,Monthly
2817,2024-02-13,United Kingdom,35-44,Female,Monthly
2818,2024-06-30,Canada,35-44,Male,Monthly
2819,2024-04-03,Canada,25-34,Female,Monthly
2820,2024-01-04,Nigeria,35-44,Female,Monthly
2821,2024-04-13,Nigeria,35-44,Female,Monthly
2822,2024-06-01,Nigeria,25-34,Female,Monthly
2823,2024-05-18,Nigeria,35-44,Female,Monthly
2824,2024-06-07,NGR,18-24,Female,Monthly
2825,2024-04-16,Canada,18-24,Male,Monthly
2826,2024-01-26,Nigeria,45+,Female,Monthly
2827,2024-01-27,Nigeria,35-44,Male,
2828,2024-04-25,United Kingdom,18-24,Male,Monthly
2829,2024-03-17,Nigeria,45+,Female,Monthly
2830,2024-05-11,Nigeria,18-24,Female,Monthly
2831,2024-06-17,Nigeria,18-24,Female,Monthly
2832,2024-02-21,Nigeria,45+,Male,Monthly
2833,2024-06-22,Nigeria,25-34,Female,Monthly
2834,2024-06-22,United Kingdom,18-24,Female,Monthly
2835,2024-01-31,Nigeria,25-34,Male,Monthly
2836,2024-01-26,Nigeria,18-24,Female,Monthly
2837,2024-06-19,Canada,25-34,Female,Monthly
2838,2024-02-14,NG,25-34,Female,Monthly
2839,2024-02-03,Nigeria,35-44,Female,Monthly
2840,2024-03-06,United Kingdom,18-24,Male,Monthly
2841,2024-02-21,United Kingdom,18-24,Female,Monthly
2842,2024-04-30,Nigeria,35-44,Male,Monthly
2843,2024-03-17,United Kingdom,45+,Male,Monthly
2844,2024-06-26,United Kingdom,18-24,Male,
2845,2024-02-24,Nigeria,35-44,Female,Monthly
2846,2024-05-27,Canada,25-34,Female,Monthly
2847,2024-04-09,Nigeria,25-34,Male,Monthly
2848,2024-04-06,Canada,35-44,Female,
2849,2024-06-12,Nigeria,25-34,Female,Monthly
2850,2024-04-20,Nigeria,18 to 24,Male,Monthly
2851,2024-01-24,Nigeria,35-44,Male,Monthly
2852,2024-03-20,Nigeria,25-34,Male,Monthly
2853,2024-04-27,United Kingdom,25-34,Female,Monthly
2854,2024-06-24,NG,35-44,Female,Monthly
2855,2024-03-11,United Kingdom,35-44,Female,Monthly
2856,2024-06-13,United Kingdom,18-24,Female,Monthly
2857,2024-03-15,Nigeria,35-44,Female,Monthly
2858,2024-05-31,Canada,25-34,Female,Monthly
2859,2024-05-08,Canada,25-34,Male,Monthly
2860,2024-05-20,Nigeria,25/34,Female,Monthly
2861,2024-05-01,United Kingdom,25-34,male,Monthly
2862,2024-05-26,United Kingdom,25-34,Male,Monthly
2863,2024-05-18,Nigeria,45+,Female,Monthly
2864,2024-06-29,Nigeria,25-34,Female,Monthly
2865,2024-05-19,Nigeria,45+,Male,Monthly
2866,2024-01-17,Canada,25-34,Male,Monthly
2867,2024-05-20,Nigeria,18-24,Female,Monthly
2868,2024-06-24,Nigeria,45+,Male,Monthly
2869,2024-06-19,Canada,45+,Male,Monthly
2870,2024-05-25,United Kingdom,18-24,Male,Monthly
2871,2024-02-04,Nigeria,25/34,MALE,Monthly
2872,2024-01-13,Nigeria,45+,Male,Monthly
2873,2024-02-29,Nigeria,25-34,Female,Monthly
2874,2024-04-26,United Kingdom,35-44,Female,Monthly
2875,2024-02-27,Nigeria,45+,Female,Monthly
2876,2024-01-26,Canada,25-34,Female,Monthly
2877,2024-01-11,Nigeria,25-34,Female,Monthly
2878,2024-06-07,Nigeria,25-34,Male,Monthly
2879,2024-04-04,United Kingdom,18-24,Female,Monthly
2880,2024-06-15,Nigeria,45+,Female,Monthly
2881,2024-02-20,Nigeria,45+,Female,Monthly
2882,2024-05-29,United Kingdom,35-44,Male,Monthly
2883,2024-03-18,Nigeria,25-34,Male,Monthly
2884,2024-03-16,Canada,25 to 34,Female,Monthly
2885,2024-01-06,Canada,45+,Female,Monthly
2886,2024-02-23,United Kingdom,25-34,Female,Monthly
2887,2024-06-29,Nigeria,35-44,Male,Monthly
2888,2024-02-04,Nigeria,35-44,Male,Monthly
2889,2024-02-28,United Kingdom,45+,Male,Monthly
2890,2024-03-06,United Kingdom,35-44,FEMALE,Monthly
2891,2024-04-08,Nigeria,25-34,Female,Monthly
2892,2024-06-15,Nigeria,25-34,Female,Monthly
2893,2024-04-23,NG,25 to 34,Male,Monthly
2894,2024-05-21,Nigeria,25-34,Male,Monthly
2895,2024-06-19,Canada,35-44,Female,Monthly
2896,2024-04-25,United Kingdom,35-44,Male,Monthly
2897,2024-06-12,Canada,25-34,female,Monthly
2898,2024-01-08,Canada,45+,Female,Monthly
2899,2024-04-25,Nigeria,25-34,Male,Monthly
2900,2024-03-21,United Kingdom,18-24,Male,Monthly
2901,2024-02-02,Nigeria,35-44,Male,Monthly
2902,2024-02-23,Canada,45+,Male,Monthly
2903,2024-04-25,Canada,18-24,Male,Monthly
2904,2024-06-06,United Kingdom,25-34,Female,Monthly
2905,2024-04-21,United Kingdom,45+,Female,Monthly
2906,2024-02-02,Nigeria,25-34,Female,Monthly
2907,2024-06-11,Nigeria,45+,Female,Monthly
2908,2024-03-08,CA,45+,Female,Monthly
2909,2024-02-15,United Kingdom,18-24,Female,Monthly
2910,2024-06-23,United Kingdom,35-44,Female,Monthly
2911,2024-03-17,Nigeria,25-34,Male,Monthly
2912,2024-06-27,Nigeria,35-44,Female,Monthly
2913,2024-06-27,Canada,18-24,Male,Monthly
2914,2024-06-25,CAN,18 to 24,Male,Monthly
2915,2024-05-11,Nigeria,25-34,Female,Monthly
2916,2024-01-22,United Kingdom,45+,Female,Monthly
2917,2024-04-15,Nigeria,25-34,Female,Monthly
2918,2024-06-06,Nigeria,18-24,Female,Monthly
2919,2024-04-14,GBR,35-44,Female,Monthly
2920,2024-01-19,United Kingdom,45+,Male,Monthly
2921,2024-01-14,United Kingdom,18-24,Male,Monthly
2922,2024-01-05,Canada,45+,Female,Monthly
2923,2024-01-07,United Kingdom,35-44,Female,Monthly
2924,2024-04-12,Nigeria,18-24,Male,Monthly
2925,2024-01-09,Canada,25-34,Male,Monthly
2926,2024-02-05,Canada,25-34,Male,Monthly
2927,2024-02-23,United Kingdom,18-24,Male,Monthly
2928,2024-05-12,Canada,25-34,Male,Monthly
2929,2024-04-15,United Kingdom,25-34,Female,Monthly
2930,2024-04-19,Canada,35-44,Female,Monthly
2931,2024-05-29,Nigeria,35-44,Male,Monthly
2932,2024-05-26,Nigeria,25-34,Male,Monthly
2933,2024-01-24,Nigeria,35-44,Female,Monthly
2934,2024-01-17,United Kingdom,25-34,Female,Monthly
2935,2024-04-16,United Kingdom,35-44,Male,Monthly
2936,2024-06-27,Canada,35-44,Female,Monthly
2937,2024-03-22,Nigeria,25-34,Female,Monthly
2938,2024-06-11,Nigeria,18-24,Female,Monthly
2939,2024-06-30,Nigeria,45+,Male,Monthly
2940,2024-06-13,Canada,18-24,Female,Monthly
2941,2024-02-24,Nigeria,25-34,Male,Monthly
2942,2024-01-26,Nigeria,25-34,Male,Monthly
2943,2024-03-31,Canada,25-34,Male,Monthly
2944,2024-01-23,NG,35 to 44,Male,Monthly
2945,2024-01-02,Nigeria,35-44,Female,Monthly
2946,2024-02-05,Canada,25-34,Male,Monthly
2947,2024-02-20,Nigeria,25-34,Female,Monthly
2948,2024-05-28,Nigeria,35-44,Female,Monthly
2949,2024-02-18,Nigeria,25-34,Female,Monthly
2950,2024-04-11,Nigeria,18-24,Female,Monthly
2951,2024-06-28,United Kingdom,35-44,Male,Monthly
2952,2024-05-20,Nigeria,25-34,MALE,Monthly
2953,2024-05-26,United Kingdom,35 to 44,Female,Monthly
2954,2024-01-09,Canada,35-44,Female,Monthly
2955,2024-04-17,Nigeria,45+,Female,Monthly
2956,2024-05-24,United Kingdom,25-34,Male,Monthly
2957,2024-02-25,United Kingdom,25 to 34,Female,Monthly
2958,2024-03-13,Canada,18-24,Female,
2959,2024-02-11,Nigeria,35/44,Female,Monthly
2960,2024-04-13,Canada,45+,Female,Monthly
2961,2024-02-06,Nigeria,25-34,Male,Monthly
2962,2024-03-07,United Kingdom,25-34,Female,Monthly
2963,2024-06-20,United Kingdom,25-34,Female,Monthly
2964,2024-03-23,Canada,18-24,Female,Monthly
2965,2024-06-29,Nigeria,45+,Male,Monthly
2966,2024-06-20,Nigeria,45+,Female,Monthly
2967,2024-02-03,United Kingdom,18-24,Female,Monthly
2968,2024-06-04,United Kingdom,35-44,Male,Monthly
2969,2024-01-19,United Kingdom,18-24,Female,Monthly
2970,2024-04-07,Nigeria,35-44,Male,Monthly
2971,2024-01-13,Nigeria,25-34,Female,Monthly
2972,2024-02-17,United Kingdom,45+,Female,Monthly
2973,2024-06-16,United Kingdom,18-24,Female,Monthly
2974,2024-01-17,Nigeria,35-44,Female,Monthly
2975,2024-06-03,Nigeria,25-34,Female,Monthly
2976,2024-06-09,United Kingdom,18-24,Female,Monthly
2977,2024-05-09,Nigeria,25-34,Male,Monthly
2978,2024-04-13,Nigeria,18-24,FEMALE,Monthly
2979,2024-01-11,United Kingdom,18-24,Female,Monthly
2980,2024-04-06,United Kingdom,45+,Male,Monthly
2981,2024-01-27,Nigeria,35/44,Female,Monthly
2982,2024-01-26,NGR,35-44,Male,Monthly
2983,2024-06-17,Nigeria,18-24,Male,Monthly
2984,2024-03-12,United Kingdom,18-24,Female,Monthly
2985,2024-03-10,United Kingdom,18-24,Female,Monthly
2986,2024-01-27,Nigeria,25-34,MALE,Monthly
2987,2024-02-12,Nigeria,45+,Female,Monthly
2988,2024-06-12,Nigeria,25-34,Female,Monthly
2989,2024-01-08,Nigeria,25-34,FEMALE,Monthly
2990,2024-03-25,Nigeria,45+,Female,Monthly
2991,2024-03-08,Canada,45+,Male,Monthly
2992,2024-02-14,Nigeria,25-34,Male,
2993,2024-05-07,United Kingdom,35-44,male,Monthly
2994,2024-01-25,United Kingdom,35-44,Male,Monthly
2995,2024-04-13,Canada,35/44,Male,Monthly
2996,2024-05-31,GBR,35-44,Female,Monthly
2997,2024-06-03,GBR,35-44,Male,Monthly
2998,2024-01-18,Canada,18-24,Female,Monthly
2999,2024-01-12,Canada,25-34,Female,Monthly
3000,2024-05-21,United Kingdom,25-34,Male,Monthly
3001,2024-02-11,Nigeria,35-44,Female,Monthly
3002,2024-02-16,GBR,45+,Female,Monthly
3003,2024-02-14,Nigeria,45+,Male,Monthly
3004,2024-03-25,United Kingdom,25-34,Male,Monthly
3005,2024-05-29,Nigeria,25-34,Female,Monthly
3006,2024-04-04,United Kingdom,25-34,Male,Monthly
3007,2024-03-15,United Kingdom,35-44,Female,Monthly
3008,2024-02-27,Nigeria,25/34,Male,Monthly
3009,2024-01-26,Nigeria,25-34,Male,
3010,2024-05-18,United Kingdom,25-34,Male,Monthly
3011,2024-02-23,CA,25-34,Female,Monthly
3012,2024-02-01,Nigeria,45+,Male,Monthly
3013,2024-02-08,Nigeria,18-24,Female,Monthly
3014,2024-06-07,Nigeria,25-34,Male,Monthly
3015,2024-05-28,Nigeria,18-24,Male,Monthly
3016,2024-01-17,Canada,35-44,Female,Monthly
3017,2024-03-14,Nigeria,25-34,Male,Monthly
3018,2024-06-15,Nigeria,45+,Male,Monthly
3019,2024-03-14,Canada,25-34,Female,Monthly
3020,2024-06-06,Canada,18-24,Female,Monthly
3021,2024-03-28,Canada,35-44,Female,Monthly
3022,2024-05-27,Nigeria,18-24,Male,Monthly
3023,2024-06-08,Canada,35-44,Female,Monthly
3024,2024-06-10,United Kingdom,18-24,Female,Monthly
3025,2024-04-01,Nigeria,18-24,Female,Monthly
3026,2024-04-04,Canada,35-44,Female,Monthly
3027,2024-01-11,United Kingdom,18 to 24,Female,Monthly
3028,2024-05-17,United Kingdom,25-34,Male,Monthly
3029,2024-03-29,Nigeria,25-34,Male,Monthly
3030,2024-05-17,Nigeria,35-44,Female,Monthly
3031,2024-01-19,Nigeria,25-34,Female,Monthly
3032,2024-06-19,Nigeria,35-44,Male,Monthly
3033,2024-04-23,United Kingdom,18-24,Female,Monthly
3034,2024-03-12,Canada,18-24,Female,Monthly
3035,2024-03-21,United Kingdom,35-44,Female,Monthly
3036,2024-02-10,United Kingdom,25-34,Female,Monthly
3037,2024-06-09,United Kingdom,25/34,Male,Monthly
3038,2024-03-26,United Kingdom,25-34,Female,Monthly
3039,2024-05-06,United Kingdom,45+,Female,Monthly
3040,2024-03-09,Nigeria,25-34,Male,Monthly
3041,2024-02-17,Nigeria,45+,Female,Monthly
3042,2024-03-29,Nigeria,25-34,Male,Monthly
3043,2024-01-14,Canada,35-44,Female,Monthly
3044,2024-02-06,United Kingdom,25-34,Female,Monthly
3045,2024-04-11,United Kingdom,25-34,Female,Monthly
3046,2024-05-13,United Kingdom,35/44,Male,Monthly
3047,2024-01-13,Canada,18-24,Male,Monthly
3048,2024-05-19,United Kingdom,35-44,Female,Monthly
3049,2024-05-10,Nigeria,18-24,Female,Monthly
3050,2024-04-07,Nigeria,35 to 44,Male,Monthly
3051,2024-06-02,Nigeria,45+,Female,Monthly
3052,2024-02-18,Canada,18-24,Male,Monthly
3053,2024-06-16,Nigeria,25-34,Male,Monthly
3054,2024-05-15,Nigeria,25-34,Male,Monthly
3055,2024-06-12,Nigeria,25-34,Male,Monthly
3056,2024-02-24,United Kingdom,18-24,Female,Monthly
3057,2024-04-27,Nigeria,25-34,Male,
3058,2024-03-22,Canada,25-34,Female,Monthly
3059,2024-06-04,Canada,18 to 24,Male,Monthly
3060,2024-05-14,Nigeria,45+,Female,Monthly
3061,2024-04-09,Canada,25-34,Male,Monthly
3062,2024-04-08,United Kingdom,35-44,Female,Monthly
3063,2024-01-11,Nigeria,18-24,Female,Monthly
3064,2024-06-13,Nigeria,25-34,Male,Monthly
3065,2024-03-02,Nigeria,25-34,Female,Monthly
3066,2024-06-17,Canada,25-34,Male,Monthly
3067,2024-05-18,Nigeria,35-44,Male,Monthly
3068,2024-02-21,United Kingdom,35 to 44,Male,Monthly
3069,2024-04-08,Nigeria,18-24,Female,Monthly
3070,2024-06-30,United Kingdom,35-44,Female,Monthly
3071,2024-01-02,Nigeria,45+,Male,Monthly
3072,2024-01-03,Nigeria,18-24,Female,Monthly
3073,2024-04-30,United Kingdom,35-44,Female,Monthly
3074,2024-02-02,Canada,18-24,Female,
3075,2024-01-22,Canada,18-24,Male,Monthly
3076,2024-05-05,United Kingdom,35-44,Female,Monthly
3077,2024-01-25,Nigeria,45+,Female,Monthly
3078,2024-04-03,Nigeria,18-24,Female,Monthly
3079,2024-06-05,Nigeria,18-24,Female,Monthly
3080,2024-04-03,Nigeria,18-24,Male,Monthly
3081,2024-04-03,Canada,35-44,Female,Monthly
3082,2024-03-07,NG,25-34,Male,Monthly
3083,2024-01-30,Nigeria,25-34,Male,Monthly
3084,2024-01-25,Nigeria,35-44,Male,
3085,2024-03-30,United Kingdom,18-24,Male,Monthly
3086,2024-02-22,United Kingdom,45+,Female,Monthly
3087,2024-01-28,Nigeria,35-44,Male,Monthly
3088,2024-04-09,United Kingdom,45+,Female,Monthly
3089,2024-05-06,United Kingdom,45+,Male,Monthly
3090,2024-05-17,Canada,25-34,Male,Monthly
3091,2024-01-11,Canada,25-34,Male,
3092,2024-01-23,Canada,35-44,Female,Monthly
3093,2024-02-06,United Kingdom,25-34,Female,Monthly
3094,2024-03-22,Canada,45+,Male,Monthly
3095,2024-01-23,UK,35-44,Male,Monthly
3096,2024-04-23,United Kingdom,18-24,Male,Monthly
3097,2024-06-13,Nigeria,18-24,Male,Monthly
3098,2024-01-13,Canada,35-44,Male,Monthly
3099,2024-03-03,Canada,25-34,Female,Monthly
3100,2024-02-05,Nigeria,18-24,Male,Monthly
3101,2024-06-27,Nigeria,35-44,Female,Monthly
3102,2024-01-23,United Kingdom,18 to 24,Male,Monthly
3103,2024-06-05,United Kingdom,18-24,Male,Monthly
3104,2024-05-29,United Kingdom,18-24,Male,Monthly
3105,2024-04-01,Canada,35-44,Female,Monthly
3106,2024-05-02,United Kingdom,25-34,Male,Monthly
3107,2024-04-20,Nigeria,45+,FEMALE,Monthly
3108,2024-04-12,Canada,25-34,Male,Monthly
3109,2024-06-25,Canada,25-34,Male,Monthly
3110,2024-06-13,Nigeria,18-24,Male,Monthly
3111,2024-05-24,United Kingdom,35-44,Male,Monthly
3112,2024-06-03,NG,25-34,Female,Monthly
3113,2024-01-19,Nigeria,25-34,Male,Monthly
3114,2024-05-21,Nigeria,25-34,Female,Monthly
3115,2024-03-30,Nigeria,45+,Female,Monthly
3116,2024-01-11,United Kingdom,25-34,female,Monthly
3117,2024-04-24,United Kingdom,25-34,Male,Monthly
3118,2024-02-06,United Kingdom,35/44,Male,Monthly
3119,2024-05-09,Nigeria,18-24,Male,Monthly
3120,2024-06-13,Nigeria,25-34,Male,Monthly
3121,2024-06-11,United Kingdom,35-44,MALE,Monthly
3122,2024-03-07,Canada,45+,Male,Monthly
3123,2024-04-30,Nigeria,25-34,FEMALE,Monthly
3124,2024-03-11,United Kingdom,35-44,Male,Monthly
3125,2024-04-07,Nigeria,25-34,Female,Monthly
3126,2024-03-25,Nigeria,25-34,Female,Monthly
3127,2024-05-11,Nigeria,25-34,Female,Monthly
3128,2024-03-31,Canada,35-44,Male,Monthly
3129,2024-04-10,Canada,25-34,MALE,Monthly
3130,2024-05-10,Nigeria,18-24,Female,Monthly
3131,2024-06-15,Canada,35-44,Male,Monthly
3132,2024-01-09,Canada,45+,Female,Monthly
3133,2024-05-16,Nigeria,25-34,MALE,Monthly
3134,2024-06-03,Nigeria,45+,Male,Monthly
3135,2024-05-31,Canada,45+,Female,Monthly
3136,2024-01-08,Nigeria,25-34,Male,Monthly
3137,2024-06-11,United Kingdom,35 to 44,male,Monthly
3138,2024-03-28,United Kingdom,25-34,Male,Monthly
3139,2024-05-05,Nigeria,35-44,Male,Monthly
3140,2024-03-02,Nigeria,18-24,Male,Monthly
3141,2024-03-08,Nigeria,45+,Male,Monthly
3142,2024-01-14,United Kingdom,18-24,Female,Monthly
3143,2024-01-21,Canada,25-34,Female,Monthly
3144,2024-03-23,United Kingdom,25-34,Male,Monthly
3145,2024-02-26,Canada,35-44,Female,Monthly
3146,2024-02-21,United Kingdom,25-34,Male,Monthly
3147,2024-04-05,Nigeria,35-44,Female,Monthly
3148,2024-02-14,United Kingdom,45+,Female,Monthly
3149,2024-01-04,United Kingdom,25-34,Female,Monthly
3150,2024-03-01,Nigeria,25-34,Female,Monthly
3151,2024-01-09,Nigeria,25-34,Male,Monthly
3152,2024-06-29,Nigeria,45+,Male,Monthly
3153,2024-02-28,United Kingdom,25-34,Male,Monthly
3154,2024-01-24,Nigeria,45+,Female,Monthly
3155,2024-01-12,Nigeria,25-34,Female,Monthly
3156,2024-04-02,Canada,18-24,Female,Monthly
3157,2024-01-07,United Kingdom,25-34,Female,Monthly
3158,2024-03-04,Canada,35-44,Male,Monthly
3159,2024-05-29,Nigeria,35-44,Male,Monthly
3160,2024-04-29,Nigeria,45+,Male,Monthly
3161,2024-02-11,United Kingdom,25-34,Female,Monthly
3162,2024-06-07,United Kingdom,25-34,Female,Monthly
3163,2024-06-22,Canada,25-34,female,Monthly
3164,2024-04-23,Canada,25-34,Female,Monthly
3165,2024-01-15,NG,45+,FEMALE,Monthly
3166,2024-05-22,Nigeria,25-34,Male,Monthly
3167,2024-03-21,Canada,18-24,Male,Monthly
3168,2024-02-22,Canada,18-24,Female,Monthly
3169,2024-04-18,United Kingdom,25-34,Male,Monthly
3170,2024-01-19,Canada,25-34,Male,Monthly
3171,2024-02-10,Nigeria,25-34,Male,Monthly
3172,2024-05-20,Nigeria,18-24,Male,Monthly
3173,2024-06-12,NG,35-44,Male,Monthly
3174,2024-06-02,Nigeria,35 to 44,Male,Monthly
3175,2024-02-17,United Kingdom,25/34,Female,Monthly
3176,2024-01-03,United Kingdom,45+,Male,Monthly
3177,2024-02-25,Canada,18-24,Female,Monthly
3178,2024-06-13,Nigeria,35-44,Male,Monthly
3179,2024-04-09,Canada,25-34,Female,Monthly
3180,2024-01-30,Canada,35-44,Female,Monthly
3181,2024-04-12,United Kingdom,25-34,Male,Monthly
3182,2024-04-05,Nigeria,45+,Male,Monthly
3183,2024-01-12,Canada,35-44,Female,Monthly
3184,2024-01-18,Nigeria,35-44,Female,Monthly
3185,2024-06-23,Canada,18-24,Male,Monthly
3186,2024-03-16,Canada,25-34,Male,Monthly
3187,2024-01-07,Nigeria,25-34,Female,Monthly
3188,2024-02-25,Nigeria,45+,FEMALE,Monthly
3189,2024-06-13,Canada,35-44,Female,Monthly
3190,2024-02-07,Nigeria,35-44,Male,Monthly
3191,2024-04-08,United Kingdom,45+,Female,Monthly
3192,2024-01-21,United Kingdom,25-34,Male,Monthly
3193,2024-05-17,Nigeria,18-24,Male,Monthly
3194,2024-04-24,Nigeria,25-34,Female,Monthly
3195,2024-05-28,Canada,45+,Female,Monthly
3196,2024-01-29,Nigeria,25-34,Male,Monthly
3197,2024-05-16,Canada,25-34,male,Monthly
3198,2024-03-03,Nigeria,25-34,Female,Monthly
3199,2024-04-24,United Kingdom,35-44,Female,Monthly
3200,2024-05-23,Nigeria,25-34,Female,Monthly
3201,2024-02-12,Nigeria,25-34,Male,Monthly
3202,2024-03-30,Nigeria,45+,Female,Monthly
3203,2024-01-31,Canada,25-34,Male,Monthly
3204,2024-01-12,Nigeria,35-44,Male,Monthly
3205,2024-04-05,Nigeria,35-44,Female,Monthly
3206,2024-05-30,Nigeria,35-44,Male,Monthly
3207,2024-02-09,Nigeria,35-44,Male,Monthly
3208,2024-06-02,United Kingdom,18-24,Female,Monthly
3209,2024-04-17,Nigeria,35-44,Female,Monthly
3210,2024-01-10,United Kingdom,25-34,Male,Monthly
3211,2024-05-22,United Kingdom,35-44,Male,Monthly
3212,2024-04-30,Canada,18-24,Male,Monthly
3213,2024-03-19,Nigeria,35-44,Female,Monthly
3214,2024-06-05,United Kingdom,25-34,Male,Monthly
3215,2024-01-24,United Kingdom,25-34,Male,Monthly
3216,2024-04-19,Canada,18-24,Female,Monthly
3217,2024-06-29,Nigeria,45+,Female,Monthly
3218,2024-06-06,United Kingdom,18-24,Female,Monthly
3219,2024-03-01,NG,18-24,Male,Monthly
3220,2024-05-21,Nigeria,18-24,Female,Monthly
3221,2024-04-04,United Kingdom,25 to 34,Female,Monthly
3222,2024-05-11,United Kingdom,18-24,Male,
3223,2024-05-06,Canada,18-24,Female,Monthly
3224,2024-06-11,Nigeria,25-34,Male,Monthly
3225,2024-01-20,United Kingdom,25-34,Male,Monthly
3226,2024-02-16,Nigeria,35-44,Female,Monthly
3227,2024-04-07,Nigeria,25-34,Female,Monthly
3228,2024-05-17,United Kingdom,25-34,Female,Monthly
3229,2024-01-05,Nigeria,35-44,Male,Monthly
3230,2024-04-06,Canada,25-34,Male,Monthly
3231,2024-05-17,Nigeria,35-44,Female,Monthly
3232,2024-06-05,United Kingdom,25/34,Female,Monthly
3233,2024-05-23,Nigeria,25-34,Male,Monthly
3234,2024-03-28,Nigeria,25/34,Female,Monthly
3235,2024-05-02,United Kingdom,35-44,Female,Monthly
3236,2024-02-23,Canada,25-34,Female,Monthly
3237,2024-05-20,United Kingdom,18/24,Female,Monthly
3238,2024-04-26,United Kingdom,25-34,Male,Monthly
3239,2024-04-21,Nigeria,25-34,Female,
3240,2024-06-13,Canada,25 to 34,Male,Monthly
3241,2024-06-08,NG,35-44,Male,Monthly
3242,2024-04-10,Canada,18-24,Female,Monthly
3243,2024-05-09,Nigeria,25/34,Male,Monthly
3244,2024-06-26,Nigeria,25-34,Male,Monthly
3245,2024-03-12,Canada,18-24,Female,Monthly
3246,2024-03-20,Nigeria,25-34,Male,Monthly
3247,2024-06-28,Canada,18-24,Female,Monthly
3248,2024-03-25,United Kingdom,35-44,Male,Monthly
3249,2024-02-14,Nigeria,25-34,Female,Monthly
3250,2024-03-04,United Kingdom,35-44,Female,Monthly
3251,2024-02-20,NG,35-44,male,Monthly
3252,2024-05-27,Canada,25-34,Male,Monthly
3253,2024-05-08,Nigeria,35-44,Female,Monthly
3254,2024-01-13,Nigeria,35-44,female,Monthly
3255,2024-06-23,Nigeria,25-34,Male,Monthly
3256,2024-05-17,Nigeria,25-34,Male,Monthly
3257,2024-01-13,Nigeria,25-34,Male,Monthly
3258,2024-04-19,Nigeria,25-34,Female,Monthly
3259,2024-05-10,Nigeria,35-44,Female,Monthly
3260,2024-04-05,Nigeria,35-44,Female,Monthly
3261,2024-03-31,Nigeria,18-24,Female,Monthly
3262,2024-03-02,Nigeria,45+,Male,Monthly
3263,2024-05-02,Canada,18-24,Male,Monthly
3264,2024-04-30,Nigeria,18-24,Male,Monthly
3265,2024-01-12,NGR,35-44,Male,Monthly
3266,2024-03-15,United Kingdom,25-34,Male,Monthly
3267,2024-03-28,United Kingdom,25-34,Female,Monthly
3268,2024-06-20,NGR,35-44,male,Monthly
3269,2024-05-29,United Kingdom,35-44,Male,Monthly
3270,2024-01-21,United Kingdom,35-44,Female,Monthly
3271,2024-03-11,United Kingdom,35-44,Female,Monthly
3272,2024-06-14,NGR,25-34,Male,Monthly
3273,2024-02-07,Canada,25/34,Female,Monthly
3274,2024-06-13,Nigeria,18-24,Female,Monthly
3275,2024-02-17,Nigeria,25-34,Male,Monthly
3276,2024-04-18,United Kingdom,35-44,Male,Monthly
3277,2024-04-06,Nigeria,25 to 34,Male,Monthly
3278,2024-05-08,United Kingdom,25-34,Male,Monthly
3279,2024-03-08,Nigeria,25/34,Male,Monthly
3280,2024-05-03,Nigeria,35-44,Male,Monthly
3281,2024-05-07,Nigeria,25-34,Female,Monthly
3282,2024-03-31,Canada,18-24,Male,Monthly
3283,2024-06-08,Canada,25-34,Male,Monthly
3284,2024-06-08,Nigeria,25-34,Female,Monthly
3285,2024-05-21,United Kingdom,45+,Male,Monthly
3286,2024-03-29,Nigeria,25-34,Male,Monthly
3287,2024-05-26,Nigeria,25-34,Male,Monthly
3288,2024-04-08,United Kingdom,35-44,Male,Monthly
3289,2024-06-04,Nigeria,18-24,Male,Monthly
3290,2024-01-27,Nigeria,35-44,Male,Monthly
3291,2024-04-12,United Kingdom,25-34,Male,Monthly
3292,2024-03-23,Nigeria,45+,Male,Monthly
3293,2024-01-26,United Kingdom,35-44,Male,Monthly
3294,2024-03-21,Nigeria,35-44,Female,Monthly
3295,2024-03-18,Canada,25-34,Female,Monthly
3296,2024-06-02,Canada,45+,Female,Monthly
3297,2024-01-27,Canada,18-24,Male,Monthly
3298,2024-06-28,Nigeria,18-24,Male,Monthly
3299,2024-02-06,Nigeria,25-34,Male,Monthly
3300,2024-06-12,Nigeria,25-34,Female,Monthly
3301,2024-02-19,Nigeria,18-24,Male,Monthly
3302,2024-02-28,Nigeria,25-34,Male,Monthly
3303,2024-02-03,Nigeria,18-24,Female,
3304,2024-03-09,Nigeria,45+,Female,Monthly
3305,2024-02-07,United Kingdom,45+,Female,Monthly
3306,2024-05-11,CA,35-44,Female,Monthly
3307,2024-04-07,Nigeria,18-24,Female,Monthly
3308,2024-04-01,Nigeria,25-34,Male,Monthly
3309,2024-05-28,Nigeria,18 to 24,Female,Monthly
3310,2024-06-25,United Kingdom,25/34,Female,Monthly
3311,2024-02-26,United Kingdom,35-44,Female,Monthly
3312,2024-06-27,United Kingdom,25-34,Female,Monthly
3313,2024-02-02,Nigeria,25-34,Male,Monthly
3314,2024-01-03,United Kingdom,25-34,Male,Monthly
3315,2024-06-06,United Kingdom,35 to 44,Male,Monthly
3316,2024-05-13,United Kingdom,45+,Female,Monthly
3317,2024-05-30,Nigeria,25-34,Female,Monthly
3318,2024-04-22,Nigeria,25-34,Female,Monthly
3319,2024-01-15,Nigeria,25-34,Female,Monthly
3320,2024-03-06,Nigeria,35-44,Male,Monthly
3321,2024-03-25,Nigeria,35-44,Female,Monthly
3322,2024-02-10,United Kingdom,45+,male,Monthly
3323,2024-02-23,United Kingdom,25-34,Male,Monthly
3324,2024-04-14,Nigeria,25-34,Female,Monthly
3325,2024-03-09,United Kingdom,25-34,Male,Monthly
3326,2024-02-21,Nigeria,25-34,Male,Monthly
3327,2024-06-28,Nigeria,45+,Male,Monthly
3328,2024-03-15,Canada,35-44,Male,Monthly
3329,2024-06-15,United Kingdom,35-44,Female,Monthly
3330,2024-03-22,Nigeria,25-34,Female,Monthly
3331,2024-06-02,UK,25-34,Female,Monthly
3332,2024-01-29,CAN,18-24,Male,Monthly
3333,2024-03-12,Canada,18-24,Male,Monthly
3334,2024-04-15,United Kingdom,25-34,Male,Monthly
3335,2024-06-11,United Kingdom,45+,Male,Monthly
3336,2024-01-19,Nigeria,25-34,Female,Monthly
3337,2024-05-04,Nigeria,25-34,Female,
3338,2024-04-10,United Kingdom,25-34,Male,Monthly
3339,2024-02-05,United Kingdom,35-44,Female,Monthly
3340,2024-01-17,United Kingdom,35-44,Female,Monthly
3341,2024-06-23,Nigeria,35-44,Female,Monthly
3342,2024-06-15,United Kingdom,45+,FEMALE,Monthly
3343,2024-01-23,Canada,25-34,Female,Monthly
3344,2024-05-11,NG,25-34,Female,Monthly
3345,2024-05-24,Nigeria,35-44,Male,Monthly
3346,2024-05-26,Nigeria,18-24,Female,Monthly
3347,2024-01-26,United Kingdom,25-34,Female,Monthly
3348,2024-06-13,Canada,25-34,Male,Monthly
3349,2024-01-10,Canada,25-34,Female,Monthly
3350,2024-03-19,Canada,35-44,Male,Monthly
3351,2024-02-14,United Kingdom,35-44,Female,Monthly
3352,2024-06-26,Nigeria,25-34,Male,Monthly
3353,2024-06-18,Nigeria,45+,Male,Monthly
3354,2024-06-06,Canada,35-44,Male,Monthly
3355,2024-03-31,Nigeria,18-24,Female,Monthly
3356,2024-06-11,United Kingdom,25-34,Female,Monthly
3357,2024-03-21,Canada,35-44,Male,Monthly
3358,2024-06-21,Nigeria,35-44,Male,Monthly
3359,2024-05-08,GBR,25-34,Female,Monthly
3360,2024-03-02,Nigeria,25-34,Male,Monthly
3361,2024-01-27,Nigeria,18-24,Female,Monthly
3362,2024-05-06,Nigeria,35-44,Female,Monthly
3363,2024-03-30,Nigeria,18-24,Female,Monthly
3364,2024-04-13,United Kingdom,25 to 34,Female,Monthly
3365,2024-04-27,Nigeria,18-24,male,Monthly
3366,2024-04-27,United Kingdom,45+,Male,Monthly
3367,2024-03-21,Nigeria,45+,Male,Monthly
3368,2024-03-01,United Kingdom,25-34,Female,Monthly
3369,2024-02-20,United Kingdom,25-34,Male,Monthly
3370,2024-01-15,Nigeria,18-24,Female,Monthly
3371,2024-03-29,Nigeria,25-34,Male,Monthly
3372,2024-03-20,Canada,45+,Female,Monthly
3373,2024-05-25,Nigeria,25-34,Male,Monthly
3374,2024-06-19,Nigeria,18 to 24,Male,Monthly
3375,2024-04-21,United Kingdom,35-44,Female,Monthly
3376,2024-06-20,Nigeria,18-24,Female,Monthly
3377,2024-05-09,Nigeria,18-24,Male,Monthly
3378,2024-02-20,Canada,35-44,Male,Monthly
3379,2024-01-22,Nigeria,35-44,Male,Monthly
3380,2024-06-07,Canada,35-44,Male,Monthly
3381,2024-04-05,Nigeria,25-34,Female,Monthly
3382,2024-01-25,Nigeria,18-24,Male,Monthly
3383,2024-04-25,United Kingdom,25-34,Male,Monthly
3384,2024-02-25,Canada,35-44,Male,Monthly
3385,2024-01-21,Nigeria,45+,Female,Monthly
3386,2024-03-23,Nigeria,18-24,Male,Monthly
3387,2024-01-03,Nigeria,45+,Male,Monthly
3388,2024-05-26,Canada,18 to 24,Female,Monthly
3389,2024-04-06,NGR,35-44,Male,Monthly
3390,2024-02-17,NGR,35-44,Male,Monthly
3391,2024-05-27,United Kingdom,25-34,Male,Monthly
3392,2024-03-06,Canada,35-44,Female,Monthly
3393,2024-06-24,GBR,35-44,Female,Monthly
3394,2024-02-28,Nigeria,35-44,Female,Monthly
3395,2024-02-01,Nigeria,35-44,Female,Monthly
3396,2024-04-28,Nigeria,25-34,Male,Monthly
3397,2024-06-12,United Kingdom,25-34,Male,Monthly
3398,2024-01-29,United Kingdom,18-24,Male,Monthly
3399,2024-05-11,Canada,35 to 44,Female,Monthly
3400,2024-05-08,Nigeria,25-34,Female,
3401,2024-03-24,United Kingdom,25-34,Female,Monthly
3402,2024-02-11,Nigeria,18-24,Female,Monthly
3403,2024-05-26,United Kingdom,18-24,Male,Monthly
3404,2024-03-27,Nigeria,45+,Male,Monthly
3405,2024-02-19,Nigeria,35 to 44,Female,Monthly
3406,2024-03-05,NG,18-24,Female,Monthly
3407,2024-06-10,Canada,35-44,Male,Monthly
3408,2024-04-13,Nigeria,35-44,Female,Monthly
3409,2024-06-16,United Kingdom,25-34,Male,Monthly
3410,2024-06-12,NG,35-44,Male,Monthly
3411,2024-04-25,Nigeria,35-44,Female,Monthly
3412,2024-01-01,Nigeria,18-24,FEMALE,Monthly
3413,2024-02-25,United Kingdom,35-44,Female,Monthly
3414,2024-01-14,United Kingdom,18-24,Female,Monthly
3415,2024-04-15,Nigeria,35-44,Female,Monthly
3416,2024-04-25,Canada,25-34,Female,Monthly
3417,2024-04-09,Nigeria,18-24,Female,Monthly
3418,2024-05-28,United Kingdom,35 to 44,Male,Monthly
3419,2024-01-03,Nigeria,35-44,Female,Monthly
3420,2024-05-12,Nigeria,18-24,FEMALE,Monthly
3421,2024-04-05,Nigeria,25-34,Female,Monthly
3422,2024-05-07,United Kingdom,25-34,Male,Monthly
3423,2024-04-22,United Kingdom,18-24,Male,Monthly
3424,2024-01-09,Nigeria,35-44,Male,Monthly
3425,2024-03-02,Nigeria,18-24,Male,Monthly
3426,2024-04-12,Nigeria,18-24,Female,Monthly
3427,2024-06-23,United Kingdom,35-44,Female,Monthly
3428,2024-02-05,Nigeria,25-34,Female,Monthly
3429,2024-04-07,Canada,18-24,Male,Monthly
3430,2024-03-28,Nigeria,35-44,Female,Monthly
3431,2024-04-02,Canada,25-34,Male,Monthly
3432,2024-03-18,United Kingdom,25-34,Female,Monthly
3433,2024-06-12,NG,25-34,female,Monthly
3434,2024-05-03,Nigeria,45+,Male,Monthly
3435,2024-04-16,Nigeria,25-34,Female,Monthly
3436,2024-05-03,Canada,25-34,Female,Monthly
3437,2024-03-20,Nigeria,35-44,Female,Monthly
3438,2024-01-30,United Kingdom,25-34,Female,Monthly
3439,2024-03-23,Canada,18-24,Female,Monthly
3440,2024-02-07,Nigeria,45+,MALE,Monthly
3441,2024-01-18,Nigeria,45+,Female,Monthly
3442,2024-03-09,Nigeria,45+,Male,
3443,2024-04-13,United Kingdom,25-34,Male,Monthly
3444,2024-05-16,United Kingdom,18-24,Female,Monthly
3445,2024-04-05,Nigeria,18-24,Male,Monthly
3446,2024-01-23,Canada,25-34,Male,Monthly
3447,2024-06-18,United Kingdom,18-24,Female,
3448,2024-01-28,Nigeria,18-24,Female,Monthly
3449,2024-03-30,Nigeria,35-44,Male,Monthly
3450,2024-02-28,United Kingdom,18-24,FEMALE,Monthly
3451,2024-05-29,United Kingdom,35-44,Male,Monthly
3452,2024-02-01,Nigeria,45+,Female,Monthly
3453,2024-04-29,Nigeria,45+,Male,Monthly
3454,2024-03-17,Nigeria,45+,Female,Monthly
3455,2024-05-12,Nigeria,35-44,Female,Monthly
3456,2024-03-01,Canada,35-44,Female,Monthly
3457,2024-06-11,Canada,25-34,Female,Monthly
3458,2024-04-06,United Kingdom,18-24,Female,Monthly
3459,2024-06-22,United Kingdom,45+,Male,Monthly
3460,2024-05-16,Nigeria,25-34,Male,Monthly
3461,2024-01-13,Canada,35/44,Male,Monthly
3462,2024-03-14,Nigeria,25-34,Female,Monthly
3463,2024-06-01,Nigeria,25/34,Male,Monthly
3464,2024-03-09,Canada,35-44,Male,Monthly
3465,2024-06-30,United Kingdom,25-34,Female,Monthly
3466,2024-03-25,UK,25-34,Female,Monthly
3467,2024-02-27,United Kingdom,45+,Male,Monthly
3468,2024-05-27,Nigeria,18-24,Female,Monthly
3469,2024-06-26,Canada,35-44,Female,Monthly
3470,2024-02-12,United Kingdom,35-44,Male,Monthly
3471,2024-01-11,Nigeria,25-34,Female,Monthly
3472,2024-04-26,Canada,25-34,Male,Monthly
3473,2024-06-29,Nigeria,25-34,Female,Monthly
3474,2024-06-07,Nigeria,18-24,Male,Monthly
3475,2024-03-09,Nigeria,35-44,Female,Monthly
3476,2024-03-11,Canada,25-34,Female,Monthly
3477,2024-04-30,Nigeria,18-24,Female,Monthly
3478,2024-03-04,Nigeria,45+,Male,Monthly
3479,2024-02-28,Nigeria,18-24,Male,Monthly
3480,2024-05-25,Canada,18-24,Female,Monthly
3481,2024-01-19,Nigeria,18-24,Female,Monthly
3482,2024-04-03,Nigeria,35-44,FEMALE,Monthly
3483,2024-02-08,Canada,25-34,Male,Monthly
3484,2024-06-07,Nigeria,18-24,Male,Monthly
3485,2024-05-12,Canada,45+,Male,Monthly
3486,2024-03-30,Nigeria,45+,Female,Monthly
3487,2024-04-30,Nigeria,35-44,Male,Monthly
3488,2024-04-10,United Kingdom,45+,Male,Monthly
3489,2024-01-05,Nigeria,25-34,Female,Monthly
3490,2024-04-20,Nigeria,45+,FEMALE,Monthly
3491,2024-02-09,Canada,18-24,Female,Monthly
3492,2024-04-27,Nigeria,25-34,Female,Monthly
3493,2024-05-31,CAN,35 to 44,Male,Monthly
3494,2024-02-25,Nigeria,35-44,Male,Monthly
3495,2024-04-10,Canada,18-24,Male,Monthly
3496,2024-03-31,Nigeria,35-44,Female,Monthly
3497,2024-06-18,Nigeria,35-44,Female,Monthly
3498,2024-05-14,Nigeria,25 to 34,Female,Monthly
3499,2024-05-21,Nigeria,35-44,Male,Monthly
3500,2024-04-17,Canada,25-34,Female,Monthly
3501,2024-04-12,Nigeria,18-24,Male,Monthly
3502,2024-03-06,United Kingdom,18-24,Female,Monthly
3503,2024-03-08,Canada,25-34,Female,Monthly
3504,2024-05-23,Nigeria,18-24,Female,Monthly
3505,2024-06-04,Nigeria,25-34,Male,Monthly
3506,2024-06-09,Nigeria,25-34,male,Monthly
3507,2024-02-24,Nigeria,25-34,Female,
3508,2024-05-06,United Kingdom,18-24,Male,Monthly
3509,2024-05-03,United Kingdom,25/34,Female,Monthly
3510,2024-03-15,Nigeria,45+,Female,Monthly
3511,2024-01-10,Canada,25-34,Male,Monthly
3512,2024-03-01,United Kingdom,35-44,Female,Monthly
3513,2024-03-13,United Kingdom,35-44,male,Monthly
3514,2024-03-19,NGR,18-24,Female,Monthly
3515,2024-03-10,United Kingdom,25-34,Female,Monthly
3516,2024-04-06,United Kingdom,25-34,Male,Monthly
3517,2024-03-04,Nigeria,18 to 24,Male,
3518,2024-04-25,Nigeria,35-44,Female,Monthly
3519,2024-01-27,Nigeria,35-44,Male,Monthly
3520,2024-04-15,Nigeria,25-34,Male,Monthly
3521,2024-05-21,Canada,25-34,MALE,Monthly
3522,2024-02-05,Nigeria,18-24,Female,Monthly
3523,2024-02-09,United Kingdom,25 to 34,Female,Monthly
3524,2024-05-19,Nigeria,25-34,Male,Monthly
3525,2024-01-11,Nigeria,25-34,Male,Monthly
3526,2024-04-07,United Kingdom,25-34,Male,Monthly
3527,2024-04-14,Canada,35 to 44,Male,Monthly
3528,2024-05-25,Canada,45+,Male,Monthly
3529,2024-04-06,Nigeria,35-44,Male,Monthly
3530,2024-01-12,United Kingdom,25-34,Male,Monthly
3531,2024-05-23,Nigeria,45+,Male,Monthly
3532,2024-06-11,Nigeria,18-24,Male,Monthly
3533,2024-05-26,Canada,25-34,Female,Monthly
3534,2024-05-08,NG,35-44,Female,Monthly
3535,2024-05-01,Nigeria,25-34,Female,Monthly
3536,2024-04-26,Canada,35/44,Female,Monthly
3537,2024-05-28,Nigeria,35-44,Female,Monthly
3538,2024-04-10,Nigeria,35-44,Male,Monthly
3539,2024-04-08,Nigeria,18 to 24,Female,Monthly
3540,2024-06-28,United Kingdom,45+,Male,Monthly
3541,2024-05-16,Canada,18-24,Male,Monthly
3542,2024-04-09,United Kingdom,25/34,Male,Monthly
3543,2024-05-23,United Kingdom,25-34,Female,Monthly
3544,2024-04-29,United Kingdom,25 to 34,Female,Monthly
3545,2024-04-26,Nigeria,45+,Male,Monthly
3546,2024-03-21,Nigeria,35-44,Male,Monthly
3547,2024-01-27,Nigeria,25-34,Male,Monthly
3548,2024-03-12,Nigeria,45+,Male,Monthly
3549,2024-05-31,United Kingdom,25-34,Female,Monthly
3550,2024-03-28,Nigeria,45+,Female,Monthly
3551,2024-02-29,Nigeria,35-44,Male,Monthly
3552,2024-04-13,Nigeria,25-34,Male,Monthly
3553,2024-04-26,Canada,35-44,Female,Monthly
3554,2024-02-09,United Kingdom,35-44,Female,Monthly
3555,2024-04-06,United Kingdom,35-44,Female,Monthly
3556,2024-06-18,Nigeria,25-34,Female,Monthly
3557,2024-05-03,United Kingdom,35-44,Male,Monthly
3558,2024-02-28,Nigeria,25-34,Male,Monthly
3559,2024-04-10,United Kingdom,25-34,Male,Monthly
3560,2024-04-12,Nigeria,25-34,Female,Monthly
3561,2024-06-09,NG,35-44,Female,Monthly
3562,2024-01-26,Canada,25-34,Male,Monthly
3563,2024-06-03,United Kingdom,25-34,Female,Monthly
3564,2024-06-19,Canada,18-24,Male,Monthly
3565,2024-04-18,Canada,35-44,Male,Monthly
3566,2024-06-08,Nigeria,45+,Female,
3567,2024-02-19,Nigeria,35-44,Male,Monthly
3568,2024-02-20,United Kingdom,25-34,Female,Monthly
3569,2024-04-29,Nigeria,35-44,Female,Monthly
3570,2024-01-18,Nigeria,35-44,Female,Monthly
3571,2024-02-24,United Kingdom,18-24,Male,Monthly
3572,2024-06-10,United Kingdom,18-24,Female,Monthly
3573,2024-04-21,Nigeria,35-44,Male,Monthly
3574,2024-04-28,Nigeria,25/34,Male,Monthly
3575,2024-02-28,Nigeria,35-44,Male,Monthly
3576,2024-01-27,Nigeria,35-44,Female,Monthly
3577,2024-02-12,United Kingdom,35-44,Female,Monthly
3578,2024-03-12,Nigeria,35-44,Female,Monthly
3579,2024-01-30,United Kingdom,25-34,FEMALE,
3580,2024-05-07,Canada,25-34,Male,Monthly
3581,2024-04-09,Nigeria,35-44,Male,Monthly
3582,2024-05-27,United Kingdom,45+,Male,Monthly
3583,2024-01-30,Nigeria,25-34,Male,
3584,2024-05-10,GBR,18-24,Male,Monthly
3585,2024-02-28,United Kingdom,25-34,Female,Monthly
3586,2024-03-21,Nigeria,45+,Female,Monthly
3587,2024-01-22,United Kingdom,25-34,Female,Monthly
3588,2024-05-15,Canada,25-34,Male,Monthly
3589,2024-04-03,Nigeria,18-24,Male,
3590,2024-04-02,Nigeria,25-34,Male,Monthly
3591,2024-06-12,United Kingdom,35-44,Male,Monthly
3592,2024-04-30,United Kingdom,18-24,Male,Monthly
3593,2024-03-15,NG,45+,FEMALE,Monthly
3594,2024-04-30,Nigeria,18-24,Female,Monthly
3595,2024-02-23,United Kingdom,35-44,Female,Monthly
3596,2024-06-30,Nigeria,18 to 24,Female,
3597,2024-06-25,Canada,35-44,Male,Monthly
3598,2024-04-17,Nigeria,18 to 24,Male,Monthly
3599,2024-05-15,Nigeria,35-44,Male,Monthly
3600,2024-04-26,Nigeria,18-24,Female,Monthly
3601,2024-01-29,United Kingdom,45+,Male,Monthly
3602,2024-05-22,UK,35-44,Female,Monthly
3603,2024-01-17,Nigeria,45+,Female,Monthly
3604,2024-03-14,United Kingdom,35-44,Male,Monthly
3605,2024-03-17,United Kingdom,25-34,Male,
3606,2024-01-31,GBR,25-34,Male,Monthly
3607,2024-02-19,Canada,18-24,Female,Monthly
3608,2024-05-21,United Kingdom,18-24,Male,Monthly
3609,2024-03-01,United Kingdom,35-44,Female,Monthly
3610,2024-02-14,United Kingdom,45+,Female,Monthly
3611,2024-03-25,United Kingdom,18-24,Male,Monthly
3612,2024-05-19,NG,25-34,Female,Monthly
3613,2024-01-06,Nigeria,45+,Male,Monthly
3614,2024-05-31,Nigeria,35-44,Male,Monthly
3615,2024-02-03,Nigeria,35-44,Female,Monthly
3616,2024-04-03,Canada,35-44,Female,Monthly
3617,2024-05-06,Canada,25-34,Female,Monthly
3618,2024-03-19,United Kingdom,18-24,Male,Monthly
3619,2024-04-09,Nigeria,18 to 24,Male,Monthly
3620,2024-01-10,United Kingdom,45+,Female,Monthly
3621,2024-02-21,Canada,35-44,Male,Monthly
3622,2024-04-20,Canada,25-34,Male,Monthly
3623,2024-05-06,Canada,18-24,Male,Monthly
3624,2024-06-01,Nigeria,25-34,Female,Monthly
3625,2024-02-26,Nigeria,45+,Male,Monthly
3626,2024-06-13,Nigeria,25-34,Male,Monthly
3627,2024-05-27,Canada,35-44,Female,Monthly
3628,2024-05-07,Canada,25-34,Male,Monthly
3629,2024-03-21,Nigeria,35-44,Female,Monthly
3630,2024-01-12,Nigeria,35-44,Male,Monthly
3631,2024-02-29,Nigeria,25-34,Female,Monthly
3632,2024-03-07,United Kingdom,45+,Male,Monthly
3633,2024-06-12,Canada,45+,Female,Monthly
3634,2024-03-21,Nigeria,25-34,Female,Monthly
3635,2024-05-14,Nigeria,25-34,Male,Monthly
3636,2024-04-23,United Kingdom,18-24,Male,Monthly
3637,2024-06-24,Nigeria,45+,Male,
3638,2024-02-10,Nigeria,25-34,Male,
3639,2024-05-30,Nigeria,25-34,Male,Monthly
3640,2024-02-05,Nigeria,25-34,Male,Monthly
3641,2024-06-30,Nigeria,35-44,Female,Monthly
3642,2024-02-02,United Kingdom,18-24,Male,Monthly
3643,2024-06-30,Nigeria,25-34,Male,Monthly
3644,2024-04-15,United Kingdom,18-24,Male,Monthly
3645,2024-04-30,Nigeria,25-34,Female,Monthly
3646,2024-02-07,United Kingdom,45+,Male,Monthly
3647,2024-01-27,Nigeria,35-44,Female,Monthly
3648,2024-03-16,United Kingdom,25-34,Male,Monthly
3649,2024-03-28,Nigeria,25-34,Female,Monthly
3650,2024-05-04,United Kingdom,25-34,Male,Monthly
3651,2024-02-19,Canada,25-34,Male,
3652,2024-03-03,Nigeria,35-44,Male,Monthly
3653,2024-05-24,Canada,45+,Female,Monthly
3654,2024-03-27,Nigeria,25-34,Female,Monthly
3655,2024-01-18,United Kingdom,18-24,female,Monthly
3656,2024-06-02,Nigeria,25-34,Male,Monthly
3657,2024-06-24,United Kingdom,35-44,Male,Monthly
3658,2024-04-06,Nigeria,25-34,Male,Monthly
3659,2024-02-14,Nigeria,18-24,Female,Monthly
3660,2024-04-23,Nigeria,35-44,Male,Monthly
3661,2024-05-18,Canada,25-34,Female,Monthly
3662,2024-02-10,Nigeria,18-24,Female,Monthly
3663,2024-05-27,Nigeria,25-34,Male,Monthly
3664,2024-03-10,Nigeria,18/24,Female,Monthly
3665,2024-03-08,Nigeria,45+,Female,Monthly
3666,2024-04-25,Nigeria,25-34,Female,Monthly
3667,2024-06-27,Canada,25-34,Male,Monthly
3668,2024-01-23,Nigeria,45+,Male,Monthly
3669,2024-05-13,Canada,18-24,Female,Monthly
3670,2024-04-06,NG,35-44,Male,Monthly
3671,2024-04-09,Canada,18-24,Female,Monthly
3672,2024-04-30,Nigeria,25-34,Female,Monthly
3673,2024-02-14,Nigeria,45+,Male,Monthly
3674,2024-03-10,CA,35-44,Female,Monthly
3675,2024-05-13,Nigeria,25-34,FEMALE,Monthly
3676,2024-01-11,Canada,25-34,MALE,Monthly
3677,2024-05-20,Nigeria,25-34,Male,Monthly
3678,2024-06-20,Nigeria,25-34,Female,Monthly
3679,2024-04-30,United Kingdom,18-24,Male,Monthly
3680,2024-02-08,Nigeria,25-34,Male,Monthly
3681,2024-06-07,Nigeria,35-44,Male,Monthly
3682,2024-06-08,United Kingdom,25-34,Female,Monthly
3683,2024-06-02,Nigeria,35-44,Female,Monthly
3684,2024-04-08,Nigeria,25-34,Male,Monthly
3685,2024-04-13,United Kingdom,25-34,Male,
3686,2024-02-18,Nigeria,18-24,Female,Monthly
3687,2024-04-11,Nigeria,35-44,Female,Monthly
3688,2024-01-02,Nigeria,35-44,Female,Monthly
3689,2024-01-12,United Kingdom,25-34,Female,Monthly
3690,2024-06-05,Canada,25 to 34,Female,Monthly
3691,2024-01-12,Nigeria,18-24,FEMALE,Monthly
3692,2024-03-03,Nigeria,25-34,Female,Monthly
3693,2024-01-15,Nigeria,35-44,Male,Monthly
3694,2024-04-18,Canada,25-34,Female,Monthly
3695,2024-04-01,Nigeria,18-24,Male,Monthly
3696,2024-02-20,Canada,35-44,female,Monthly
3697,2024-04-17,Nigeria,35-44,Male,Monthly
3698,2024-03-25,Nigeria,25-34,Male,Monthly
3699,2024-05-20,Nigeria,45+,Female,Monthly
3700,2024-06-23,Canada,25-34,Female,
3701,2024-04-26,Nigeria,25-34,Male,Monthly
3702,2024-04-20,Nigeria,18-24,MALE,Monthly
3703,2024-02-16,Canada,35-44,Male,Monthly
3704,2024-05-18,Nigeria,25-34,Female,Monthly
3705,2024-01-18,Canada,35/44,Female,Monthly
3706,2024-01-01,United Kingdom,25-34,Male,Monthly
3707,2024-05-28,Canada,45+,Male,Monthly
3708,2024-05-15,Canada,35-44,Female,Monthly
3709,2024-01-18,Nigeria,25-34,Female,Monthly
3710,2024-01-16,NGR,45+,Male,Monthly
3711,2024-02-29,Canada,45+,Male,Monthly
3712,2024-02-24,United Kingdom,25-34,Male,Monthly
3713,2024-04-15,Canada,18-24,Female,Monthly
3714,2024-01-27,Nigeria,45+,male,Monthly
3715,2024-01-13,Canada,25-34,Female,Monthly
3716,2024-04-06,United Kingdom,25-34,Female,Monthly
3717,2024-05-21,United Kingdom,18-24,Male,Monthly
3718,2024-01-11,Nigeria,25-34,Female,Monthly
3719,2024-05-08,Nigeria,18-24,Female,Monthly
3720,2024-01-12,Nigeria,25-34,Male,Monthly
3721,2024-02-12,NGR,18-24,Female,Monthly
3722,2024-04-23,United Kingdom,18-24,Female,Monthly
3723,2024-02-06,Nigeria,18-24,Female,Monthly
3724,2024-02-27,Canada,25-34,Female,Monthly
3725,2024-03-09,United Kingdom,35-44,Male,Monthly
3726,2024-03-28,Nigeria,25-34,Female,Monthly
3727,2024-01-10,Canada,25-34,Female,Monthly
3728,2024-02-02,Nigeria,18-24,Male,Monthly
3729,2024-04-24,Canada,35/44,Female,Monthly
3730,2024-03-27,Canada,25-34,Male,Monthly
3731,2024-04-27,Nigeria,45+,Female,Monthly
3732,2024-05-29,United Kingdom,25-34,Male,Monthly
3733,2024-03-28,United Kingdom,35/44,Female,Monthly
3734,2024-04-20,Nigeria,35-44,Female,Monthly
3735,2024-06-03,Canada,25-34,Male,
3736,2024-03-02,Nigeria,45+,Female,Monthly
3737,2024-04-17,NGR,45+,Female,Monthly
3738,2024-03-03,United Kingdom,25/34,Male,Monthly
3739,2024-04-06,Canada,45+,Male,Monthly
3740,2024-06-21,Nigeria,18 to 24,Male,Monthly
3741,2024-02-20,Canada,35-44,Female,Monthly
3742,2024-03-22,Nigeria,18-24,Female,Monthly
3743,2024-05-06,United Kingdom,25-34,Female,
3744,2024-06-15,Canada,25-34,Female,Monthly
3745,2024-04-03,Nigeria,25-34,Male,Monthly
3746,2024-06-25,United Kingdom,45+,Female,Monthly
3747,2024-06-20,Nigeria,45+,Male,Monthly
3748,2024-01-18,Canada,18-24,Female,Monthly
3749,2024-03-22,NG,35-44,Female,Monthly
3750,2024-01-07,Canada,25-34,Female,Monthly
3751,2024-03-02,Nigeria,35-44,Female,Monthly
3752,2024-06-28,Canada,18-24,Female,Monthly
3753,2024-01-24,United Kingdom,25-34,Male,Monthly
3754,2024-05-26,United Kingdom,25-34,Male,Monthly
3755,2024-06-16,Canada,18-24,female,Monthly
3756,2024-03-18,Nigeria,25-34,Male,Monthly
3757,2024-02-24,Nigeria,18-24,Female,Monthly
3758,2024-05-06,Nigeria,18-24,Female,
3759,2024-06-27,United Kingdom,35-44,MALE,Monthly
3760,2024-02-11,Canada,25-34,Female,Monthly
3761,2024-06-22,Nigeria,25-34,Male,Monthly
3762,2024-01-18,United Kingdom,25-34,Male,Monthly
3763,2024-02-08,Nigeria,18-24,Male,Monthly
3764,2024-06-27,United Kingdom,45+,Female,Monthly
3765,2024-05-09,UK,35-44,Male,Monthly
3766,2024-03-04,United Kingdom,18-24,Male,Monthly
3767,2024-05-12,Canada,25-34,Male,Monthly
3768,2024-06-16,United Kingdom,25-34,Male,Monthly
3769,2024-02-20,Nigeria,18-24,Female,Monthly
3770,2024-06-25,Canada,25-34,Male,Monthly
3771,2024-02-22,United Kingdom,45+,FEMALE,Monthly
3772,2024-06-03,Nigeria,25-34,Female,Monthly
3773,2024-01-28,Nigeria,18-24,Male,Monthly
3774,2024-01-13,United Kingdom,25-34,Male,Monthly
3775,2024-05-16,United Kingdom,25-34,Female,Monthly
3776,2024-06-15,Nigeria,35-44,MALE,Monthly
3777,2024-06-26,Nigeria,45+,Female,Monthly
3778,2024-01-30,Canada,25-34,Male,Monthly
3779,2024-03-01,United Kingdom,35-44,Male,Monthly
3780,2024-06-11,Nigeria,45+,female,Monthly
3781,2024-03-20,United Kingdom,25-34,Female,Monthly
3782,2024-02-29,NG,18-24,Female,Monthly
3783,2024-05-03,Canada,25-34,Male,Monthly
3784,2024-03-09,Nigeria,35-44,Male,Monthly
3785,2024-01-18,Nigeria,35-44,Male,Monthly
3786,2024-01-20,Nigeria,45+,Male,Monthly
3787,2024-06-10,United Kingdom,25-34,Female,Monthly
3788,2024-03-06,Nigeria,25-34,Male,Monthly
3789,2024-01-07,Nigeria,45+,Male,Monthly
3790,2024-03-31,UK,35-44,Female,Monthly
3791,2024-04-15,Nigeria,35-44,Male,Monthly
3792,2024-04-30,Nigeria,35-44,Female,Monthly
3793,2024-02-23,Nigeria,35-44,Female,Monthly
3794,2024-06-10,United Kingdom,35-44,Female,Monthly
3795,2024-04-02,Nigeria,25 to 34,Male,Monthly
3796,2024-01-05,Nigeria,45+,Female,Monthly
3797,2024-01-09,Nigeria,35 to 44,Female,Monthly
3798,2024-05-27,United Kingdom,35-44,Female,Monthly
3799,2024-04-09,United Kingdom,25-34,Female,Monthly
3800,2024-06-27,United Kingdom,35-44,Female,Monthly
3801,2024-01-18,Nigeria,18-24,Male,Monthly
3802,2024-03-22,Nigeria,35-44,Female,Monthly
3803,2024-04-18,United Kingdom,35-44,Male,Monthly
3804,2024-04-23,Nigeria,18 to 24,Male,Monthly
3805,2024-03-27,Nigeria,35-44,Female,Monthly
3806,2024-01-24,United Kingdom,25-34,Female,Monthly
3807,2024-03-30,Nigeria,25-34,Male,Monthly
3808,2024-06-21,Nigeria,25-34,Male,Monthly
3809,2024-01-13,Canada,35-44,Male,Monthly
3810,2024-01-22,Nigeria,18-24,Female,Monthly
3811,2024-06-21,Nigeria,45+,Female,Monthly
3812,2024-01-31,Canada,35-44,Female,Monthly
3813,2024-01-21,Nigeria,35-44,Female,Monthly
3814,2024-03-18,Canada,25-34,Female,Monthly
3815,2024-02-17,Nigeria,45+,Female,Monthly
3816,2024-01-15,Nigeria,25-34,Female,Monthly
3817,2024-02-10,Canada,45+,Female,Monthly
3818,2024-04-13,Nigeria,35-44,Male,Monthly
3819,2024-04-20,Canada,18-24,Male,Monthly
3820,2024-04-14,Nigeria,25-34,Female,Monthly
3821,2024-02-18,NG,35-44,Male,Monthly
3822,2024-01-16,Nigeria,25-34,Female,Monthly
3823,2024-05-28,United Kingdom,35/44,Female,Monthly
3824,2024-03-10,United Kingdom,25-34,Male,Monthly
3825,2024-06-24,Canada,45+,Female,Monthly
3826,2024-04-11,Nigeria,35-44,Female,Monthly
3827,2024-04-24,United Kingdom,25-34,Male,Monthly
3828,2024-03-26,United Kingdom,18-24,Male,Monthly
3829,2024-02-02,Nigeria,18-24,Male,Monthly
3830,2024-02-27,Nigeria,45+,FEMALE,Monthly
3831,2024-01-11,Nigeria,35-44,Female,Monthly
3832,2024-04-12,United Kingdom,25-34,Male,Monthly
3833,2024-04-01,United Kingdom,18-24,Male,Monthly
3834,2024-05-06,Nigeria,18-24,Male,Monthly
3835,2024-05-13,Nigeria,18-24,Female,Monthly
3836,2024-05-28,Nigeria,18/24,Male,Monthly
3837,2024-06-26,Nigeria,18-24,Male,
3838,2024-02-20,United Kingdom,18-24,Female,Monthly
3839,2024-04-03,United Kingdom,25-34,Male,Monthly
3840,2024-02-26,Canada,25-34,Male,Monthly
3841,2024-04-17,GBR,25-34,Male,Monthly
3842,2024-06-25,United Kingdom,25-34,Female,Monthly
3843,2024-01-08,Nigeria,25-34,Male,Monthly
3844,2024-04-02,Nigeria,25-34,Female,Monthly
3845,2024-04-26,Canada,25-34,Male,Monthly
3846,2024-01-21,United Kingdom,35/44,Male,Monthly
3847,2024-04-02,Nigeria,45+,Female,
3848,2024-06-15,United Kingdom,25-34,Female,Monthly
3849,2024-04-30,United Kingdom,25-34,Female,Monthly
3850,2024-04-01,Canada,25-34,Male,Monthly
3851,2024-04-30,Nigeria,18-24,Female,Monthly
3852,2024-05-26,United Kingdom,25-34,Female,Monthly
3853,2024-05-22,United Kingdom,18-24,Female,Monthly
3854,2024-04-30,CA,18-24,Female,Monthly
3855,2024-04-29,Canada,35-44,Male,Monthly
3856,2024-06-17,Nigeria,35-44,Female,Monthly
3857,2024-05-09,Nigeria,25-34,Male,Monthly
3858,2024-05-28,Nigeria,35-44,Male,Monthly
3859,2024-02-23,Canada,35-44,Male,Monthly
3860,2024-05-11,Nigeria,35-44,Male,Monthly
3861,2024-06-06,Nigeria,35-44,Male,Monthly
3862,2024-05-23,Nigeria,35-44,Female,Monthly
3863,2024-05-27,United Kingdom,25-34,Female,Monthly
3864,2024-05-20,Nigeria,25-34,Male,Monthly
3865,2024-04-09,Nigeria,35-44,Male,Monthly
3866,2024-04-23,Canada,35-44,Female,Monthly
3867,2024-03-08,Nigeria,25-34,Female,Monthly
3868,2024-03-23,United Kingdom,25-34,Male,Monthly
3869,2024-06-04,Nigeria,25-34,Female,Monthly
3870,2024-04-13,Canada,25-34,Female,Monthly
3871,2024-03-01,United Kingdom,18-24,FEMALE,Monthly
3872,2024-04-07,United Kingdom,35-44,FEMALE,Monthly
3873,2024-04-20,United Kingdom,25-34,Female,Monthly
3874,2024-03-27,United Kingdom,18-24,Male,Monthly
3875,2024-05-21,United Kingdom,45+,Female,Monthly
3876,2024-03-18,United Kingdom,18-24,Male,Monthly
3877,2024-06-18,Nigeria,35-44,Female,Monthly
3878,2024-03-27,Nigeria,18-24,male,Monthly
3879,2024-04-29,Nigeria,35-44,Female,Monthly
3880,2024-06-04,Nigeria,25-34,Male,Monthly
3881,2024-04-01,Canada,18-24,Female,Monthly
3882,2024-01-21,Nigeria,25-34,Female,Monthly
3883,2024-02-07,United Kingdom,35-44,Female,Monthly
3884,2024-06-28,Nigeria,18-24,Female,Monthly
3885,2024-02-19,Nigeria,18-24,MALE,Monthly
3886,2024-02-24,United Kingdom,45+,Male,Monthly
3887,2024-04-24,Nigeria,25/34,Female,Monthly
3888,2024-02-03,Nigeria,45+,Male,Monthly
3889,2024-04-19,Nigeria,45+,Female,Monthly
3890,2024-02-01,Nigeria,25-34,Male,Monthly
3891,2024-02-16,Nigeria,18-24,Male,Monthly
3892,2024-02-08,United Kingdom,18-24,Male,Monthly
3893,2024-05-29,Nigeria,35-44,Male,Monthly
3894,2024-03-29,United Kingdom,25-34,Female,Monthly
3895,2024-04-13,Nigeria,25-34,Male,Monthly
3896,2024-04-14,Nigeria,25-34,Female,Monthly
3897,2024-05-21,Nigeria,25-34,Male,Monthly
3898,2024-04-13,Nigeria,18 to 24,Female,Monthly
3899,2024-02-03,Nigeria,25-34,Male,Monthly
3900,2024-01-11,United Kingdom,25-34,Female,Monthly
3901,2024-04-01,United Kingdom,25-34,Male,Monthly
3902,2024-06-09,Nigeria,35-44,Male,Monthly
3903,2024-01-25,Nigeria,18-24,Female,Monthly
3904,2024-03-16,Canada,18-24,Female,
3905,2024-04-24,Canada,18-24,Female,Monthly
3906,2024-02-18,Nigeria,25-34,Female,Monthly
3907,2024-01-12,Nigeria,25-34,Female,Monthly
3908,2024-01-17,Nigeria,18-24,Female,Monthly
3909,2024-03-11,Canada,25-34,Male,Monthly
3910,2024-03-23,Nigeria,18-24,Male,Monthly
3911,2024-04-02,Nigeria,18-24,FEMALE,Monthly
3912,2024-01-23,Nigeria,25-34,Male,
3913,2024-02-08,Canada,25-34,Male,Monthly
3914,2024-05-28,Canada,45+,Male,Monthly
3915,2024-06-13,NGR,45+,Female,Monthly
3916,2024-06-11,Canada,35-44,Male,Monthly
3917,2024-02-08,Nigeria,18-24,Female,Monthly
3918,2024-05-24,Nigeria,35-44,Female,Monthly
3919,2024-05-25,Nigeria,35-44,Male,Monthly
3920,2024-06-22,Canada,35-44,Female,Monthly
3921,2024-04-16,Canada,45+,Female,Monthly
3922,2024-02-08,Nigeria,35-44,Female,Monthly
3923,2024-04-29,United Kingdom,18-24,Male,Monthly
3924,2024-04-03,United Kingdom,25-34,Male,Monthly
3925,2024-05-01,United Kingdom,25-34,Female,Monthly
3926,2024-06-29,United Kingdom,25-34,Female,Monthly
3927,2024-01-19,Nigeria,25-34,Female,Monthly
3928,2024-06-30,United Kingdom,18-24,MALE,Monthly
3929,2024-03-08,Nigeria,25-34,Male,Monthly
3930,2024-05-31,Nigeria,25-34,Female,Monthly
3931,2024-02-24,United Kingdom,45+,Female,Monthly
3932,2024-03-03,Nigeria,25-34,Female,Monthly
3933,2024-01-07,Nigeria,18-24,Female,Monthly
3934,2024-05-18,Nigeria,25-34,Female,Monthly
3935,2024-05-01,Nigeria,35-44,Male,Monthly
3936,2024-05-31,Canada,25-34,Male,Monthly
3937,2024-03-14,Canada,25-34,Male,Monthly
3938,2024-06-03,United Kingdom,25-34,Male,Monthly
3939,2024-03-20,United Kingdom,35-44,Male,Monthly
3940,2024-04-30,UK,25-34,Female,Monthly
3941,2024-01-01,Nigeria,25-34,Female,Monthly
3942,2024-02-16,Nigeria,18-24,Male,Monthly
3943,2024-05-17,Canada,45+,Female,Monthly
3944,2024-02-20,United Kingdom,25-34,Male,Monthly
3945,2024-06-18,Canada,25-34,Female,
3946,2024-02-29,United Kingdom,25-34,Female,Monthly
3947,2024-05-23,Nigeria,25-34,Female,Monthly
3948,2024-03-07,Canada,18/24,Female,Monthly
3949,2024-06-30,United Kingdom,25 to 34,Male,Monthly
3950,2024-05-15,Nigeria,25-34,Female,Monthly
3951,2024-03-07,United Kingdom,25-34,Female,Monthly
3952,2024-04-14,United Kingdom,35-44,Male,Monthly
3953,2024-05-06,United Kingdom,25-34,Female,Monthly
3954,2024-03-20,Nigeria,35-44,Male,Monthly
3955,2024-06-16,United Kingdom,45+,Male,Monthly
3956,2024-01-04,United Kingdom,35-44,Male,
3957,2024-02-27,United Kingdom,18-24,MALE,Monthly
3958,2024-03-05,Nigeria,25-34,Male,Monthly
3959,2024-05-14,United Kingdom,18-24,Male,Monthly
3960,2024-06-29,Canada,35-44,Female,Monthly
3961,2024-05-03,GBR,25-34,Male,Monthly
3962,2024-04-09,Nigeria,35-44,Female,Monthly
3963,2024-04-27,Canada,35-44,MALE,Monthly
3964,2024-03-09,United Kingdom,45+,Female,Monthly
3965,2024-06-23,Canada,25-34,Female,
3966,2024-03-19,Nigeria,35-44,Male,Monthly
3967,2024-04-15,United Kingdom,35 to 44,Male,Monthly
3968,2024-01-09,Nigeria,35-44,Female,Monthly
3969,2024-05-02,Nigeria,45+,Female,Monthly
3970,2024-04-15,Nigeria,45+,Male,Monthly
3971,2024-06-17,Nigeria,35-44,Female,Monthly
3972,2024-05-12,United Kingdom,35-44,Female,Monthly
3973,2024-01-21,United Kingdom,45+,Female,Monthly
3974,2024-06-14,United Kingdom,45+,Female,Monthly
3975,2024-02-13,Nigeria,25/34,Male,Monthly
3976,2024-02-28,Nigeria,25-34,Female,Monthly
3977,2024-01-09,NG,25-34,Female,Monthly
3978,2024-05-28,United Kingdom,45+,Female,Monthly
3979,2024-03-11,Nigeria,35/44,Male,Monthly
3980,2024-01-01,Nigeria,18-24,Female,Monthly
3981,2024-01-12,United Kingdom,25-34,Male,Monthly
3982,2024-04-20,Canada,35-44,Female,Monthly
3983,2024-04-10,Nigeria,35-44,Female,Monthly
3984,2024-05-26,Nigeria,18-24,Female,Monthly
3985,2024-01-18,United Kingdom,35-44,Female,Monthly
3986,2024-06-01,Nigeria,35-44,Male,Monthly
3987,2024-04-30,Nigeria,25-34,Female,Monthly
3988,2024-03-23,United Kingdom,25-34,Female,Monthly
3989,2024-01-06,Nigeria,45+,Male,Monthly
3990,2024-04-29,Nigeria,18 to 24,Female,Monthly
3991,2024-01-22,Canada,18-24,Female,Monthly
3992,2024-04-12,Canada,25-34,Male,Monthly
3993,2024-06-14,Nigeria,25-34,Female,Monthly
3994,2024-03-04,Canada,45+,Male,Monthly
3995,2024-01-17,United Kingdom,25-34,Male,Monthly
3996,2024-03-09,Nigeria,35/44,Male,Monthly
3997,2024-03-09,NGR,25-34,Female,Monthly
3998,2024-03-25,NGR,25-34,Female,Monthly
3999,2024-01-15,Canada,18-24,Female,Monthly
4000,2024-04-09,Nigeria,35-44,Male,Monthly
4001,2024-05-08,Nigeria,35-44,Female,Monthly
4002,2024-05-30,Nigeria,45+,Female,Monthly
4003,2024-03-28,Nigeria,25-34,Female,Monthly
4004,2024-06-15,United Kingdom,35 to 44,Male,Monthly
4005,2024-02-26,Canada,25 to 34,Female,Monthly
4006,2024-04-12,United Kingdom,35-44,female,Monthly
4007,2024-01-16,United Kingdom,35-44,Female,Monthly
4008,2024-05-22,NG,25-34,Female,Monthly
4009,2024-06-26,United Kingdom,35-44,Male,Monthly
4010,2024-01-09,Nigeria,35-44,Male,Monthly
4011,2024-02-25,Nigeria,35-44,Female,Monthly
4012,2024-05-14,Nigeria,25-34,Male,Monthly
4013,2024-01-27,Canada,25-34,Male,Monthly
4014,2024-03-11,Canada,25-34,Male,Monthly
4015,2024-04-29,Nigeria,25-34,Female,Monthly
4016,2024-03-03,United Kingdom,25-34,Female,Monthly
4017,2024-03-08,United Kingdom,35-44,Female,
4018,2024-03-13,Nigeria,25-34,Female,
4019,2024-03-14,Canada,35-44,Male,Monthly
4020,2024-04-02,Nigeria,25-34,Female,Monthly
4021,2024-01-20,United Kingdom,25-34,Female,Monthly
4022,2024-04-25,United Kingdom,25-34,Female,Monthly
4023,2024-01-31,United Kingdom,45+,Female,Monthly
4024,2024-04-30,Nigeria,25/34,Male,Monthly
4025,2024-03-13,Nigeria,25-34,Female,Monthly
4026,2024-02-03,Nigeria,25-34,Male,Monthly
4027,2024-05-30,United Kingdom,25-34,Male,Monthly
4028,2024-01-06,Nigeria,35-44,Female,Monthly
4029,2024-04-11,Nigeria,35-44,Male,Monthly
4030,2024-05-07,CAN,25-34,Male,Monthly
4031,2024-03-31,Nigeria,35-44,Male,Monthly
4032,2024-04-18,Nigeria,45+,Male,Monthly
4033,2024-04-16,Nigeria,35-44,Female,Monthly
4034,2024-05-28,Nigeria,45+,female,Monthly
4035,2024-03-25,Nigeria,25-34,Male,Monthly
4036,2024-02-27,CA,25-34,Female,Monthly
4037,2024-05-27,United Kingdom,18-24,Female,Monthly
4038,2024-01-09,Nigeria,45+,Male,Monthly
4039,2024-02-14,NG,35-44,Female,Monthly
4040,2024-04-20,United Kingdom,45+,male,Monthly
4041,2024-06-16,Nigeria,25-34,Female,Monthly
4042,2024-04-15,Nigeria,25-34,Female,Monthly
4043,2024-05-19,United Kingdom,35-44,Male,Monthly
4044,2024-05-03,Canada,25-34,Female,
4045,2024-02-19,Nigeria,35-44,Female,Monthly
4046,2024-06-15,Nigeria,25-34,Male,Monthly
4047,2024-05-25,Nigeria,25-34,Female,Monthly
4048,2024-06-05,Nigeria,25-34,Female,Monthly
4049,2024-04-21,Nigeria,25-34,Female,Monthly
4050,2024-05-29,United Kingdom,35-44,Female,Monthly
4051,2024-06-19,Nigeria,25-34,Female,Monthly
4052,2024-05-27,Nigeria,35-44,Male,Monthly
4053,2024-05-23,Nigeria,25-34,Male,Monthly
4054,2024-04-09,Canada,18-24,Female,Monthly
4055,2024-03-03,Canada,25-34,Female,Monthly
4056,2024-04-25,Canada,35-44,Female,Monthly
4057,2024-05-23,United Kingdom,25-34,Female,Monthly
4058,2024-05-02,Canada,35-44,Female,Monthly
4059,2024-02-12,Nigeria,45+,Female,Monthly
4060,2024-02-15,Nigeria,35-44,Female,Monthly
4061,2024-01-26,Canada,25-34,Female,Monthly
4062,2024-06-17,United Kingdom,35 to 44,Female,Monthly
4063,2024-05-20,Nigeria,25-34,Male,Monthly
4064,2024-05-08,Canada,35-44,Male,Monthly
4065,2024-06-26,Canada,35-44,Female,Monthly
4066,2024-05-09,United Kingdom,18-24,FEMALE,Monthly
4067,2024-03-30,Canada,25-34,Male,Monthly
4068,2024-06-02,Nigeria,25 to 34,Female,Monthly
4069,2024-04-19,Nigeria,35-44,Female,Monthly
4070,2024-01-02,Nigeria,18-24,Male,Monthly
4071,2024-01-03,United Kingdom,25-34,Male,Monthly
4072,2024-02-21,Nigeria,25-34,Female,Monthly
4073,2024-01-22,Nigeria,25-34,Male,Monthly
4074,2024-01-12,Canada,25-34,Female,Monthly
4075,2024-02-07,United Kingdom,25-34,Male,Monthly
4076,2024-04-13,Nigeria,35-44,Male,Monthly
4077,2024-04-01,Nigeria,18-24,Male,Monthly
4078,2024-01-01,United Kingdom,25-34,Male,Monthly
4079,2024-04-26,Nigeria,35-44,Male,Monthly
4080,2024-02-28,GBR,25-34,Male,Monthly
4081,2024-04-17,Nigeria,45+,Female,Monthly
4082,2024-02-28,United Kingdom,35 to 44,Male,Monthly
4083,2024-06-24,NG,35-44,Female,Monthly
4084,2024-03-19,Canada,25/34,male,Monthly
4085,2024-03-04,Nigeria,35-44,FEMALE,Monthly
4086,2024-02-19,CAN,35-44,Female,Monthly
4087,2024-04-24,United Kingdom,25 to 34,Female,Monthly
4088,2024-01-29,Canada,25-34,Female,Monthly
4089,2024-06-09,Nigeria,45+,Male,Monthly
4090,2024-01-28,Nigeria,25-34,Female,Monthly
4091,2024-05-24,United Kingdom,45+,MALE,Monthly
4092,2024-06-04,United Kingdom,35-44,Male,Monthly
4093,2024-05-07,Nigeria,25 to 34,Female,Monthly
4094,2024-06-29,Nigeria,25-34,Male,Monthly
4095,2024-04-04,Nigeria,25-34,Female,Monthly
4096,2024-04-10,Nigeria,25/34,Male,Monthly
4097,2024-05-28,NG,25-34,Male,Monthly
4098,2024-01-17,Nigeria,35-44,female,
4099,2024-01-01,Canada,25-34,Male,Monthly
4100,2024-01-13,United Kingdom,35-44,Male,Monthly
4101,2024-06-20,Nigeria,25-34,Male,Monthly
4102,2024-06-20,Nigeria,18-24,Male,Monthly
4103,2024-04-19,Canada,25-34,Male,Monthly
4104,2024-06-11,Nigeria,25-34,Female,Monthly
4105,2024-03-31,Nigeria,18-24,Male,Monthly
4106,2024-05-15,United Kingdom,35-44,FEMALE,Monthly
4107,2024-05-14,United Kingdom,35-44,Female,Monthly
4108,2024-05-07,United Kingdom,25-34,Male,Monthly
4109,2024-06-06,Nigeria,45+,Female,Monthly
4110,2024-06-03,Nigeria,25-34,Male,Monthly
4111,2024-01-16,Canada,35-44,Male,Monthly
4112,2024-01-23,Canada,18-24,Female,Monthly
4113,2024-01-20,United Kingdom,25-34,MALE,Monthly
4114,2024-03-01,Canada,25-34,Female,Monthly
4115,2024-05-05,Canada,35-44,Female,Monthly
4116,2024-04-04,United Kingdom,25-34,Male,Monthly
4117,2024-06-14,Nigeria,18-24,male,Monthly
4118,2024-04-22,Canada,35-44,Female,Monthly
4119,2024-05-24,United Kingdom,35-44,Female,Monthly
4120,2024-02-22,Nigeria,35-44,Female,Monthly
4121,2024-05-30,Nigeria,18-24,Female,Monthly
4122,2024-06-28,Nigeria,25-34,Male,Monthly
4123,2024-05-27,United Kingdom,18-24,Female,Monthly
4124,2024-04-12,Nigeria,25-34,Female,Monthly
4125,2024-01-16,Nigeria,35-44,Female,Monthly
4126,2024-02-19,Canada,25-34,Female,
4127,2024-06-12,United Kingdom,25-34,Male,Monthly
4128,2024-06-09,Nigeria,35-44,Male,Monthly
4129,2024-03-24,Nigeria,18/24,Male,Monthly
4130,2024-04-15,Nigeria,45+,Male,Monthly
4131,2024-03-13,Nigeria,45+,Female,Monthly
4132,2024-04-09,Nigeria,35-44,Female,Monthly
4133,2024-01-22,United Kingdom,35-44,Female,Monthly
4134,2024-06-08,United Kingdom,45+,Male,Monthly
4135,2024-03-04,Canada,25-34,MALE,Monthly
4136,2024-01-20,Nigeria,25-34,Male,Monthly
4137,2024-01-28,Nigeria,25-34,MALE,Monthly
4138,2024-03-26,Nigeria,25-34,Male,Monthly
4139,2024-03-28,United Kingdom,18-24,Male,Monthly
4140,2024-04-22,Nigeria,25-34,Female,Monthly
4141,2024-02-15,Nigeria,35-44,Male,Monthly
4142,2024-01-27,United Kingdom,35-44,Male,Monthly
4143,2024-01-02,Nigeria,18-24,Female,Monthly
4144,2024-03-13,United Kingdom,25-34,Male,Monthly
4145,2024-03-18,Canada,18-24,Male,Monthly
4146,2024-05-08,Nigeria,25-34,Female,Monthly
4147,2024-06-02,Canada,25-34,Male,Monthly
4148,2024-03-20,Canada,45+,Male,Monthly
4149,2024-01-30,Nigeria,35/44,Male,Monthly
4150,2024-04-01,Nigeria,25-34,Male,Monthly
4151,2024-01-04,United Kingdom,25-34,Male,Monthly
4152,2024-05-02,Nigeria,45+,Male,Monthly
4153,2024-03-05,United Kingdom,25-34,FEMALE,Monthly
4154,2024-02-04,United Kingdom,25-34,Male,Monthly
4155,2024-04-19,Canada,35-44,Female,Monthly
4156,2024-02-04,United Kingdom,25-34,Female,Monthly
4157,2024-02-25,Canada,18-24,Male,Monthly
4158,2024-02-07,United Kingdom,45+,Female,Monthly
4159,2024-01-17,Canada,25-34,Female,Monthly
4160,2024-04-21,Nigeria,25-34,Male,Monthly
4161,2024-06-17,United Kingdom,25-34,Male,Monthly
4162,2024-06-20,Nigeria,35-44,Female,Monthly
4163,2024-01-11,United Kingdom,45+,Female,Monthly
4164,2024-06-06,Nigeria,18-24,Male,Monthly
4165,2024-06-15,United Kingdom,35-44,Male,Monthly
4166,2024-06-16,Nigeria,45+,FEMALE,Monthly
4167,2024-03-29,United Kingdom,18-24,Female,Monthly
4168,2024-01-03,United Kingdom,25-34,Male,Monthly
4169,2024-03-12,Nigeria,35-44,Female,Monthly
4170,2024-03-24,United Kingdom,35-44,Male,Monthly
4171,2024-06-29,Nigeria,18-24,Female,Monthly
4172,2024-04-19,Nigeria,45+,MALE,Monthly
4173,2024-03-01,Nigeria,18-24,Female,Monthly
4174,2024-04-29,United Kingdom,35-44,Female,Monthly
4175,2024-05-19,Nigeria,25-34,Male,Monthly
4176,2024-03-19,Canada,25-34,Male,Monthly
4177,2024-02-11,United Kingdom,18-24,Male,Monthly
4178,2024-03-19,Nigeria,18-24,Male,Monthly
4179,2024-03-02,United Kingdom,18-24,Female,Monthly
4180,2024-01-07,United Kingdom,35 to 44,Female,Monthly
4181,2024-04-16,United Kingdom,25-34,Male,Monthly
4182,2024-02-09,CA,18-24,Male,Monthly
4183,2024-01-17,Canada,45+,Female,Monthly
4184,2024-03-13,Nigeria,35-44,Male,Monthly
4185,2024-03-12,United Kingdom,45+,Male,Monthly
4186,2024-01-12,CA,18-24,Female,Monthly
4187,2024-03-15,Nigeria,18-24,Male,Monthly
4188,2024-04-30,United Kingdom,18-24,Female,Monthly
4189,2024-06-26,Nigeria,25-34,Female,Monthly
4190,2024-04-26,Nigeria,35-44,Female,Monthly
4191,2024-01-20,Nigeria,25-34,Female,Monthly
4192,2024-02-11,Nigeria,35-44,Female,Monthly
4193,2024-05-08,Nigeria,25-34,Female,Monthly
4194,2024-05-17,United Kingdom,25-34,Male,Monthly
4195,2024-01-11,Nigeria,35-44,Female,Monthly
4196,2024-05-25,United Kingdom,35-44,Female,Monthly
4197,2024-03-12,Nigeria,18-24,Male,Monthly
4198,2024-04-15,Canada,25-34,Female,Monthly
4199,2024-06-11,United Kingdom,35-44,Male,Monthly
4200,2024-06-15,Nigeria,25-34,Female,Monthly
4201,2024-05-12,Canada,25-34,Male,Monthly
4202,2024-02-04,United Kingdom,35-44,male,Monthly
4203,2024-01-03,United Kingdom,35/44,Male,Monthly
4204,2024-02-14,United Kingdom,45+,Male,Monthly
4205,2024-03-12,United Kingdom,45+,Male,Monthly
4206,2024-05-13,United Kingdom,25-34,Female,Monthly
4207,2024-05-07,United Kingdom,35-44,Female,Monthly
4208,2024-05-08,Canada,45+,Male,Monthly
4209,2024-06-17,UK,35-44,Male,Monthly
4210,2024-05-24,United Kingdom,35-44,Female,Monthly
4211,2024-06-12,Nigeria,35-44,Male,Monthly
4212,2024-06-01,Nigeria,25-34,Female,Monthly
4213,2024-01-06,United Kingdom,25-34,Male,Monthly
4214,2024-03-14,Nigeria,25-34,Male,Monthly
4215,2024-02-01,United Kingdom,18-24,Female,Monthly
4216,2024-04-27,Nigeria,25-34,Male,Monthly
4217,2024-06-25,Canada,25-34,Female,Monthly
4218,2024-03-27,Nigeria,18-24,Male,Monthly
4219,2024-01-03,Canada,18-24,Male,Monthly
4220,2024-02-02,Nigeria,25-34,Male,Monthly
4221,2024-03-03,Nigeria,35-44,Female,Monthly
4222,2024-04-14,Nigeria,18-24,Female,Monthly
4223,2024-02-06,United Kingdom,25-34,Female,Monthly
4224,2024-03-22,Nigeria,25-34,Male,Monthly
4225,2024-03-10,United Kingdom,25-34,Male,
4226,2024-03-29,United Kingdom,18-24,Male,Monthly
4227,2024-02-13,CAN,45+,Female,Monthly
4228,2024-06-10,Nigeria,25-34,Male,Monthly
4229,2024-03-12,Nigeria,25-34,Male,Monthly
4230,2024-03-08,Canada,25-34,Female,Monthly
4231,2024-05-25,United Kingdom,18-24,Female,Monthly
4232,2024-04-03,Nigeria,25-34,Female,Monthly
4233,2024-03-15,Nigeria,45+,Female,
4234,2024-02-10,United Kingdom,18-24,Female,Monthly
4235,2024-04-21,Nigeria,18-24,Male,Monthly
4236,2024-04-22,United Kingdom,25-34,Female,Monthly
4237,2024-03-16,Nigeria,35-44,Male,Monthly
4238,2024-06-26,Nigeria,35-44,Male,Monthly
4239,2024-02-09,Nigeria,45+,Female,Monthly
4240,2024-03-08,United Kingdom,25-34,Female,Monthly
4241,2024-03-31,Nigeria,35-44,Female,Monthly
4242,2024-03-14,Nigeria,25-34,Male,Monthly
4243,2024-02-07,UK,18-24,Male,Monthly
4244,2024-01-27,United Kingdom,25-34,MALE,Monthly
4245,2024-04-09,Canada,35-44,Female,Monthly
4246,2024-01-05,United Kingdom,45+,Male,Monthly
4247,2024-06-15,Nigeria,18-24,Male,Monthly
4248,2024-04-17,United Kingdom,25-34,Male,Monthly
4249,2024-02-28,Nigeria,25-34,Female,Monthly
4250,2024-02-25,Nigeria,25-34,Female,Monthly
4251,2024-02-05,Canada,18-24,Male,Annual
4252,2024-06-27,Nigeria,45+,Female,Annual
4253,2024-05-07,United Kingdom,25-34,Female,
4254,2024-05-25,Canada,18-24,MALE,Annual
4255,2024-04-29,Canada,35-44,Male,Annual
4256,2024-03-11,Nigeria,45+,male,Annual
4257,2024-04-05,Nigeria,35-44,Female,Annual
4258,2024-01-16,Nigeria,18-24,Male,Annual
4259,2024-02-01,United Kingdom,45+,Male,Annual
4260,2024-01-10,United Kingdom,25-34,Female,Annual
4261,2024-01-30,Nigeria,45+,Female,Annual
4262,2024-01-01,Nigeria,35-44,Male,Annual
4263,2024-02-26,Canada,18-24,Female,Annual
4264,2024-05-04,United Kingdom,25-34,Female,Annual
4265,2024-01-12,Nigeria,25-34,Male,Annual
4266,2024-02-02,Nigeria,35-44,Female,Annual
4267,2024-02-04,Nigeria,35 to 44,Female,Annual
4268,2024-03-23,Nigeria,35-44,Female,Annual
4269,2024-03-07,Nigeria,45+,Female,Annual
4270,2024-04-06,Nigeria,18-24,Female,Annual
4271,2024-06-27,United Kingdom,25-34,Female,Annual
4272,2024-06-14,Canada,18-24,Male,Annual
4273,2024-06-08,Nigeria,25-34,Male,Annual
4274,2024-02-10,Nigeria,18-24,Female,Annual
4275,2024-03-07,Nigeria,45+,MALE,
4276,2024-05-30,Canada,25-34,Male,Annual
4277,2024-06-27,Nigeria,45+,Male,Annual
4278,2024-02-10,Nigeria,35-44,Male,Annual
4279,2024-02-17,Canada,45+,FEMALE,Annual
4280,2024-01-30,Nigeria,35-44,Female,Annual
4281,2024-05-18,Nigeria,18-24,Male,Annual
4282,2024-06-04,GBR,25-34,Male,Annual
4283,2024-04-13,Nigeria,35-44,Male,Annual
4284,2024-06-22,Canada,35-44,Female,Annual
4285,2024-01-12,Nigeria,35/44,Male,Annual
4286,2024-04-23,Nigeria,25 to 34,Male,Annual
4287,2024-03-13,Nigeria,45+,Female,Annual
4288,2024-06-28,Nigeria,25-34,Female,Annual
4289,2024-01-02,United Kingdom,35-44,Female,Annual
4290,2024-05-18,Nigeria,25-34,Male,Annual
4291,2024-03-05,Canada,35-44,Male,Annual
4292,2024-02-14,Nigeria,35-44,Female,Annual
4293,2024-05-24,Nigeria,18/24,Male,Annual
4294,2024-01-02,United Kingdom,35-44,Male,Annual
4295,2024-05-03,Nigeria,45+,Female,Annual
4296,2024-03-16,Nigeria,25-34,Female,Annual
4297,2024-03-20,United Kingdom,35-44,Female,Annual
4298,2024-04-12,United Kingdom,35-44,Female,Annual
4299,2024-01-12,Nigeria,45+,Female,Annual
4300,2024-03-20,United Kingdom,25-34,Male,Annual
4301,2024-05-31,United Kingdom,25-34,Female,Annual
4302,2024-04-20,Nigeria,18-24,male,Annual
4303,2024-02-29,Nigeria,35-44,FEMALE,Annual
4304,2024-04-20,Canada,25/34,Male,Annual
4305,2024-05-19,Nigeria,18-24,Male,Annual
4306,2024-01-29,Nigeria,18-24,Male,Annual
4307,2024-05-07,Canada,25-34,Female,Annual
4308,2024-02-19,Canada,18-24,Female,Annual
4309,2024-04-25,Canada,25-34,Male,Annual
4310,2024-03-25,Nigeria,35-44,Male,Annual
4311,2024-02-22,Nigeria,35-44,Male,Annual
4312,2024-01-18,Nigeria,35-44,Female,Annual
4313,2024-06-02,United Kingdom,35-44,Male,Annual
4314,2024-04-18,United Kingdom,25-34,Male,Annual
4315,2024-06-24,United Kingdom,25-34,Male,Annual
4316,2024-04-27,Canada,45+,Female,Annual
4317,2024-01-02,Nigeria,35-44,Male,Annual
4318,2024-06-07,Nigeria,35-44,Male,
4319,2024-02-02,United Kingdom,18-24,Female,Annual
4320,2024-04-07,Canada,45+,Female,Annual
4321,2024-04-10,Canada,18-24,Male,Annual
4322,2024-02-09,Nigeria,18-24,Female,Annual
4323,2024-01-04,United Kingdom,45+,Male,Annual
4324,2024-03-11,Canada,18-24,Female,Annual
4325,2024-03-12,United Kingdom,18-24,Female,Annual
4326,2024-05-29,Nigeria,25-34,Male,Annual
4327,2024-02-21,NGR,18-24,Female,Annual
4328,2024-06-28,Nigeria,35-44,Male,Annual
4329,2024-03-31,United Kingdom,25-34,Male,Annual
4330,2024-03-20,Nigeria,25-34,Male,Annual
4331,2024-03-27,United Kingdom,25-34,Female,Annual
4332,2024-02-15,United Kingdom,35-44,Male,Annual
4333,2024-03-06,Nigeria,25-34,male,Annual
4334,2024-03-14,United Kingdom,25-34,Female,Annual
4335,2024-06-03,Canada,35-44,Male,Annual
4336,2024-03-03,Nigeria,25-34,Female,Annual
4337,2024-01-22,Nigeria,35-44,Female,Annual
4338,2024-06-21,GBR,45+,Female,Annual
4339,2024-04-10,Canada,45+,Female,Annual
4340,2024-03-05,Canada,25-34,Female,Annual
4341,2024-02-12,Nigeria,35-44,Female,Annual
4342,2024-06-09,Nigeria,25-34,Female,Annual
4343,2024-02-25,Nigeria,18-24,male,Annual
4344,2024-02-05,United Kingdom,25-34,Female,Annual
4345,2024-04-04,United Kingdom,25-34,Female,Annual
4346,2024-03-11,Canada,25-34,Male,Annual
4347,2024-06-20,United Kingdom,35-44,Female,Annual
4348,2024-02-21,United Kingdom,35-44,Female,Annual
4349,2024-05-11,United Kingdom,35-44,Male,Annual
4350,2024-05-24,United Kingdom,25-34,Female,Annual
4351,2024-04-24,Canada,35-44,Male,Annual
4352,2024-01-23,Canada,35 to 44,Female,Annual
4353,2024-03-27,Nigeria,35-44,Male,Annual
4354,2024-04-11,Nigeria,25-34,Male,Annual
4355,2024-04-30,Canada,18-24,Male,Annual
4356,2024-06-07,United Kingdom,18-24,Male,Annual
4357,2024-02-12,Canada,35-44,Male,Annual
4358,2024-02-04,Nigeria,25/34,Female,Annual
4359,2024-01-14,Canada,18-24,Female,Annual
4360,2024-06-24,Nigeria,25-34,Female,Annual
4361,2024-04-10,Nigeria,25-34,Female,Annual
4362,2024-05-24,United Kingdom,35-44,Male,Annual
4363,2024-01-05,Canada,45+,Female,Annual
4364,2024-04-06,Nigeria,35-44,Female,Annual
4365,2024-02-10,Nigeria,25-34,Female,Annual
4366,2024-01-15,United Kingdom,25-34,Male,Annual
4367,2024-04-20,Canada,35-44,Female,Annual
4368,2024-01-13,Nigeria,18-24,Female,Annual
4369,2024-06-06,United Kingdom,45+,Female,Annual
4370,2024-06-23,Nigeria,35-44,Male,Annual
4371,2024-03-23,Nigeria,35-44,Female,Annual
4372,2024-03-01,United Kingdom,35-44,Male,Annual
4373,2024-04-17,Canada,25-34,Male,Annual
4374,2024-03-04,Nigeria,35-44,Female,Annual
4375,2024-01-08,Nigeria,18-24,Male,
4376,2024-01-26,Canada,25-34,Male,Annual
4377,2024-03-15,Canada,35-44,Male,Annual
4378,2024-06-01,NG,18-24,Male,Annual
4379,2024-03-03,Nigeria,45+,Male,Annual
4380,2024-01-02,Canada,18-24,Male,Annual
4381,2024-03-28,United Kingdom,25-34,Female,Annual
4382,2024-03-06,Canada,25-34,Female,Annual
4383,2024-05-06,Nigeria,25-34,Male,Annual
4384,2024-05-03,Nigeria,18-24,Female,Annual
4385,2024-05-13,Canada,35 to 44,Male,Annual
4386,2024-02-22,Nigeria,18-24,male,Annual
4387,2024-02-05,Nigeria,25-34,Male,Annual
4388,2024-01-11,United Kingdom,35-44,Male,Annual
4389,2024-02-25,Nigeria,18-24,Female,Annual
4390,2024-01-29,Nigeria,25-34,Female,Annual
4391,2024-06-02,Nigeria,35 to 44,Female,Annual
4392,2024-04-20,Nigeria,35-44,FEMALE,Annual
4393,2024-01-06,Canada,25-34,Female,Annual
4394,2024-01-16,United Kingdom,35/44,Female,Annual
4395,2024-03-15,Canada,18-24,Female,Annual
4396,2024-05-05,Canada,25/34,Female,
4397,2024-06-17,Nigeria,25-34,Female,Annual
4398,2024-02-11,Nigeria,18-24,Male,Annual
4399,2024-05-24,Nigeria,25 to 34,Male,Annual
4400,2024-01-24,Nigeria,25-34,male,Annual
4401,2024-06-07,United Kingdom,18-24,MALE,Annual
4402,2024-03-10,Nigeria,35-44,Female,Annual
4403,2024-03-31,United Kingdom,25-34,Female,Annual
4404,2024-01-23,Nigeria,35-44,Male,Annual
4405,2024-03-17,Nigeria,25-34,Male,Annual
4406,2024-01-26,Nigeria,45+,Male,Annual
4407,2024-04-12,United Kingdom,35-44,Female,Annual
4408,2024-01-25,Nigeria,35-44,Female,Annual
4409,2024-05-03,Nigeria,45+,Male,Annual
4410,2024-03-05,Nigeria,25-34,Male,Annual
4411,2024-02-04,Canada,25-34,Female,Annual
4412,2024-05-14,Nigeria,25-34,Male,Annual
4413,2024-06-07,United Kingdom,45+,Female,Annual
4414,2024-03-06,United Kingdom,18 to 24,Male,Annual
4415,2024-06-04,United Kingdom,18-24,Female,Annual
4416,2024-05-22,Nigeria,25-34,Female,Annual
4417,2024-05-21,Nigeria,35-44,Male,Annual
4418,2024-02-27,United Kingdom,25-34,Female,Annual
4419,2024-04-15,Canada,45+,Male,Annual
4420,2024-04-11,United Kingdom,18-24,Male,Annual
4421,2024-02-13,Canada,25-34,Female,Annual
4422,2024-03-11,Nigeria,18-24,Female,Annual
4423,2024-03-15,Nigeria,25-34,Female,Annual
4424,2024-05-25,United Kingdom,25-34,Female,Annual
4425,2024-06-09,Nigeria,18-24,Female,Annual
4426,2024-04-14,Canada,18-24,Male,Annual
4427,2024-06-01,United Kingdom,18-24,Female,Annual
4428,2024-06-08,Nigeria,35-44,Male,Annual
4429,2024-01-01,Nigeria,25-34,Female,Annual
4430,2024-02-26,Canada,35-44,Male,Annual
4431,2024-04-29,Nigeria,25-34,Male,Annual
4432,2024-01-24,Nigeria,35-44,Male,Annual
4433,2024-03-19,Nigeria,45+,Female,Annual
4434,2024-04-17,Nigeria,18-24,FEMALE,Annual
4435,2024-06-04,Nigeria,45+,Female,Annual
4436,2024-06-28,CA,25-34,Female,Annual
4437,2024-01-03,Canada,25-34,Male,Annual
4438,2024-01-01,United Kingdom,25-34,Male,Annual
4439,2024-05-10,Nigeria,35-44,Female,Annual
4440,2024-06-28,Nigeria,25-34,Male,Annual
4441,2024-06-11,Nigeria,35-44,Female,Annual
4442,2024-03-12,Canada,25-34,Male,Annual
4443,2024-06-29,United Kingdom,18-24,Female,Annual
4444,2024-03-23,Nigeria,25-34,Male,Annual
4445,2024-02-24,United Kingdom,35-44,Female,Annual
4446,2024-03-21,Canada,18-24,Male,Annual
4447,2024-04-21,Nigeria,25 to 34,Male,Annual
4448,2024-06-21,Nigeria,35-44,Male,Annual
4449,2024-03-28,NG,45+,Male,Annual
4450,2024-04-08,Nigeria,35/44,Female,Annual
4451,2024-04-10,United Kingdom,45+,Female,Annual
4452,2024-05-08,Nigeria,18-24,Male,Annual
4453,2024-05-14,Nigeria,45+,Female,Annual
4454,2024-03-30,Nigeria,18-24,Female,Annual
4455,2024-06-13,United Kingdom,35-44,Male,Annual
4456,2024-04-16,Nigeria,35-44,Female,Annual
4457,2024-03-05,Canada,45+,Female,Annual
4458,2024-02-13,Nigeria,18-24,Female,Annual
4459,2024-05-05,United Kingdom,18-24,Male,Annual
4460,2024-05-24,Canada,35-44,Male,Annual
4461,2024-06-22,Canada,25-34,female,Annual
4462,2024-04-22,Canada,25 to 34,Female,Annual
4463,2024-03-13,United Kingdom,45+,Male,Annual
4464,2024-02-21,Canada,18-24,Female,Annual
4465,2024-03-20,Nigeria,25-34,Female,Annual
4466,2024-03-03,Nigeria,18-24,Male,Annual
4467,2024-02-06,United Kingdom,18-24,Female,Annual
4468,2024-06-26,Canada,35-44,Male,Annual
4469,2024-03-03,Nigeria,18-24,Female,Annual
4470,2024-01-23,Nigeria,25-34,Female,Annual
4471,2024-06-10,United Kingdom,35-44,Male,Annual
4472,2024-01-18,United Kingdom,35 to 44,Male,Annual
4473,2024-04-27,Nigeria,25-34,Female,Annual
4474,2024-03-30,Nigeria,25-34,Female,Annual
4475,2024-06-27,Nigeria,35-44,Male,Annual
4476,2024-02-22,United Kingdom,25-34,male,Annual
4477,2024-01-22,United Kingdom,18-24,Male,Annual
4478,2024-01-08,Nigeria,25-34,Female,Annual
4479,2024-04-22,Nigeria,18-24,Female,Annual
4480,2024-05-02,Nigeria,35-44,Female,Annual
4481,2024-03-06,United Kingdom,35-44,Male,Annual
4482,2024-03-13,Canada,18-24,Male,Annual
4483,2024-04-02,Nigeria,18-24,Male,Annual
4484,2024-05-15,Nigeria,25-34,Male,Annual
4485,2024-04-01,United Kingdom,35-44,Female,Annual
4486,2024-04-10,United Kingdom,25-34,Female,Annual
4487,2024-01-02,United Kingdom,35 to 44,Male,Annual
4488,2024-05-14,Nigeria,45+,Male,
4489,2024-04-30,Nigeria,25-34,MALE,Annual
4490,2024-06-06,Nigeria,35-44,Male,Annual
4491,2024-05-08,Nigeria,35-44,Male,Annual
4492,2024-05-06,Canada,35-44,Male,Annual
4493,2024-03-17,United Kingdom,25 to 34,Male,Annual
4494,2024-03-09,Canada,25-34,Male,Annual
4495,2024-05-23,Nigeria,45+,Male,Annual
4496,2024-04-18,United Kingdom,35-44,Female,Annual
4497,2024-03-24,United Kingdom,18-24,Female,Annual
4498,2024-05-24,United Kingdom,45+,Female,Annual
4499,2024-04-04,United Kingdom,25-34,Female,Annual
4500,2024-02-18,United Kingdom,25-34,Female,Annual
4501,2024-01-18,Nigeria,35-44,Female,Annual
4502,2024-03-20,Canada,35-44,Female,Annual
4503,2024-05-09,Nigeria,25-34,Female,Annual
4504,2024-02-11,Canada,18-24,Male,Annual
4505,2024-03-29,United Kingdom,18-24,Male,
4506,2024-03-13,Canada,18-24,Male,Annual
4507,2024-01-24,United Kingdom,35-44,Male,Annual
4508,2024-04-02,Nigeria,35-44,Male,Annual
4509,2024-02-18,Canada,18-24,Male,Annual
4510,2024-03-15,United Kingdom,35-44,Female,Annual
4511,2024-06-30,Nigeria,35 to 44,Male,Annual
4512,2024-03-19,Nigeria,35-44,Male,Annual
4513,2024-03-24,Canada,35-44,Male,Annual
4514,2024-03-03,Canada,18-24,Male,Annual
4515,2024-04-15,Nigeria,25-34,Female,Annual
4516,2024-01-25,Nigeria,35-44,Male,Annual
4517,2024-02-23,Nigeria,35-44,Male,Annual
4518,2024-05-09,Canada,25-34,Female,Annual
4519,2024-02-19,United Kingdom,25-34,Female,Annual
4520,2024-01-08,United Kingdom,45+,Female,Annual
4521,2024-02-09,Canada,35-44,Male,Annual
4522,2024-01-26,United Kingdom,25-34,Female,Annual
4523,2024-05-08,United Kingdom,25-34,Male,Annual
4524,2024-03-13,United Kingdom,25-34,Female,Annual
4525,2024-06-02,Nigeria,35-44,Male,
4526,2024-03-11,United Kingdom,25-34,Male,Annual
4527,2024-03-31,Canada,25-34,Male,Annual
4528,2024-04-09,Nigeria,35-44,Male,Annual
4529,2024-02-03,Nigeria,45+,Male,Annual
4530,2024-03-22,Nigeria,35-44,Female,Annual
4531,2024-05-17,United Kingdom,45+,Male,Annual
4532,2024-05-29,Canada,35-44,Male,Annual
4533,2024-02-23,Nigeria,18-24,Male,Annual
4534,2024-01-04,Nigeria,25-34,Male,Annual
4535,2024-05-23,Nigeria,25-34,Female,Annual
4536,2024-04-22,UK,45+,Male,Annual
4537,2024-02-10,Nigeria,45+,Male,Annual
4538,2024-02-26,Nigeria,25-34,Female,Annual
4539,2024-04-06,Nigeria,25-34,Female,Annual
4540,2024-06-17,Nigeria,25-34,Male,Annual
4541,2024-01-09,Nigeria,25-34,Female,Annual
4542,2024-01-02,Nigeria,35-44,Female,Annual
4543,2024-03-02,Nigeria,35-44,Female,Annual
4544,2024-02-11,Canada,18-24,Male,Annual
4545,2024-03-10,Nigeria,18-24,Female,Annual
4546,2024-01-24,Canada,25-34,Male,Annual
4547,2024-01-19,Nigeria,18-24,Male,Annual
4548,2024-04-22,Nigeria,25-34,Female,Annual
4549,2024-02-29,NGR,35-44,Female,Annual
4550,2024-04-06,United Kingdom,45+,Female,
4551,2024-06-18,United Kingdom,18-24,Female,Annual
4552,2024-05-29,United Kingdom,18-24,Male,Annual
4553,2024-05-27,United Kingdom,18-24,Female,Annual
4554,2024-02-28,Nigeria,35-44,Male,Annual
4555,2024-04-20,Nigeria,25 to 34,Female,Annual
4556,2024-01-19,United Kingdom,45+,female,Annual
4557,2024-05-16,Canada,25-34,Female,Annual
4558,2024-02-11,Canada,25-34,Male,Annual
4559,2024-02-16,Canada,35-44,Female,Annual
4560,2024-05-23,United Kingdom,45+,Female,Annual
4561,2024-01-15,Nigeria,25-34,Female,Annual
4562,2024-06-19,Nigeria,45+,Male,Annual
4563,2024-04-23,NG,25-34,Male,Annual
4564,2024-04-06,Nigeria,25-34,Male,Annual
4565,2024-02-14,Nigeria,35-44,Female,Annual
4566,2024-04-16,Canada,25-34,Female,Annual
4567,2024-02-15,United Kingdom,25-34,Male,Annual
4568,2024-03-23,Canada,45+,Male,Annual
4569,2024-04-03,Nigeria,35-44,Male,Annual
4570,2024-02-29,United Kingdom,45+,Female,Annual
4571,2024-06-15,Nigeria,45+,Female,Annual
4572,2024-02-23,United Kingdom,25-34,Male,Annual
4573,2024-03-22,Nigeria,35-44,Male,Annual
4574,2024-06-25,Canada,25-34,Female,Annual
4575,2024-03-23,Nigeria,18-24,Female,Annual
4576,2024-06-12,Nigeria,45+,Female,Annual
4577,2024-06-22,United Kingdom,45+,Male,Annual
4578,2024-06-25,Nigeria,35-44,Female,Annual
4579,2024-02-16,Nigeria,25-34,FEMALE,Annual
4580,2024-04-23,United Kingdom,25-34,Female,Annual
4581,2024-06-05,Nigeria,45+,Male,Annual
4582,2024-06-28,United Kingdom,45+,Male,Annual
4583,2024-03-02,Nigeria,18-24,Female,Annual
4584,2024-01-17,Canada,25-34,Female,Annual
4585,2024-01-01,Nigeria,18-24,male,Annual
4586,2024-03-24,CAN,25-34,Female,Annual
4587,2024-01-26,Nigeria,25-34,Female,Annual
4588,2024-04-03,United Kingdom,18-24,Male,Annual
4589,2024-06-09,Nigeria,25-34,Female,Annual
4590,2024-05-27,Nigeria,25-34,Male,Annual
4591,2024-06-19,Canada,25-34,Female,Annual
4592,2024-01-27,United Kingdom,25-34,Female,Annual
4593,2024-06-28,GBR,45+,Male,Annual
4594,2024-06-10,Nigeria,25-34,Female,Annual
4595,2024-01-25,Nigeria,25-34,Male,Annual
4596,2024-02-06,Nigeria,18-24,Female,Annual
4597,2024-04-06,Nigeria,25-34,Female,Annual
4598,2024-05-14,Canada,25/34,Male,Annual
4599,2024-04-09,Nigeria,18-24,Male,Annual
4600,2024-06-11,United Kingdom,18-24,Female,Annual
4601,2024-01-07,Nigeria,25-34,Female,Annual
4602,2024-02-07,United Kingdom,35-44,Male,Annual
4603,2024-05-14,Nigeria,45+,Male,
4604,2024-06-13,Nigeria,35-44,Male,Annual
4605,2024-06-17,Nigeria,25 to 34,Male,
4606,2024-01-25,United Kingdom,25-34,Female,Annual
4607,2024-03-06,Nigeria,35-44,Female,Annual
4608,2024-05-28,Nigeria,25/34,Male,Annual
4609,2024-06-16,United Kingdom,25-34,Male,Annual
4610,2024-05-20,Nigeria,45+,Female,Annual
4611,2024-01-12,United Kingdom,25-34,Male,Annual
4612,2024-06-02,United Kingdom,35-44,female,Annual
4613,2024-06-02,Nigeria,25-34,Male,Annual
4614,2024-06-22,Nigeria,25-34,Female,Annual
4615,2024-05-23,NG,18-24,Female,Annual
4616,2024-03-14,Canada,35-44,Female,Annual
4617,2024-03-26,Nigeria,35-44,Female,Annual
4618,2024-01-08,United Kingdom,25-34,Male,Annual
4619,2024-01-14,Canada,18-24,Male,Annual
4620,2024-05-04,UK,25-34,Male,Annual
4621,2024-05-15,Canada,45+,Female,Annual
4622,2024-04-13,United Kingdom,25/34,Female,Annual
4623,2024-04-30,Canada,45+,Female,Annual
4624,2024-02-09,Nigeria,25-34,Male,Annual
4625,2024-02-25,Nigeria,18-24,FEMALE,Annual
4626,2024-04-22,United Kingdom,25-34,Female,Annual
4627,2024-01-26,Canada,25-34,Male,Annual
4628,2024-03-03,Nigeria,25-34,Male,Annual
4629,2024-02-26,Nigeria,35 to 44,Male,Annual
4630,2024-06-27,United Kingdom,18-24,Female,Annual
4631,2024-05-23,United Kingdom,35-44,Male,Annual
4632,2024-06-03,United Kingdom,35-44,Female,Annual
4633,2024-06-16,Nigeria,35-44,Male,Annual
4634,2024-01-18,Nigeria,25-34,Female,Annual
4635,2024-02-29,Nigeria,45+,Female,Annual
4636,2024-04-30,Canada,18-24,Female,Annual
4637,2024-01-06,Nigeria,25-34,Male,Annual
4638,2024-01-09,Nigeria,45+,Female,Annual
4639,2024-01-18,Canada,35-44,Female,Annual
4640,2024-04-15,Canada,18-24,Female,Annual
4641,2024-04-17,Nigeria,45+,Female,Annual
4642,2024-01-18,Nigeria,25-34,Male,Annual
4643,2024-06-08,Nigeria,35-44,Female,Annual
4644,2024-04-13,United Kingdom,35 to 44,Male,Annual
4645,2024-02-19,Canada,45+,Female,Annual
4646,2024-05-15,United Kingdom,25-34,female,Annual
4647,2024-06-30,Nigeria,25-34,female,Annual
4648,2024-04-23,United Kingdom,18-24,Female,Annual
4649,2024-01-11,United Kingdom,25-34,Female,Annual
4650,2024-05-23,Nigeria,18-24,Male,Annual
4651,2024-03-07,Nigeria,35-44,Male,Annual
4652,2024-06-13,Nigeria,18-24,Female,Annual
4653,2024-04-24,United Kingdom,45+,Female,Annual
4654,2024-05-03,Canada,45+,Male,Annual
4655,2024-05-31,Nigeria,25-34,Male,Annual
4656,2024-01-01,Nigeria,35-44,Male,
4657,2024-02-10,Nigeria,45+,Male,Annual
4658,2024-04-11,Nigeria,25-34,Male,
4659,2024-04-24,United Kingdom,45+,Male,Annual
4660,2024-03-16,Nigeria,18-24,Female,Annual
4661,2024-05-20,Nigeria,25-34,Female,Annual
4662,2024-04-22,Nigeria,35 to 44,Male,Annual
4663,2024-02-29,Nigeria,35-44,Female,Annual
4664,2024-01-14,Nigeria,25-34,Male,Annual
4665,2024-04-21,Nigeria,35-44,Male,Annual
4666,2024-02-17,Nigeria,18-24,Female,Annual
4667,2024-02-04,United Kingdom,25-34,Female,Annual
4668,2024-03-23,United Kingdom,25/34,Female,Annual
4669,2024-04-15,Nigeria,35-44,Male,Annual
4670,2024-04-29,Nigeria,45+,Female,Annual
4671,2024-04-25,Nigeria,45+,Male,Annual
4672,2024-03-26,United Kingdom,25-34,Female,Annual
4673,2024-05-07,United Kingdom,35 to 44,Female,Annual
4674,2024-05-16,United Kingdom,25-34,Male,Annual
4675,2024-03-22,Nigeria,35-44,Female,Annual
4676,2024-02-17,United Kingdom,25-34,Male,Annual
4677,2024-04-02,Nigeria,35-44,Female,Annual
4678,2024-02-14,Nigeria,18-24,Male,Annual
4679,2024-06-08,United Kingdom,35-44,Male,Annual
4680,2024-06-23,United Kingdom,25-34,Male,Annual
4681,2024-02-06,Nigeria,25-34,Female,Annual
4682,2024-01-01,United Kingdom,45+,Male,Annual
4683,2024-05-22,United Kingdom,18-24,Female,Annual
4684,2024-06-14,United Kingdom,25-34,Female,Annual
4685,2024-06-02,Nigeria,25-34,male,Annual
4686,2024-03-09,Canada,25 to 34,Male,
4687,2024-01-29,Canada,25-34,Male,Annual
4688,2024-05-12,Nigeria,45+,Female,
4689,2024-03-01,Nigeria,45+,Male,Annual
4690,2024-01-20,United Kingdom,45+,Male,Annual
4691,2024-02-06,Canada,35-44,Female,Annual
4692,2024-02-10,Nigeria,25-34,Male,Annual
4693,2024-06-25,Canada,25-34,Female,Annual
4694,2024-02-27,Canada,18-24,Male,Annual
4695,2024-01-31,Nigeria,25-34,Female,Annual
4696,2024-03-14,United Kingdom,25-34,Male,Annual
4697,2024-01-26,Canada,25-34,Female,Annual
4698,2024-02-03,UK,18-24,Female,Annual
4699,2024-01-25,Nigeria,25-34,Female,Annual
4700,2024-03-23,Nigeria,25-34,Female,Annual
4701,2024-03-20,United Kingdom,25/34,Male,Annual
4702,2024-06-21,Canada,35-44,Female,Annual
4703,2024-06-05,Nigeria,18-24,Male,Annual
4704,2024-04-27,United Kingdom,35-44,Female,Annual
4705,2024-02-29,Nigeria,25-34,Male,Annual
4706,2024-06-11,Nigeria,45+,Female,
4707,2024-01-05,Canada,45+,Male,Annual
4708,2024-01-05,Nigeria,25-34,Female,Annual
4709,2024-03-12,Nigeria,35-44,Female,Annual
4710,2024-02-17,Nigeria,35-44,Male,Annual
4711,2024-05-26,Canada,45+,Female,Annual
4712,2024-06-11,Nigeria,25-34,Female,Annual
4713,2024-02-28,United Kingdom,18-24,Female,Annual
4714,2024-04-24,Nigeria,35-44,Male,Annual
4715,2024-03-24,Nigeria,18-24,Female,Annual
4716,2024-02-16,Nigeria,25-34,Female,Annual
4717,2024-05-13,United Kingdom,35-44,Male,Annual
4718,2024-01-09,Canada,25-34,Female,Annual
4719,2024-05-09,Nigeria,25-34,Female,Annual
4720,2024-06-25,United Kingdom,25-34,Female,Annual
4721,2024-05-01,Nigeria,25-34,Female,Annual
4722,2024-03-02,Nigeria,25-34,Male,Annual
4723,2024-04-17,Nigeria,18-24,Female,Annual
4724,2024-05-14,Nigeria,35-44,Female,Annual
4725,2024-01-21,United Kingdom,35-44,Male,Annual
4726,2024-05-29,United Kingdom,45+,Female,Annual
4727,2024-06-10,United Kingdom,25-34,Male,Annual
4728,2024-02-05,Canada,25-34,Female,Annual
4729,2024-05-24,Nigeria,25-34,Female,Annual
4730,2024-02-04,United Kingdom,35 to 44,Male,
4731,2024-03-06,United Kingdom,18-24,Male,Annual
4732,2024-05-05,Nigeria,18-24,Female,Annual
4733,2024-04-11,Nigeria,25-34,Male,
4734,2024-03-08,Nigeria,18-24,Male,Annual
4735,2024-06-21,Canada,25-34,Male,Annual
4736,2024-06-17,Nigeria,25-34,Female,Annual
4737,2024-02-01,Nigeria,18-24,Female,Annual
4738,2024-03-01,Canada,25-34,Female,Annual
4739,2024-03-05,Nigeria,25-34,Female,Annual
4740,2024-02-22,United Kingdom,25/34,Female,Annual
4741,2024-05-02,United Kingdom,18-24,Female,
4742,2024-06-18,Canada,18-24,Female,Annual
4743,2024-05-07,Canada,35-44,Female,Annual
4744,2024-02-13,Nigeria,25-34,Male,Annual
4745,2024-03-30,Nigeria,25-34,Male,Annual
4746,2024-03-24,Canada,45+,Male,Annual
4747,2024-05-23,Canada,25-34,Male,Annual
4748,2024-04-08,Nigeria,35-44,Female,Annual
4749,2024-06-05,Canada,18-24,Female,Annual
4750,2024-04-11,United Kingdom,35-44,Male,Annual
4751,2024-01-10,Nigeria,25-34,Male,Annual
4752,2024-01-05,Nigeria,25-34,Female,Annual
4753,2024-01-20,Nigeria,25-34,Male,Annual
4754,2024-05-08,Nigeria,45+,Male,Annual
4755,2024-06-25,Nigeria,45+,Male,Annual
4756,2024-05-03,Nigeria,45+,Female,Annual
4757,2024-04-30,Nigeria,25-34,Female,Annual
4758,2024-02-16,United Kingdom,25-34,Male,Annual
4759,2024-05-20,Canada,25-34,female,Annual
4760,2024-01-27,Nigeria,35-44,Male,Annual
4761,2024-01-17,Nigeria,18-24,Female,Annual
4762,2024-02-04,Nigeria,18-24,Female,Annual
4763,2024-05-31,United Kingdom,18-24,Female,Annual
4764,2024-06-02,Nigeria,25-34,Female,Annual
4765,2024-06-20,Nigeria,25 to 34,Female,
4766,2024-05-20,United Kingdom,35-44,Male,Annual
4767,2024-04-22,Canada,25-34,Male,Annual
4768,2024-02-10,Canada,25-34,Female,Annual
4769,2024-04-26,Canada,25-34,Female,Annual
4770,2024-03-31,United Kingdom,45+,Male,Annual
4771,2024-03-30,Nigeria,35-44,Female,
4772,2024-05-23,Nigeria,18-24,Male,Annual
4773,2024-04-21,Canada,25-34,Female,Annual
4774,2024-04-08,United Kingdom,25-34,Female,Annual
4775,2024-04-23,Nigeria,35-44,Female,Annual
4776,2024-06-26,Canada,18-24,Male,Annual
4777,2024-05-04,Nigeria,18-24,Male,Annual
4778,2024-02-12,Nigeria,25-34,Male,Annual
4779,2024-01-07,Canada,35-44,Male,Annual
4780,2024-05-30,Nigeria,25-34,Female,Annual
4781,2024-06-04,Nigeria,25-34,Female,Annual
4782,2024-06-06,Nigeria,25-34,Female,Annual
4783,2024-04-02,Canada,45+,Female,Annual
4784,2024-06-02,Nigeria,25-34,Female,Annual
4785,2024-05-02,Nigeria,25-34,Female,Annual
4786,2024-04-23,United Kingdom,25-34,Female,Annual
4787,2024-05-06,United Kingdom,25-34,Female,Annual
4788,2024-01-08,GBR,35-44,Male,Annual
4789,2024-05-20,Canada,25/34,Male,Annual
4790,2024-03-15,Canada,45+,Female,Annual
4791,2024-03-04,United Kingdom,35-44,Male,Annual
4792,2024-02-19,United Kingdom,25-34,Male,Annual
4793,2024-02-10,United Kingdom,25-34,Male,
4794,2024-06-10,Canada,25-34,Female,Annual
4795,2024-04-29,GBR,45+,Female,Annual
4796,2024-04-08,United Kingdom,45+,Male,Annual
4797,2024-01-03,Nigeria,45+,Female,Annual
4798,2024-02-05,United Kingdom,25-34,Male,Annual
4799,2024-01-05,Nigeria,35-44,Male,Annual
4800,2024-05-12,Nigeria,18-24,Female,Annual
4801,2024-04-18,Canada,35-44,Male,Annual
4802,2024-06-12,Canada,18-24,Female,Annual
4803,2024-05-09,Nigeria,35-44,Female,Annual
4804,2024-04-10,Nigeria,25-34,Male,Annual
4805,2024-04-26,Canada,18-24,Female,Annual
4806,2024-04-24,Canada,35-44,Female,Annual
4807,2024-02-16,Nigeria,35-44,Female,Annual
4808,2024-05-26,United Kingdom,18-24,Male,
4809,2024-05-24,Canada,35 to 44,Female,Annual
4810,2024-06-23,Nigeria,25-34,Female,Annual
4811,2024-02-11,Canada,25-34,Male,Annual
4812,2024-03-30,United Kingdom,25-34,Female,Annual
4813,2024-01-01,United Kingdom,18-24,Female,Annual
4814,2024-01-04,Nigeria,25-34,Male,Annual
4815,2024-05-18,United Kingdom,18-24,Male,Annual
4816,2024-04-30,GBR,35-44,Female,
4817,2024-01-16,Nigeria,18-24,Female,Annual
4818,2024-05-13,Canada,25-34,Female,Annual
4819,2024-04-21,GBR,35-44,Female,Annual
4820,2024-03-20,Canada,18-24,Male,Annual
4821,2024-05-26,Nigeria,18/24,Female,Annual
4822,2024-06-15,United Kingdom,25-34,Male,Annual
4823,2024-04-10,United Kingdom,35-44,Male,Annual
4824,2024-05-10,UK,25-34,Female,Annual
4825,2024-06-19,Canada,45+,Female,Annual
4826,2024-03-04,NG,25/34,Female,Annual
4827,2024-05-20,Canada,25-34,Male,Annual
4828,2024-01-03,Nigeria,18-24,FEMALE,Annual
4829,2024-05-31,United Kingdom,35-44,Female,Annual
4830,2024-01-05,United Kingdom,25-34,Male,Annual
4831,2024-01-26,United Kingdom,25-34,Male,Annual
4832,2024-02-09,Nigeria,25-34,Female,Annual
4833,2024-02-11,United Kingdom,25-34,Female,Annual
4834,2024-04-03,Nigeria,25 to 34,Female,Annual
4835,2024-02-29,United Kingdom,18-24,Female,Annual
4836,2024-02-14,Canada,45+,Male,Annual
4837,2024-04-16,Nigeria,18-24,Female,Annual
4838,2024-03-29,Nigeria,25-34,Female,Annual
4839,2024-04-04,Nigeria,35-44,Female,Annual
4840,2024-04-28,Canada,45+,Male,Annual
4841,2024-02-19,United Kingdom,35-44,Male,Annual
4842,2024-06-20,Nigeria,35-44,Male,Annual
4843,2024-03-10,Nigeria,25 to 34,Female,Annual
4844,2024-03-24,Nigeria,25-34,Male,Annual
4845,2024-02-23,Nigeria,35-44,Male,Annual
4846,2024-03-31,United Kingdom,25-34,Male,Annual
4847,2024-04-04,Canada,25-34,Female,Annual
4848,2024-04-22,Nigeria,35-44,Male,
4849,2024-02-24,Nigeria,35-44,Male,Annual
4850,2024-03-03,Nigeria,25-34,Male,Annual
4851,2024-06-06,Nigeria,25-34,Female,Annual
4852,2024-05-17,Nigeria,35-44,Female,Annual
4853,2024-06-05,Nigeria,25-34,Female,Annual
4854,2024-04-13,Nigeria,45+,Male,
4855,2024-06-15,Nigeria,25-34,Female,
4856,2024-02-22,Nigeria,25-34,Male,Annual
4857,2024-05-16,United Kingdom,25-34,Male,Annual
4858,2024-01-27,Nigeria,25-34,Male,Annual
4859,2024-06-01,Nigeria,45+,Male,Annual
4860,2024-01-19,Nigeria,45+,Female,Annual
4861,2024-03-03,Nigeria,25-34,Male,
4862,2024-01-04,United Kingdom,35-44,Female,Annual
4863,2024-02-06,Nigeria,18-24,Female,Annual
4864,2024-06-03,United Kingdom,25-34,Female,Annual
4865,2024-04-19,United Kingdom,45+,Male,Annual
4866,2024-01-16,Canada,18/24,Female,Annual
4867,2024-01-05,Canada,45+,Female,Annual
4868,2024-02-17,United Kingdom,35-44,Female,Annual
4869,2024-01-24,Nigeria,25-34,Male,Annual
4870,2024-02-27,Canada,25-34,Male,Annual
4871,2024-05-28,United Kingdom,35 to 44,Female,Annual
4872,2024-03-28,Canada,45+,Male,
4873,2024-06-15,Nigeria,35-44,Male,Annual
4874,2024-02-13,Canada,18-24,Male,Annual
4875,2024-05-27,Nigeria,18-24,Male,
4876,2024-06-22,Nigeria,25-34,Female,Annual
4877,2024-06-13,United Kingdom,25-34,Female,Annual
4878,2024-06-10,Canada,18-24,Male,Annual
4879,2024-06-02,Nigeria,25-34,Female,Annual
4880,2024-03-12,Nigeria,35-44,Female,
4881,2024-01-09,Nigeria,35-44,Female,Annual
4882,2024-04-02,NG,35-44,Male,Annual
4883,2024-05-28,NGR,35/44,Female,Annual
4884,2024-02-23,United Kingdom,45+,Male,Annual
4885,2024-05-25,Canada,18-24,Female,Annual
4886,2024-04-07,Nigeria,25-34,Male,Annual
4887,2024-06-25,Nigeria,25-34,Male,Annual
4888,2024-01-29,Canada,18-24,Female,Annual
4889,2024-03-26,Canada,18-24,Male,Annual
4890,2024-04-03,Nigeria,45+,Female,Annual
4891,2024-01-08,Canada,25-34,Male,Annual
4892,2024-01-14,United Kingdom,45+,Female,Annual
4893,2024-04-24,United Kingdom,25-34,Male,Annual
4894,2024-02-19,Canada,25-34,Male,Annual
4895,2024-06-22,Nigeria,35-44,Female,Annual
4896,2024-05-21,Nigeria,25-34,Male,Annual
4897,2024-02-11,Nigeria,18-24,Male,Annual
4898,2024-04-16,Canada,45+,Female,Annual
4899,2024-03-08,NGR,45+,Female,Annual
4900,2024-05-18,NGR,35-44,female,Annual
4901,2024-04-13,NG,45+,Male,Annual
4902,2024-02-02,United Kingdom,18-24,Male,Annual
4903,2024-01-08,United Kingdom,25-34,Male,Annual
4904,2024-01-08,Nigeria,25-34,Female,Annual
4905,2024-02-03,United Kingdom,25-34,Female,Annual
4906,2024-01-20,United Kingdom,45+,Male,Annual
4907,2024-03-05,Nigeria,35-44,Male,Annual
4908,2024-05-15,Nigeria,25-34,Male,Annual
4909,2024-01-19,United Kingdom,18-24,Female,Annual
4910,2024-06-28,Nigeria,18-24,Female,Annual
4911,2024-05-06,Nigeria,18-24,Male,Annual
4912,2024-03-10,Nigeria,35-44,Female,Annual
4913,2024-06-25,United Kingdom,18-24,Female,Annual
4914,2024-03-02,NGR,35-44,Female,Annual
4915,2024-05-17,United Kingdom,35-44,Male,Annual
4916,2024-05-14,Canada,25/34,Male,Annual
4917,2024-05-05,Canada,35-44,Female,Annual
4918,2024-06-03,Nigeria,25-34,Female,Annual
4919,2024-01-20,Nigeria,35-44,Female,Annual
4920,2024-02-24,United Kingdom,35-44,Male,Annual
4921,2024-01-05,Nigeria,25-34,Female,Annual
4922,2024-03-30,Nigeria,18-24,Female,Annual
4923,2024-05-09,Nigeria,25-34,Male,Annual
4924,2024-04-19,Nigeria,25-34,Male,
4925,2024-05-04,Canada,18-24,Female,Annual
4926,2024-02-21,United Kingdom,25-34,Male,Annual
4927,2024-05-21,Nigeria,35-44,Female,Annual
4928,2024-05-07,Canada,25/34,Female,Annual
4929,2024-04-19,Canada,45+,Female,Annual
4930,2024-02-14,Nigeria,18-24,Male,Annual
4931,2024-03-06,United Kingdom,35-44,Male,Annual
4932,2024-04-22,United Kingdom,18-24,Female,Annual
4933,2024-06-06,Canada,35-44,Male,Annual
4934,2024-03-25,United Kingdom,35-44,Male,Annual
4935,2024-06-24,Nigeria,25-34,Female,Annual
4936,2024-02-16,Nigeria,35-44,Female,Annual
4937,2024-06-23,United Kingdom,25-34,Male,Annual
4938,2024-06-11,United Kingdom,35-44,MALE,Annual
4939,2024-03-07,Nigeria,18-24,Male,Annual
4940,2024-02-05,Canada,18-24,Male,
4941,2024-05-14,Nigeria,35-44,Female,Annual
4942,2024-01-27,Nigeria,25/34,Female,Annual
4943,2024-02-13,United Kingdom,25-34,Male,Annual
4944,2024-06-15,Nigeria,18/24,Male,Annual
4945,2024-02-29,Nigeria,18-24,Female,Annual
4946,2024-02-20,United Kingdom,25-34,Male,Annual
4947,2024-02-23,United Kingdom,18-24,Male,Annual
4948,2024-01-08,Nigeria,25-34,female,Annual
4949,2024-05-09,Nigeria,35-44,Female,Annual
4950,2024-01-08,United Kingdom,35-44,Male,Annual
4951,2024-02-04,Canada,18-24,Female,Annual
4952,2024-05-11,Nigeria,45+,Male,Annual
4953,2024-03-01,Nigeria,18/24,Female,Annual
4954,2024-06-18,Nigeria,18-24,Female,Annual
4955,2024-06-27,Nigeria,35-44,Male,Annual
4956,2024-05-05,Nigeria,25-34,Male,Annual
4957,2024-04-29,United Kingdom,35 to 44,Female,Annual
4958,2024-01-25,Nigeria,18-24,Male,Annual
4959,2024-01-12,Nigeria,25-34,Female,Annual
4960,2024-04-20,Canada,18-24,Female,Annual
4961,2024-04-18,United Kingdom,18-24,Female,Annual
4962,2024-04-22,NGR,25-34,Male,Annual
4963,2024-05-02,United Kingdom,35-44,Male,Annual
4964,2024-05-17,Canada,18-24,Female,Annual
4965,2024-04-21,Nigeria,25-34,Female,Annual
4966,2024-04-24,GBR,35-44,Male,Annual
4967,2024-04-04,Nigeria,45+,Female,Annual
4968,2024-04-10,United Kingdom,18-24,Male,Annual
4969,2024-03-06,Nigeria,18-24,Male,Annual
4970,2024-05-02,Canada,25 to 34,Male,Annual
4971,2024-05-12,NGR,25-34,FEMALE,Annual
4972,2024-03-05,United Kingdom,35-44,Female,Annual
4973,2024-04-02,Canada,25-34,Female,Annual
4974,2024-02-04,Nigeria,25-34,Female,
4975,2024-01-21,United Kingdom,35-44,Female,Annual
4976,2024-06-23,United Kingdom,25-34,Female,Annual
4977,2024-01-28,Nigeria,25/34,Male,Annual
4978,2024-06-10,United Kingdom,25-34,Female,Annual
4979,2024-01-26,Nigeria,45+,Female,Annual
4980,2024-04-27,United Kingdom,18-24,Male,Annual
4981,2024-03-12,Canada,45+,Female,Annual
4982,2024-03-19,United Kingdom,25-34,Male,Annual
4983,2024-03-02,Nigeria,45+,Male,Annual
4984,2024-06-01,Nigeria,45+,Female,Annual
4985,2024-03-09,Nigeria,35-44,Male,Annual
4986,2024-05-27,United Kingdom,45+,Male,Annual
4987,2024-05-28,United Kingdom,25-34,Female,Annual
4988,2024-05-02,Canada,35-44,Male,Annual
4989,2024-04-30,CA,45+,Female,Annual
4990,2024-05-17,United Kingdom,25-34,Male,Annual
4991,2024-04-20,Canada,35-44,Female,Annual
4992,2024-04-03,United Kingdom,35-44,Male,Annual
4993,2024-04-21,Nigeria,18-24,MALE,Annual
4994,2024-01-30,United Kingdom,25 to 34,Female,Annual
4995,2024-05-31,Nigeria,35-44,MALE,Annual
4996,2024-05-03,United Kingdom,25-34,Female,Annual
4997,2024-01-15,United Kingdom,45+,female,Annual
4998,2024-03-13,Nigeria,25 to 34,Female,Annual
4999,2024-03-23,Nigeria,25-34,Female,Annual
5000,2024-05-20,United Kingdom,45+,Female,Annual
5001,2024-03-27,NGR,25-34,FEMALE,Annual
5002,2024-02-11,Canada,35-44,Male,Annual
5003,2024-05-26,Nigeria,25-34,Male,Annual
5004,2024-02-10,Nigeria,35-44,Female,Annual
5005,2024-05-18,Nigeria,35 to 44,Female,Annual
5006,2024-02-14,Nigeria,25-34,Female,Annual
5007,2024-05-03,United Kingdom,18-24,Female,Annual
5008,2024-03-06,United Kingdom,35-44,Female,Annual
5009,2024-06-23,Canada,25-34,Male,Annual
5010,2024-03-29,Nigeria,35 to 44,Female,Annual
5011,2024-05-02,United Kingdom,25-34,Female,
5012,2024-03-19,Canada,18-24,Male,Annual
5013,2024-04-20,United Kingdom,18-24,Male,Annual
5014,2024-04-07,United Kingdom,18-24,Male,Annual
5015,2024-03-17,Nigeria,25-34,Male,Annual
5016,2024-01-25,Nigeria,45+,Female,Annual
5017,2024-02-18,Nigeria,18-24,Male,Annual
5018,2024-06-23,Nigeria,45+,Female,Annual
5019,2024-02-23,Nigeria,25-34,Male,Annual
5020,2024-03-17,Nigeria,25-34,Male,Annual
5021,2024-03-03,Nigeria,18 to 24,Female,Annual
5022,2024-01-21,Nigeria,35-44,Male,Annual
5023,2024-02-10,United Kingdom,25-34,Female,Annual
5024,2024-06-28,Nigeria,35-44,Female,Annual
5025,2024-03-02,Nigeria,25-34,Female,Annual
5026,2024-05-14,United Kingdom,35-44,Male,Annual
5027,2024-01-22,United Kingdom,45+,Female,Annual
5028,2024-04-07,Nigeria,45+,Female,Annual
5029,2024-01-13,Nigeria,35-44,Male,
5030,2024-02-04,United Kingdom,25-34,Male,Annual
5031,2024-04-22,Nigeria,25-34,Male,Annual
5032,2024-02-23,Nigeria,18-24,male,Annual
5033,2024-04-23,Nigeria,25-34,Female,Annual
5034,2024-01-17,Canada,35-44,Male,Annual
5035,2024-01-08,UK,25-34,Female,Annual
5036,2024-02-24,Nigeria,25-34,Female,Annual
5037,2024-03-15,Nigeria,18-24,Male,Annual
5038,2024-02-10,Nigeria,45+,Male,Annual
5039,2024-03-26,United Kingdom,25-34,Male,Annual
5040,2024-03-10,CAN,45+,Female,Annual
5041,2024-01-09,Nigeria,45+,Male,Annual
5042,2024-05-26,United Kingdom,35-44,Male,Annual
5043,2024-02-08,Canada,18-24,Female,Annual
5044,2024-06-04,United Kingdom,45+,Female,Annual
5045,2024-03-22,Nigeria,25/34,Female,Annual
5046,2024-04-09,Canada,35-44,Female,Annual
5047,2024-03-07,Nigeria,25-34,Female,Annual
5048,2024-05-22,United Kingdom,25-34,Male,
5049,2024-06-20,Nigeria,25-34,male,Annual
5050,2024-03-24,Canada,45+,Female,Annual
5051,2024-06-08,United Kingdom,35-44,Female,Annual
5052,2024-01-16,Canada,25-34,Male,Annual
5053,2024-02-15,United Kingdom,45+,Female,Annual
5054,2024-04-15,Nigeria,25-34,Male,Annual
5055,2024-04-07,Nigeria,25-34,male,Annual
5056,2024-05-27,United Kingdom,25-34,Male,Annual
5057,2024-01-27,Canada,25-34,Female,Annual
5058,2024-05-06,Nigeria,18-24,Male,Annual
5059,2024-05-17,United Kingdom,35/44,Male,Annual
5060,2024-04-02,United Kingdom,45+,Female,Annual
5061,2024-05-04,Nigeria,25-34,Male,Annual
5062,2024-01-31,United Kingdom,25/34,Male,Annual
5063,2024-02-15,Nigeria,25-34,Male,Annual
5064,2024-03-12,United Kingdom,45+,Female,Annual
5065,2024-05-29,Nigeria,25-34,Male,Annual
5066,2024-06-20,Nigeria,18-24,Male,Annual
5067,2024-01-04,United Kingdom,18-24,Female,Annual
5068,2024-06-15,Canada,35-44,Male,Annual
5069,2024-03-27,Canada,45+,Male,Annual
5070,2024-04-21,Nigeria,35-44,Female,Annual
5071,2024-02-19,Nigeria,45+,Female,Annual
5072,2024-02-18,Nigeria,25-34,Female,Annual
5073,2024-05-20,Nigeria,18-24,Female,Annual
5074,2024-06-15,United Kingdom,35-44,Female,Annual
5075,2024-01-15,Nigeria,45+,Female,Annual
5076,2024-03-02,Nigeria,45+,Female,
5077,2024-01-16,Nigeria,25-34,Male,
5078,2024-04-08,Nigeria,45+,Female,Annual
5079,2024-04-29,Nigeria,25-34,Male,Annual
5080,2024-04-30,Nigeria,18 to 24,Male,
5081,2024-04-04,Nigeria,25-34,Female,Annual
5082,2024-01-31,United Kingdom,45+,Male,Annual
5083,2024-05-18,Canada,25/34,Female,
5084,2024-05-08,Nigeria,25/34,Male,Annual
5085,2024-05-17,United Kingdom,35-44,female,Annual
5086,2024-01-24,United Kingdom,25-34,Female,Annual
5087,2024-02-01,Nigeria,35-44,Male,Annual
5088,2024-01-07,Nigeria,18-24,Female,Annual
5089,2024-06-10,United Kingdom,25-34,Male,Annual
5090,2024-02-09,Canada,25-34,Male,Annual
5091,2024-05-10,CA,25-34,Female,Annual
5092,2024-04-06,Nigeria,35-44,Male,Annual
5093,2024-02-01,Nigeria,25-34,Male,Annual
5094,2024-01-18,Nigeria,25-34,Female,Annual
5095,2024-04-19,Nigeria,25-34,Female,Annual
5096,2024-06-01,Canada,35-44,Female,Annual
5097,2024-05-29,Nigeria,35-44,Male,Annual
5098,2024-06-07,United Kingdom,25-34,Male,Annual
5099,2024-01-03,United Kingdom,18-24,Male,Annual
5100,2024-05-25,Nigeria,18-24,Male,Annual
5101,2024-03-07,Canada,25 to 34,Male,Annual
5102,2024-04-19,Canada,45+,Female,Annual
5103,2024-05-02,United Kingdom,25-34,Male,Annual
5104,2024-05-04,United Kingdom,25-34,Female,Annual
5105,2024-01-12,Nigeria,18/24,Male,Annual
5106,2024-01-13,Nigeria,25-34,Female,Annual
5107,2024-05-09,United Kingdom,18-24,Male,Annual
5108,2024-06-24,United Kingdom,25-34,Female,Annual
5109,2024-04-06,United Kingdom,18-24,Female,Annual
5110,2024-02-10,Nigeria,45+,Male,Annual
5111,2024-05-08,United Kingdom,25-34,Female,Annual
5112,2024-01-26,Nigeria,35-44,Male,
5113,2024-01-16,Nigeria,18-24,Male,Annual
5114,2024-03-07,Nigeria,45+,Female,Annual
5115,2024-05-16,United Kingdom,45+,Female,Annual
5116,2024-06-11,Nigeria,45+,Female,Annual
5117,2024-04-18,Canada,25-34,Male,Annual
5118,2024-03-18,Canada,35/44,Female,Annual
5119,2024-02-14,Nigeria,25-34,Male,Annual
5120,2024-05-14,Canada,18/24,Male,Annual
5121,2024-06-11,Nigeria,25-34,Female,Annual
5122,2024-01-31,Nigeria,45+,Male,Annual
5123,2024-03-05,Canada,45+,Female,Annual
5124,2024-06-06,CAN,25-34,Male,Annual
5125,2024-04-12,Nigeria,25/34,Female,Annual
5126,2024-06-02,United Kingdom,18-24,Female,Annual
5127,2024-03-28,Nigeria,25-34,Male,Annual
5128,2024-02-15,Nigeria,18-24,Female,Annual
5129,2024-01-12,Nigeria,35/44,Female,Annual
5130,2024-02-29,United Kingdom,25-34,Male,Annual
5131,2024-06-19,Nigeria,35-44,Male,Annual
5132,2024-04-17,Nigeria,35-44,Female,Annual
5133,2024-03-09,Canada,25-34,Female,Annual
5134,2024-05-28,Nigeria,35-44,Male,Annual
5135,2024-01-20,United Kingdom,18-24,Male,Annual
5136,2024-04-21,UK,25-34,male,Annual
5137,2024-05-31,Nigeria,35-44,Female,Annual
5138,2024-05-12,Nigeria,18-24,Male,Annual
5139,2024-06-15,NGR,45+,Female,Annual
5140,2024-05-20,Canada,35-44,Female,Annual
5141,2024-02-20,United Kingdom,35-44,Female,Annual
5142,2024-04-24,Nigeria,18-24,Male,Annual
5143,2024-01-24,NG,35-44,Male,Annual
5144,2024-02-07,United Kingdom,25-34,Female,Annual
5145,2024-04-15,Nigeria,35-44,Female,Annual
5146,2024-03-13,Nigeria,45+,Female,Annual
5147,2024-04-05,Nigeria,18-24,Male,Annual
5148,2024-06-02,Nigeria,25-34,Female,Annual
5149,2024-01-18,United Kingdom,25-34,Male,Annual
5150,2024-01-13,United Kingdom,35-44,Male,Annual
5151,2024-02-04,Canada,35-44,Male,Annual
5152,2024-02-07,United Kingdom,25-34,Male,Annual
5153,2024-03-13,Nigeria,35-44,Female,Annual
5154,2024-06-11,Nigeria,25-34,Male,Annual
5155,2024-03-16,United Kingdom,35-44,Male,Annual
5156,2024-06-01,Nigeria,18-24,Male,Annual
5157,2024-06-11,Nigeria,18-24,Male,Annual
5158,2024-01-13,Nigeria,45+,Female,Annual
5159,2024-04-30,United Kingdom,35-44,Female,Annual
5160,2024-06-22,United Kingdom,25-34,Female,Annual
5161,2024-03-08,Nigeria,25-34,male,Annual
5162,2024-03-02,Nigeria,18-24,Male,Annual
5163,2024-06-07,Nigeria,45+,Female,Annual
5164,2024-02-11,United Kingdom,18-24,Male,Annual
5165,2024-05-10,Nigeria,45+,Male,Annual
5166,2024-06-11,Nigeria,35-44,Male,Annual
5167,2024-01-06,Nigeria,45+,Female,Annual
5168,2024-06-17,United Kingdom,45+,Male,Annual
5169,2024-05-06,Canada,45+,male,Annual
5170,2024-03-25,United Kingdom,25-34,Female,Annual
5171,2024-01-28,Nigeria,25-34,Male,Annual
5172,2024-04-02,Nigeria,45+,Male,Annual
5173,2024-01-05,Nigeria,35-44,Male,Annual
5174,2024-03-13,Nigeria,18-24,Female,Annual
5175,2024-02-27,Canada,35-44,Female,Annual
5176,2024-06-19,Nigeria,18-24,Male,Annual
5177,2024-04-28,United Kingdom,35-44,Female,Annual
5178,2024-05-15,United Kingdom,18-24,Male,Annual
5179,2024-01-02,Canada,18-24,Female,Annual
5180,2024-04-17,UK,45+,Male,Annual
5181,2024-02-23,United Kingdom,45+,Female,Annual
5182,2024-04-08,United Kingdom,25-34,Female,Annual
5183,2024-03-30,Nigeria,18-24,Male,Annual
5184,2024-04-24,Canada,25-34,Male,Annual
5185,2024-01-30,Nigeria,35-44,Female,Annual
5186,2024-03-08,NG,18-24,Female,Annual
5187,2024-04-25,Canada,35-44,Male,
5188,2024-06-21,Nigeria,18-24,Female,Annual
5189,2024-01-23,Nigeria,45+,MALE,Annual
5190,2024-04-05,United Kingdom,25-34,Female,Annual
5191,2024-01-03,Canada,35-44,Female,Annual
5192,2024-01-01,Nigeria,35-44,Male,Annual
5193,2024-06-13,Nigeria,25-34,Female,Annual
5194,2024-05-02,Nigeria,25-34,Male,Annual
5195,2024-02-08,Nigeria,35-44,Female,Annual
5196,2024-06-28,Nigeria,18/24,Male,Annual
5197,2024-04-28,NG,25-34,Female,Annual
5198,2024-01-01,Nigeria,25-34,Male,Annual
5199,2024-05-27,Nigeria,18-24,male,Annual
5200,2024-02-01,United Kingdom,25-34,Male,Annual
5201,2024-01-31,Nigeria,25-34,Male,Annual
5202,2024-01-27,Canada,35-44,FEMALE,Annual
5203,2024-04-17,Nigeria,25-34,Female,Annual
5204,2024-05-05,United Kingdom,25-34,Male,Annual
5205,2024-02-25,United Kingdom,25-34,Male,Annual
5206,2024-04-24,Nigeria,45+,Female,
5207,2024-04-22,Nigeria,25-34,Male,Annual
5208,2024-02-19,Nigeria,18-24,Male,Annual
5209,2024-03-24,Nigeria,18-24,Male,
5210,2024-02-16,Nigeria,45+,Male,Annual
5211,2024-04-25,Nigeria,35-44,Male,Annual
5212,2024-04-05,United Kingdom,35-44,Male,Annual
5213,2024-06-16,Nigeria,18-24,Male,Annual
5214,2024-01-06,Nigeria,35 to 44,Female,Annual
5215,2024-03-08,Nigeria,25-34,Female,Annual
5216,2024-02-09,Nigeria,35-44,Male,Annual
5217,2024-06-24,United Kingdom,35-44,MALE,Annual
5218,2024-05-13,Canada,35-44,Male,Annual
5219,2024-04-09,Nigeria,45+,Female,Annual
5220,2024-04-14,Nigeria,45+,MALE,Annual
5221,2024-01-03,United Kingdom,45+,Female,Annual
5222,2024-02-15,United Kingdom,35/44,Female,Annual
5223,2024-03-29,Nigeria,18-24,Female,Annual
5224,2024-04-29,Nigeria,35-44,Female,Annual
5225,2024-02-24,United Kingdom,45+,female,Annual
5226,2024-03-08,United Kingdom,25-34,Female,Annual
5227,2024-03-24,United Kingdom,18-24,Female,Annual
5228,2024-03-08,Nigeria,35-44,Female,Annual
5229,2024-03-21,United Kingdom,18-24,Male,Annual
5230,2024-01-27,Nigeria,45+,Female,Annual
5231,2024-02-22,Nigeria,18/24,Male,Annual
5232,2024-02-12,Nigeria,25-34,Female,Annual
5233,2024-01-25,United Kingdom,35-44,Female,Annual
5234,2024-04-21,Nigeria,25/34,Female,
5235,2024-06-25,Nigeria,35-44,Female,Annual
5236,2024-03-15,Canada,35-44,Male,Annual
5237,2024-02-16,Canada,25-34,FEMALE,Annual
5238,2024-04-02,Canada,35-44,Male,Annual
5239,2024-02-04,United Kingdom,25-34,Female,Annual
5240,2024-04-27,Nigeria,45+,Male,Annual
5241,2024-02-25,United Kingdom,35-44,Female,Annual
5242,2024-03-27,Nigeria,25-34,Female,Annual
5243,2024-04-22,Nigeria,18-24,Female,Annual
5244,2024-02-17,Canada,25-34,Female,Annual
5245,2024-02-27,Nigeria,35-44,Male,Annual
5246,2024-06-14,Nigeria,35-44,Female,Annual
5247,2024-02-09,Canada,45+,Female,Annual
5248,2024-03-06,United Kingdom,35-44,Female,Annual
5249,2024-01-15,Canada,25-34,Male,Annual
5250,2024-06-15,United Kingdom,25-34,FEMALE,Annual
5251,2024-02-08,United Kingdom,25-34,Male,Annual
5252,2024-06-26,Nigeria,18-24,Female,Annual
5253,2024-06-15,Nigeria,25/34,Male,Annual
5254,2024-03-21,Canada,45+,Female,Annual
5255,2024-05-15,Canada,18-24,FEMALE,Annual
5256,2024-01-01,United Kingdom,18-24,Male,Annual
5257,2024-04-15,United Kingdom,18-24,Female,Annual
5258,2024-03-10,United Kingdom,35-44,Female,Annual
5259,2024-06-30,Nigeria,45+,Female,Annual
5260,2024-01-19,Nigeria,35-44,MALE,Annual
5261,2024-01-12,Canada,35-44,Female,Annual
5262,2024-03-07,Nigeria,25-34,Female,Annual
5263,2024-02-12,United Kingdom,25-34,Female,Annual
5264,2024-06-26,United Kingdom,25-34,Female,Annual
5265,2024-05-15,UK,18-24,Male,Annual
5266,2024-05-14,United Kingdom,45+,Female,Annual
5267,2024-01-07,Nigeria,25-34,Male,Annual
5268,2024-05-25,Nigeria,18-24,Female,
5269,2024-06-17,Canada,25-34,Male,Annual
5270,2024-06-15,Nigeria,18 to 24,Male,
5271,2024-06-16,Nigeria,45+,Male,
5272,2024-04-09,United Kingdom,25-34,FEMALE,Annual
5273,2024-06-10,Nigeria,18-24,Female,Annual
5274,2024-02-22,Nigeria,35-44,Female,Annual
5275,2024-04-12,Nigeria,18-24,Male,Annual
5276,2024-01-31,United Kingdom,25/34,Female,Annual
5277,2024-02-26,United Kingdom,18/24,Female,Annual
5278,2024-01-01,Nigeria,25-34,Male,Annual
5279,2024-03-02,Nigeria,25-34,Female,Annual
5280,2024-02-21,Nigeria,25-34,Female,Annual
5281,2024-03-17,Canada,35-44,Male,Annual
5282,2024-03-02,Nigeria,25-34,Female,Annual
5283,2024-06-11,Canada,25-34,Male,Annual
5284,2024-03-14,Nigeria,25-34,Female,Annual
5285,2024-02-13,Nigeria,18 to 24,Male,Annual
5286,2024-01-05,United Kingdom,25-34,Male,Annual
5287,2024-05-28,Nigeria,18-24,Female,Annual
5288,2024-01-25,Nigeria,25-34,Male,Annual
5289,2024-06-03,Nigeria,45+,Female,Annual
5290,2024-02-12,United Kingdom,35 to 44,Female,Annual
5291,2024-01-08,Nigeria,18-24,Female,Annual
5292,2024-03-15,Nigeria,18-24,Female,Annual
5293,2024-03-27,Canada,45+,Female,
5294,2024-06-09,Nigeria,18/24,Male,Annual
5295,2024-04-18,Nigeria,45+,Male,Annual
5296,2024-01-24,Nigeria,25 to 34,male,Annual
5297,2024-01-30,Nigeria,35-44,male,Annual
5298,2024-05-05,Canada,25-34,Female,Annual
5299,2024-01-21,Nigeria,35-44,Male,Annual
5300,2024-03-29,United Kingdom,45+,Male,Annual
5301,2024-04-24,United Kingdom,45+,Male,Annual
5302,2024-02-22,Canada,18-24,Female,Annual
5303,2024-05-19,United Kingdom,35-44,Male,Annual
5304,2024-01-16,United Kingdom,18-24,Male,Annual
5305,2024-04-28,Nigeria,25-34,Female,Annual
5306,2024-06-23,United Kingdom,18-24,Female,Annual
5307,2024-01-04,Nigeria,25-34,Male,
5308,2024-01-28,Nigeria,35-44,Female,Annual
5309,2024-06-21,United Kingdom,25-34,Male,Annual
5310,2024-05-24,United Kingdom,45+,Male,Annual
5311,2024-03-27,Nigeria,45+,Male,Annual
5312,2024-02-28,GBR,35-44,Male,Annual
5313,2024-06-27,Nigeria,25-34,Female,
5314,2024-01-26,Nigeria,35/44,Male,Annual
5315,2024-06-29,Nigeria,25-34,Female,Annual
5316,2024-04-26,United Kingdom,25-34,Female,Annual
5317,2024-04-05,United Kingdom,35-44,Female,Annual
5318,2024-04-14,United Kingdom,18-24,Female,Annual
5319,2024-02-18,Nigeria,35-44,Female,Annual
5320,2024-03-23,Nigeria,25-34,Female,Annual
5321,2024-04-24,United Kingdom,18-24,Female,Annual
5322,2024-06-26,Nigeria,25-34,FEMALE,Annual
5323,2024-04-30,United Kingdom,25-34,Male,Annual
5324,2024-06-18,CA,25-34,Male,Annual
5325,2024-01-20,United Kingdom,18-24,Female,Annual
5326,2024-01-17,United Kingdom,25-34,Male,Annual
5327,2024-04-28,Canada,25-34,Female,Annual
5328,2024-03-23,United Kingdom,35-44,Female,Annual
5329,2024-01-26,United Kingdom,18-24,Male,Annual
5330,2024-01-05,Nigeria,35 to 44,Female,Annual
5331,2024-01-12,Nigeria,25-34,Male,Annual
5332,2024-04-20,Nigeria,25 to 34,MALE,Annual
5333,2024-06-20,United Kingdom,35-44,Male,Annual
5334,2024-04-29,NGR,25-34,Male,Annual
5335,2024-05-24,United Kingdom,18-24,Male,Annual
5336,2024-02-21,Nigeria,25-34,male,
5337,2024-01-29,United Kingdom,25-34,Male,Annual
5338,2024-06-25,Canada,18-24,Female,Annual
5339,2024-06-27,United Kingdom,35-44,Female,Annual
5340,2024-02-23,United Kingdom,25-34,Female,
5341,2024-04-11,Nigeria,18-24,Male,Annual
5342,2024-04-26,United Kingdom,35-44,Female,
5343,2024-06-25,United Kingdom,25-34,Male,
5344,2024-05-17,Canada,25-34,Male,Annual
5345,2024-05-25,Canada,45+,Female,Annual
5346,2024-06-14,Nigeria,35-44,Male,Annual
5347,2024-04-17,Nigeria,35-44,Male,Annual
5348,2024-03-17,Nigeria,18-24,Female,Annual
5349,2024-01-14,Nigeria,25-34,Male,Annual
5350,2024-01-22,Nigeria,25-34,Female,Annual
5351,2024-01-27,United Kingdom,25-34,Female,Annual
5352,2024-05-20,Nigeria,18-24,Female,Annual
5353,2024-05-02,Nigeria,35-44,Female,Annual
5354,2024-02-18,Nigeria,35-44,Male,Annual
5355,2024-05-01,United Kingdom,25-34,Male,Annual
5356,2024-06-30,Canada,25-34,Female,Annual
5357,2024-05-09,Canada,45+,Male,Annual
5358,2024-06-25,Nigeria,25-34,Female,Annual
5359,2024-03-20,Canada,25-34,Male,Annual
5360,2024-02-03,United Kingdom,18-24,Female,Annual
5361,2024-05-02,Nigeria,18-24,Male,Annual
5362,2024-01-28,Canada,45+,Male,Annual
5363,2024-05-10,UK,18-24,Female,Annual
5364,2024-05-20,Canada,25-34,Male,Annual
5365,2024-01-27,Nigeria,35-44,FEMALE,Annual
5366,2024-02-22,Nigeria,35-44,MALE,Annual
5367,2024-01-11,United Kingdom,18-24,Female,Annual
5368,2024-02-24,United Kingdom,25-34,Female,Annual
5369,2024-04-10,Nigeria,35-44,Male,Annual
5370,2024-05-26,Nigeria,18-24,Female,Annual
5371,2024-06-21,Nigeria,45+,Female,Annual
5372,2024-02-12,Nigeria,35-44,Male,Annual
5373,2024-02-28,Nigeria,25-34,Male,Annual
5374,2024-04-02,Nigeria,25-34,Female,Annual
5375,2024-04-05,United Kingdom,25-34,Male,Annual
5376,2024-04-06,Nigeria,25-34,Female,Annual
5377,2024-03-22,Canada,25/34,Male,Annual
5378,2024-05-14,United Kingdom,45+,Male,Annual
5379,2024-06-05,United Kingdom,45+,Male,Annual
5380,2024-06-25,United Kingdom,35-44,Male,Annual
5381,2024-03-23,Nigeria,25-34,male,Annual
5382,2024-05-22,United Kingdom,25-34,Female,Annual
5383,2024-05-14,Canada,25-34,Female,Annual
5384,2024-03-01,Canada,25-34,Male,Annual
5385,2024-02-03,United Kingdom,35-44,Male,Annual
5386,2024-04-25,United Kingdom,25-34,Female,Annual
5387,2024-02-11,Canada,35-44,Female,Annual
5388,2024-05-30,Nigeria,25-34,Male,Annual
5389,2024-05-19,Nigeria,25-34,Female,Annual
5390,2024-05-02,Nigeria,25-34,Male,Annual
5391,2024-01-10,Nigeria,25-34,MALE,Annual
5392,2024-02-17,Nigeria,25-34,Female,Annual
5393,2024-01-17,United Kingdom,25-34,Female,Annual
5394,2024-04-26,United Kingdom,45+,Female,Annual
5395,2024-03-02,Nigeria,35-44,Female,Annual
5396,2024-06-02,United Kingdom,25-34,Female,Annual
5397,2024-01-01,CA,25-34,Female,Annual
5398,2024-06-02,Nigeria,35-44,Male,Annual
5399,2024-03-18,Nigeria,35-44,Female,Annual
5400,2024-04-13,United Kingdom,18-24,Female,Annual
5401,2024-02-29,United Kingdom,25-34,Male,Annual
5402,2024-02-06,Canada,45+,Male,Annual
5403,2024-03-05,Nigeria,18-24,Female,Annual
5404,2024-03-17,United Kingdom,25-34,Female,Annual
5405,2024-02-03,Nigeria,25-34,Female,Annual
5406,2024-05-15,United Kingdom,35-44,Male,
5407,2024-05-30,United Kingdom,35/44,Male,
5408,2024-04-19,CA,25-34,Female,Annual
5409,2024-03-21,Nigeria,18-24,Male,Annual
5410,2024-03-24,United Kingdom,35-44,Female,Annual
5411,2024-02-14,United Kingdom,35-44,Male,Annual
5412,2024-02-27,Canada,35-44,Male,Annual
5413,2024-03-09,Nigeria,18-24,Male,Annual
5414,2024-04-03,Canada,45+,Male,Annual
5415,2024-05-04,Nigeria,35-44,Male,Annual
5416,2024-04-19,United Kingdom,35-44,Female,Annual
5417,2024-05-18,Nigeria,25-34,Male,Annual
5418,2024-06-03,Canada,18-24,Male,Annual
5419,2024-06-22,Nigeria,45+,Male,Annual
5420,2024-04-20,Canada,25-34,Male,Annual
5421,2024-05-10,Nigeria,25-34,Male,Annual
5422,2024-01-19,Canada,35-44,Female,Annual
5423,2024-03-22,United Kingdom,25 to 34,Male,Annual
5424,2024-03-29,United Kingdom,18-24,Female,Annual
5425,2024-01-06,Canada,25-34,Male,Annual
5426,2024-04-26,Nigeria,35-44,Female,Annual
5427,2024-04-06,Canada,25-34,Female,Annual
5428,2024-06-25,Canada,25-34,Male,Annual
5429,2024-03-31,Nigeria,18-24,Male,
5430,2024-05-28,NGR,35 to 44,Female,Annual
5431,2024-06-08,CAN,45+,Male,Annual
5432,2024-04-07,Nigeria,35-44,Female,Annual
5433,2024-04-23,United Kingdom,35-44,Female,Annual
5434,2024-01-08,Nigeria,25-34,Female,Annual
5435,2024-05-15,Nigeria,25-34,Female,Annual
5436,2024-05-10,Nigeria,25-34,Female,Annual
5437,2024-06-10,Canada,35-44,Female,Annual
5438,2024-03-15,Nigeria,35-44,Male,Annual
5439,2024-02-23,Nigeria,18-24,Female,Annual
5440,2024-03-25,Nigeria,25-34,Female,
5441,2024-06-18,Nigeria,45+,Female,Annual
5442,2024-02-23,Canada,45+,Female,Annual
5443,2024-02-12,Nigeria,18-24,Female,Annual
5444,2024-03-01,Nigeria,35-44,Male,Annual
5445,2024-02-16,Nigeria,18-24,Male,Annual
5446,2024-06-07,Nigeria,35-44,Male,Annual
5447,2024-04-17,UK,25-34,Female,Annual
5448,2024-06-28,United Kingdom,25-34,Female,Annual
5449,2024-01-02,United Kingdom,18-24,Male,Annual
5450,2024-05-25,Nigeria,18-24,Female,Annual
5451,2024-06-27,Nigeria,45+,FEMALE,Annual
5452,2024-05-05,United Kingdom,18-24,Male,Annual
5453,2024-01-10,United Kingdom,25-34,Female,Annual
5454,2024-05-15,Nigeria,45+,Female,Annual
5455,2024-06-04,Nigeria,25 to 34,Male,Annual
5456,2024-06-16,Nigeria,35-44,Male,Annual
5457,2024-05-18,Canada,35-44,Female,Annual
5458,2024-04-28,Nigeria,25-34,Male,Annual
5459,2024-01-22,Canada,45+,Female,Annual
5460,2024-05-03,Canada,35-44,Male,Annual
5461,2024-03-14,Canada,25-34,Male,Annual
5462,2024-04-28,United Kingdom,18/24,Male,Annual
5463,2024-03-29,United Kingdom,25-34,Female,Annual
5464,2024-02-23,Nigeria,45+,Male,Annual
5465,2024-03-30,Nigeria,18-24,Male,Annual
5466,2024-01-08,United Kingdom,35-44,Male,Annual
5467,2024-06-25,Nigeria,25-34,Male,Annual
5468,2024-06-28,Nigeria,25-34,Male,Annual
5469,2024-01-26,Nigeria,18-24,Female,Annual
5470,2024-06-17,United Kingdom,45+,Male,Annual
5471,2024-02-08,Nigeria,18-24,Male,Annual
5472,2024-04-11,United Kingdom,35-44,Female,Annual
5473,2024-05-01,United Kingdom,18-24,Female,Annual
5474,2024-04-29,United Kingdom,18-24,Female,Annual
5475,2024-02-26,Nigeria,35-44,Female,Annual
5476,2024-06-20,United Kingdom,35-44,MALE,Annual
5477,2024-03-31,United Kingdom,45+,Male,Annual
5478,2024-01-25,United Kingdom,35-44,Female,Annual
5479,2024-03-19,Nigeria,18-24,Male,Annual
5480,2024-06-13,Canada,25-34,Male,Annual
5481,2024-02-02,Canada,18-24,Female,Annual
5482,2024-05-20,Canada,25-34,Male,Annual
5483,2024-02-19,Nigeria,35 to 44,Male,Annual
5484,2024-02-25,United Kingdom,35-44,Male,Annual
5485,2024-06-26,Nigeria,25-34,Female,Annual
5486,2024-02-07,Canada,25-34,Male,Annual
5487,2024-05-05,Nigeria,35-44,Male,Annual
5488,2024-05-15,Nigeria,18-24,Male,Annual
5489,2024-03-26,Canada,25-34,Male,Annual
5490,2024-02-09,United Kingdom,25-34,Female,Annual
5491,2024-01-25,Nigeria,25-34,Male,Annual
5492,2024-01-02,Nigeria,25-34,Female,Annual
5493,2024-02-16,Nigeria,25-34,Female,Annual
5494,2024-01-30,United Kingdom,45+,Female,Annual
5495,2024-02-06,United Kingdom,35-44,Female,Annual
5496,2024-01-06,Nigeria,18-24,Female,Annual
5497,2024-04-17,Nigeria,25-34,Male,Annual
5498,2024-04-21,Nigeria,18-24,Male,Annual
5499,2024-02-02,United Kingdom,35-44,Male,Annual
5500,2024-01-04,United Kingdom,25-34,Male,Annual
5501,2024-01-28,Nigeria,25-34,Female,Annual
5502,2024-04-28,Nigeria,25-34,Male,Annual
5503,2024-03-21,Nigeria,45+,Male,Annual
5504,2024-01-19,Nigeria,25-34,Male,Annual
5505,2024-06-03,Canada,18 to 24,Female,Annual
5506,2024-03-05,Nigeria,25 to 34,Female,
5507,2024-06-11,Canada,18-24,Male,Annual
5508,2024-03-16,United Kingdom,25 to 34,Female,Annual
5509,2024-04-16,United Kingdom,18-24,Female,Annual
5510,2024-04-08,United Kingdom,25-34,Male,Annual
5511,2024-01-07,Nigeria,25-34,Female,
5512,2024-03-26,Nigeria,18-24,Male,Annual
5513,2024-06-16,Canada,35-44,Female,
5514,2024-05-18,Nigeria,18-24,Male,Annual
5515,2024-06-14,Nigeria,25-34,Female,Annual
5516,2024-05-23,United Kingdom,45+,Male,Annual
5517,2024-02-12,Nigeria,35-44,Male,Annual
5518,2024-05-17,Nigeria,25-34,Female,Annual
5519,2024-03-09,Nigeria,35-44,Female,Annual
5520,2024-04-02,Canada,45+,Male,Annual
5521,2024-06-16,Canada,25-34,Male,Annual
5522,2024-05-22,Nigeria,25-34,Male,Annual
5523,2024-06-02,Nigeria,35-44,Female,Annual
5524,2024-04-29,Nigeria,18-24,FEMALE,Annual
5525,2024-03-08,Canada,25-34,Male,Annual
5526,2024-05-11,Nigeria,35-44,Female,Annual
5527,2024-01-12,Nigeria,18-24,Female,Annual
5528,2024-05-18,United Kingdom,25-34,Female,
5529,2024-06-18,Canada,25 to 34,MALE,Annual
5530,2024-06-17,Nigeria,45+,Male,Annual
5531,2024-06-27,Nigeria,25-34,MALE,Annual
5532,2024-03-27,Nigeria,18-24,Male,Annual
5533,2024-03-16,Canada,35-44,Female,
5534,2024-03-29,United Kingdom,45+,Male,Annual
5535,2024-04-18,United Kingdom,35-44,Female,Annual
5536,2024-05-16,Nigeria,35-44,Male,Annual
5537,2024-02-03,Nigeria,25-34,Male,Annual
5538,2024-06-25,United Kingdom,18-24,Male,Annual
5539,2024-03-08,Nigeria,25-34,Male,
5540,2024-04-26,Nigeria,45+,Female,Annual
5541,2024-05-02,Nigeria,45+,Male,Annual
5542,2024-04-08,Nigeria,25-34,Female,Annual
5543,2024-06-17,United Kingdom,25-34,Female,Annual
5544,2024-03-31,United Kingdom,18-24,Male,Annual
5545,2024-03-08,Nigeria,18-24,Female,Annual
5546,2024-03-20,Nigeria,35-44,Male,Annual
5547,2024-03-26,Nigeria,25-34,Male,Annual
5548,2024-04-22,United Kingdom,25-34,Male,Annual
5549,2024-01-27,Nigeria,25-34,Male,Annual
5550,2024-04-28,NG,35-44,Female,Annual
5551,2024-02-19,Canada,25-34,Female,Annual
5552,2024-04-22,United Kingdom,35-44,Female,Annual
5553,2024-02-22,United Kingdom,45+,Female,Annual
5554,2024-04-16,Canada,35-44,Male,Annual
5555,2024-03-21,Nigeria,25-34,Female,Annual
5556,2024-01-18,Nigeria,18-24,female,Annual
5557,2024-02-04,Nigeria,35/44,Male,Annual
5558,2024-05-16,United Kingdom,45+,Male,Annual
5559,2024-03-23,Canada,25-34,Female,Annual
5560,2024-05-12,Nigeria,18-24,Male,Annual
5561,2024-03-19,Nigeria,25-34,Female,Annual
5562,2024-04-04,United Kingdom,25-34,Male,Annual
5563,2024-01-27,United Kingdom,18-24,Female,Annual
5564,2024-03-13,United Kingdom,18-24,Female,Annual
5565,2024-04-28,NG,25-34,MALE,
5566,2024-03-16,United Kingdom,25-34,FEMALE,Annual
5567,2024-04-03,Canada,25-34,Male,Annual
5568,2024-02-13,United Kingdom,18-24,Female,Annual
5569,2024-01-25,Nigeria,45+,Male,Annual
5570,2024-06-17,United Kingdom,35-44,Female,Annual
5571,2024-06-16,Canada,25-34,Male,Annual
5572,2024-03-01,Canada,35-44,Female,Annual
5573,2024-04-03,United Kingdom,18-24,Male,Annual
5574,2024-05-09,Nigeria,25-34,Male,Annual
5575,2024-04-03,United Kingdom,25-34,Male,Annual
5576,2024-02-23,Nigeria,25-34,Male,Annual
5577,2024-03-29,United Kingdom,18-24,Male,Annual
5578,2024-02-02,United Kingdom,25-34,Male,Annual
5579,2024-04-04,Canada,45+,Female,Annual
5580,2024-03-23,Nigeria,25-34,Female,Annual
5581,2024-04-11,Nigeria,25-34,Female,Annual
5582,2024-02-16,United Kingdom,18-24,Male,Annual
5583,2024-04-19,Nigeria,45+,Male,Annual
5584,2024-01-21,Nigeria,25-34,Male,Annual
5585,2024-02-09,Canada,45+,Male,Annual
5586,2024-02-03,United Kingdom,25-34,Male,Annual
5587,2024-03-02,United Kingdom,18 to 24,Male,Annual
5588,2024-02-18,Nigeria,18-24,Male,Annual
5589,2024-03-26,United Kingdom,35-44,Female,Annual
5590,2024-02-11,Canada,25-34,Female,Annual
5591,2024-06-27,Canada,25-34,Male,Annual
5592,2024-04-02,Nigeria,25-34,Female,
5593,2024-01-14,Canada,18-24,FEMALE,Annual
5594,2024-03-26,Nigeria,35-44,Male,Annual
5595,2024-05-30,Nigeria,25-34,Male,Annual
5596,2024-02-20,Nigeria,45+,Female,Annual
5597,2024-02-12,Nigeria,25-34,Male,Annual
5598,2024-01-22,United Kingdom,25-34,Male,Annual
5599,2024-05-04,Canada,25-34,Male,Annual
5600,2024-06-24,Nigeria,45+,Male,Annual
5601,2024-02-09,Nigeria,25-34,male,Annual
5602,2024-06-27,Nigeria,45+,Male,Annual
5603,2024-04-27,United Kingdom,18-24,Male,Annual
5604,2024-05-13,Nigeria,25-34,Male,Annual
5605,2024-01-09,Canada,25-34,Male,Annual
5606,2024-02-17,United Kingdom,25-34,Male,Annual
5607,2024-05-03,Nigeria,18 to 24,Male,Annual
5608,2024-03-17,United Kingdom,25-34,Female,Annual
5609,2024-03-04,United Kingdom,25-34,Male,Annual
5610,2024-06-19,Canada,25-34,Female,
5611,2024-02-03,Nigeria,25-34,Male,Annual
5612,2024-06-19,United Kingdom,35-44,Male,Annual
5613,2024-02-06,Canada,45+,Female,
5614,2024-03-21,NG,45+,Female,Annual
5615,2024-03-24,United Kingdom,35-44,Female,Annual
5616,2024-04-14,United Kingdom,18-24,Male,Annual
5617,2024-03-29,Canada,25-34,Male,Annual
5618,2024-04-15,GBR,25-34,Male,Annual
5619,2024-02-17,Nigeria,35-44,Male,Annual
5620,2024-05-20,Canada,25-34,Female,Annual
5621,2024-06-09,Nigeria,25-34,Male,
5622,2024-01-18,United Kingdom,35-44,Male,Annual
5623,2024-06-04,Nigeria,25-34,Male,Annual
5624,2024-03-06,Nigeria,18-24,Male,Annual
5625,2024-06-25,Canada,35-44,Male,Annual
5626,2024-02-23,Canada,25 to 34,Female,Annual
5627,2024-01-16,Nigeria,18-24,Male,Annual
5628,2024-01-03,United Kingdom,25-34,Female,Annual
5629,2024-04-20,Nigeria,25-34,Female,Annual
5630,2024-01-19,Nigeria,25/34,Male,Annual
5631,2024-06-24,Nigeria,25-34,Female,Annual
5632,2024-01-21,United Kingdom,18-24,Female,Annual
5633,2024-06-06,Canada,35-44,Male,Annual
5634,2024-03-06,Canada,18-24,Female,Annual
5635,2024-05-07,NG,25-34,Male,
5636,2024-02-15,Nigeria,25/34,Female,
5637,2024-02-02,Nigeria,35-44,Female,Annual
5638,2024-05-29,Nigeria,45+,Male,Annual
5639,2024-06-29,UK,45+,Male,Annual
5640,2024-01-29,United Kingdom,45+,Female,Annual
5641,2024-03-19,Nigeria,45+,Female,Annual
5642,2024-02-19,NGR,25-34,Female,Annual
5643,2024-06-30,United Kingdom,25-34,Female,Annual
5644,2024-01-10,United Kingdom,45+,Male,Annual
5645,2024-03-10,Nigeria,18-24,Female,Annual
5646,2024-05-09,Nigeria,25-34,Female,Annual
5647,2024-02-27,Canada,25-34,Male,Annual
5648,2024-04-26,Nigeria,45+,Male,Annual
5649,2024-04-09,Nigeria,35/44,Male,Annual
5650,2024-06-22,United Kingdom,35-44,FEMALE,Annual
5651,2024-01-23,Nigeria,35/44,Female,Annual
5652,2024-06-20,Nigeria,35-44,Male,Annual
5653,2024-02-22,United Kingdom,25-34,Female,Annual
5654,2024-05-06,United Kingdom,35-44,female,Annual
5655,2024-01-13,United Kingdom,35-44,Female,Annual
5656,2024-06-30,NGR,18-24,Female,Annual
5657,2024-05-29,Nigeria,35-44,Female,Annual
5658,2024-04-05,Nigeria,25 to 34,Male,Annual
5659,2024-01-24,Canada,25-34,Male,Annual
5660,2024-05-13,Canada,25/34,Male,Annual
5661,2024-06-27,United Kingdom,25-34,Female,Annual
5662,2024-05-06,Canada,25-34,Male,Annual
5663,2024-06-19,Nigeria,35-44,female,Annual
5664,2024-02-20,Nigeria,18-24,Female,Annual
5665,2024-04-30,Nigeria,45+,Female,Annual
5666,2024-06-18,Nigeria,25-34,Female,Annual
5667,2024-02-13,Nigeria,25-34,Male,Annual
5668,2024-01-30,Nigeria,45+,Male,
5669,2024-03-06,Canada,35-44,Male,Annual
5670,2024-06-29,Nigeria,25-34,Female,Annual
5671,2024-04-11,Nigeria,25-34,Male,Annual
5672,2024-06-29,Nigeria,35-44,Female,Annual
5673,2024-06-25,Nigeria,45+,MALE,Annual
5674,2024-04-07,Nigeria,18 to 24,Male,Annual
5675,2024-03-25,Nigeria,25-34,Female,Annual
5676,2024-06-08,United Kingdom,45+,Female,Annual
5677,2024-06-04,Nigeria,18-24,Female,Annual
5678,2024-06-12,Canada,18-24,Female,Annual
5679,2024-04-06,United Kingdom,45+,Female,Annual
5680,2024-04-29,United Kingdom,25-34,Female,Annual
5681,2024-05-26,United Kingdom,18 to 24,Female,Annual
5682,2024-03-28,Canada,25-34,Female,Annual
5683,2024-02-10,United Kingdom,35-44,Male,Annual
5684,2024-01-06,United Kingdom,18-24,Female,Annual
5685,2024-02-03,Nigeria,35-44,Male,Annual
5686,2024-06-12,Canada,25-34,Female,Annual
5687,2024-05-20,United Kingdom,45+,Male,Annual
5688,2024-01-06,Nigeria,35-44,Female,Annual
5689,2024-04-13,Nigeria,35-44,Male,Annual
5690,2024-02-21,NG,25 to 34,Male,Annual
5691,2024-01-06,Nigeria,25-34,Female,Annual
5692,2024-03-11,Nigeria,45+,Male,Annual
5693,2024-01-23,Canada,25-34,Female,Annual
5694,2024-06-30,NGR,35-44,Female,Annual
5695,2024-06-01,Nigeria,35-44,Male,Annual
5696,2024-03-26,Nigeria,25/34,Female,Annual
5697,2024-06-15,United Kingdom,35-44,Female,Annual
5698,2024-04-30,Nigeria,45+,Male,Annual
5699,2024-03-21,Canada,18-24,Male,Annual
5700,2024-03-08,Nigeria,45+,Male,Annual
5701,2024-05-06,United Kingdom,35-44,Female,Annual
5702,2024-06-20,United Kingdom,18-24,male,Annual
5703,2024-06-22,United Kingdom,25-34,Male,Annual
5704,2024-04-24,United Kingdom,35-44,Female,Annual
5705,2024-02-04,United Kingdom,25-34,Female,Annual
5706,2024-06-17,Canada,25-34,Male,Annual
5707,2024-06-14,Nigeria,35-44,Female,Annual
5708,2024-02-15,United Kingdom,25-34,Female,
5709,2024-05-10,Nigeria,25-34,Female,Annual
5710,2024-06-17,Canada,25-34,FEMALE,Annual
5711,2024-03-07,Nigeria,25-34,Female,Annual
5712,2024-05-23,United Kingdom,18-24,Male,Annual
5713,2024-03-02,United Kingdom,18-24,Female,Annual
5714,2024-03-31,United Kingdom,45+,Male,Annual
5715,2024-05-29,Nigeria,18-24,Male,Annual
5716,2024-02-15,Canada,45+,Female,Annual
5717,2024-04-18,Canada,25-34,Male,Annual
5718,2024-04-25,Nigeria,25-34,Male,Annual
5719,2024-04-29,Nigeria,25-34,Male,Annual
5720,2024-04-14,Canada,25-34,Male,Annual
5721,2024-03-01,Nigeria,35-44,Female,Annual
5722,2024-05-25,United Kingdom,45+,Male,Annual
5723,2024-06-21,Canada,18-24,Female,Annual
5724,2024-04-10,Nigeria,25-34,Female,Annual
5725,2024-05-06,United Kingdom,18-24,Male,Annual
5726,2024-04-23,United Kingdom,18-24,Female,Annual
5727,2024-04-04,United Kingdom,25-34,Female,Annual
5728,2024-02-18,United Kingdom,35-44,Male,Annual
5729,2024-05-02,Canada,45+,Male,Annual
5730,2024-01-17,Nigeria,45+,Male,Annual
5731,2024-01-07,Nigeria,25-34,Male,Annual
5732,2024-04-10,Nigeria,25-34,Male,Annual
5733,2024-03-23,United Kingdom,18-24,Female,Annual
5734,2024-01-23,Nigeria,35 to 44,Male,Annual
5735,2024-06-01,Nigeria,25-34,Female,Annual
5736,2024-02-29,NGR,25-34,Female,Annual
5737,2024-02-17,United Kingdom,25-34,Female,Annual
5738,2024-02-19,Nigeria,35-44,Female,Annual
5739,2024-04-20,Nigeria,25-34,Male,Annual
5740,2024-05-09,United Kingdom,45+,Female,Annual
5741,2024-02-19,United Kingdom,45+,Female,
5742,2024-05-28,Nigeria,45+,Male,Annual
5743,2024-03-08,Canada,25-34,Male,Annual
5744,2024-02-13,Canada,25-34,Female,Annual
5745,2024-01-05,Nigeria,18-24,Male,Annual
5746,2024-01-01,Nigeria,18-24,Male,Annual
5747,2024-04-19,United Kingdom,25-34,Female,Annual
5748,2024-01-10,NGR,45+,Male,Annual
5749,2024-01-21,Canada,25-34,Female,Annual
5750,2024-04-01,Nigeria,25-34,Male,Annual
5751,2024-03-26,Nigeria,25-34,Female,Annual
5752,2024-01-28,Nigeria,25-34,Female,Annual
5753,2024-03-15,Canada,25-34,Male,Annual
5754,2024-03-18,United Kingdom,45+,Female,Annual
5755,2024-05-13,United Kingdom,25 to 34,Male,Annual
5756,2024-04-16,Nigeria,45+,Male,Annual
5757,2024-06-04,CAN,35-44,male,Annual
5758,2024-06-10,Canada,25-34,Female,Annual
5759,2024-03-19,United Kingdom,35-44,Female,Annual
5760,2024-03-17,Nigeria,45+,Male,Annual
5761,2024-01-25,Nigeria,25-34,Female,
5762,2024-06-12,Nigeria,45+,Female,Annual
5763,2024-05-25,United Kingdom,25/34,Male,Annual
5764,2024-04-12,United Kingdom,35-44,Female,Annual
5765,2024-03-26,Nigeria,45+,Male,Annual
5766,2024-02-06,United Kingdom,35/44,Male,Annual
5767,2024-05-18,Canada,25-34,Male,Annual
5768,2024-01-07,Canada,18-24,Male,Annual
5769,2024-06-25,Nigeria,25-34,Female,Annual
5770,2024-03-06,Canada,35-44,Male,Annual
5771,2024-01-19,Nigeria,25-34,Male,Annual
5772,2024-03-11,Nigeria,18-24,Male,Annual
5773,2024-06-19,GBR,35-44,Male,Annual
5774,2024-06-28,Canada,45+,Female,Annual
5775,2024-06-18,Canada,45+,Male,Annual
5776,2024-01-15,Nigeria,18-24,Male,Annual
5777,2024-01-29,Canada,35-44,Female,Annual
5778,2024-03-28,Nigeria,25-34,Male,Annual
5779,2024-04-15,Nigeria,35-44,Female,Annual
5780,2024-01-17,Nigeria,18-24,MALE,Annual
5781,2024-04-04,Nigeria,25-34,Female,Annual
5782,2024-03-19,Nigeria,25-34,Male,Annual
5783,2024-03-08,Canada,35-44,Male,Annual
5784,2024-06-06,Nigeria,25-34,Male,Annual
5785,2024-02-29,Nigeria,25-34,Male,
5786,2024-03-14,Nigeria,18-24,Female,Annual
5787,2024-05-26,Nigeria,35-44,Female,Annual
5788,2024-04-04,Nigeria,25-34,Female,Annual
5789,2024-05-21,Canada,18-24,Female,Annual
5790,2024-01-06,United Kingdom,35-44,Male,Annual
5791,2024-06-16,United Kingdom,35-44,Female,Annual
5792,2024-01-29,United Kingdom,25-34,Female,Annual
5793,2024-02-28,United Kingdom,35-44,Male,Annual
5794,2024-02-23,United Kingdom,18-24,Male,Annual
5795,2024-05-08,United Kingdom,35-44,Female,Annual
5796,2024-05-02,United Kingdom,35/44,Male,Annual
5797,2024-06-15,Nigeria,25-34,Female,Annual
5798,2024-05-31,United Kingdom,25-34,Female,
5799,2024-03-15,Nigeria,35-44,Female,Annual
5800,2024-05-09,UK,25 to 34,Male,Annual
5801,2024-01-13,Nigeria,25-34,Female,Annual
5802,2024-05-03,Nigeria,45+,Male,Annual
5803,2024-02-27,United Kingdom,45+,Female,Annual
5804,2024-01-29,Nigeria,25-34,Female,Annual
5805,2024-03-19,Nigeria,25-34,Female,Annual
5806,2024-01-29,United Kingdom,45+,Female,Annual
5807,2024-03-23,Canada,25-34,MALE,Annual
5808,2024-02-15,United Kingdom,25-34,Male,Annual
5809,2024-02-22,Canada,35-44,Female,Annual
5810,2024-01-06,Canada,25-34,Male,Annual
5811,2024-06-10,Nigeria,25-34,Female,Annual
5812,2024-03-19,Canada,18-24,Female,Annual
5813,2024-05-17,United Kingdom,25-34,Male,Annual
5814,2024-05-14,United Kingdom,25-34,Male,Annual
5815,2024-04-16,United Kingdom,25-34,Female,Annual
5816,2024-03-03,United Kingdom,35-44,Male,Annual
5817,2024-05-06,Canada,25-34,Male,Annual
5818,2024-04-22,NGR,25-34,Female,Annual
5819,2024-06-13,Nigeria,45+,Female,Annual
5820,2024-02-20,Nigeria,18-24,Male,Annual
5821,2024-02-16,Nigeria,18-24,Male,Annual
5822,2024-06-14,Nigeria,25-34,Female,Annual
5823,2024-02-09,Nigeria,25-34,Female,Annual
5824,2024-02-09,United Kingdom,25-34,Male,Annual
5825,2024-03-15,United Kingdom,18-24,Male,Annual
5826,2024-06-24,United Kingdom,45+,MALE,Annual
5827,2024-04-05,Canada,25 to 34,Male,Annual
5828,2024-06-08,Nigeria,25-34,FEMALE,Annual
5829,2024-01-30,Nigeria,45+,Female,Annual
5830,2024-04-11,Nigeria,18-24,Female,
5831,2024-06-22,Nigeria,35-44,Male,
5832,2024-04-15,Nigeria,45+,Male,Annual
5833,2024-06-03,Nigeria,25-34,Female,
5834,2024-01-21,Canada,25-34,Female,Annual
5835,2024-03-14,GBR,35-44,Female,Annual
5836,2024-06-01,Canada,25-34,Female,Annual
5837,2024-04-11,Nigeria,18 to 24,Female,Annual
5838,2024-05-15,Canada,35-44,Female,Annual
5839,2024-02-22,Nigeria,18 to 24,Male,Annual
5840,2024-04-03,Nigeria,25-34,Male,Annual
5841,2024-01-08,Nigeria,35-44,Female,Annual
5842,2024-04-14,Nigeria,25 to 34,Female,Annual
5843,2024-04-03,Nigeria,18-24,Female,Annual
5844,2024-01-31,Nigeria,18-24,Female,Annual
5845,2024-06-20,Canada,25-34,Male,Annual
5846,2024-01-22,Nigeria,25-34,Female,Annual
5847,2024-06-18,CA,18-24,Male,Annual
5848,2024-04-25,United Kingdom,25-34,Male,Annual
5849,2024-05-17,Nigeria,18-24,Female,Annual
5850,2024-04-10,United Kingdom,25-34,Female,Annual
5851,2024-05-05,Nigeria,18-24,Male,Annual
5852,2024-05-28,Nigeria,35-44,Male,Annual
5853,2024-03-04,Nigeria,45+,Male,Annual
5854,2024-04-13,Canada,18-24,Female,Annual
5855,2024-05-13,Canada,35-44,female,Annual
5856,2024-02-21,United Kingdom,18-24,Female,Annual
5857,2024-06-11,Canada,25-34,Male,Annual
5858,2024-01-06,Nigeria,25-34,male,Annual
5859,2024-04-03,Nigeria,25 to 34,Male,Annual
5860,2024-01-02,Nigeria,25-34,Female,Annual
5861,2024-01-29,Nigeria,18-24,Female,Annual
5862,2024-06-10,Canada,25-34,Male,Annual
5863,2024-05-07,Canada,25-34,Female,Annual
5864,2024-05-26,Nigeria,45+,Male,Annual
5865,2024-05-11,United Kingdom,35-44,Male,Annual
5866,2024-06-19,Nigeria,45+,Female,Annual
5867,2024-06-08,Nigeria,25-34,Male,Annual
5868,2024-02-02,Nigeria,25-34,Female,Annual
5869,2024-06-30,Canada,35-44,Male,Annual
5870,2024-03-22,United Kingdom,25-34,Female,Annual
5871,2024-04-23,Nigeria,25-34,Male,Annual
5872,2024-05-19,Canada,25-34,Male,Annual
5873,2024-05-28,CAN,25-34,Male,Annual
5874,2024-04-13,Nigeria,35-44,Male,Annual
5875,2024-02-04,United Kingdom,25-34,Male,Annual
5876,2024-04-12,Nigeria,25-34,Male,Annual
5877,2024-01-17,United Kingdom,45+,Female,Annual
5878,2024-05-28,Canada,35-44,Female,Annual
5879,2024-02-17,United Kingdom,18-24,Female,Annual
5880,2024-03-15,Nigeria,35-44,Female,Annual
5881,2024-01-27,Nigeria,25-34,Male,Annual
5882,2024-03-10,Nigeria,35-44,Female,Annual
5883,2024-05-31,Nigeria,35-44,Male,Annual
5884,2024-03-06,Nigeria,45+,male,Annual
5885,2024-05-23,Canada,25-34,Female,Annual
5886,2024-03-23,United Kingdom,25-34,Female,Annual
5887,2024-01-17,Nigeria,45+,Female,Annual
5888,2024-02-20,Nigeria,25-34,Female,Annual
5889,2024-06-12,Canada,25-34,Male,Annual
5890,2024-02-06,Nigeria,25-34,Female,Annual
5891,2024-05-21,Nigeria,25-34,Female,Annual
5892,2024-06-24,Canada,25-34,Female,Annual
5893,2024-03-16,Nigeria,25-34,Male,Annual
5894,2024-02-25,United Kingdom,18-24,Female,Annual
5895,2024-01-21,NGR,35-44,Female,Annual
5896,2024-06-20,United Kingdom,25-34,Male,Annual
5897,2024-04-16,United Kingdom,25-34,Female,Annual
5898,2024-05-15,United Kingdom,25-34,Male,Annual
5899,2024-06-01,United Kingdom,18-24,Female,Annual
5900,2024-01-17,United Kingdom,35-44,Male,Annual
5901,2024-06-25,United Kingdom,25-34,Female,
5902,2024-02-06,Nigeria,35-44,Male,Annual
5903,2024-01-27,Nigeria,25-34,Male,Annual
5904,2024-06-03,Canada,18-24,Female,Annual
5905,2024-06-10,Nigeria,35-44,Female,Annual
5906,2024-04-10,Canada,35-44,Male,Annual
5907,2024-05-13,Nigeria,25-34,Male,Annual
5908,2024-03-20,Nigeria,25-34,Female,Annual
5909,2024-04-28,Nigeria,45+,Male,Annual
5910,2024-06-14,Nigeria,18-24,Male,Annual
5911,2024-01-25,Nigeria,25-34,Male,Annual
5912,2024-03-26,Nigeria,25-34,Female,Annual
5913,2024-06-17,United Kingdom,25-34,Female,Annual
5914,2024-05-13,United Kingdom,35-44,Female,Annual
5915,2024-01-22,Nigeria,45+,Female,Annual
5916,2024-01-09,Canada,25-34,Female,Annual
5917,2024-01-09,Nigeria,25-34,Female,Annual
5918,2024-01-06,United Kingdom,45+,Female,Annual
5919,2024-04-25,Canada,18-24,Male,Annual
5920,2024-01-01,Nigeria,35-44,Male,Annual
5921,2024-03-13,Nigeria,35 to 44,Male,Annual
5922,2024-01-11,United Kingdom,18-24,female,Annual
5923,2024-02-06,Nigeria,18-24,Male,
5924,2024-01-24,Nigeria,18-24,Female,Annual
5925,2024-04-04,Nigeria,35-44,Male,
5926,2024-06-28,Nigeria,25-34,Female,Annual
5927,2024-02-23,Canada,25-34,Female,Annual
5928,2024-04-16,CAN,45+,Female,Annual
5929,2024-02-23,NGR,25-34,Male,Annual
5930,2024-06-12,Nigeria,25-34,Male,Annual
5931,2024-06-09,Nigeria,35-44,Female,Annual
5932,2024-06-29,Canada,45+,Male,Annual
5933,2024-05-16,United Kingdom,35-44,Male,Annual
5934,2024-01-18,Nigeria,45+,Male,Annual
5935,2024-01-07,Nigeria,35-44,Male,Annual
5936,2024-05-27,Nigeria,45+,Male,Annual
5937,2024-03-22,United Kingdom,25-34,Female,Annual
5938,2024-04-25,Canada,25-34,Male,Annual
5939,2024-01-05,Canada,25-34,Male,Annual
5940,2024-06-11,Canada,18-24,Male,Annual
5941,2024-06-08,United Kingdom,35-44,Male,Annual
5942,2024-06-12,Canada,25-34,Female,Annual
5943,2024-05-13,Nigeria,25-34,Male,Annual
5944,2024-01-14,Nigeria,25-34,Female,Annual
5945,2024-05-22,Canada,25-34,Male,Annual
5946,2024-06-28,Nigeria,45+,Male,Annual
5947,2024-03-20,United Kingdom,25-34,female,Annual
5948,2024-02-18,Nigeria,18-24,Female,Annual
5949,2024-03-05,United Kingdom,18-24,Male,Annual
5950,2024-02-23,United Kingdom,45+,MALE,Annual
5951,2024-02-08,Nigeria,18-24,Male,Annual
5952,2024-04-01,Nigeria,25-34,Female,Annual
5953,2024-04-19,Nigeria,35-44,Female,
5954,2024-01-27,United Kingdom,18-24,Male,Annual
5955,2024-04-16,United Kingdom,25-34,Male,Annual
5956,2024-06-12,Nigeria,25-34,Female,Annual
5957,2024-03-24,Nigeria,25/34,Male,Annual
5958,2024-05-07,Canada,35-44,Male,Annual
5959,2024-04-16,United Kingdom,25-34,Male,Annual
5960,2024-05-29,Canada,25-34,Female,
5961,2024-04-03,Nigeria,25-34,Male,Annual
5962,2024-01-18,NG,45+,Female,Annual
5963,2024-01-01,United Kingdom,25-34,Female,Annual
5964,2024-05-19,United Kingdom,18-24,Female,
5965,2024-06-29,United Kingdom,25-34,FEMALE,Annual
5966,2024-03-25,Nigeria,35 to 44,Male,
5967,2024-02-14,Nigeria,18-24,Male,Annual
5968,2024-04-07,United Kingdom,25-34,Female,Annual
5969,2024-03-16,Nigeria,45+,Male,Annual
5970,2024-06-01,United Kingdom,18-24,Male,Annual
5971,2024-06-10,Canada,25-34,Female,Annual
5972,2024-03-29,Canada,25-34,Male,Annual
5973,2024-05-01,United Kingdom,18-24,male,Annual
5974,2024-03-18,Nigeria,25-34,Male,Annual
5975,2024-04-18,Canada,25-34,Female,Annual
5976,2024-03-13,Nigeria,35-44,Female,Annual
5977,2024-03-09,Canada,45+,Female,Annual
5978,2024-06-21,Nigeria,25-34,Male,
5979,2024-06-22,Nigeria,18-24,Female,Annual
5980,2024-05-25,Canada,25 to 34,Female,Annual
5981,2024-03-20,United Kingdom,35-44,male,Annual
5982,2024-01-01,Nigeria,35-44,Female,Annual
5983,2024-06-23,United Kingdom,45+,Male,Annual
5984,2024-02-13,Canada,35-44,Female,Annual
5985,2024-04-02,Canada,45+,Female,Annual
5986,2024-02-03,Canada,25-34,Female,Annual
5987,2024-04-21,Nigeria,25-34,Female,Annual
5988,2024-02-27,Nigeria,18-24,Male,Annual
5989,2024-05-30,Canada,25-34,Female,Annual
5990,2024-02-19,United Kingdom,35-44,Female,Annual
5991,2024-01-22,Nigeria,25-34,Female,Annual
5992,2024-05-12,Nigeria,18-24,Male,Annual
5993,2024-05-01,Nigeria,25-34,Male,Annual
5994,2024-01-21,United Kingdom,18-24,Male,Annual
5995,2024-05-04,United Kingdom,25-34,Male,Annual
5996,2024-01-18,Nigeria,35-44,male,Annual
5997,2024-05-12,Nigeria,25-34,Male,Annual
5998,2024-03-06,Canada,25-34,MALE,Annual
5999,2024-05-31,Nigeria,45+,Female,Annual
6000,2024-03-11,Nigeria,18-24,Female,Annual
6001,2025-01-03,Canada,35-44,Male,Monthly
6002,2025-01-24,Nigeria,25-34,male,Annual
6003,2025-01-21,United Kingdom,25-34,Female,Monthly
6004,2025-01-14,United Kingdom,35-44,Female,Monthly
6005,2025-01-14,Canada,25/34,Male,Monthly
6006,2025-01-27,Nigeria,18-24,Male,Monthly
6007,2025-01-03,Nigeria,35-44,Male,Monthly
6008,2025-01-22,United Kingdom,25-34,Female,Monthly
6009,2025-01-07,Nigeria,25-34,Female,Annual
6010,2025-01-03,Nigeria,25-34,Male,Annual
6011,2025-01-17,United Kingdom,18-24,Female,Monthly
6012,2025-01-31,Nigeria,45+,Female,Monthly
6013,2025-01-23,Nigeria,45+,Male,Annual
6014,2025-01-24,Nigeria,18 to 24,Male,Monthly
6015,2025-01-23,Nigeria,35/44,Male,Annual
6016,2025-01-25,Nigeria,25/34,Female,Monthly
6017,2025-01-16,Nigeria,25-34,Female,Annual
6018,2025-01-04,United Kingdom,25-34,FEMALE,Annual
6019,2025-01-27,Nigeria,25-34,Female,Annual
6020,2025-01-14,Canada,35-44,Female,Annual
6021,2025-01-16,Canada,25-34,Female,Annual
6022,2025-01-12,United Kingdom,45+,Male,Annual
6023,2025-01-06,Nigeria,18-24,Male,Annual
6024,2025-01-29,United Kingdom,35-44,Male,Annual
6025,2025-01-25,Canada,25-34,Male,Monthly
6026,2025-01-20,United Kingdom,25-34,Female,Monthly
6027,2025-01-13,Canada,25-34,Female,Annual
6028,2025-01-26,United Kingdom,45+,Male,Annual
6029,2025-01-17,United Kingdom,35-44,Female,Annual
6030,2025-01-14,Nigeria,18-24,Female,Annual
6031,2025-01-14,United Kingdom,25-34,Female,Annual
6032,2025-01-08,Nigeria,25-34,Female,Monthly
6033,2025-01-03,United Kingdom,35-44,Male,Monthly
6034,2025-01-18,Canada,18-24,Male,Monthly
6035,2025-01-28,Nigeria,18-24,Female,Monthly
6036,2025-01-02,United Kingdom,25-34,Male,Monthly
6037,2025-01-27,Nigeria,25 to 34,Male,Annual
6038,2025-01-26,United Kingdom,25-34,Male,Monthly
6039,2025-01-09,Nigeria,45+,Male,Monthly
6040,2025-01-20,Canada,25-34,Female,Monthly
6041,2025-01-06,Nigeria,25-34,Male,Monthly
6042,2025-01-24,NG,45+,Female,Monthly
6043,2025-01-22,Canada,25-34,Female,Monthly
6044,2025-01-11,United Kingdom,35-44,Female,Monthly
6045,2025-01-03,Canada,35-44,Female,Annual
6046,2025-01-31,Canada,25-34,Female,Monthly
6047,2025-01-14,Canada,18-24,Female,Annual
6048,2025-01-28,Nigeria,45+,Male,Monthly
6049,2025-01-22,United Kingdom,45+,Female,Monthly
6050,2025-01-25,Nigeria,25-34,Female,Annual
6051,2025-01-24,United Kingdom,35-44,Female,Monthly
6052,2025-01-07,Nigeria,25-34,Female,Annual
6053,2025-01-12,United Kingdom,25-34,Female,Monthly
6054,2025-01-15,United Kingdom,25-34,Female,Monthly
6055,2025-01-16,Nigeria,25 to 34,Female,Monthly
6056,2025-01-02,United Kingdom,45+,Male,Monthly
6057,2025-01-17,Canada,18-24,Male,Annual
6058,2025-01-05,Canada,35-44,Male,Annual
6059,2025-01-24,United Kingdom,35-44,Male,Monthly
6060,2025-01-22,United Kingdom,35-44,Male,Annual
6061,2025-01-29,Canada,35-44,female,Monthly
6062,2025-01-24,Nigeria,35-44,Male,Annual
6063,2025-01-12,Nigeria,25-34,Male,Monthly
6064,2025-01-30,Nigeria,25-34,Male,Monthly
6065,2025-01-13,United Kingdom,25/34,Male,Monthly
6066,2025-01-11,Nigeria,35-44,Female,Annual
6067,2025-01-29,Canada,25/34,Female,Monthly
6068,2025-01-12,United Kingdom,25-34,Female,Monthly
6069,2025-01-03,Nigeria,35-44,Male,Annual
6070,2025-01-15,Canada,25-34,Male,Monthly
6071,2025-01-25,Canada,25-34,Female,Monthly
6072,2025-01-06,Nigeria,25-34,Male,Annual
6073,2025-01-15,Nigeria,25-34,Male,Monthly
6074,2025-01-05,Nigeria,45+,Male,Annual
6075,2025-01-22,Nigeria,25-34,Female,Monthly
6076,2025-01-15,Nigeria,18-24,Female,Monthly
6077,2025-01-11,Canada,35-44,Male,Monthly
6078,2025-01-08,Nigeria,35-44,Male,Monthly
6079,2025-01-18,Nigeria,35-44,female,Annual
6080,2025-01-21,United Kingdom,25-34,Male,Monthly
6081,2025-01-30,United Kingdom,18 to 24,Male,Monthly
6082,2025-01-14,Canada,45+,Female,Monthly
6083,2025-01-05,Canada,18-24,Female,Monthly
6084,2025-01-26,United Kingdom,35-44,Female,Annual
6085,2025-01-20,Nigeria,25-34,Male,Monthly
6086,2025-01-22,UK,45+,Male,Annual
6087,2025-01-04,United Kingdom,25-34,Female,Monthly
6088,2025-01-10,NG,25-34,Male,Monthly
6089,2025-01-24,Nigeria,25-34,Female,Annual
6090,2025-01-26,Canada,45+,Female,Monthly
6091,2025-01-14,United Kingdom,18-24,Female,Annual
6092,2025-01-25,Nigeria,18-24,Female,Monthly
6093,2025-01-27,United Kingdom,45+,FEMALE,Monthly
6094,2025-01-13,United Kingdom,25-34,Female,Annual
6095,2025-01-28,Nigeria,45+,Male,Monthly
6096,2025-01-09,Nigeria,35-44,Male,Monthly
6097,2025-01-08,Canada,18-24,Female,Annual
6098,2025-01-22,Nigeria,25-34,Female,Monthly
6099,2025-01-20,Nigeria,18 to 24,Male,Annual
6100,2025-01-05,Nigeria,25-34,Female,Monthly
6101,2025-01-26,Nigeria,25-34,Male,Annual
6102,2025-01-07,Canada,35-44,Female,Monthly
6103,2025-01-25,Canada,25-34,Male,Monthly
6104,2025-01-01,Nigeria,25-34,Male,Annual
6105,2025-01-25,CAN,18-24,Female,Annual
6106,2025-01-25,Canada,35-44,Female,Monthly
6107,2025-01-25,Nigeria,45+,male,Monthly
6108,2025-01-21,Canada,25-34,Female,Monthly
6109,2025-01-15,Nigeria,18-24,Female,Annual
6110,2025-01-22,CAN,35-44,Female,Annual
6111,2025-01-09,United Kingdom,18-24,Female,Monthly
6112,2025-01-25,United Kingdom,35-44,Male,Monthly
6113,2025-01-18,Nigeria,35-44,Male,Monthly
6114,2025-01-15,Canada,25/34,Female,Monthly
6115,2025-01-16,Nigeria,25-34,Male,Monthly
6116,2025-01-18,Nigeria,25-34,Female,Annual
6117,2025-01-02,Nigeria,18-24,Female,Annual
6118,2025-01-05,Canada,45+,Male,Monthly
6119,2025-01-08,Nigeria,25-34,female,Monthly
6120,2025-01-04,Canada,35-44,Female,Annual
6121,2025-01-14,United Kingdom,45+,Female,Monthly
6122,2025-01-21,Nigeria,18-24,Male,Monthly
6123,2025-01-21,Nigeria,18 to 24,Male,Monthly
6124,2025-01-15,Nigeria,35-44,Female,Annual
6125,2025-01-27,United Kingdom,18-24,Female,Monthly
6126,2025-01-18,Canada,25-34,Male,Annual
6127,2025-01-03,Nigeria,25 to 34,Female,Monthly
6128,2025-01-24,Canada,25-34,Female,Annual
6129,2025-01-18,Nigeria,18-24,Female,Annual
6130,2025-01-20,Canada,35-44,Female,Monthly
6131,2025-01-18,Canada,35-44,Male,Annual
6132,2025-01-18,Canada,18-24,Male,Monthly
6133,2025-01-03,United Kingdom,35-44,Male,Annual
6134,2025-01-18,Canada,45+,Male,Monthly
6135,2025-01-25,Nigeria,35-44,MALE,Monthly
6136,2025-01-10,Nigeria,18-24,Female,Monthly
6137,2025-01-19,Nigeria,25-34,Female,Annual
6138,2025-01-01,United Kingdom,35-44,Male,Annual
6139,2025-01-11,United Kingdom,35-44,Female,Monthly
6140,2025-01-14,United Kingdom,25-34,Male,Monthly
6141,2025-01-31,Canada,25-34,Male,Annual
6142,2025-01-07,Nigeria,18-24,Female,Annual
6143,2025-01-09,United Kingdom,18-24,Female,Monthly
6144,2025-01-13,Nigeria,18-24,Female,Annual
6145,2025-01-31,Nigeria,25-34,Female,Monthly
6146,2025-01-27,United Kingdom,25-34,Female,Annual
6147,2025-01-02,GBR,25-34,Female,Annual
6148,2025-01-08,United Kingdom,18-24,Male,Monthly
6149,2025-01-26,Nigeria,45+,Male,Monthly
6150,2025-01-02,United Kingdom,25-34,Male,Annual
6151,2025-01-27,Nigeria,18-24,Female,Monthly
6152,2025-01-09,Canada,25-34,Female,Monthly
6153,2025-01-29,United Kingdom,25-34,Female,Monthly
6154,2025-01-10,Nigeria,25-34,Female,Monthly
6155,2025-01-14,Nigeria,25-34,FEMALE,Monthly
6156,2025-01-21,Nigeria,18-24,Female,Monthly
6157,2025-01-04,GBR,45+,Female,Monthly
6158,2025-01-18,Nigeria,25-34,Male,Monthly
6159,2025-01-16,Canada,35-44,Female,Annual
6160,2025-01-25,United Kingdom,18-24,Female,Monthly
6161,2025-01-31,United Kingdom,25/34,Female,Monthly
6162,2025-01-21,Nigeria,18-24,Male,Monthly
6163,2025-01-13,Canada,25-34,Male,Monthly
6164,2025-01-13,Nigeria,18-24,Female,Annual
6165,2025-01-13,United Kingdom,25-34,Male,Monthly
6166,2025-01-26,United Kingdom,35/44,Male,Annual
6167,2025-01-10,United Kingdom,35-44,Male,Monthly
6168,2025-01-06,Canada,18-24,Female,Monthly
6169,2025-01-11,Nigeria,25-34,Female,Monthly
6170,2025-01-01,United Kingdom,35-44,Male,Monthly
6171,2025-01-04,Nigeria,45+,Female,Monthly
6172,2025-01-03,Nigeria,18-24,Male,Monthly
6173,2025-01-24,Nigeria,35-44,Male,Monthly
6174,2025-01-23,Nigeria,25 to 34,Female,Monthly
6175,2025-01-22,Nigeria,45+,Male,Monthly
6176,2025-01-15,Nigeria,25-34,Male,Annual
6177,2025-01-23,Nigeria,35-44,Male,Monthly
6178,2025-01-05,United Kingdom,35-44,Female,Annual
6179,2025-01-28,United Kingdom,18-24,Male,Monthly
6180,2025-01-16,Nigeria,25-34,Male,Monthly
6181,2025-01-30,Nigeria,25-34,Male,Monthly
6182,2025-01-05,Nigeria,45+,Male,Annual
6183,2025-01-16,United Kingdom,45+,Male,Annual
6184,2025-01-22,Nigeria,45+,Female,Monthly
6185,2025-01-16,Nigeria,35/44,Female,Annual
6186,2025-01-14,Nigeria,18-24,Female,Annual
6187,2025-01-06,Nigeria,18-24,Male,Monthly
6188,2025-01-12,Nigeria,18-24,Male,Monthly
6189,2025-01-08,United Kingdom,35-44,Male,Annual
6190,2025-01-10,United Kingdom,35-44,Female,Annual
6191,2025-01-22,United Kingdom,25-34,Male,Monthly
6192,2025-01-20,United Kingdom,18-24,Male,Monthly
6193,2025-01-19,United Kingdom,25-34,Female,Monthly
6194,2025-01-12,Nigeria,25-34,Male,Annual
6195,2025-01-30,Canada,35-44,Male,Annual
6196,2025-01-03,United Kingdom,35-44,Male,Annual
6197,2025-01-11,Nigeria,25-34,Female,Monthly
6198,2025-01-04,United Kingdom,45+,Male,Annual
6199,2025-01-11,Nigeria,45+,male,Annual
6200,2025-01-30,United Kingdom,25-34,Male,Monthly
6201,2025-01-12,United Kingdom,25-34,Male,Monthly
6202,2025-01-29,Canada,25-34,MALE,Monthly
6203,2025-01-16,Canada,45+,Female,Monthly
6204,2025-01-22,United Kingdom,45+,Male,Monthly
6205,2025-01-15,United Kingdom,25-34,Male,Monthly
6206,2025-01-09,Canada,18-24,MALE,Annual
6207,2025-01-24,Nigeria,25-34,Female,Monthly
6208,2025-01-31,Canada,35-44,Female,Monthly
6209,2025-01-09,United Kingdom,18/24,Male,Monthly
6210,2025-01-25,Nigeria,25-34,Female,Monthly
6211,2025-01-09,Nigeria,25-34,Male,Monthly
6212,2025-01-23,Canada,35-44,Female,Annual
6213,2025-01-25,Nigeria,18-24,MALE,Monthly
6214,2025-01-14,Nigeria,45+,Male,Annual
6215,2025-01-23,Nigeria,35/44,Female,Monthly
6216,2025-01-09,Nigeria,25-34,Male,Annual
6217,2025-01-03,Nigeria,25-34,Female,Annual
6218,2025-01-03,United Kingdom,18-24,Male,Monthly
6219,2025-01-14,Nigeria,25-34,Male,Monthly
6220,2025-01-28,Canada,45+,Male,Monthly
6221,2025-01-04,Canada,18-24,Female,Annual
6222,2025-01-15,Nigeria,25-34,Female,Annual
6223,2025-01-22,Nigeria,45+,Male,Monthly
6224,2025-01-07,United Kingdom,25-34,Male,Annual
6225,2025-01-23,Nigeria,35-44,Male,Annual
6226,2025-01-10,Nigeria,35-44,Female,Monthly
6227,2025-01-26,NG,35-44,Female,Annual
6228,2025-01-18,CAN,18-24,Male,Annual
6229,2025-01-17,Canada,18-24,Female,Monthly
6230,2025-01-06,Nigeria,18 to 24,Female,Monthly
6231,2025-01-15,United Kingdom,18/24,FEMALE,Monthly
6232,2025-01-27,United Kingdom,35-44,Female,Monthly
6233,2025-01-01,Nigeria,25-34,Male,Monthly
6234,2025-01-24,United Kingdom,18-24,Female,Annual
6235,2025-01-16,Nigeria,35/44,Male,Monthly
6236,2025-01-23,Nigeria,25-34,Male,Monthly
6237,2025-01-21,United Kingdom,35-44,Male,Monthly
6238,2025-01-14,Nigeria,35-44,Female,Monthly
6239,2025-01-10,Nigeria,25-34,Male,Monthly
6240,2025-01-20,Canada,18-24,Male,Annual
6241,2025-01-05,UK,25-34,Female,Annual
6242,2025-01-19,United Kingdom,18-24,Female,Annual
6243,2025-01-03,Canada,45+,Female,Monthly
6244,2025-01-21,CA,45+,FEMALE,Annual
6245,2025-01-20,Nigeria,35-44,Male,Monthly
6246,2025-01-03,Nigeria,25-34,Male,Annual
6247,2025-01-24,Nigeria,18-24,Male,Monthly
6248,2025-01-13,Nigeria,45+,Male,Monthly
6249,2025-01-25,United Kingdom,35-44,Male,Annual
6250,2025-01-02,Nigeria,45+,Female,Annual
6251,2025-01-06,Nigeria,25-34,Male,Annual
6252,2025-01-16,Nigeria,45+,Female,Monthly
6253,2025-01-06,Nigeria,25-34,Male,Annual
6254,2025-01-11,Canada,25-34,Male,Monthly
6255,2025-01-21,Nigeria,35-44,Female,Monthly
6256,2025-01-05,Nigeria,25-34,Male,Monthly
6257,2025-01-22,Nigeria,25-34,Female,Monthly
6258,2025-01-04,United Kingdom,25-34,male,Monthly
6259,2025-01-06,United Kingdom,35-44,Male,Monthly
6260,2025-01-19,United Kingdom,18-24,Male,Annual
6261,2025-01-25,Nigeria,25-34,Female,Monthly
6262,2025-01-06,Nigeria,18-24,Female,Annual
6263,2025-01-10,Canada,45+,Female,Monthly
6264,2025-01-29,United Kingdom,25-34,Female,Monthly
6265,2025-01-31,United Kingdom,25-34,Female,Monthly
6266,2025-01-19,United Kingdom,45+,Female,Monthly
6267,2025-01-14,Canada,45+,MALE,Annual
6268,2025-01-11,Nigeria,35-44,Female,Monthly
6269,2025-01-19,Nigeria,45+,Female,Monthly
6270,2025-01-19,United Kingdom,25-34,Male,Monthly
6271,2025-01-10,Nigeria,35-44,Male,Monthly
6272,2025-01-01,Canada,18-24,Male,Annual
6273,2025-01-05,United Kingdom,25-34,Male,Annual
6274,2025-01-30,Canada,18-24,Male,Annual
6275,2025-01-13,Canada,35-44,Male,Monthly
6276,2025-01-15,United Kingdom,18-24,Male,Annual
6277,2025-01-15,Canada,35-44,Male,Monthly
6278,2025-01-25,United Kingdom,25-34,Female,Monthly
6279,2025-01-03,Canada,25-34,Female,Annual
6280,2025-01-03,Nigeria,25-34,Female,Monthly
6281,2025-01-09,United Kingdom,18-24,Female,Monthly
6282,2025-01-16,United Kingdom,25-34,Male,Annual
6283,2025-01-21,Nigeria,25-34,Female,Annual
6284,2025-01-16,Nigeria,25-34,Female,Annual
6285,2025-01-14,Canada,25-34,Female,Annual
6286,2025-01-30,United Kingdom,45+,Male,Monthly
6287,2025-01-05,Nigeria,35-44,Female,Monthly
6288,2025-01-18,Nigeria,18 to 24,Male,Annual
6289,2025-01-17,Nigeria,25-34,Male,Monthly
6290,2025-01-15,Nigeria,18-24,Female,Annual
6291,2025-01-26,Canada,35-44,Male,Monthly
6292,2025-01-09,Nigeria,35-44,Female,Monthly
6293,2025-01-30,Nigeria,45+,Female,Monthly
6294,2025-01-11,United Kingdom,35/44,Male,Annual
6295,2025-01-17,Nigeria,45+,Male,Monthly
6296,2025-01-17,Nigeria,25-34,Female,Monthly
6297,2025-01-27,United Kingdom,25-34,Male,Annual
6298,2025-01-14,United Kingdom,18-24,Female,Annual
6299,2025-01-09,GBR,25-34,Male,Annual
6300,2025-01-01,United Kingdom,18-24,Male,Monthly
6301,2025-01-12,United Kingdom,35-44,Male,Monthly
6302,2025-01-26,Canada,35-44,Male,Monthly
6303,2025-01-01,Canada,45+,Female,Monthly
6304,2025-01-28,United Kingdom,18-24,Male,Monthly
6305,2025-01-17,NG,25-34,Male,Monthly
6306,2025-01-05,Canada,25-34,Male,Annual
6307,2025-01-10,Canada,35-44,Female,Monthly
6308,2025-01-18,Nigeria,35-44,Female,Annual
6309,2025-01-10,United Kingdom,25-34,Female,Annual
6310,2025-01-04,Nigeria,35-44,Female,Monthly
6311,2025-01-21,United Kingdom,18-24,Female,Monthly
6312,2025-01-21,United Kingdom,45+,Female,Monthly
6313,2025-01-04,NGR,35-44,Male,Monthly
6314,2025-01-09,UK,35-44,Female,Monthly
6315,2025-01-08,Nigeria,25-34,Male,Monthly
6316,2025-01-21,United Kingdom,35-44,Male,Annual
6317,2025-01-23,United Kingdom,25-34,Male,Annual
6318,2025-01-23,Nigeria,35-44,Female,Monthly
6319,2025-01-30,Nigeria,18-24,Male,Annual
6320,2025-01-24,Nigeria,25-34,Male,Monthly
6321,2025-01-10,Canada,25-34,Male,Annual
6322,2025-01-04,United Kingdom,25-34,Male,Annual
6323,2025-01-20,UK,45+,Male,Monthly
6324,2025-01-29,Nigeria,18-24,Male,Annual
6325,2025-01-31,GBR,25-34,Male,Monthly
6326,2025-01-08,Nigeria,45+,Female,Monthly
6327,2025-01-08,Canada,35-44,Male,Annual
6328,2025-01-02,Nigeria,35-44,Male,Monthly
6329,2025-01-05,United Kingdom,25 to 34,Male,Monthly
6330,2025-01-18,Canada,25-34,Male,Monthly
6331,2025-01-17,Canada,25-34,Female,Monthly
6332,2025-01-12,Canada,35-44,male,Monthly
6333,2025-01-10,Nigeria,25-34,Female,Monthly
6334,2025-01-26,Nigeria,18-24,Female,Annual
6335,2025-01-15,Nigeria,25-34,Female,Monthly
6336,2025-01-26,Nigeria,25-34,Female,Monthly
6337,2025-01-30,United Kingdom,25-34,Female,Monthly
6338,2025-01-10,United Kingdom,35-44,Female,Monthly
6339,2025-01-07,Canada,25-34,Male,Monthly
6340,2025-01-30,Canada,25-34,Male,Monthly
6341,2025-01-20,United Kingdom,45+,Female,Monthly
6342,2025-01-10,Canada,25-34,Male,Annual
6343,2025-01-20,Nigeria,25-34,Female,Annual
6344,2025-01-16,Nigeria,25-34,Male,Monthly
6345,2025-01-29,United Kingdom,25-34,Female,Monthly
6346,2025-01-08,Canada,25-34,Male,Monthly
6347,2025-01-31,Nigeria,18-24,Female,Annual
6348,2025-01-30,United Kingdom,25-34,Male,Monthly
6349,2025-01-06,United Kingdom,45+,Female,Monthly
6350,2025-01-06,Nigeria,45+,Male,Monthly
6351,2025-01-17,Nigeria,25-34,Female,Monthly
6352,2025-01-02,Canada,25-34,Male,Monthly
6353,2025-01-10,United Kingdom,25-34,Male,Monthly
6354,2025-01-14,Nigeria,18-24,Male,Monthly
6355,2025-01-31,Canada,25-34,Male,Monthly
6356,2025-01-31,Nigeria,45+,female,Monthly
6357,2025-01-05,Canada,18-24,Female,Monthly
6358,2025-01-28,Nigeria,45+,Female,Annual
6359,2025-01-03,United Kingdom,35-44,Female,Annual
6360,2025-01-24,Nigeria,18/24,Female,Monthly
6361,2025-01-27,Nigeria,25-34,Male,Monthly
6362,2025-01-28,Canada,35-44,female,Monthly
6363,2025-01-07,Nigeria,25-34,female,Annual
6364,2025-01-28,Nigeria,25 to 34,Male,Monthly
6365,2025-01-04,Nigeria,35-44,Male,Annual
6366,2025-01-17,United Kingdom,45+,Male,Monthly
6367,2025-01-15,Canada,25-34,Male,Monthly
6368,2025-01-10,CAN,35/44,Female,Monthly
6369,2025-01-01,Nigeria,35-44,Male,Monthly
6370,2025-01-24,Nigeria,35-44,Male,Annual
6371,2025-01-11,Nigeria,35 to 44,Female,Monthly
6372,2025-01-21,United Kingdom,35-44,Female,Monthly
6373,2025-01-13,CAN,35-44,MALE,Monthly
6374,2025-01-12,United Kingdom,35-44,MALE,Monthly
6375,2025-01-28,United Kingdom,25-34,Male,Monthly
6376,2025-01-03,Nigeria,25-34,Male,Annual
6377,2025-01-23,Canada,25-34,Female,Annual
6378,2025-01-24,United Kingdom,25-34,Female,Annual
6379,2025-01-12,Nigeria,45+,Male,Monthly
6380,2025-01-09,Nigeria,35-44,Male,Monthly
6381,2025-01-01,Nigeria,25-34,Male,Monthly
6382,2025-01-30,Nigeria,35-44,Male,Annual
6383,2025-01-30,Nigeria,35-44,Female,Annual
6384,2025-01-08,Nigeria,18-24,Male,Annual
6385,2025-01-01,United Kingdom,45+,Female,Monthly
6386,2025-01-04,Nigeria,45+,Female,Monthly
6387,2025-01-03,Nigeria,35-44,Female,Monthly
6388,2025-01-26,NG,25-34,Female,Monthly
6389,2025-01-28,United Kingdom,35-44,Male,Annual
6390,2025-01-05,United Kingdom,35-44,Female,Monthly
6391,2025-01-24,Nigeria,35-44,Female,Monthly
6392,2025-01-06,Canada,18-24,Male,Monthly
6393,2025-01-12,Nigeria,35-44,Male,Annual
6394,2025-01-19,Nigeria,25-34,Female,Monthly
6395,2025-01-23,Canada,25-34,Female,Monthly
6396,2025-01-28,United Kingdom,25-34,Female,Monthly
6397,2025-01-02,United Kingdom,25-34,Male,Monthly
6398,2025-01-07,United Kingdom,25-34,Female,Annual
6399,2025-01-09,United Kingdom,18-24,Female,Monthly
6400,2025-01-10,Nigeria,35-44,Female,Monthly
6401,2025-01-31,Nigeria,25-34,Male,Annual
6402,2025-01-25,Nigeria,35-44,Female,Monthly
6403,2025-01-10,Nigeria,18-24,Male,Monthly
6404,2025-01-31,Canada,25-34,Female,Monthly
6405,2025-01-16,Nigeria,45+,Male,Annual
6406,2025-01-16,United Kingdom,45+,Female,Annual
6407,2025-01-14,Canada,35-44,Female,Monthly
6408,2025-01-05,Canada,18-24,Female,Monthly
6409,2025-01-29,Nigeria,25-34,Male,Monthly
6410,2025-01-01,United Kingdom,25 to 34,Male,Monthly
6411,2025-01-06,CA,35-44,Female,Monthly
6412,2025-01-08,United Kingdom,45+,Female,Monthly
6413,2025-01-09,Canada,35-44,Male,Annual
6414,2025-01-05,Canada,25-34,Male,Annual
6415,2025-01-01,Canada,25-34,Female,Annual
6416,2025-01-22,Nigeria,18-24,Female,Monthly
6417,2025-01-31,United Kingdom,35-44,Male,Annual
6418,2025-01-04,Nigeria,25-34,Male,Annual
6419,2025-01-10,United Kingdom,18-24,Male,Monthly
6420,2025-01-16,NG,45+,FEMALE,Annual
6421,2025-01-29,United Kingdom,35-44,Male,Annual
6422,2025-01-22,Nigeria,35-44,Female,Monthly
6423,2025-01-24,Nigeria,25-34,Male,Monthly
6424,2025-01-19,NG,18-24,Female,Monthly
6425,2025-01-13,Nigeria,25-34,Female,Monthly
6426,2025-01-07,Nigeria,45+,Female,Annual
6427,2025-01-27,Nigeria,25-34,Female,Monthly
6428,2025-01-25,Nigeria,35-44,Male,Monthly
6429,2025-01-01,Nigeria,25-34,Female,Monthly
6430,2025-01-23,United Kingdom,25-34,Female,Monthly
6431,2025-01-03,Nigeria,18-24,Male,Monthly
6432,2025-01-23,Nigeria,35-44,Male,Monthly
6433,2025-01-26,Nigeria,35-44,Male,Monthly
6434,2025-01-05,Nigeria,35 to 44,Male,Annual
6435,2025-01-14,Nigeria,35 to 44,Male,Monthly
6436,2025-01-04,United Kingdom,45+,Female,Monthly
6437,2025-01-18,Nigeria,25-34,Male,Monthly
6438,2025-01-29,Nigeria,35-44,Male,Monthly
6439,2025-01-03,Nigeria,45+,Female,Annual
6440,2025-01-13,Nigeria,25-34,Female,Monthly
6441,2025-01-31,Nigeria,25-34,Female,Monthly
6442,2025-01-10,Nigeria,45+,Female,Monthly
6443,2025-01-05,Canada,35-44,Female,Annual
6444,2025-01-16,Nigeria,35-44,Female,Annual
6445,2025-01-16,United Kingdom,35/44,Male,Monthly
6446,2025-01-21,United Kingdom,18-24,Male,Monthly
6447,2025-01-10,Nigeria,35-44,Female,Monthly
6448,2025-01-30,Nigeria,25-34,Male,Annual
6449,2025-01-17,Canada,35-44,Female,Annual
6450,2025-01-09,Canada,25-34,Male,Annual
6451,2025-01-30,Nigeria,45+,FEMALE,Monthly
6452,2025-01-29,Nigeria,45+,Female,Monthly
6453,2025-01-16,Nigeria,25-34,Male,Monthly
6454,2025-01-01,United Kingdom,25-34,male,Monthly
6455,2025-01-19,United Kingdom,45+,Male,Annual
6456,2025-01-18,Nigeria,25-34,male,Monthly
6457,2025-01-05,Nigeria,35-44,Male,Annual
6458,2025-01-20,Canada,35-44,Female,Annual
6459,2025-01-27,Nigeria,18-24,Male,Monthly
6460,2025-01-04,Nigeria,25-34,Male,Annual
6461,2025-01-23,United Kingdom,18-24,Male,Monthly
6462,2025-01-05,Nigeria,25-34,Female,Monthly
6463,2025-01-24,Nigeria,18-24,Male,Monthly
6464,2025-01-13,Nigeria,25-34,Female,Monthly
6465,2025-01-01,Canada,35-44,Male,Monthly
6466,2025-01-30,Nigeria,35-44,Female,Monthly
6467,2025-01-06,Nigeria,25-34,Male,Annual
6468,2025-01-19,Nigeria,25-34,Male,Annual
6469,2025-01-06,Nigeria,25-34,Female,Monthly
6470,2025-01-29,United Kingdom,25-34,Male,Monthly
6471,2025-01-23,Nigeria,25-34,Female,Annual
6472,2025-01-25,United Kingdom,25 to 34,male,Monthly
6473,2025-01-14,United Kingdom,35-44,Male,Monthly
6474,2025-01-15,Canada,45+,Female,Monthly
6475,2025-01-20,Nigeria,35 to 44,Female,Monthly
6476,2025-01-25,Canada,25-34,Female,Monthly
6477,2025-01-27,United Kingdom,18-24,Female,Monthly
6478,2025-01-01,Nigeria,45+,Male,Monthly
6479,2025-01-21,Canada,18-24,Male,Annual
6480,2025-01-04,Canada,35-44,Female,Monthly
6481,2025-01-09,Nigeria,35-44,Male,Annual
6482,2025-01-26,Canada,25-34,Female,Monthly
6483,2025-01-08,Nigeria,35-44,Male,Annual
6484,2025-01-25,United Kingdom,18/24,Female,Annual
6485,2025-01-15,UK,25/34,Male,Annual
6486,2025-01-08,Nigeria,25-34,Male,Monthly
6487,2025-01-11,Canada,18-24,Female,Annual
6488,2025-01-17,Nigeria,25-34,Male,Annual
6489,2025-01-24,Canada,45+,MALE,Monthly
6490,2025-01-19,United Kingdom,25-34,Female,Monthly
6491,2025-01-29,Nigeria,25 to 34,Female,Monthly
6492,2025-01-27,Nigeria,45+,Male,Monthly
6493,2025-01-24,Nigeria,25-34,Female,Monthly
6494,2025-01-19,Nigeria,25-34,Female,Annual
6495,2025-01-09,Nigeria,45+,Male,Annual
6496,2025-01-13,Nigeria,25-34,Male,Monthly
6497,2025-01-04,Nigeria,35-44,Female,Annual
6498,2025-01-12,Nigeria,45+,Female,Monthly
6499,2025-01-29,United Kingdom,35-44,Male,Monthly
6500,2025-01-14,United Kingdom,35-44,Male,Monthly
6501,2025-01-04,United Kingdom,35-44,Male,Monthly
6502,2025-01-21,Nigeria,25-34,Female,Monthly
6503,2025-01-30,Canada,35 to 44,FEMALE,Monthly
6504,2025-01-27,United Kingdom,25-34,Male,Monthly
6505,2025-01-09,Nigeria,25-34,Female,Annual
6506,2025-01-15,Nigeria,25-34,Male,Annual
6507,2025-01-17,United Kingdom,35 to 44,Male,Monthly
6508,2025-01-08,Nigeria,25-34,Female,Annual
6509,2025-01-09,United Kingdom,45+,Female,Monthly
6510,2025-01-08,CA,18-24,Male,Monthly
6511,2025-01-31,Nigeria,45+,Female,Monthly
6512,2025-01-24,Nigeria,35/44,Female,Monthly
6513,2025-01-27,CA,45+,Female,Monthly
6514,2025-01-26,United Kingdom,25 to 34,Female,Monthly
6515,2025-01-30,Nigeria,25-34,Female,Annual
6516,2025-01-04,Canada,45+,Male,Monthly
6517,2025-01-28,Canada,35-44,Female,Annual
6518,2025-01-03,United Kingdom,35-44,Female,Monthly
6519,2025-01-15,United Kingdom,45+,Male,Monthly
6520,2025-01-19,Nigeria,35 to 44,Female,Monthly
6521,2025-01-12,Nigeria,18-24,Male,Monthly
6522,2025-01-05,United Kingdom,35-44,Female,Monthly
6523,2025-01-06,Nigeria,35-44,Female,Annual
6524,2025-01-26,United Kingdom,35-44,Female,Monthly
6525,2025-01-10,Canada,25-34,Female,Monthly
6526,2025-01-10,Nigeria,35-44,Female,Monthly
6527,2025-01-29,United Kingdom,25-34,Male,Monthly
6528,2025-01-05,Nigeria,25-34,Female,Annual
6529,2025-01-29,Canada,18-24,Male,Annual
6530,2025-01-29,Nigeria,35-44,Male,Annual
6531,2025-01-19,United Kingdom,45+,Female,Annual
6532,2025-01-06,United Kingdom,18-24,Male,Monthly
6533,2025-01-05,Nigeria,25-34,Female,Monthly
6534,2025-01-09,United Kingdom,25-34,Female,Monthly
6535,2025-01-18,United Kingdom,25-34,Female,Monthly
6536,2025-01-05,United Kingdom,35/44,Male,Monthly
6537,2025-01-15,United Kingdom,25-34,Male,Monthly
6538,2025-01-04,UK,35-44,Female,Annual
6539,2025-01-17,Nigeria,25 to 34,Male,Monthly
6540,2025-01-01,United Kingdom,35/44,Male,Annual
6541,2025-01-22,Nigeria,25-34,Female,Monthly
6542,2025-01-02,Canada,25-34,Male,Monthly
6543,2025-01-07,United Kingdom,25-34,Male,Monthly
6544,2025-01-06,Nigeria,25-34,Male,Monthly
6545,2025-01-26,Nigeria,25-34,MALE,Annual
6546,2025-01-02,Canada,35-44,Female,Monthly
6547,2025-01-14,Nigeria,45+,Female,Monthly
6548,2025-01-19,United Kingdom,35-44,Male,Monthly
6549,2025-01-16,Nigeria,18-24,Female,Monthly
6550,2025-01-22,NG,25-34,Female,Monthly
6551,2025-01-25,Nigeria,45+,MALE,Monthly
6552,2025-01-13,Nigeria,18-24,Female,Monthly
6553,2025-01-26,Canada,45+,Female,Monthly
6554,2025-01-10,Canada,25 to 34,Male,Monthly
6555,2025-01-31,Nigeria,25-34,Female,Monthly
6556,2025-01-16,Nigeria,25-34,Male,Monthly
6557,2025-01-23,United Kingdom,25-34,MALE,Monthly
6558,2025-01-28,Canada,35-44,Male,Monthly
6559,2025-01-25,Nigeria,25 to 34,Female,Annual
6560,2025-01-27,United Kingdom,25-34,Female,Annual
6561,2025-01-17,United Kingdom,18-24,FEMALE,Monthly
6562,2025-01-02,United Kingdom,35-44,Female,Monthly
6563,2025-01-16,Canada,25-34,Male,Monthly
6564,2025-01-06,United Kingdom,25-34,Female,Annual
6565,2025-01-28,Nigeria,18-24,Female,Monthly
6566,2025-01-08,Canada,18-24,Male,Monthly
6567,2025-01-08,Canada,35-44,Male,Monthly
6568,2025-01-08,Canada,25-34,male,Annual
6569,2025-01-20,Nigeria,18-24,Female,Monthly
6570,2025-01-18,Nigeria,25-34,Male,Monthly
6571,2025-01-30,United Kingdom,25 to 34,Male,Monthly
6572,2025-01-13,Nigeria,25-34,Female,Monthly
6573,2025-01-09,GBR,25-34,Female,Monthly
6574,2025-01-02,Nigeria,35-44,Male,Monthly
6575,2025-01-01,United Kingdom,35-44,Female,Monthly
6576,2025-01-12,Canada,35-44,Male,Monthly
6577,2025-01-29,Nigeria,35-44,male,Monthly
6578,2025-01-17,Nigeria,18/24,Female,Monthly
6579,2025-01-28,United Kingdom,35-44,Female,Monthly
6580,2025-01-04,United Kingdom,35-44,Female,Annual
6581,2025-01-03,Nigeria,35-44,Female,Monthly
6582,2025-01-26,United Kingdom,25-34,Female,Monthly
6583,2025-01-04,Canada,35-44,Male,Annual
6584,2025-01-02,Nigeria,25-34,Female,Monthly
6585,2025-01-13,Nigeria,18-24,Male,Annual
6586,2025-01-29,Nigeria,25-34,Female,Monthly
6587,2025-01-22,Nigeria,35/44,Female,Annual
6588,2025-01-04,Nigeria,35-44,Female,Monthly
6589,2025-01-26,Nigeria,45+,Male,Annual
6590,2025-01-27,United Kingdom,35-44,Female,Monthly
6591,2025-01-25,Nigeria,25-34,Female,Monthly
6592,2025-01-28,NG,45+,Male,Monthly
6593,2025-01-08,Nigeria,18-24,Male,Monthly
6594,2025-01-31,Nigeria,18-24,Female,Monthly
6595,2025-01-10,United Kingdom,35-44,Male,Monthly
6596,2025-01-25,Canada,18-24,Female,Annual
6597,2025-01-18,Nigeria,45+,Female,Monthly
6598,2025-01-25,Nigeria,18-24,Male,Annual
6599,2025-01-20,Nigeria,25-34,Female,Monthly
6600,2025-01-20,United Kingdom,18-24,Female,Monthly
6601,2025-02-24,Nigeria,45+,Male,Monthly
6602,2025-02-20,Nigeria,25-34,Female,Monthly
6603,2025-02-19,Canada,35-44,Male,Annual
6604,2025-02-15,United Kingdom,25-34,Male,Monthly
6605,2025-02-01,Nigeria,25-34,Male,Monthly
6606,2025-02-11,Canada,18-24,Female,Monthly
6607,2025-02-21,Nigeria,25-34,Male,Annual
6608,2025-02-23,Nigeria,35-44,Female,Annual
6609,2025-02-16,Nigeria,35-44,Male,Annual
6610,2025-02-20,UK,25-34,Male,Annual
6611,2025-02-01,United Kingdom,25-34,Female,Annual
6612,2025-02-14,United Kingdom,25-34,Female,Monthly
6613,2025-02-15,Nigeria,25/34,Female,Annual
6614,2025-02-25,Nigeria,18-24,Male,Monthly
6615,2025-02-09,United Kingdom,35-44,Male,Annual
6616,2025-02-07,Nigeria,25-34,Female,Annual
6617,2025-02-10,Canada,35-44,Female,Monthly
6618,2025-02-05,Canada,25-34,Male,Monthly
6619,2025-02-16,Nigeria,35-44,Female,Monthly
6620,2025-02-18,United Kingdom,18-24,Male,Monthly
6621,2025-02-23,GBR,35-44,FEMALE,Annual
6622,2025-02-28,Nigeria,25-34,Male,Annual
6623,2025-02-03,United Kingdom,25-34,Male,Monthly
6624,2025-02-07,Canada,25-34,Male,Monthly
6625,2025-02-09,Nigeria,35-44,Male,Monthly
6626,2025-02-07,Canada,45+,Female,Annual
6627,2025-02-24,Nigeria,25-34,Female,Monthly
6628,2025-02-04,United Kingdom,35-44,Male,Monthly
6629,2025-02-01,Canada,18-24,Female,Annual
6630,2025-02-25,United Kingdom,25-34,Male,Annual
6631,2025-02-27,United Kingdom,25-34,Male,Monthly
6632,2025-02-07,United Kingdom,25-34,FEMALE,Monthly
6633,2025-02-10,Nigeria,18-24,Female,Monthly
6634,2025-02-15,Nigeria,35-44,Male,Monthly
6635,2025-02-15,Nigeria,18-24,Male,Monthly
6636,2025-02-28,United Kingdom,45+,Female,Annual
6637,2025-02-12,Nigeria,18-24,Male,Monthly
6638,2025-02-01,Nigeria,18 to 24,Male,Annual
6639,2025-02-12,Canada,18-24,MALE,Monthly
6640,2025-02-16,Nigeria,45+,Male,Annual
6641,2025-02-15,Nigeria,45+,Female,Annual
6642,2025-02-15,Nigeria,18-24,Male,Monthly
6643,2025-02-26,Nigeria,45+,Male,Monthly
6644,2025-02-23,United Kingdom,25 to 34,Female,Monthly
6645,2025-02-08,Nigeria,35-44,Female,Monthly
6646,2025-02-10,Nigeria,18-24,Female,Monthly
6647,2025-02-19,NGR,35-44,Female,Monthly
6648,2025-02-12,Canada,45+,Male,Monthly
6649,2025-02-12,United Kingdom,35-44,Female,Monthly
6650,2025-02-05,Canada,45+,Male,Monthly
6651,2025-02-08,Canada,45+,Female,Monthly
6652,2025-02-21,Nigeria,25/34,Male,Monthly
6653,2025-02-24,United Kingdom,25-34,Female,Annual
6654,2025-02-22,United Kingdom,18-24,Male,Monthly
6655,2025-02-09,Nigeria,18-24,Female,Annual
6656,2025-02-04,Nigeria,25 to 34,Male,Annual
6657,2025-02-05,Nigeria,45+,Female,Monthly
6658,2025-02-12,United Kingdom,35-44,Female,Annual
6659,2025-02-15,Canada,35-44,Female,Monthly
6660,2025-02-26,Canada,25-34,Male,Monthly
6661,2025-02-26,Nigeria,35/44,Male,Annual
6662,2025-02-01,Nigeria,25-34,Female,Monthly
6663,2025-02-20,Nigeria,18-24,Female,Annual
6664,2025-02-09,United Kingdom,45+,Male,Monthly
6665,2025-02-06,Canada,35-44,Male,Monthly
6666,2025-02-16,Canada,25-34,Female,Annual
6667,2025-02-01,Canada,25-34,Male,Annual
6668,2025-02-10,Canada,45+,Male,Annual
6669,2025-02-16,NGR,35-44,Male,Monthly
6670,2025-02-08,Nigeria,25-34,Female,Annual
6671,2025-02-17,Nigeria,18-24,Female,Monthly
6672,2025-02-13,Nigeria,25-34,Female,Annual
6673,2025-02-23,Nigeria,45+,Male,Monthly
6674,2025-02-06,Nigeria,25-34,Female,Annual
6675,2025-02-02,Nigeria,25-34,Male,Monthly
6676,2025-02-15,NG,25-34,Male,Annual
6677,2025-02-08,Nigeria,35-44,Male,Monthly
6678,2025-02-20,NG,35-44,Female,Monthly
6679,2025-02-03,Canada,18-24,Female,Annual
6680,2025-02-17,United Kingdom,35-44,Female,Monthly
6681,2025-02-28,United Kingdom,25-34,Male,Annual
6682,2025-02-03,Nigeria,25-34,Male,Monthly
6683,2025-02-09,United Kingdom,25-34,Female,Monthly
6684,2025-02-24,Nigeria,45+,Male,Monthly
6685,2025-02-15,Canada,25-34,Female,Annual
6686,2025-02-05,Nigeria,18 to 24,Female,Annual
6687,2025-02-06,Nigeria,25-34,Female,Annual
6688,2025-02-22,United Kingdom,25-34,Male,Annual
6689,2025-02-25,United Kingdom,25-34,Female,Annual
6690,2025-02-11,Nigeria,25-34,Female,Monthly
6691,2025-02-14,United Kingdom,18-24,Male,Monthly
6692,2025-02-22,Nigeria,35-44,Male,Monthly
6693,2025-02-05,United Kingdom,25-34,Female,Monthly
6694,2025-02-06,Nigeria,18-24,Female,Annual
6695,2025-02-22,Nigeria,18-24,Male,Monthly
6696,2025-02-06,Nigeria,25 to 34,Female,Annual
6697,2025-02-22,Nigeria,25/34,Female,Annual
6698,2025-02-14,Nigeria,18-24,Male,Monthly
6699,2025-02-28,Nigeria,45+,Female,Monthly
6700,2025-02-01,Nigeria,45+,Male,Monthly
6701,2025-02-27,Nigeria,35-44,Female,Annual
6702,2025-02-07,United Kingdom,18-24,Female,Monthly
6703,2025-02-01,Nigeria,25-34,Female,Annual
6704,2025-02-21,United Kingdom,18-24,Female,Annual
6705,2025-02-15,Canada,25/34,Female,Monthly
6706,2025-02-24,Nigeria,25-34,Female,Annual
6707,2025-02-04,Canada,45+,Male,Monthly
6708,2025-02-03,Nigeria,45+,Male,Monthly
6709,2025-02-16,Nigeria,25-34,Female,Annual
6710,2025-02-25,United Kingdom,35-44,Male,Monthly
6711,2025-02-12,Canada,45+,Male,Monthly
6712,2025-02-23,Canada,25/34,Male,Monthly
6713,2025-02-26,Nigeria,25-34,Female,Monthly
6714,2025-02-25,Canada,25-34,Female,Monthly
6715,2025-02-15,Nigeria,18-24,Female,Annual
6716,2025-02-20,Nigeria,25-34,Female,Monthly
6717,2025-02-15,Nigeria,25-34,Female,Monthly
6718,2025-02-19,CAN,25-34,Male,Annual
6719,2025-02-16,Nigeria,25-34,Male,Monthly
6720,2025-02-15,Canada,35-44,Female,Monthly
6721,2025-02-13,United Kingdom,18-24,Female,Monthly
6722,2025-02-19,United Kingdom,18-24,Female,Monthly
6723,2025-02-22,United Kingdom,18-24,Male,Monthly
6724,2025-02-26,Canada,35-44,Male,Monthly
6725,2025-02-18,Nigeria,25-34,Female,Monthly
6726,2025-02-03,Nigeria,25-34,Male,Monthly
6727,2025-02-17,United Kingdom,25-34,male,Annual
6728,2025-02-09,Nigeria,25-34,Male,Annual
6729,2025-02-01,Nigeria,25-34,Male,Monthly
6730,2025-02-03,Nigeria,25-34,Male,Monthly
6731,2025-02-17,Nigeria,25-34,Female,Monthly
6732,2025-02-27,Nigeria,18-24,Female,Annual
6733,2025-02-15,Nigeria,18-24,Male,Annual
6734,2025-02-13,Canada,25 to 34,Female,Monthly
6735,2025-02-03,Nigeria,45+,Male,Monthly
6736,2025-02-19,GBR,35-44,Female,Annual
6737,2025-02-02,NGR,25-34,Female,Monthly
6738,2025-02-24,Nigeria,35-44,Female,Monthly
6739,2025-02-23,United Kingdom,25-34,male,Monthly
6740,2025-02-28,United Kingdom,35-44,Female,Annual
6741,2025-02-08,United Kingdom,35-44,Female,Monthly
6742,2025-02-05,Nigeria,35-44,Female,Monthly
6743,2025-02-09,Nigeria,25-34,Male,Monthly
6744,2025-02-23,Nigeria,18-24,female,Annual
6745,2025-02-07,United Kingdom,45+,Female,Monthly
6746,2025-02-25,UK,18-24,Male,Monthly
6747,2025-02-05,United Kingdom,18-24,Female,Annual
6748,2025-02-02,United Kingdom,35-44,Male,Monthly
6749,2025-02-07,UK,25-34,Female,Monthly
6750,2025-02-22,United Kingdom,18-24,Male,Monthly
6751,2025-02-17,Nigeria,35-44,Male,Annual
6752,2025-02-10,Canada,25-34,Male,Monthly
6753,2025-02-19,Nigeria,25-34,Female,Annual
6754,2025-02-19,Nigeria,25 to 34,Male,Monthly
6755,2025-02-16,United Kingdom,18-24,male,Monthly
6756,2025-02-15,Canada,35-44,Female,Annual
6757,2025-02-03,Nigeria,18-24,Male,Annual
6758,2025-02-08,United Kingdom,35-44,Male,Annual
6759,2025-02-15,Nigeria,35-44,Female,Monthly
6760,2025-02-04,Nigeria,25-34,Male,Monthly
6761,2025-02-14,Nigeria,35-44,Female,Monthly
6762,2025-02-04,United Kingdom,18-24,Male,Annual
6763,2025-02-23,Canada,25-34,Female,Annual
6764,2025-02-03,Nigeria,45+,Female,Annual
6765,2025-02-03,Nigeria,25-34,Male,Monthly
6766,2025-02-18,Nigeria,18-24,Male,Monthly
6767,2025-02-07,Nigeria,18-24,Male,Monthly
6768,2025-02-10,United Kingdom,18-24,female,Annual
6769,2025-02-09,United Kingdom,18-24,Female,Monthly
6770,2025-02-07,United Kingdom,25/34,Female,Annual
6771,2025-02-22,Nigeria,35-44,Female,Monthly
6772,2025-02-20,United Kingdom,18-24,Male,Monthly
6773,2025-02-07,Nigeria,18-24,Male,Monthly
6774,2025-02-20,Nigeria,25-34,Male,Monthly
6775,2025-02-20,Canada,25-34,Male,Annual
6776,2025-02-16,Canada,35-44,Female,Monthly
6777,2025-02-17,Canada,25-34,Female,Annual
6778,2025-02-27,Canada,25-34,Male,Monthly
6779,2025-02-13,United Kingdom,35-44,Female,Annual
6780,2025-02-11,Canada,35-44,Female,Annual
6781,2025-02-16,Nigeria,25-34,Female,Annual
6782,2025-02-24,Nigeria,45+,Female,Annual
6783,2025-02-20,Nigeria,35-44,Female,Monthly
6784,2025-02-03,Nigeria,18-24,Male,Monthly
6785,2025-02-13,Nigeria,25-34,Female,Annual
6786,2025-02-21,Nigeria,35-44,Male,Monthly
6787,2025-02-07,United Kingdom,25-34,Male,Monthly
6788,2025-02-28,Canada,18-24,Male,Annual
6789,2025-02-23,United Kingdom,25-34,Female,Monthly
6790,2025-02-24,Nigeria,25/34,Female,Monthly
6791,2025-02-03,United Kingdom,25-34,Female,Monthly
6792,2025-02-17,Nigeria,35-44,Female,Monthly
6793,2025-02-15,Nigeria,25-34,Female,Monthly
6794,2025-02-18,Nigeria,18-24,Male,Annual
6795,2025-02-24,Nigeria,35-44,Female,Annual
6796,2025-02-10,Nigeria,25-34,Female,Monthly
6797,2025-02-15,Canada,25-34,Female,Monthly
6798,2025-02-20,United Kingdom,25-34,Male,Monthly
6799,2025-02-22,United Kingdom,25-34,Male,Annual
6800,2025-02-22,Nigeria,18/24,Male,Annual
6801,2025-02-10,Canada,35-44,Male,Annual
6802,2025-02-28,United Kingdom,25-34,Male,Annual
6803,2025-02-01,Nigeria,25/34,Male,Annual
6804,2025-02-14,United Kingdom,25-34,Female,Monthly
6805,2025-02-18,United Kingdom,35-44,Male,Monthly
6806,2025-02-02,Nigeria,18-24,Male,Monthly
6807,2025-02-13,Nigeria,45+,Female,Monthly
6808,2025-02-17,United Kingdom,18-24,Male,Annual
6809,2025-02-18,Nigeria,35-44,Male,Monthly
6810,2025-02-04,Nigeria,35 to 44,Male,Annual
6811,2025-02-08,Nigeria,25-34,Female,Monthly
6812,2025-02-07,NG,18 to 24,Male,Annual
6813,2025-02-18,Nigeria,45+,Male,Monthly
6814,2025-02-10,Nigeria,45+,Female,Monthly
6815,2025-02-17,Nigeria,25-34,Female,Monthly
6816,2025-02-21,Canada,25-34,Female,Monthly
6817,2025-02-23,United Kingdom,18-24,Female,Monthly
6818,2025-02-06,Canada,35-44,MALE,Annual
6819,2025-02-26,Nigeria,35-44,Male,Monthly
6820,2025-02-05,Nigeria,45+,Female,Monthly
6821,2025-02-01,United Kingdom,18-24,Female,Monthly
6822,2025-02-02,Nigeria,25-34,MALE,Monthly
6823,2025-02-06,Canada,35-44,Female,Annual
6824,2025-02-25,Canada,25-34,Male,Monthly
6825,2025-02-06,Nigeria,25-34,Female,Monthly
6826,2025-02-20,NGR,25-34,Female,Annual
6827,2025-02-12,United Kingdom,45+,Male,Annual
6828,2025-02-02,Nigeria,18-24,Female,Annual
6829,2025-02-13,United Kingdom,35-44,Male,Monthly
6830,2025-02-01,Nigeria,25-34,Female,Annual
6831,2025-02-14,Canada,18-24,Male,Annual
6832,2025-02-16,Nigeria,45+,Male,Annual
6833,2025-02-15,Nigeria,45+,Male,Monthly
6834,2025-02-08,United Kingdom,35-44,Female,Annual
6835,2025-02-22,Nigeria,45+,Male,Annual
6836,2025-02-17,Nigeria,35-44,MALE,Monthly
6837,2025-02-08,United Kingdom,35-44,Female,Annual
6838,2025-02-13,Nigeria,45+,Female,Monthly
6839,2025-02-04,United Kingdom,35-44,Male,Monthly
6840,2025-02-26,Nigeria,35-44,Female,Monthly
6841,2025-02-22,Nigeria,25-34,Male,Monthly
6842,2025-02-09,Nigeria,35-44,Male,Monthly
6843,2025-02-19,Canada,35-44,Female,Annual
6844,2025-02-20,NG,18-24,Male,Annual
6845,2025-02-18,Nigeria,35-44,Male,Annual
6846,2025-02-02,NG,25-34,Female,Annual
6847,2025-02-25,United Kingdom,45+,Male,Monthly
6848,2025-02-27,United Kingdom,25-34,Female,Annual
6849,2025-02-28,United Kingdom,45+,Female,Annual
6850,2025-02-28,United Kingdom,25-34,Male,Monthly
6851,2025-02-27,Canada,35-44,Female,Monthly
6852,2025-02-21,United Kingdom,35-44,Male,Annual
6853,2025-02-02,United Kingdom,45+,Female,Annual
6854,2025-02-14,Nigeria,25-34,Male,Annual
6855,2025-02-07,Nigeria,45+,Female,Annual
6856,2025-02-07,United Kingdom,35-44,Male,Monthly
6857,2025-02-24,Nigeria,35-44,Male,Monthly
6858,2025-02-23,Nigeria,35-44,Male,Monthly
6859,2025-02-15,Nigeria,25-34,MALE,Monthly
6860,2025-02-21,Nigeria,35-44,Male,Monthly
6861,2025-02-04,United Kingdom,25-34,Male,Monthly
6862,2025-02-07,United Kingdom,25-34,Male,Annual
6863,2025-02-25,Nigeria,18-24,Male,Annual
6864,2025-02-13,Nigeria,35-44,Male,Monthly
6865,2025-02-16,Nigeria,25-34,Male,Monthly
6866,2025-02-13,Nigeria,25-34,Female,Annual
6867,2025-02-06,United Kingdom,25-34,Male,Annual
6868,2025-02-24,United Kingdom,25-34,Male,Annual
6869,2025-02-22,United Kingdom,18-24,Female,Annual
6870,2025-02-20,United Kingdom,25-34,Female,Monthly
6871,2025-02-10,NGR,45+,MALE,Monthly
6872,2025-02-19,United Kingdom,25-34,Female,Monthly
6873,2025-02-27,United Kingdom,25-34,Female,Annual
6874,2025-02-19,United Kingdom,45+,Female,Annual
6875,2025-02-14,Nigeria,25-34,Female,Monthly
6876,2025-02-08,Canada,35-44,Male,Monthly
6877,2025-02-15,Nigeria,25/34,Male,Annual
6878,2025-02-11,Nigeria,25 to 34,MALE,Annual
6879,2025-02-18,CAN,18-24,Male,Monthly
6880,2025-02-02,United Kingdom,25-34,Male,Monthly
6881,2025-02-06,Nigeria,35-44,Female,Monthly
6882,2025-02-23,Nigeria,18 to 24,Male,Monthly
6883,2025-02-11,Nigeria,25 to 34,Female,Monthly
6884,2025-02-13,United Kingdom,25-34,Female,Monthly
6885,2025-02-16,Nigeria,35-44,male,Annual
6886,2025-02-13,Canada,25-34,Male,Monthly
6887,2025-02-22,Canada,25-34,Female,Monthly
6888,2025-02-07,United Kingdom,18-24,Male,Annual
6889,2025-02-22,United Kingdom,25-34,Female,Monthly
6890,2025-02-06,Nigeria,25-34,Female,Monthly
6891,2025-02-11,Nigeria,25-34,Female,Annual
6892,2025-02-17,United Kingdom,35-44,Female,Annual
6893,2025-02-25,Nigeria,25-34,Male,Monthly
6894,2025-02-07,Nigeria,35-44,Female,Monthly
6895,2025-02-17,Nigeria,25-34,Male,Monthly
6896,2025-02-02,Nigeria,25/34,Female,Monthly
6897,2025-02-03,Nigeria,25-34,Male,Monthly
6898,2025-02-22,United Kingdom,35-44,Male,Monthly
6899,2025-02-21,Canada,25-34,Male,Monthly
6900,2025-02-11,United Kingdom,25-34,Female,Monthly
6901,2025-02-18,Canada,25-34,Male,Monthly
6902,2025-02-11,Nigeria,25-34,Male,Monthly
6903,2025-02-08,Canada,25-34,Female,Monthly
6904,2025-02-13,United Kingdom,35-44,Female,Annual
6905,2025-02-09,Nigeria,18-24,Female,Monthly
6906,2025-02-23,Canada,25-34,Female,Monthly
6907,2025-02-12,Nigeria,35-44,Female,Annual
6908,2025-02-09,Nigeria,35-44,Female,Monthly
6909,2025-02-16,Nigeria,25-34,Female,Monthly
6910,2025-02-22,Nigeria,25-34,Male,Annual
6911,2025-02-08,Nigeria,25-34,Female,Annual
6912,2025-02-27,United Kingdom,25-34,Female,Monthly
6913,2025-02-13,Canada,35-44,Male,Monthly
6914,2025-02-19,Nigeria,18 to 24,Female,Annual
6915,2025-02-27,United Kingdom,18/24,Female,Monthly
6916,2025-02-13,Nigeria,35/44,Female,Annual
6917,2025-02-06,Canada,35-44,Female,Monthly
6918,2025-02-21,Nigeria,25-34,Male,Monthly
6919,2025-02-01,Nigeria,25-34,Female,Monthly
6920,2025-02-13,United Kingdom,25-34,Female,Monthly
6921,2025-02-28,United Kingdom,25-34,female,Monthly
6922,2025-02-12,Canada,25-34,Male,Monthly
6923,2025-02-20,United Kingdom,35-44,Female,Annual
6924,2025-02-15,Canada,25-34,Female,Annual
6925,2025-02-07,Nigeria,25-34,Female,Annual
6926,2025-02-09,Nigeria,18-24,Male,Monthly
6927,2025-02-15,Nigeria,25-34,Male,Monthly
6928,2025-02-03,Nigeria,45+,Female,Monthly
6929,2025-02-12,Nigeria,25-34,Female,Annual
6930,2025-02-12,United Kingdom,35-44,Female,Annual
6931,2025-02-24,Nigeria,25-34,Male,Monthly
6932,2025-02-04,United Kingdom,35-44,Male,Monthly
6933,2025-02-24,United Kingdom,25-34,Female,Annual
6934,2025-02-12,United Kingdom,25-34,Male,Annual
6935,2025-02-19,United Kingdom,18-24,Female,Annual
6936,2025-02-16,Nigeria,25-34,Male,Monthly
6937,2025-02-09,Nigeria,25-34,Male,Annual
6938,2025-02-27,United Kingdom,45+,Female,Annual
6939,2025-02-07,United Kingdom,25-34,Female,Monthly
6940,2025-02-02,Nigeria,35-44,Male,Annual
6941,2025-02-22,Nigeria,35-44,Female,Monthly
6942,2025-02-18,United Kingdom,25-34,Male,Annual
6943,2025-02-25,United Kingdom,35-44,Female,Monthly
6944,2025-02-13,Nigeria,25-34,Male,Monthly
6945,2025-02-01,Nigeria,18-24,Female,Annual
6946,2025-02-01,Canada,25-34,Female,Annual
6947,2025-02-13,Nigeria,25-34,Female,Monthly
6948,2025-02-07,Canada,25-34,Female,Monthly
6949,2025-02-26,Nigeria,45+,Female,Annual
6950,2025-02-04,United Kingdom,45+,Male,Annual
6951,2025-02-25,Nigeria,25 to 34,Female,Annual
6952,2025-02-07,Nigeria,18-24,Female,Monthly
6953,2025-02-04,Canada,18-24,Female,Monthly
6954,2025-02-08,Nigeria,35-44,Female,Monthly
6955,2025-02-05,NG,45+,Male,Annual
6956,2025-02-12,Nigeria,35-44,FEMALE,Monthly
6957,2025-02-10,Canada,25-34,Female,Monthly
6958,2025-02-15,Canada,18-24,Male,Annual
6959,2025-02-16,United Kingdom,35-44,Male,Annual
6960,2025-02-01,Nigeria,25-34,female,Monthly
6961,2025-02-04,United Kingdom,35-44,Female,Monthly
6962,2025-02-05,United Kingdom,25-34,Female,Monthly
6963,2025-02-06,Canada,45+,Female,Monthly
6964,2025-02-03,Nigeria,25-34,Male,Monthly
6965,2025-02-09,Nigeria,45+,Male,Annual
6966,2025-02-16,Nigeria,35-44,Female,Annual
6967,2025-02-09,United Kingdom,18-24,Female,Annual
6968,2025-02-10,NGR,25-34,Male,Monthly
6969,2025-02-14,Nigeria,45+,Male,Monthly
6970,2025-02-16,United Kingdom,35-44,Female,Annual
6971,2025-02-10,Canada,25-34,Male,Annual
6972,2025-02-07,Nigeria,25-34,Female,Monthly
6973,2025-02-12,Nigeria,25-34,Male,Monthly
6974,2025-02-01,United Kingdom,25-34,Male,Monthly
6975,2025-02-14,United Kingdom,18-24,Male,Annual
6976,2025-02-27,Nigeria,25/34,MALE,Monthly
6977,2025-02-12,Canada,18-24,Female,Monthly
6978,2025-02-04,United Kingdom,35-44,Female,Monthly
6979,2025-02-20,Canada,35-44,Female,Monthly
6980,2025-02-04,Canada,45+,Female,Monthly
6981,2025-02-06,Canada,45+,Female,Monthly
6982,2025-02-05,United Kingdom,25-34,Female,Monthly
6983,2025-02-25,Nigeria,25/34,Female,Monthly
6984,2025-02-28,United Kingdom,35-44,Female,Monthly
6985,2025-02-16,Nigeria,45+,Female,Monthly
6986,2025-02-18,United Kingdom,35 to 44,Male,Monthly
6987,2025-02-19,Nigeria,18-24,Female,Annual
6988,2025-02-18,United Kingdom,25-34,Male,Annual
6989,2025-02-16,Nigeria,35-44,Male,Monthly
6990,2025-02-28,Nigeria,25-34,Male,Monthly
6991,2025-02-21,Nigeria,18-24,Female,Monthly
6992,2025-02-03,United Kingdom,25-34,Female,Monthly
6993,2025-02-11,Canada,18-24,Male,Monthly
6994,2025-02-28,Nigeria,45+,Male,Monthly
6995,2025-02-12,Canada,25-34,Female,Annual
6996,2025-02-06,Canada,35-44,Female,Annual
6997,2025-02-25,Nigeria,18-24,Male,Monthly
6998,2025-02-18,United Kingdom,35-44,Female,Annual
6999,2025-02-16,Nigeria,25-34,Male,Monthly
7000,2025-02-12,Nigeria,25-34,Female,Monthly
7001,2025-02-04,United Kingdom,35-44,Female,Monthly
7002,2025-02-11,Nigeria,18-24,Male,Annual
7003,2025-02-13,Canada,35-44,Female,Monthly
7004,2025-02-27,Canada,25-34,Male,Annual
7005,2025-02-09,Canada,35-44,Female,Monthly
7006,2025-02-05,United Kingdom,25-34,Female,Annual
7007,2025-02-12,United Kingdom,25-34,Male,Monthly
7008,2025-02-28,UK,18-24,Female,Monthly
7009,2025-02-14,Nigeria,25-34,Female,Annual
7010,2025-02-11,Nigeria,35-44,Male,Annual
7011,2025-02-19,United Kingdom,45+,Male,Monthly
7012,2025-02-19,Nigeria,35-44,Male,Annual
7013,2025-02-09,Nigeria,18-24,Female,Annual
7014,2025-02-28,Nigeria,25-34,Female,Monthly
7015,2025-02-17,United Kingdom,25-34,Male,Monthly
7016,2025-02-02,Nigeria,25-34,Female,Monthly
7017,2025-02-12,Nigeria,18-24,Female,Monthly
7018,2025-02-26,Nigeria,45+,Male,Monthly
7019,2025-02-12,Nigeria,25-34,Female,Monthly
7020,2025-02-16,Canada,25-34,Female,Monthly
7021,2025-02-18,Nigeria,25-34,Female,Monthly
7022,2025-02-20,United Kingdom,35-44,Female,Annual
7023,2025-02-25,United Kingdom,18-24,Male,Annual
7024,2025-02-05,Nigeria,18-24,Male,Monthly
7025,2025-02-15,Canada,45+,Female,Annual
7026,2025-02-15,United Kingdom,25-34,Female,Monthly
7027,2025-02-05,United Kingdom,18-24,Male,Annual
7028,2025-02-19,Nigeria,35-44,Female,Monthly
7029,2025-02-04,Nigeria,25-34,Male,Annual
7030,2025-02-13,CA,45+,Male,Monthly
7031,2025-02-10,Canada,25-34,Male,Monthly
7032,2025-02-05,Canada,18-24,Female,Monthly
7033,2025-02-24,Canada,18-24,MALE,Annual
7034,2025-02-07,Nigeria,45+,Female,Annual
7035,2025-02-08,Canada,35-44,Male,Monthly
7036,2025-02-24,Nigeria,25-34,Male,Annual
7037,2025-02-25,Canada,45+,Male,Monthly
7038,2025-02-01,Nigeria,18-24,Male,Annual
7039,2025-02-08,Nigeria,35-44,Male,Annual
7040,2025-02-20,United Kingdom,18-24,Female,Monthly
7041,2025-02-22,Canada,25-34,Female,Monthly
7042,2025-02-28,United Kingdom,35-44,Male,Annual
7043,2025-02-16,Nigeria,45+,Male,Monthly
7044,2025-02-01,Nigeria,25-34,Female,Annual
7045,2025-02-25,NGR,35-44,Male,Monthly
7046,2025-02-05,Nigeria,25/34,Male,Monthly
7047,2025-02-04,Nigeria,45+,Female,Monthly
7048,2025-02-19,United Kingdom,45+,Female,Monthly
7049,2025-02-17,Nigeria,35-44,Female,Annual
7050,2025-02-02,United Kingdom,18/24,Female,Monthly
7051,2025-02-05,Nigeria,25-34,Female,Monthly
7052,2025-02-17,Canada,35-44,Female,Monthly
7053,2025-02-08,Canada,35-44,Female,Monthly
7054,2025-02-20,Canada,45+,Female,Monthly
7055,2025-02-12,United Kingdom,45+,Male,Monthly
7056,2025-02-17,Nigeria,18-24,Female,Monthly
7057,2025-02-14,United Kingdom,18-24,female,Monthly
7058,2025-02-11,Canada,35-44,Male,Monthly
7059,2025-02-10,United Kingdom,35-44,Male,Monthly
7060,2025-02-20,United Kingdom,35-44,male,Monthly
7061,2025-02-15,United Kingdom,25-34,Male,Annual
7062,2025-02-17,United Kingdom,35-44,Female,Monthly
7063,2025-02-17,United Kingdom,45+,Male,Annual
7064,2025-02-06,Nigeria,18-24,Female,Monthly
7065,2025-02-26,United Kingdom,45+,Male,Annual
7066,2025-02-16,United Kingdom,35-44,Male,Annual
7067,2025-02-21,Nigeria,35-44,Female,Monthly
7068,2025-02-25,Canada,25-34,Female,Monthly
7069,2025-02-26,United Kingdom,35-44,FEMALE,Monthly
7070,2025-02-19,Nigeria,35-44,Female,Monthly
7071,2025-02-23,Canada,25-34,Female,Annual
7072,2025-02-14,United Kingdom,25-34,Female,Monthly
7073,2025-02-21,United Kingdom,18-24,Male,Monthly
7074,2025-02-10,Nigeria,35-44,Male,Monthly
7075,2025-02-20,Canada,35-44,Male,Monthly
7076,2025-02-03,Nigeria,25-34,Female,Annual
7077,2025-02-26,United Kingdom,35-44,Female,Monthly
7078,2025-02-07,Nigeria,35-44,Female,Monthly
7079,2025-02-19,United Kingdom,35-44,Female,Annual
7080,2025-02-01,United Kingdom,35-44,Male,Monthly
7081,2025-02-05,United Kingdom,25-34,Male,Monthly
7082,2025-02-28,United Kingdom,45+,Female,Annual
7083,2025-02-24,Canada,25-34,Male,Monthly
7084,2025-02-07,United Kingdom,35-44,Female,Annual
7085,2025-02-04,Nigeria,25-34,Male,Annual
7086,2025-02-23,NG,35-44,Male,Monthly
7087,2025-02-28,United Kingdom,25-34,Male,Annual
7088,2025-02-05,UK,45+,Male,Annual
7089,2025-02-19,NGR,35-44,Male,Monthly
7090,2025-02-08,Canada,18-24,Female,Annual
7091,2025-02-21,United Kingdom,25-34,Female,Monthly
7092,2025-02-12,United Kingdom,25-34,Female,Monthly
7093,2025-02-04,Nigeria,35-44,Male,Annual
7094,2025-02-10,United Kingdom,35-44,Male,Monthly
7095,2025-02-16,Canada,35-44,Male,Annual
7096,2025-02-23,United Kingdom,25/34,Male,Monthly
7097,2025-02-01,Canada,18-24,Female,Annual
7098,2025-02-27,Nigeria,18/24,Male,Monthly
7099,2025-02-19,Nigeria,25-34,Male,Annual
7100,2025-02-25,United Kingdom,18-24,Female,Monthly
7101,2025-02-27,Nigeria,35-44,Female,Annual
7102,2025-02-05,Nigeria,18-24,Female,Annual
7103,2025-02-03,Nigeria,18 to 24,Female,Monthly
7104,2025-02-22,Canada,18-24,Male,Monthly
7105,2025-02-06,United Kingdom,45+,Male,Monthly
7106,2025-02-05,Nigeria,18-24,Male,Annual
7107,2025-02-14,Nigeria,25-34,Female,Annual
7108,2025-02-26,Nigeria,18-24,Male,Monthly
7109,2025-02-23,Nigeria,35-44,Male,Monthly
7110,2025-02-15,United Kingdom,45+,Female,Monthly
7111,2025-02-06,Canada,45+,Male,Monthly
7112,2025-02-10,Nigeria,25-34,Female,Monthly
7113,2025-02-20,United Kingdom,25-34,Female,Annual
7114,2025-02-05,Nigeria,25-34,Female,Monthly
7115,2025-02-15,Nigeria,35-44,Female,Monthly
7116,2025-02-01,Canada,25-34,Male,Annual
7117,2025-02-10,United Kingdom,18-24,Female,Monthly
7118,2025-02-07,Canada,35-44,Female,Annual
7119,2025-02-20,Nigeria,45+,Female,Annual
7120,2025-02-26,Nigeria,25-34,Female,Monthly
7121,2025-02-05,Nigeria,35-44,Female,Annual
7122,2025-02-23,United Kingdom,25-34,Female,Monthly
7123,2025-02-19,CAN,45+,Male,Annual
7124,2025-02-28,Nigeria,25-34,Female,Annual
7125,2025-02-26,Canada,25-34,Male,Annual
7126,2025-02-03,Canada,25-34,Female,Annual
7127,2025-02-21,United Kingdom,45+,Male,Monthly
7128,2025-02-17,Nigeria,25-34,Male,Annual
7129,2025-02-04,United Kingdom,18-24,Female,Monthly
7130,2025-02-08,Nigeria,18-24,Female,Monthly
7131,2025-02-26,Canada,18-24,FEMALE,Monthly
7132,2025-02-16,United Kingdom,25-34,Female,Annual
7133,2025-02-10,Canada,25-34,Male,Monthly
7134,2025-02-09,United Kingdom,35-44,Female,Monthly
7135,2025-02-24,United Kingdom,25-34,Female,Monthly
7136,2025-02-08,United Kingdom,18-24,Male,Annual
7137,2025-02-05,United Kingdom,25-34,Male,Monthly
7138,2025-02-17,Canada,35-44,Female,Monthly
7139,2025-02-28,Nigeria,25-34,Male,Annual
7140,2025-02-06,NGR,35-44,Male,Annual
7141,2025-02-08,Canada,25-34,Female,Monthly
7142,2025-02-14,Canada,18-24,Female,Annual
7143,2025-02-06,United Kingdom,25-34,Female,Annual
7144,2025-02-19,Canada,35/44,Female,Annual
7145,2025-02-08,Nigeria,18-24,Male,Monthly
7146,2025-02-04,Canada,25-34,Female,Monthly
7147,2025-02-08,Nigeria,25-34,Female,Annual
7148,2025-02-27,Nigeria,25-34,Male,Monthly
7149,2025-02-27,Nigeria,25-34,Male,Monthly
7150,2025-02-15,Nigeria,25-34,Male,Annual
7151,2025-02-12,Nigeria,45+,Male,Monthly
7152,2025-02-23,Canada,35-44,Female,Annual
7153,2025-02-06,Nigeria,25-34,Male,Annual
7154,2025-02-19,United Kingdom,35-44,Female,Monthly
7155,2025-02-20,Nigeria,25-34,Female,Monthly
7156,2025-02-20,Canada,35/44,Female,Annual
7157,2025-02-07,Canada,25-34,Male,Monthly
7158,2025-02-21,Nigeria,18-24,Male,Monthly
7159,2025-02-18,United Kingdom,18-24,Female,Annual
7160,2025-02-25,Canada,25-34,Male,Monthly
7161,2025-02-05,Canada,25-34,Male,Monthly
7162,2025-02-18,Nigeria,35-44,Female,Annual
7163,2025-02-24,United Kingdom,45+,Male,Monthly
7164,2025-02-08,Canada,35-44,Female,Monthly
7165,2025-02-21,Nigeria,18-24,female,Annual
7166,2025-02-03,Canada,18-24,Female,Monthly
7167,2025-02-21,Nigeria,45+,Female,Monthly
7168,2025-02-17,Canada,35-44,Female,Monthly
7169,2025-02-06,Nigeria,35-44,Female,Monthly
7170,2025-02-02,Nigeria,18-24,Male,Monthly
7171,2025-02-21,CAN,25-34,Male,Annual
7172,2025-02-07,Canada,45+,Female,Monthly
7173,2025-02-14,Canada,25-34,Male,Monthly
7174,2025-02-02,NG,25-34,Male,Monthly
7175,2025-02-27,Nigeria,45+,Male,Monthly
7176,2025-02-16,Nigeria,25-34,Male,Annual
7177,2025-02-27,Nigeria,25-34,Female,Annual
7178,2025-02-05,United Kingdom,25-34,Female,Monthly
7179,2025-02-06,Nigeria,35-44,Male,Annual
7180,2025-02-18,Canada,45+,Male,Monthly
7181,2025-02-17,Nigeria,25-34,Male,Monthly
7182,2025-02-23,Nigeria,25-34,Male,Annual
7183,2025-02-26,Nigeria,35-44,Female,Annual
7184,2025-02-24,Nigeria,25/34,Male,Monthly
7185,2025-02-04,Nigeria,25-34,Female,Annual
7186,2025-02-09,United Kingdom,25/34,Female,Monthly
7187,2025-02-26,Nigeria,45+,Female,Monthly
7188,2025-02-16,United Kingdom,25-34,Female,Annual
7189,2025-02-25,Canada,45+,Male,Annual
7190,2025-02-16,United Kingdom,18-24,Female,Monthly
7191,2025-02-02,United Kingdom,35-44,Male,Annual
7192,2025-02-14,Nigeria,35-44,Male,Monthly
7193,2025-02-24,Nigeria,45+,Male,Annual
7194,2025-02-19,Nigeria,45+,Male,Annual
7195,2025-02-04,NGR,18-24,Female,Monthly
7196,2025-02-06,United Kingdom,18/24,Female,Annual
7197,2025-02-24,Nigeria,35-44,Female,Annual
7198,2025-02-28,Nigeria,45+,Female,Monthly
7199,2025-02-22,Canada,45+,Male,Monthly
7200,2025-02-03,United Kingdom,25-34,Male,Annual
7201,2025-02-18,United Kingdom,25-34,Female,Annual
7202,2025-02-24,Canada,35-44,Female,Monthly
7203,2025-02-18,United Kingdom,45+,Male,Monthly
7204,2025-02-17,United Kingdom,25-34,Male,Monthly
7205,2025-02-14,Nigeria,18-24,Female,Monthly
7206,2025-02-07,Nigeria,25-34,Male,Monthly
7207,2025-02-08,NGR,25-34,Male,Monthly
7208,2025-02-21,United Kingdom,18-24,Male,Annual
7209,2025-02-02,Nigeria,25-34,Female,Monthly
7210,2025-02-03,United Kingdom,45+,Male,Monthly
7211,2025-02-12,Nigeria,25-34,Female,Monthly
7212,2025-02-22,Canada,45+,Female,Monthly
7213,2025-02-19,Nigeria,25-34,Male,Annual
7214,2025-02-17,Canada,18/24,Male,Monthly
7215,2025-02-15,United Kingdom,35-44,Female,Monthly
7216,2025-02-04,Nigeria,25-34,Male,Monthly
7217,2025-02-10,Nigeria,25-34,Female,Monthly
7218,2025-02-03,Canada,25-34,Male,Monthly
7219,2025-02-22,Nigeria,35-44,MALE,Annual
7220,2025-02-22,Nigeria,45+,Male,Monthly
7221,2025-02-08,United Kingdom,35-44,Male,Monthly
7222,2025-02-09,Nigeria,35-44,Male,Monthly
7223,2025-02-09,Nigeria,35-44,Male,Monthly
7224,2025-02-25,Nigeria,35-44,Male,Monthly
7225,2025-02-14,Canada,18-24,Male,Monthly
7226,2025-02-22,Nigeria,35-44,Female,Monthly
7227,2025-02-13,Nigeria,18-24,Male,Annual
7228,2025-02-20,Nigeria,18/24,Female,Monthly
7229,2025-02-15,Nigeria,25-34,MALE,Monthly
7230,2025-02-08,Nigeria,25-34,Female,Monthly
7231,2025-02-25,Nigeria,25-34,Female,Monthly
7232,2025-02-20,Nigeria,35-44,Male,Annual
7233,2025-02-22,Nigeria,25-34,Female,Monthly
7234,2025-02-27,Canada,25 to 34,Female,Monthly
7235,2025-02-07,Nigeria,18-24,Male,Monthly
7236,2025-02-03,Nigeria,35-44,Female,Annual
7237,2025-02-17,Canada,45+,Female,Monthly
7238,2025-02-10,Canada,25-34,Male,Annual
7239,2025-02-13,United Kingdom,45+,Female,Monthly
7240,2025-02-07,Nigeria,25-34,Female,Monthly
7241,2025-02-12,Nigeria,18-24,Female,Annual
7242,2025-02-12,Nigeria,25 to 34,Female,Monthly
7243,2025-02-10,Nigeria,18-24,Female,Monthly
7244,2025-02-21,Nigeria,45+,Female,Monthly
7245,2025-02-17,United Kingdom,35-44,Male,Annual
7246,2025-02-14,Nigeria,45+,Male,Monthly
7247,2025-02-04,United Kingdom,35-44,Female,Annual
7248,2025-02-16,Nigeria,18-24,Female,Monthly
7249,2025-02-05,Nigeria,25-34,Male,Monthly
7250,2025-02-09,Canada,25-34,Male,Annual
7251,2025-03-28,Nigeria,25-34,Female,Monthly
7252,2025-03-19,United Kingdom,35-44,Female,Annual
7253,2025-03-11,Nigeria,45+,FEMALE,Annual
7254,2025-03-23,Nigeria,25-34,Female,Monthly
7255,2025-03-20,United Kingdom,35-44,Female,Monthly
7256,2025-03-24,United Kingdom,18-24,Female,Annual
7257,2025-03-03,United Kingdom,45+,Female,Monthly
7258,2025-03-02,Canada,35-44,FEMALE,Annual
7259,2025-03-20,Nigeria,45+,Female,Monthly
7260,2025-03-10,United Kingdom,25-34,Female,Annual
7261,2025-03-08,Nigeria,25-34,Male,Monthly
7262,2025-03-14,Nigeria,25 to 34,Male,Monthly
7263,2025-03-23,Nigeria,45+,Female,Annual
7264,2025-03-06,Canada,35-44,Female,Monthly
7265,2025-03-31,United Kingdom,35-44,Female,Annual
7266,2025-03-14,Nigeria,35-44,Female,Annual
7267,2025-03-05,United Kingdom,25-34,Female,Annual
7268,2025-03-03,NG,45+,Female,Annual
7269,2025-03-27,Canada,45+,Male,Monthly
7270,2025-03-04,United Kingdom,35-44,Male,Annual
7271,2025-03-13,Nigeria,25-34,Male,Monthly
7272,2025-03-21,United Kingdom,25-34,Female,Annual
7273,2025-03-16,Canada,25-34,Female,Monthly
7274,2025-03-09,Canada,18-24,female,Monthly
7275,2025-03-04,Canada,35-44,Male,Monthly
7276,2025-03-23,Nigeria,25-34,Male,Annual
7277,2025-03-16,Nigeria,18-24,Female,Annual
7278,2025-03-02,United Kingdom,35/44,Female,Monthly
7279,2025-03-06,Nigeria,25-34,Male,Monthly
7280,2025-03-18,Nigeria,35-44,Male,Monthly
7281,2025-03-06,United Kingdom,35-44,Female,Annual
7282,2025-03-13,United Kingdom,25-34,FEMALE,Annual
7283,2025-03-04,Canada,35-44,Male,Monthly
7284,2025-03-25,Canada,35-44,Male,Monthly
7285,2025-03-20,Canada,25-34,Female,Monthly
7286,2025-03-25,United Kingdom,25-34,Male,Annual
7287,2025-03-02,United Kingdom,45+,Male,Annual
7288,2025-03-12,Nigeria,25-34,Female,Monthly
7289,2025-03-09,United Kingdom,18-24,Male,Monthly
7290,2025-03-20,Nigeria,18-24,Male,Annual
7291,2025-03-26,Nigeria,45+,Male,Monthly
7292,2025-03-08,Nigeria,18-24,Female,Monthly
7293,2025-03-24,Canada,45+,Male,Annual
7294,2025-03-18,United Kingdom,18-24,Female,Monthly
7295,2025-03-26,Canada,35-44,Female,Monthly
7296,2025-03-03,GBR,35-44,Female,Monthly
7297,2025-03-31,Canada,25-34,Female,Monthly
7298,2025-03-14,Nigeria,35-44,Female,Monthly
7299,2025-03-09,Canada,25-34,Male,Annual
7300,2025-03-06,Canada,35-44,Male,Monthly
7301,2025-03-31,Canada,35-44,Female,Monthly
7302,2025-03-28,Nigeria,25-34,female,Monthly
7303,2025-03-05,Nigeria,25-34,Female,Monthly
7304,2025-03-14,Canada,18-24,Male,Monthly
7305,2025-03-23,Nigeria,35-44,Male,Monthly
7306,2025-03-19,Nigeria,45+,Male,Monthly
7307,2025-03-06,Nigeria,35-44,Male,Monthly
7308,2025-03-12,Nigeria,45+,Male,Monthly
7309,2025-03-12,Nigeria,45+,Female,Monthly
7310,2025-03-09,CA,25-34,Female,Annual
7311,2025-03-30,Canada,35/44,Female,Monthly
7312,2025-03-07,Canada,25-34,Female,Monthly
7313,2025-03-22,Nigeria,35-44,Female,Annual
7314,2025-03-29,Nigeria,45+,Female,Monthly
7315,2025-03-25,Nigeria,25-34,Male,Annual
7316,2025-03-25,Nigeria,35-44,Male,Annual
7317,2025-03-05,Nigeria,25-34,Male,Annual
7318,2025-03-05,Canada,25-34,Male,Annual
7319,2025-03-25,CAN,25-34,Female,Annual
7320,2025-03-24,United Kingdom,25-34,Female,Monthly
7321,2025-03-23,Nigeria,25-34,Male,Monthly
7322,2025-03-13,Nigeria,18-24,Male,Annual
7323,2025-03-17,Nigeria,35-44,Female,Annual
7324,2025-03-01,Nigeria,35-44,Female,Monthly
7325,2025-03-10,United Kingdom,18-24,Male,Annual
7326,2025-03-17,Nigeria,25-34,Female,Monthly
7327,2025-03-04,United Kingdom,25-34,Female,Monthly
7328,2025-03-05,Canada,18-24,Female,Monthly
7329,2025-03-02,Nigeria,45+,Male,Monthly
7330,2025-03-07,Nigeria,35-44,FEMALE,Monthly
7331,2025-03-31,Nigeria,25-34,Male,Monthly
7332,2025-03-22,Nigeria,45+,Male,Monthly
7333,2025-03-30,United Kingdom,45+,Male,Annual
7334,2025-03-08,Canada,35-44,Female,Annual
7335,2025-03-19,Canada,25-34,Male,Annual
7336,2025-03-28,United Kingdom,25-34,Male,Monthly
7337,2025-03-11,Nigeria,35-44,Male,Monthly
7338,2025-03-21,Nigeria,45+,Female,Annual
7339,2025-03-22,Nigeria,18-24,Male,Annual
7340,2025-03-26,Nigeria,25-34,FEMALE,Monthly
7341,2025-03-31,Canada,18-24,Female,Monthly
7342,2025-03-20,United Kingdom,45+,Female,Monthly
7343,2025-03-19,Nigeria,35-44,Female,Monthly
7344,2025-03-27,Nigeria,45+,Male,Annual
7345,2025-03-22,Nigeria,35-44,Male,Monthly
7346,2025-03-12,Canada,25-34,Female,Monthly
7347,2025-03-20,Nigeria,35-44,Male,Monthly
7348,2025-03-18,Nigeria,35-44,Female,Monthly
7349,2025-03-08,Nigeria,35/44,Female,Monthly
7350,2025-03-16,Canada,35-44,Female,Annual
7351,2025-03-20,United Kingdom,35-44,Male,Monthly
7352,2025-03-29,United Kingdom,35-44,Male,Monthly
7353,2025-03-18,Nigeria,35-44,Female,Monthly
7354,2025-03-06,Nigeria,25-34,Female,Monthly
7355,2025-03-31,Canada,18-24,Male,Monthly
7356,2025-03-18,Nigeria,35-44,Male,Annual
7357,2025-03-09,Nigeria,35-44,Male,Monthly
7358,2025-03-24,United Kingdom,18-24,Male,Monthly
7359,2025-03-12,Nigeria,25-34,Male,Annual
7360,2025-03-12,Nigeria,18-24,Female,Monthly
7361,2025-03-27,Canada,35-44,Male,Monthly
7362,2025-03-27,United Kingdom,35-44,Female,Monthly
7363,2025-03-17,Nigeria,18-24,Female,Monthly
7364,2025-03-12,Nigeria,18-24,Female,Monthly
7365,2025-03-27,United Kingdom,45+,Female,Monthly
7366,2025-03-06,Nigeria,25-34,FEMALE,Monthly
7367,2025-03-24,Nigeria,25-34,female,Monthly
7368,2025-03-19,United Kingdom,18-24,Male,Annual
7369,2025-03-27,United Kingdom,35-44,Female,Monthly
7370,2025-03-14,NGR,18-24,Male,Monthly
7371,2025-03-26,Nigeria,35-44,Male,Monthly
7372,2025-03-01,Nigeria,18-24,Female,Monthly
7373,2025-03-24,United Kingdom,25-34,Male,Annual
7374,2025-03-03,United Kingdom,35-44,Male,Monthly
7375,2025-03-20,Nigeria,25-34,Female,Annual
7376,2025-03-07,United Kingdom,35-44,Male,Annual
7377,2025-03-30,Nigeria,18-24,Male,Monthly
7378,2025-03-24,Canada,35-44,Female,Annual
7379,2025-03-04,Canada,35-44,Female,Monthly
7380,2025-03-28,Nigeria,45+,Male,Annual
7381,2025-03-08,NGR,18-24,Male,Monthly
7382,2025-03-17,GBR,35-44,male,Monthly
7383,2025-03-03,Nigeria,25/34,Male,Annual
7384,2025-03-04,Nigeria,35-44,Male,Monthly
7385,2025-03-08,United Kingdom,18-24,Male,Monthly
7386,2025-03-17,Nigeria,25-34,Male,Monthly
7387,2025-03-17,Nigeria,25-34,Male,Monthly
7388,2025-03-27,Nigeria,25-34,Female,Monthly
7389,2025-03-06,NG,25-34,Male,Monthly
7390,2025-03-24,Nigeria,35-44,Male,Annual
7391,2025-03-01,Canada,25-34,Male,Annual
7392,2025-03-10,Nigeria,18-24,Male,Monthly
7393,2025-03-06,Nigeria,25-34,Male,Monthly
7394,2025-03-04,Canada,25-34,Female,Monthly
7395,2025-03-19,Nigeria,35 to 44,Female,Monthly
7396,2025-03-28,Nigeria,18-24,Female,Annual
7397,2025-03-21,Nigeria,25 to 34,Female,Monthly
7398,2025-03-27,United Kingdom,35-44,Female,Annual
7399,2025-03-19,Nigeria,25-34,Female,Monthly
7400,2025-03-02,Nigeria,35-44,Female,Annual
7401,2025-03-11,Nigeria,35-44,Female,Annual
7402,2025-03-26,Nigeria,25-34,Male,Monthly
7403,2025-03-02,Nigeria,45+,Male,Annual
7404,2025-03-04,United Kingdom,18-24,Female,Monthly
7405,2025-03-26,Nigeria,18-24,Female,Monthly
7406,2025-03-02,Nigeria,35-44,Female,Annual
7407,2025-03-30,United Kingdom,18-24,Female,Annual
7408,2025-03-24,United Kingdom,25-34,Female,Monthly
7409,2025-03-21,Nigeria,35 to 44,Female,Monthly
7410,2025-03-17,Nigeria,35-44,Female,Monthly
7411,2025-03-03,Nigeria,25-34,male,Annual
7412,2025-03-13,NG,25-34,Male,Monthly
7413,2025-03-26,Nigeria,18-24,Male,Monthly
7414,2025-03-29,Nigeria,35/44,Female,Monthly
7415,2025-03-14,Nigeria,45+,Female,Monthly
7416,2025-03-27,Nigeria,18-24,FEMALE,Annual
7417,2025-03-25,Nigeria,18 to 24,Female,Monthly
7418,2025-03-02,Nigeria,18-24,Male,Monthly
7419,2025-03-20,United Kingdom,25-34,male,Monthly
7420,2025-03-20,United Kingdom,35-44,Male,Monthly
7421,2025-03-17,United Kingdom,25-34,Female,Annual
7422,2025-03-24,Canada,25-34,Male,Annual
7423,2025-03-28,Nigeria,35-44,Female,Annual
7424,2025-03-18,Canada,25-34,Female,Monthly
7425,2025-03-10,United Kingdom,25/34,Female,Annual
7426,2025-03-31,Canada,18/24,Male,Monthly
7427,2025-03-30,United Kingdom,25-34,Male,Annual
7428,2025-03-22,Nigeria,18-24,Female,Monthly
7429,2025-03-20,Nigeria,35-44,Female,Monthly
7430,2025-03-04,Nigeria,25-34,Male,Monthly
7431,2025-03-13,Nigeria,25-34,Male,Annual
7432,2025-03-07,Nigeria,25-34,Female,Monthly
7433,2025-03-16,Nigeria,25-34,Female,Annual
7434,2025-03-26,Nigeria,25-34,Male,Monthly
7435,2025-03-07,Canada,25-34,Male,Monthly
7436,2025-03-31,United Kingdom,25-34,Male,Monthly
7437,2025-03-05,United Kingdom,45+,Female,Annual
7438,2025-03-04,Nigeria,25-34,Female,Monthly
7439,2025-03-31,United Kingdom,25-34,Female,Monthly
7440,2025-03-04,Canada,35-44,Female,Monthly
7441,2025-03-23,United Kingdom,25-34,Male,Monthly
7442,2025-03-24,United Kingdom,35-44,Female,Monthly
7443,2025-03-11,Nigeria,25-34,Male,Annual
7444,2025-03-02,Nigeria,18-24,Male,Monthly
7445,2025-03-10,United Kingdom,35-44,MALE,Annual
7446,2025-03-03,GBR,18-24,Male,Monthly
7447,2025-03-21,Nigeria,35-44,FEMALE,Annual
7448,2025-03-28,Nigeria,35-44,Female,Monthly
7449,2025-03-31,Nigeria,25-34,Female,Monthly
7450,2025-03-25,Nigeria,25-34,Female,Annual
7451,2025-03-25,CA,35-44,MALE,Monthly
7452,2025-03-28,United Kingdom,25-34,Male,Monthly
7453,2025-03-24,Nigeria,25-34,Female,Monthly
7454,2025-03-21,Nigeria,18-24,Female,Monthly
7455,2025-03-31,Nigeria,25-34,Female,Annual
7456,2025-03-10,Nigeria,25-34,Female,Monthly
7457,2025-03-13,United Kingdom,18-24,Male,Monthly
7458,2025-03-29,Canada,35-44,Female,Monthly
7459,2025-03-10,United Kingdom,45+,Male,Monthly
7460,2025-03-10,Nigeria,25 to 34,Male,Annual
7461,2025-03-05,United Kingdom,25/34,Female,Annual
7462,2025-03-09,United Kingdom,35-44,Female,Monthly
7463,2025-03-19,Nigeria,25-34,female,Monthly
7464,2025-03-28,United Kingdom,18-24,Male,Annual
7465,2025-03-05,United Kingdom,18-24,Female,Annual
7466,2025-03-22,Canada,18-24,Female,Monthly
7467,2025-03-24,Nigeria,25-34,Male,Monthly
7468,2025-03-28,Nigeria,25-34,Male,Monthly
7469,2025-03-24,United Kingdom,25-34,Male,Annual
7470,2025-03-05,Nigeria,25-34,Male,Monthly
7471,2025-03-16,Nigeria,25-34,Male,Monthly
7472,2025-03-30,Canada,45+,Female,Monthly
7473,2025-03-29,Nigeria,25-34,Male,Annual
7474,2025-03-19,Nigeria,35-44,Female,Annual
7475,2025-03-30,UK,25 to 34,Male,Annual
7476,2025-03-21,United Kingdom,25-34,female,Monthly
7477,2025-03-03,United Kingdom,35-44,MALE,Monthly
7478,2025-03-29,United Kingdom,18-24,Male,Annual
7479,2025-03-06,Nigeria,25-34,Male,Monthly
7480,2025-03-12,Nigeria,35-44,Male,Monthly
7481,2025-03-08,United Kingdom,45+,MALE,Annual
7482,2025-03-23,Nigeria,18-24,Male,Monthly
7483,2025-03-01,Nigeria,45+,Female,Monthly
7484,2025-03-20,Nigeria,18 to 24,Female,Monthly
7485,2025-03-27,Canada,25-34,Male,Monthly
7486,2025-03-25,Nigeria,18-24,Male,Monthly
7487,2025-03-10,United Kingdom,35-44,Male,Annual
7488,2025-03-28,Nigeria,18-24,Male,Annual
7489,2025-03-12,United Kingdom,18-24,Female,Annual
7490,2025-03-22,Nigeria,18-24,Female,Annual
7491,2025-03-16,Nigeria,45+,Male,Monthly
7492,2025-03-03,United Kingdom,25-34,Female,Monthly
7493,2025-03-01,United Kingdom,18-24,Male,Monthly
7494,2025-03-06,Nigeria,25-34,Male,Annual
7495,2025-03-29,Nigeria,35-44,Male,Monthly
7496,2025-03-30,Nigeria,18-24,Female,Annual
7497,2025-03-13,Nigeria,18-24,Male,Monthly
7498,2025-03-31,United Kingdom,35-44,Female,Annual
7499,2025-03-02,Nigeria,35-44,Female,Monthly
7500,2025-03-30,United Kingdom,25-34,Female,Monthly
7501,2025-03-08,Nigeria,25-34,Female,Annual
7502,2025-03-02,United Kingdom,25-34,FEMALE,Monthly
7503,2025-03-24,Nigeria,45+,Male,Monthly
7504,2025-03-12,Nigeria,25-34,Female,Monthly
7505,2025-03-10,Nigeria,35/44,Male,Monthly
7506,2025-03-24,Canada,25-34,Male,Annual
7507,2025-03-11,United Kingdom,18-24,Male,Monthly
7508,2025-03-24,Canada,35-44,Male,Annual
7509,2025-03-07,Nigeria,18-24,Male,Monthly
7510,2025-03-03,Nigeria,18-24,Female,Annual
7511,2025-03-11,Nigeria,18-24,Female,Monthly
7512,2025-03-19,Nigeria,45+,Male,Monthly
7513,2025-03-07,United Kingdom,35-44,FEMALE,Annual
7514,2025-03-05,Canada,25-34,Male,Monthly
7515,2025-03-24,United Kingdom,25-34,Female,Monthly
7516,2025-03-16,United Kingdom,18-24,Female,Annual
7517,2025-03-14,Nigeria,35-44,Male,Monthly
7518,2025-03-08,Nigeria,35-44,Female,Monthly
7519,2025-03-01,Canada,35-44,Male,Monthly
7520,2025-03-02,Nigeria,35-44,Male,Monthly
7521,2025-03-22,Nigeria,18-24,Female,Monthly
7522,2025-03-03,Canada,18-24,Female,Monthly
7523,2025-03-08,NGR,18-24,Female,Annual
7524,2025-03-29,United Kingdom,18-24,Female,Annual
7525,2025-03-11,Nigeria,45+,Male,Annual
7526,2025-03-24,Canada,35-44,Male,Monthly
7527,2025-03-11,Nigeria,35 to 44,Female,Monthly
7528,2025-03-29,Nigeria,25-34,Male,Monthly
7529,2025-03-26,Nigeria,18-24,Female,Annual
7530,2025-03-15,Canada,18-24,Female,Monthly
7531,2025-03-22,Canada,35-44,Male,Monthly
7532,2025-03-13,United Kingdom,25-34,Male,Monthly
7533,2025-03-30,Nigeria,35-44,Male,Annual
7534,2025-03-12,United Kingdom,25-34,Female,Monthly
7535,2025-03-26,Nigeria,45+,Male,Annual
7536,2025-03-20,Canada,25-34,Female,Annual
7537,2025-03-20,Nigeria,25-34,female,Monthly
7538,2025-03-11,Nigeria,35-44,Male,Monthly
7539,2025-03-26,United Kingdom,35-44,Male,Monthly
7540,2025-03-24,Nigeria,25-34,Female,Monthly
7541,2025-03-26,Canada,35-44,Female,Monthly
7542,2025-03-25,Nigeria,35-44,Male,Annual
7543,2025-03-05,Canada,25-34,Female,Monthly
7544,2025-03-28,Nigeria,35-44,Male,Annual
7545,2025-03-27,Nigeria,35-44,Male,Annual
7546,2025-03-08,Nigeria,18-24,female,Monthly
7547,2025-03-31,Nigeria,25-34,Female,Monthly
7548,2025-03-17,United Kingdom,25-34,Male,Annual
7549,2025-03-10,Nigeria,25/34,Female,Monthly
7550,2025-03-07,Nigeria,35-44,Female,Monthly
7551,2025-03-12,United Kingdom,25-34,Male,Monthly
7552,2025-03-02,Nigeria,45+,Female,Monthly
7553,2025-03-22,United Kingdom,25-34,male,Monthly
7554,2025-03-22,United Kingdom,18-24,Male,Monthly
7555,2025-03-21,Nigeria,18-24,male,Monthly
7556,2025-03-18,Canada,35 to 44,female,Monthly
7557,2025-03-12,Nigeria,35 to 44,Male,Monthly
7558,2025-03-23,Nigeria,25-34,Female,Annual
7559,2025-03-28,Nigeria,18-24,Male,Annual
7560,2025-03-03,Canada,25-34,Female,Annual
7561,2025-03-12,United Kingdom,18-24,Male,Monthly
7562,2025-03-31,United Kingdom,35-44,Male,Monthly
7563,2025-03-27,NGR,25-34,Male,Monthly
7564,2025-03-31,Nigeria,25-34,Female,Monthly
7565,2025-03-06,Canada,25-34,Female,Monthly
7566,2025-03-15,United Kingdom,25-34,Female,Monthly
7567,2025-03-05,Canada,25-34,Female,Monthly
7568,2025-03-27,Canada,45+,Female,Monthly
7569,2025-03-17,CA,35-44,Female,Monthly
7570,2025-03-08,Nigeria,45+,Female,Annual
7571,2025-03-03,Canada,45+,Male,Monthly
7572,2025-03-23,Canada,18-24,Female,Monthly
7573,2025-03-26,United Kingdom,35-44,Male,Monthly
7574,2025-03-28,Nigeria,45+,Female,Monthly
7575,2025-03-31,NGR,18-24,Male,Monthly
7576,2025-03-26,Nigeria,18-24,Female,Monthly
7577,2025-03-25,United Kingdom,45+,Male,Annual
7578,2025-03-26,United Kingdom,35-44,Male,Monthly
7579,2025-03-31,Nigeria,35-44,Male,Monthly
7580,2025-03-15,United Kingdom,45+,Female,Monthly
7581,2025-03-24,Nigeria,35-44,Male,Monthly
7582,2025-03-26,United Kingdom,45+,Female,Annual
7583,2025-03-04,Canada,25-34,Female,Monthly
7584,2025-03-22,Nigeria,25-34,Female,Monthly
7585,2025-03-11,United Kingdom,35-44,Male,Monthly
7586,2025-03-05,Nigeria,25-34,Female,Monthly
7587,2025-03-06,Canada,35/44,Male,Monthly
7588,2025-03-04,NG,25-34,Female,Monthly
7589,2025-03-28,Nigeria,18-24,Female,Annual
7590,2025-03-24,United Kingdom,25-34,Female,Annual
7591,2025-03-04,United Kingdom,35 to 44,Female,Monthly
7592,2025-03-20,United Kingdom,35-44,Male,Monthly
7593,2025-03-21,United Kingdom,25-34,Male,Monthly
7594,2025-03-17,United Kingdom,25-34,Male,Annual
7595,2025-03-19,United Kingdom,35-44,Female,Annual
7596,2025-03-29,Nigeria,18 to 24,Female,Annual
7597,2025-03-17,Nigeria,35/44,Male,Monthly
7598,2025-03-21,Canada,25-34,Female,Monthly
7599,2025-03-18,Nigeria,35-44,Female,Monthly
7600,2025-03-13,United Kingdom,25-34,Male,Annual
7601,2025-03-28,Nigeria,35-44,Female,Monthly
7602,2025-03-13,Canada,35-44,Female,Monthly
7603,2025-03-25,United Kingdom,25-34,Female,Annual
7604,2025-03-19,Nigeria,18-24,Male,Monthly
7605,2025-03-22,Nigeria,45+,Female,Monthly
7606,2025-03-24,Nigeria,25-34,Male,Annual
7607,2025-03-23,NG,25-34,Female,Annual
7608,2025-03-18,United Kingdom,25-34,Female,Monthly
7609,2025-03-20,Nigeria,25-34,Female,Monthly
7610,2025-03-16,United Kingdom,25-34,Male,Monthly
7611,2025-03-11,Nigeria,18-24,Female,Monthly
7612,2025-03-23,Nigeria,25-34,Male,Monthly
7613,2025-03-28,Nigeria,18-24,Female,Monthly
7614,2025-03-22,Nigeria,45+,Female,Monthly
7615,2025-03-24,United Kingdom,45+,Female,Annual
7616,2025-03-26,Canada,18-24,Male,Monthly
7617,2025-03-12,Canada,25-34,Female,Annual
7618,2025-03-02,Canada,25-34,Male,Annual
7619,2025-03-11,Nigeria,25-34,Male,Monthly
7620,2025-03-24,Nigeria,25/34,Male,Monthly
7621,2025-03-26,United Kingdom,25/34,Male,Annual
7622,2025-03-16,NG,35-44,Male,Monthly
7623,2025-03-25,United Kingdom,25-34,Male,Monthly
7624,2025-03-03,United Kingdom,35-44,Female,Annual
7625,2025-03-20,United Kingdom,25-34,Male,Monthly
7626,2025-03-22,Canada,35/44,Male,Monthly
7627,2025-03-16,Canada,25-34,Female,Annual
7628,2025-03-23,Canada,25-34,Male,Annual
7629,2025-03-16,Nigeria,35-44,Male,Monthly
7630,2025-03-17,Nigeria,25-34,Female,Annual
7631,2025-03-19,United Kingdom,35-44,Male,Annual
7632,2025-03-25,Nigeria,45+,Female,Monthly
7633,2025-03-08,Canada,25-34,Female,Monthly
7634,2025-03-10,United Kingdom,35-44,Female,Monthly
7635,2025-03-13,Nigeria,35-44,Male,Monthly
7636,2025-03-07,Nigeria,25-34,Female,Monthly
7637,2025-03-11,United Kingdom,25-34,Male,Monthly
7638,2025-03-11,United Kingdom,25-34,Female,Monthly
7639,2025-03-10,Nigeria,25-34,Female,Monthly
7640,2025-03-13,Canada,25-34,Male,Monthly
7641,2025-03-16,Nigeria,45+,Female,Monthly
7642,2025-03-22,Nigeria,18-24,Male,Monthly
7643,2025-03-10,Nigeria,25 to 34,Female,Monthly
7644,2025-03-27,United Kingdom,35-44,MALE,Monthly
7645,2025-03-15,United Kingdom,18-24,Male,Monthly
7646,2025-03-23,Canada,18-24,Female,Monthly
7647,2025-03-04,Nigeria,25-34,Female,Monthly
7648,2025-03-06,NGR,25-34,Female,Monthly
7649,2025-03-15,United Kingdom,35-44,FEMALE,Annual
7650,2025-03-12,Nigeria,45+,Male,Annual
7651,2025-03-16,Nigeria,35-44,Female,Annual
7652,2025-03-05,Nigeria,25-34,Female,Monthly
7653,2025-03-15,Canada,18/24,Male,Monthly
7654,2025-03-22,Nigeria,25-34,Female,Annual
7655,2025-03-23,Nigeria,25/34,Male,Monthly
7656,2025-03-08,United Kingdom,45+,Male,Annual
7657,2025-03-11,Canada,45+,Female,Annual
7658,2025-03-17,United Kingdom,45+,Male,Monthly
7659,2025-03-17,United Kingdom,25-34,Female,Monthly
7660,2025-03-25,Nigeria,18-24,Female,Monthly
7661,2025-03-13,Canada,18-24,male,Monthly
7662,2025-03-21,Nigeria,18-24,Male,Monthly
7663,2025-03-28,Nigeria,25-34,Male,Annual
7664,2025-03-10,GBR,25-34,Male,Monthly
7665,2025-03-26,Nigeria,25-34,Female,Monthly
7666,2025-03-11,Nigeria,35-44,Male,Annual
7667,2025-03-11,United Kingdom,35-44,Male,Monthly
7668,2025-03-21,Nigeria,45+,Female,Monthly
7669,2025-03-20,Nigeria,18-24,Female,Monthly
7670,2025-03-18,United Kingdom,18-24,Male,Monthly
7671,2025-03-08,United Kingdom,25-34,Male,Monthly
7672,2025-03-03,Canada,35-44,Female,Annual
7673,2025-03-29,Nigeria,25-34,Male,Monthly
7674,2025-03-28,United Kingdom,25-34,Female,Monthly
7675,2025-03-28,Canada,25-34,Female,Annual
7676,2025-03-16,Nigeria,25-34,Female,Annual
7677,2025-03-28,Nigeria,25-34,Male,Monthly
7678,2025-03-15,Nigeria,35-44,Female,Annual
7679,2025-03-03,United Kingdom,25-34,Male,Monthly
7680,2025-03-07,Nigeria,25-34,Female,Monthly
7681,2025-03-09,United Kingdom,25-34,Male,Annual
7682,2025-03-12,NG,18-24,Male,Monthly
7683,2025-03-30,Nigeria,35-44,Female,Annual
7684,2025-03-11,United Kingdom,25-34,FEMALE,Monthly
7685,2025-03-19,Nigeria,25-34,Female,Monthly
7686,2025-03-09,Nigeria,25/34,Female,Annual
7687,2025-03-20,United Kingdom,35-44,Male,Monthly
7688,2025-03-18,Nigeria,18-24,Male,Monthly
7689,2025-03-05,Canada,35-44,Female,Monthly
7690,2025-03-15,United Kingdom,45+,Male,Monthly
7691,2025-03-04,Nigeria,45+,Female,Monthly
7692,2025-03-28,Nigeria,35-44,Male,Monthly
7693,2025-03-22,Nigeria,18-24,Male,Annual
7694,2025-03-30,Canada,25-34,male,Monthly
7695,2025-03-28,United Kingdom,18-24,Female,Annual
7696,2025-03-07,Nigeria,35-44,Male,Monthly
7697,2025-03-22,United Kingdom,25-34,Male,Monthly
7698,2025-03-04,United Kingdom,25/34,Female,Monthly
7699,2025-03-30,Canada,45+,Female,Monthly
7700,2025-03-25,Nigeria,25-34,MALE,Annual
7701,2025-03-22,Nigeria,18/24,Female,Monthly
7702,2025-03-31,Nigeria,25-34,Male,Monthly
7703,2025-03-27,Nigeria,35-44,Female,Monthly
7704,2025-03-27,Nigeria,45+,Male,Monthly
7705,2025-03-04,Nigeria,25-34,Female,Annual
7706,2025-03-01,Nigeria,35-44,male,Monthly
7707,2025-03-30,Nigeria,18-24,Male,Annual
7708,2025-03-08,Nigeria,25-34,Female,Annual
7709,2025-03-14,Canada,35-44,Male,Monthly
7710,2025-03-02,United Kingdom,25-34,Male,Monthly
7711,2025-03-20,Nigeria,18-24,Female,Annual
7712,2025-03-26,United Kingdom,25-34,Female,Annual
7713,2025-03-27,Nigeria,25-34,Male,Monthly
7714,2025-03-19,Canada,18-24,Male,Annual
7715,2025-03-21,United Kingdom,25-34,Female,Annual
7716,2025-03-16,United Kingdom,35-44,Male,Annual
7717,2025-03-14,Canada,18-24,Female,Annual
7718,2025-03-18,Canada,18-24,Female,Annual
7719,2025-03-30,Canada,25-34,Male,Monthly
7720,2025-03-08,Nigeria,45+,Female,Annual
7721,2025-03-15,Nigeria,18-24,Female,Monthly
7722,2025-03-19,United Kingdom,25-34,Male,Monthly
7723,2025-03-18,Nigeria,18-24,Female,Monthly
7724,2025-03-01,United Kingdom,18-24,Female,Monthly
7725,2025-03-09,Canada,35-44,Male,Monthly
7726,2025-03-21,Nigeria,35-44,Male,Monthly
7727,2025-03-22,Nigeria,18-24,Male,Monthly
7728,2025-03-23,United Kingdom,18/24,Male,Monthly
7729,2025-03-31,Nigeria,35-44,Male,Monthly
7730,2025-03-21,United Kingdom,45+,Female,Monthly
7731,2025-03-18,United Kingdom,18-24,Male,Annual
7732,2025-03-11,Nigeria,45+,Female,Monthly
7733,2025-03-12,United Kingdom,25/34,Female,Monthly
7734,2025-03-26,United Kingdom,25-34,Male,Annual
7735,2025-03-15,United Kingdom,25-34,Male,Monthly
7736,2025-03-23,Nigeria,35-44,Male,Annual
7737,2025-03-04,United Kingdom,35-44,Female,Annual
7738,2025-03-04,United Kingdom,35-44,Female,Monthly
7739,2025-03-07,Nigeria,45+,Male,Annual
7740,2025-03-07,United Kingdom,45+,Male,Monthly
7741,2025-03-19,Canada,35-44,Female,Monthly
7742,2025-03-20,Nigeria,18-24,Female,Monthly
7743,2025-03-18,United Kingdom,25-34,Female,Monthly
7744,2025-03-09,NG,35-44,Male,Monthly
7745,2025-03-18,Canada,25-34,Male,Monthly
7746,2025-03-04,Nigeria,35-44,Female,Monthly
7747,2025-03-15,United Kingdom,35-44,Female,Monthly
7748,2025-03-05,CA,18-24,Female,Monthly
7749,2025-03-03,United Kingdom,18-24,Female,Monthly
7750,2025-03-06,Nigeria,25-34,Male,Monthly
7751,2025-03-04,Nigeria,25-34,Female,Monthly
7752,2025-03-15,Canada,25-34,Male,Annual
7753,2025-03-17,Nigeria,35 to 44,Male,Annual
7754,2025-03-19,Nigeria,45+,male,Monthly
7755,2025-03-14,Nigeria,25-34,FEMALE,Annual
7756,2025-03-06,United Kingdom,25-34,Female,Monthly
7757,2025-03-01,Nigeria,35-44,Female,Monthly
7758,2025-03-23,Canada,18-24,Female,Monthly
7759,2025-03-31,United Kingdom,25-34,Male,Annual
7760,2025-03-09,NGR,25-34,Female,Monthly
7761,2025-03-07,Canada,35-44,Female,Monthly
7762,2025-03-10,Nigeria,25-34,Female,Annual
7763,2025-03-07,United Kingdom,25-34,Female,Monthly
7764,2025-03-07,Nigeria,25-34,Male,Monthly
7765,2025-03-16,CA,18-24,Male,Monthly
7766,2025-03-25,Nigeria,35-44,Male,Monthly
7767,2025-03-23,United Kingdom,25-34,Male,Annual
7768,2025-03-30,Canada,35-44,Female,Monthly
7769,2025-03-12,Nigeria,35-44,Female,Monthly
7770,2025-03-16,Canada,45+,Female,Annual
7771,2025-03-12,Nigeria,25/34,Male,Monthly
7772,2025-03-02,Nigeria,25-34,Male,Monthly
7773,2025-03-13,Nigeria,45+,Female,Monthly
7774,2025-03-09,Nigeria,18-24,FEMALE,Monthly
7775,2025-03-15,United Kingdom,18-24,Female,Monthly
7776,2025-03-05,Canada,25-34,Female,Monthly
7777,2025-03-23,Nigeria,25-34,Male,Annual
7778,2025-03-27,United Kingdom,25-34,FEMALE,Annual
7779,2025-03-30,Canada,35/44,Male,Monthly
7780,2025-03-03,Canada,18-24,FEMALE,Monthly
7781,2025-03-04,Nigeria,35-44,Female,Monthly
7782,2025-03-30,Canada,35-44,Male,Annual
7783,2025-03-27,Nigeria,25-34,Male,Monthly
7784,2025-03-19,United Kingdom,25-34,Male,Annual
7785,2025-03-10,United Kingdom,18-24,Female,Annual
7786,2025-03-17,Canada,35-44,MALE,Annual
7787,2025-03-17,Nigeria,18-24,Female,Monthly
7788,2025-03-27,Nigeria,18-24,Female,Monthly
7789,2025-03-17,United Kingdom,35-44,Male,Annual
7790,2025-03-01,Nigeria,45+,Male,Annual
7791,2025-03-22,Nigeria,25-34,MALE,Monthly
7792,2025-03-25,United Kingdom,18-24,Male,Monthly
7793,2025-03-10,United Kingdom,18-24,Female,Monthly
7794,2025-03-04,Nigeria,25-34,Male,Annual
7795,2025-03-05,Nigeria,25-34,Female,Monthly
7796,2025-03-27,NGR,25-34,Male,Monthly
7797,2025-03-14,Nigeria,25-34,Female,Monthly
7798,2025-03-17,Nigeria,35-44,Male,Annual
7799,2025-03-30,Nigeria,25-34,Male,Monthly
7800,2025-03-02,Nigeria,18-24,Male,Annual
7801,2025-03-07,CAN,25-34,Female,Annual
7802,2025-03-26,Nigeria,25-34,Female,Annual
7803,2025-03-17,Nigeria,25-34,Female,Monthly
7804,2025-03-01,United Kingdom,25-34,Female,Monthly
7805,2025-03-22,Nigeria,18 to 24,Male,Monthly
7806,2025-03-05,Nigeria,25-34,Female,Monthly
7807,2025-03-25,CA,25-34,Male,Monthly
7808,2025-03-25,United Kingdom,25-34,Female,Annual
7809,2025-03-26,Nigeria,25-34,Female,Monthly
7810,2025-03-15,Nigeria,35-44,Male,Annual
7811,2025-03-09,Nigeria,18-24,Female,Monthly
7812,2025-03-28,Nigeria,25-34,Female,Annual
7813,2025-03-18,United Kingdom,18-24,Female,Monthly
7814,2025-03-20,United Kingdom,35-44,Female,Monthly
7815,2025-03-05,United Kingdom,45+,Male,Annual
7816,2025-03-20,Canada,35-44,Female,Annual
7817,2025-03-18,Nigeria,25-34,Female,Monthly
7818,2025-03-10,Canada,18-24,Male,Annual
7819,2025-03-24,United Kingdom,45+,Male,Annual
7820,2025-03-05,Nigeria,35-44,Male,Annual
7821,2025-03-23,Canada,18 to 24,Female,Monthly
7822,2025-03-30,Nigeria,45+,Male,Monthly
7823,2025-03-18,United Kingdom,25-34,Female,Annual
7824,2025-03-04,United Kingdom,18-24,Female,Monthly
7825,2025-03-18,Nigeria,35-44,Male,Monthly
7826,2025-03-17,Canada,35-44,Male,Annual
7827,2025-03-18,Nigeria,35-44,Male,Monthly
7828,2025-03-09,Canada,45+,Male,Monthly
7829,2025-03-20,Nigeria,18-24,Female,Annual
7830,2025-03-09,Nigeria,35-44,Male,Annual
7831,2025-03-18,Nigeria,25-34,Male,Annual
7832,2025-03-19,Canada,35-44,Female,Annual
7833,2025-03-21,Nigeria,45+,Female,Monthly
7834,2025-03-25,Canada,18-24,Female,Monthly
7835,2025-03-28,Nigeria,25-34,Male,Monthly
7836,2025-03-25,Nigeria,45+,Female,Annual
7837,2025-03-25,Nigeria,45+,Female,Annual
7838,2025-03-27,Nigeria,35-44,Male,Monthly
7839,2025-03-08,Canada,25-34,Male,Monthly
7840,2025-03-10,Nigeria,35-44,Female,Annual
7841,2025-03-17,United Kingdom,25-34,Male,Monthly
7842,2025-03-15,United Kingdom,25-34,Male,Monthly
7843,2025-03-22,United Kingdom,18-24,Male,Monthly
7844,2025-03-01,United Kingdom,45+,Female,Monthly
7845,2025-03-05,Canada,25-34,Female,Monthly
7846,2025-03-24,United Kingdom,45+,Male,Annual
7847,2025-03-26,United Kingdom,45+,Female,Annual
7848,2025-03-10,United Kingdom,25-34,Male,Monthly
7849,2025-03-10,United Kingdom,25-34,Female,Annual
7850,2025-03-18,Nigeria,18-24,Male,Annual
7851,2025-03-15,United Kingdom,18-24,Male,Monthly
7852,2025-03-06,Nigeria,35-44,Male,Monthly
7853,2025-03-16,United Kingdom,18-24,FEMALE,Monthly
7854,2025-03-26,NGR,18-24,Male,Monthly
7855,2025-03-23,NG,18-24,Female,Monthly
7856,2025-03-26,Canada,18-24,Female,Annual
7857,2025-03-20,United Kingdom,25-34,Male,Monthly
7858,2025-03-28,United Kingdom,25-34,Male,Monthly
7859,2025-03-08,Nigeria,25-34,male,Monthly
7860,2025-03-02,United Kingdom,45+,Male,Annual
7861,2025-03-04,Nigeria,45+,Female,Annual
7862,2025-03-31,Nigeria,45+,FEMALE,Monthly
7863,2025-03-20,NGR,25-34,FEMALE,Annual
7864,2025-03-08,Canada,35-44,Male,Annual
7865,2025-03-27,United Kingdom,25-34,Male,Monthly
7866,2025-03-10,Nigeria,25-34,Male,Monthly
7867,2025-03-19,United Kingdom,25-34,FEMALE,Annual
7868,2025-03-08,Nigeria,45+,Female,Annual
7869,2025-03-03,Canada,25-34,Male,Annual
7870,2025-03-09,CAN,18-24,Female,Monthly
7871,2025-03-08,Nigeria,35/44,Female,Monthly
7872,2025-03-18,Nigeria,18-24,Female,Annual
7873,2025-03-01,Nigeria,25-34,Male,Monthly
7874,2025-03-08,Nigeria,45+,Female,Annual
7875,2025-03-18,Nigeria,18-24,FEMALE,Annual
7876,2025-03-13,Nigeria,35-44,Male,Annual
7877,2025-03-20,Nigeria,18-24,Male,Monthly
7878,2025-03-21,Nigeria,45+,Female,Annual
7879,2025-03-30,Nigeria,35-44,Female,Annual
7880,2025-03-26,United Kingdom,35-44,Male,Monthly
7881,2025-03-08,Nigeria,35-44,Male,Monthly
7882,2025-03-22,Canada,25-34,Male,Annual
7883,2025-03-20,Nigeria,18-24,Male,Annual
7884,2025-03-19,Nigeria,25-34,Male,Annual
7885,2025-03-25,Nigeria,35-44,Male,Monthly
7886,2025-03-05,United Kingdom,35-44,male,Monthly
7887,2025-03-12,Nigeria,25-34,Male,Annual
7888,2025-03-26,United Kingdom,35-44,Male,Monthly
7889,2025-03-28,Nigeria,18-24,Female,Monthly
7890,2025-03-02,UK,25-34,Female,Annual
7891,2025-03-15,Nigeria,25-34,Female,Annual
7892,2025-03-09,Nigeria,45+,Male,Annual
7893,2025-03-06,Canada,35 to 44,Male,Annual
7894,2025-03-02,Nigeria,35-44,Female,Monthly
7895,2025-03-17,Nigeria,25-34,Male,Annual
7896,2025-03-21,Canada,25-34,Female,Monthly
7897,2025-03-17,Nigeria,25-34,Female,Monthly
7898,2025-03-12,Nigeria,35-44,FEMALE,Monthly
7899,2025-03-24,Nigeria,45+,Female,Monthly
7900,2025-03-21,Nigeria,18-24,Female,Monthly
7901,2025-03-29,Canada,25-34,Male,Monthly
7902,2025-03-11,United Kingdom,35 to 44,Female,Monthly
7903,2025-03-08,United Kingdom,35-44,Male,Monthly
7904,2025-03-15,Nigeria,25-34,male,Annual
7905,2025-03-16,United Kingdom,35-44,Male,Monthly
7906,2025-03-15,United Kingdom,25-34,Male,Annual
7907,2025-03-26,Nigeria,45+,Female,Monthly
7908,2025-03-02,Canada,25-34,Male,Monthly
7909,2025-03-17,United Kingdom,18-24,Female,Monthly
7910,2025-03-14,Canada,35-44,Female,Monthly
7911,2025-03-07,Nigeria,45+,Male,Annual
7912,2025-03-20,Nigeria,18-24,Female,Monthly
7913,2025-03-25,United Kingdom,35-44,Male,Annual
7914,2025-03-17,Canada,25-34,Female,Monthly
7915,2025-03-03,Nigeria,45+,Male,Monthly
7916,2025-03-03,Nigeria,35-44,Female,Annual
7917,2025-03-14,Canada,25-34,Female,Monthly
7918,2025-03-21,Nigeria,45+,Male,Annual
7919,2025-03-10,Nigeria,25-34,Female,Monthly
7920,2025-03-10,United Kingdom,25-34,Male,Monthly
7921,2025-03-27,Nigeria,35-44,Female,Monthly
7922,2025-03-01,Nigeria,25-34,Male,Monthly
7923,2025-03-03,Nigeria,35-44,MALE,Monthly
7924,2025-03-05,Canada,25-34,Male,Monthly
7925,2025-03-31,Nigeria,25-34,Male,Monthly
7926,2025-03-16,United Kingdom,25-34,Female,Monthly
7927,2025-03-05,UK,25-34,Male,Monthly
7928,2025-03-10,United Kingdom,25/34,Male,Monthly
7929,2025-03-31,United Kingdom,35-44,Male,Monthly
7930,2025-03-22,United Kingdom,35-44,Male,Annual
7931,2025-03-07,Nigeria,35-44,Male,Annual
7932,2025-03-08,United Kingdom,18-24,Male,Annual
7933,2025-03-03,NG,25-34,Female,Annual
7934,2025-03-24,Canada,25-34,Male,Monthly
7935,2025-03-05,Nigeria,18-24,Male,Annual
7936,2025-03-09,Nigeria,35-44,Male,Monthly
7937,2025-03-11,Canada,18-24,Female,Annual
7938,2025-03-20,Nigeria,45+,Male,Annual
7939,2025-03-19,Canada,45+,Male,Monthly
7940,2025-03-25,Nigeria,25-34,Male,Monthly
7941,2025-03-10,United Kingdom,25-34,Female,Monthly
7942,2025-03-12,Canada,25-34,Female,Monthly
7943,2025-03-13,United Kingdom,18-24,Female,Monthly
7944,2025-03-02,Nigeria,45+,Female,Monthly
7945,2025-03-23,Canada,45+,MALE,Annual
7946,2025-03-17,Nigeria,25-34,Female,Annual
7947,2025-03-15,Nigeria,45+,Male,Monthly
7948,2025-03-31,United Kingdom,35-44,Female,Monthly
7949,2025-03-06,Nigeria,45+,Female,Monthly
7950,2025-03-31,United Kingdom,35-44,MALE,Monthly
7951,2025-04-02,Nigeria,25-34,Male,Monthly
7952,2025-04-06,Nigeria,25-34,Female,Monthly
7953,2025-04-16,United Kingdom,18-24,Male,Annual
7954,2025-04-14,NGR,35-44,Female,Annual
7955,2025-04-05,Nigeria,35-44,Female,Monthly
7956,2025-04-24,Canada,18-24,Female,Monthly
7957,2025-04-10,Nigeria,35-44,Male,Monthly
7958,2025-04-26,Nigeria,18-24,Male,Monthly
7959,2025-04-01,Nigeria,25-34,Female,Monthly
7960,2025-04-08,Nigeria,45+,Male,Annual
7961,2025-04-09,Nigeria,25-34,Female,Annual
7962,2025-04-18,Canada,18-24,Male,Annual
7963,2025-04-13,United Kingdom,45+,female,Monthly
7964,2025-04-05,United Kingdom,25-34,Male,Monthly
7965,2025-04-18,United Kingdom,25-34,Female,Monthly
7966,2025-04-29,Nigeria,25-34,Male,Monthly
7967,2025-04-05,United Kingdom,35-44,Female,Monthly
7968,2025-04-08,Nigeria,35-44,Female,Monthly
7969,2025-04-15,Nigeria,25-34,Female,Monthly
7970,2025-04-22,Nigeria,45+,Female,Monthly
7971,2025-04-05,Nigeria,25-34,Female,Monthly
7972,2025-04-07,United Kingdom,35-44,Male,Annual
7973,2025-04-08,Nigeria,35-44,Female,Monthly
7974,2025-04-19,Nigeria,25-34,Male,Annual
7975,2025-04-03,Canada,25-34,FEMALE,Annual
7976,2025-04-20,CAN,35 to 44,Male,Monthly
7977,2025-04-13,United Kingdom,18-24,Male,Monthly
7978,2025-04-10,United Kingdom,25-34,Male,Annual
7979,2025-04-26,Canada,45+,Female,Annual
7980,2025-04-25,Nigeria,35-44,Female,Monthly
7981,2025-04-25,Nigeria,25-34,Male,Annual
7982,2025-04-27,Nigeria,18-24,Male,Annual
7983,2025-04-08,Nigeria,35-44,Male,Monthly
7984,2025-04-26,UK,25-34,Male,Monthly
7985,2025-04-06,United Kingdom,45+,Male,Monthly
7986,2025-04-10,UK,25-34,Male,Monthly
7987,2025-04-17,United Kingdom,25-34,Male,Annual
7988,2025-04-23,United Kingdom,25-34,Male,Annual
7989,2025-04-18,United Kingdom,18-24,Male,Monthly
7990,2025-04-17,United Kingdom,18-24,MALE,Monthly
7991,2025-04-12,Nigeria,45+,Male,Annual
7992,2025-04-18,Nigeria,25-34,Male,Annual
7993,2025-04-15,United Kingdom,18-24,Female,Annual
7994,2025-04-15,Nigeria,35-44,Female,Annual
7995,2025-04-18,United Kingdom,25-34,Male,Annual
7996,2025-04-19,Nigeria,25-34,Female,Annual
7997,2025-04-10,United Kingdom,45+,Female,Monthly
7998,2025-04-05,Nigeria,25-34,Male,Annual
7999,2025-04-09,Nigeria,18-24,Male,Monthly
8000,2025-04-13,United Kingdom,35-44,Male,Monthly
8001,2025-04-05,Nigeria,25-34,Male,Monthly
8002,2025-04-06,NG,18/24,Female,Monthly
8003,2025-04-29,Nigeria,45+,Female,Monthly
8004,2025-04-09,Nigeria,35-44,Male,Annual
8005,2025-04-23,Nigeria,18-24,Female,Monthly
8006,2025-04-04,Canada,35-44,Male,Annual
8007,2025-04-30,United Kingdom,18-24,MALE,Annual
8008,2025-04-07,Nigeria,25-34,Male,Annual
8009,2025-04-12,Nigeria,35-44,Male,Monthly
8010,2025-04-24,United Kingdom,25-34,Male,Annual
8011,2025-04-07,Canada,35-44,Male,Monthly
8012,2025-04-17,Nigeria,35-44,Female,Monthly
8013,2025-04-24,Nigeria,25-34,Male,Monthly
8014,2025-04-01,Nigeria,35/44,Female,Annual
8015,2025-04-01,Nigeria,25-34,Male,Monthly
8016,2025-04-24,United Kingdom,25-34,Female,Monthly
8017,2025-04-08,GBR,25-34,Male,Monthly
8018,2025-04-28,CA,18-24,Male,Monthly
8019,2025-04-28,Canada,25-34,Female,Monthly
8020,2025-04-27,Nigeria,35-44,Male,Monthly
8021,2025-04-30,GBR,18-24,Female,Monthly
8022,2025-04-25,Nigeria,25-34,Female,Annual
8023,2025-04-12,Nigeria,18 to 24,Female,Annual
8024,2025-04-30,United Kingdom,25-34,Female,Annual
8025,2025-04-11,Nigeria,18-24,MALE,Annual
8026,2025-04-18,Canada,25-34,female,Annual
8027,2025-04-01,CAN,18-24,Male,Annual
8028,2025-04-29,Canada,45+,Male,Monthly
8029,2025-04-18,Canada,25-34,Male,Monthly
8030,2025-04-29,Nigeria,25-34,Male,Monthly
8031,2025-04-11,Nigeria,25-34,Male,Monthly
8032,2025-04-10,Canada,25-34,Female,Monthly
8033,2025-04-16,United Kingdom,18 to 24,Male,Annual
8034,2025-04-26,Canada,35-44,MALE,Monthly
8035,2025-04-17,Nigeria,18-24,Female,Annual
8036,2025-04-24,Nigeria,25/34,Female,Monthly
8037,2025-04-07,Nigeria,45+,Female,Monthly
8038,2025-04-24,United Kingdom,45+,Female,Monthly
8039,2025-04-22,Canada,25-34,Male,Annual
8040,2025-04-27,NG,25-34,Female,Monthly
8041,2025-04-02,Nigeria,25-34,Male,Annual
8042,2025-04-12,United Kingdom,25-34,Male,Annual
8043,2025-04-03,Nigeria,25-34,Female,Annual
8044,2025-04-13,Nigeria,25-34,Male,Annual
8045,2025-04-23,Nigeria,25-34,Male,Monthly
8046,2025-04-20,United Kingdom,35-44,Male,Monthly
8047,2025-04-23,Nigeria,25-34,Male,Annual
8048,2025-04-23,Nigeria,25-34,Male,Monthly
8049,2025-04-30,United Kingdom,25-34,Female,Monthly
8050,2025-04-27,Canada,35-44,Female,Monthly
8051,2025-04-18,Nigeria,18-24,Female,Monthly
8052,2025-04-27,Nigeria,18-24,Female,Monthly
8053,2025-04-02,United Kingdom,25-34,Male,Monthly
8054,2025-04-22,Canada,25-34,Female,Monthly
8055,2025-04-16,Canada,25-34,Male,Monthly
8056,2025-04-29,Nigeria,25-34,Female,Annual
8057,2025-04-16,United Kingdom,35-44,Male,Monthly
8058,2025-04-06,Canada,35/44,Male,Annual
8059,2025-04-22,Nigeria,25-34,Male,Monthly
8060,2025-04-29,Nigeria,25-34,Male,Annual
8061,2025-04-01,UK,18-24,Female,Annual
8062,2025-04-02,Nigeria,35-44,Male,Monthly
8063,2025-04-20,United Kingdom,25-34,Female,Monthly
8064,2025-04-17,Canada,25-34,Male,Annual
8065,2025-04-17,Nigeria,25 to 34,Male,Annual
8066,2025-04-03,United Kingdom,25-34,Female,Monthly
8067,2025-04-18,Nigeria,18-24,Female,Monthly
8068,2025-04-18,Canada,45+,Female,Monthly
8069,2025-04-26,Canada,25-34,Male,Annual
8070,2025-04-12,Canada,18-24,Male,Monthly
8071,2025-04-11,Nigeria,25-34,Female,Monthly
8072,2025-04-03,United Kingdom,25-34,Female,Annual
8073,2025-04-18,Canada,25-34,Female,Monthly
8074,2025-04-20,United Kingdom,18/24,Male,Annual
8075,2025-04-09,United Kingdom,25-34,Female,Monthly
8076,2025-04-22,Nigeria,25-34,Female,Monthly
8077,2025-04-29,Canada,45+,Male,Annual
8078,2025-04-06,Nigeria,25-34,Male,Monthly
8079,2025-04-18,Nigeria,45+,Male,Monthly
8080,2025-04-21,Canada,18-24,Male,Monthly
8081,2025-04-01,Canada,35-44,Female,Monthly
8082,2025-04-06,CA,18-24,Male,Annual
8083,2025-04-12,United Kingdom,18-24,Female,Annual
8084,2025-04-05,Nigeria,25-34,Female,Monthly
8085,2025-04-11,United Kingdom,18/24,MALE,Annual
8086,2025-04-05,Nigeria,25 to 34,Male,Annual
8087,2025-04-27,Canada,45+,Male,Monthly
8088,2025-04-18,United Kingdom,18-24,Female,Annual
8089,2025-04-10,Nigeria,35-44,Female,Monthly
8090,2025-04-24,Nigeria,35-44,Female,Monthly
8091,2025-04-01,Nigeria,25-34,Male,Monthly
8092,2025-04-18,Canada,35-44,Male,Annual
8093,2025-04-21,United Kingdom,18-24,Male,Monthly
8094,2025-04-25,Nigeria,18-24,male,Monthly
8095,2025-04-07,Nigeria,25-34,Female,Monthly
8096,2025-04-18,Nigeria,35-44,Male,Monthly
8097,2025-04-24,Nigeria,18-24,Female,Monthly
8098,2025-04-24,Canada,35-44,Female,Annual
8099,2025-04-06,United Kingdom,25/34,Male,Annual
8100,2025-04-30,Nigeria,18-24,Male,Monthly
8101,2025-04-09,Canada,25-34,Female,Annual
8102,2025-04-12,Nigeria,25-34,Female,Monthly
8103,2025-04-06,Nigeria,18-24,Male,Monthly
8104,2025-04-05,United Kingdom,35-44,Female,Annual
8105,2025-04-08,Nigeria,45+,Male,Monthly
8106,2025-04-05,Nigeria,25-34,Male,Monthly
8107,2025-04-22,Canada,25-34,Female,Annual
8108,2025-04-18,Canada,35-44,Female,Monthly
8109,2025-04-12,Nigeria,18-24,Female,Monthly
8110,2025-04-17,United Kingdom,35 to 44,Male,Monthly
8111,2025-04-19,Nigeria,45+,Female,Monthly
8112,2025-04-06,United Kingdom,35-44,Male,Monthly
8113,2025-04-09,Nigeria,45+,Female,Monthly
8114,2025-04-27,United Kingdom,25-34,Male,Annual
8115,2025-04-01,Nigeria,35-44,Female,Annual
8116,2025-04-29,Canada,45+,Female,Monthly
8117,2025-04-29,Canada,35-44,Male,Monthly
8118,2025-04-08,Nigeria,25/34,Male,Monthly
8119,2025-04-10,Canada,25-34,Female,Monthly
8120,2025-04-07,Nigeria,25-34,Female,Monthly
8121,2025-04-17,United Kingdom,35-44,FEMALE,Monthly
8122,2025-04-07,Nigeria,45+,Female,Monthly
8123,2025-04-24,Nigeria,25-34,Female,Annual
8124,2025-04-12,United Kingdom,45+,Female,Monthly
8125,2025-04-30,Nigeria,25-34,Female,Monthly
8126,2025-04-26,United Kingdom,18-24,Male,Annual
8127,2025-04-13,United Kingdom,35-44,Male,Annual
8128,2025-04-18,Nigeria,25-34,Male,Annual
8129,2025-04-01,Nigeria,18-24,Male,Monthly
8130,2025-04-03,United Kingdom,18-24,Female,Monthly
8131,2025-04-16,United Kingdom,35-44,Male,Monthly
8132,2025-04-15,Nigeria,25-34,Female,Monthly
8133,2025-04-12,Nigeria,25-34,Female,Annual
8134,2025-04-03,United Kingdom,25/34,Male,Monthly
8135,2025-04-26,United Kingdom,18-24,Female,Monthly
8136,2025-04-13,Canada,45+,Female,Monthly
8137,2025-04-15,Nigeria,18-24,Female,Monthly
8138,2025-04-13,United Kingdom,45+,Male,Annual
8139,2025-04-15,United Kingdom,25-34,Female,Annual
8140,2025-04-20,Nigeria,35-44,Male,Annual
8141,2025-04-23,Nigeria,18-24,Male,Monthly
8142,2025-04-17,Nigeria,25-34,Male,Annual
8143,2025-04-05,Canada,25-34,Female,Monthly
8144,2025-04-27,Nigeria,18-24,Male,Monthly
8145,2025-04-09,United Kingdom,45+,Female,Monthly
8146,2025-04-01,United Kingdom,18-24,Male,Annual
8147,2025-04-02,Nigeria,25-34,Male,Monthly
8148,2025-04-24,Canada,35 to 44,Female,Monthly
8149,2025-04-12,United Kingdom,25-34,Male,Monthly
8150,2025-04-01,Nigeria,25-34,Male,Annual
8151,2025-04-25,Canada,35/44,Female,Monthly
8152,2025-04-10,United Kingdom,18-24,Female,Annual
8153,2025-04-30,Nigeria,25 to 34,Male,Annual
8154,2025-04-27,United Kingdom,45+,Male,Monthly
8155,2025-04-02,United Kingdom,18-24,Male,Annual
8156,2025-04-21,Nigeria,25-34,Female,Annual
8157,2025-04-19,GBR,25-34,Male,Monthly
8158,2025-04-06,United Kingdom,25 to 34,Male,Monthly
8159,2025-04-11,United Kingdom,45+,Male,Annual
8160,2025-04-15,Nigeria,25-34,Male,Annual
8161,2025-04-05,Nigeria,25-34,Female,Annual
8162,2025-04-22,Nigeria,25-34,Male,Monthly
8163,2025-04-09,United Kingdom,25-34,Female,Annual
8164,2025-04-29,United Kingdom,45+,Female,Monthly
8165,2025-04-25,Canada,25-34,Male,Monthly
8166,2025-04-20,Nigeria,35-44,Female,Annual
8167,2025-04-04,United Kingdom,25 to 34,Female,Annual
8168,2025-04-01,Canada,35-44,Female,Annual
8169,2025-04-05,Canada,35-44,Male,Annual
8170,2025-04-15,Canada,25-34,male,Annual
8171,2025-04-24,Canada,25-34,Female,Monthly
8172,2025-04-05,Nigeria,25-34,Female,Annual
8173,2025-04-22,United Kingdom,25-34,Male,Monthly
8174,2025-04-02,NGR,25-34,Female,Monthly
8175,2025-04-08,United Kingdom,25-34,female,Monthly
8176,2025-04-18,Nigeria,25-34,Male,Annual
8177,2025-04-25,CAN,25-34,Female,Annual
8178,2025-04-24,Nigeria,25/34,Male,Monthly
8179,2025-04-16,Nigeria,25-34,Female,Annual
8180,2025-04-02,Nigeria,35-44,Male,Monthly
8181,2025-04-09,Nigeria,45+,Female,Monthly
8182,2025-04-24,Nigeria,25-34,Male,Monthly
8183,2025-04-03,United Kingdom,35-44,Male,Annual
8184,2025-04-22,Canada,45+,Male,Annual
8185,2025-04-22,United Kingdom,35-44,Male,Monthly
8186,2025-04-23,United Kingdom,25-34,Female,Monthly
8187,2025-04-07,Canada,18-24,Male,Monthly
8188,2025-04-08,Canada,18-24,Male,Monthly
8189,2025-04-06,Nigeria,25-34,Female,Monthly
8190,2025-04-12,Nigeria,25-34,Female,Monthly
8191,2025-04-16,United Kingdom,25-34,Female,Monthly
8192,2025-04-04,Canada,45+,Female,Annual
8193,2025-04-18,United Kingdom,25-34,Male,Monthly
8194,2025-04-08,Nigeria,25-34,Female,Monthly
8195,2025-04-17,United Kingdom,35-44,Male,Monthly
8196,2025-04-10,United Kingdom,45+,male,Annual
8197,2025-04-29,United Kingdom,25-34,Female,Monthly
8198,2025-04-10,Canada,25-34,Male,Annual
8199,2025-04-27,Canada,35-44,Female,Annual
8200,2025-04-06,United Kingdom,18-24,Female,Monthly
8201,2025-04-03,United Kingdom,35-44,Female,Monthly
8202,2025-04-06,United Kingdom,45+,Female,Monthly
8203,2025-04-13,United Kingdom,25-34,Female,Monthly
8204,2025-04-28,Nigeria,25-34,Male,Monthly
8205,2025-04-06,United Kingdom,25-34,Female,Annual
8206,2025-04-24,United Kingdom,25-34,Female,Monthly
8207,2025-04-21,United Kingdom,35-44,Male,Annual
8208,2025-04-11,Nigeria,18-24,Female,Monthly
8209,2025-04-11,United Kingdom,25-34,Male,Annual
8210,2025-04-29,United Kingdom,18-24,Male,Monthly
8211,2025-04-22,Nigeria,25-34,Male,Monthly
8212,2025-04-08,Nigeria,35-44,Male,Monthly
8213,2025-04-28,Nigeria,25-34,Male,Annual
8214,2025-04-13,NG,35-44,Male,Monthly
8215,2025-04-03,Canada,25-34,Male,Monthly
8216,2025-04-25,United Kingdom,25/34,male,Monthly
8217,2025-04-27,Nigeria,45+,Female,Monthly
8218,2025-04-14,United Kingdom,45+,Male,Monthly
8219,2025-04-22,United Kingdom,45+,Male,Monthly
8220,2025-04-08,GBR,25-34,Female,Monthly
8221,2025-04-26,Nigeria,35-44,Male,Monthly
8222,2025-04-12,Nigeria,25-34,Male,Monthly
8223,2025-04-09,United Kingdom,45+,Male,Monthly
8224,2025-04-16,Nigeria,25-34,Female,Monthly
8225,2025-04-09,United Kingdom,25-34,Female,Annual
8226,2025-04-19,Canada,18-24,Female,Annual
8227,2025-04-23,Nigeria,25-34,Male,Annual
8228,2025-04-13,Nigeria,18-24,Male,Monthly
8229,2025-04-24,United Kingdom,25-34,Male,Monthly
8230,2025-04-13,Canada,18-24,Female,Monthly
8231,2025-04-30,United Kingdom,45+,Female,Monthly
8232,2025-04-08,Nigeria,18-24,Male,Monthly
8233,2025-04-22,United Kingdom,25-34,Male,Monthly
8234,2025-04-17,Nigeria,25-34,Male,Monthly
8235,2025-04-29,Canada,25-34,Female,Monthly
8236,2025-04-07,United Kingdom,25-34,Female,Monthly
8237,2025-04-06,Nigeria,35-44,Male,Annual
8238,2025-04-27,United Kingdom,25-34,Male,Annual
8239,2025-04-28,United Kingdom,25-34,Female,Monthly
8240,2025-04-23,Nigeria,25-34,Male,Monthly
8241,2025-04-15,United Kingdom,25 to 34,Male,Annual
8242,2025-04-13,Canada,25-34,Male,Monthly
8243,2025-04-20,United Kingdom,25-34,Male,Annual
8244,2025-04-23,Nigeria,35-44,Female,Annual
8245,2025-04-09,United Kingdom,25-34,Male,Annual
8246,2025-04-01,Nigeria,45+,FEMALE,Monthly
8247,2025-04-03,United Kingdom,25-34,male,Monthly
8248,2025-04-11,United Kingdom,18-24,Male,Monthly
8249,2025-04-21,Nigeria,18-24,Female,Monthly
8250,2025-04-14,Nigeria,45+,Female,Monthly
8251,2025-04-19,Canada,18-24,Female,Monthly
8252,2025-04-15,Nigeria,18-24,Male,Monthly
8253,2025-04-08,Canada,35-44,Female,Annual
8254,2025-04-23,United Kingdom,35-44,Male,Monthly
8255,2025-04-22,United Kingdom,18-24,Male,Annual
8256,2025-04-29,Nigeria,35-44,male,Monthly
8257,2025-04-25,Nigeria,35-44,FEMALE,Monthly
8258,2025-04-12,Nigeria,25-34,Male,Annual
8259,2025-04-22,United Kingdom,25-34,Male,Monthly
8260,2025-04-11,NGR,25-34,MALE,Monthly
8261,2025-04-27,Canada,25-34,Female,Monthly
8262,2025-04-19,Nigeria,35-44,Female,Annual
8263,2025-04-26,Nigeria,25-34,male,Annual
8264,2025-04-09,Nigeria,35-44,Male,Monthly
8265,2025-04-01,GBR,18-24,Male,Monthly
8266,2025-04-05,Nigeria,35-44,Female,Monthly
8267,2025-04-16,Nigeria,18-24,Male,Annual
8268,2025-04-29,United Kingdom,25-34,FEMALE,Monthly
8269,2025-04-19,United Kingdom,25-34,Male,Monthly
8270,2025-04-25,Nigeria,18-24,Female,Monthly
8271,2025-04-15,United Kingdom,45+,Male,Annual
8272,2025-04-29,Nigeria,18-24,Male,Monthly
8273,2025-04-29,Nigeria,18-24,Male,Monthly
8274,2025-04-07,Nigeria,18-24,Female,Annual
8275,2025-04-26,Nigeria,18-24,Male,Annual
8276,2025-04-01,NGR,18-24,Female,Annual
8277,2025-04-18,United Kingdom,18-24,Female,Monthly
8278,2025-04-14,United Kingdom,25-34,Female,Monthly
8279,2025-04-10,Nigeria,25-34,Male,Monthly
8280,2025-04-29,United Kingdom,25-34,Male,Annual
8281,2025-04-20,NGR,35-44,Female,Monthly
8282,2025-04-05,Nigeria,18-24,Female,Monthly
8283,2025-04-05,CAN,25-34,Female,Monthly
8284,2025-04-04,United Kingdom,25-34,Female,Annual
8285,2025-04-10,United Kingdom,18-24,Male,Monthly
8286,2025-04-03,Nigeria,25-34,Female,Monthly
8287,2025-04-08,United Kingdom,45+,Female,Monthly
8288,2025-04-23,United Kingdom,25-34,female,Monthly
8289,2025-04-27,NG,25-34,Female,Monthly
8290,2025-04-24,Canada,35-44,Male,Monthly
8291,2025-04-15,Nigeria,25-34,Male,Monthly
8292,2025-04-21,Canada,25-34,Male,Monthly
8293,2025-04-29,Canada,25-34,Male,Monthly
8294,2025-04-02,United Kingdom,25-34,Female,Annual
8295,2025-04-28,Nigeria,25-34,Male,Monthly
8296,2025-04-22,Nigeria,18-24,Male,Monthly
8297,2025-04-12,Nigeria,25-34,Female,Annual
8298,2025-04-14,Nigeria,35-44,Male,Annual
8299,2025-04-14,GBR,25-34,Male,Annual
8300,2025-04-05,Nigeria,45+,Male,Monthly
8301,2025-04-07,United Kingdom,18-24,Male,Monthly
8302,2025-04-09,United Kingdom,35/44,Female,Annual
8303,2025-04-01,United Kingdom,45+,Male,Monthly
8304,2025-04-16,Nigeria,25-34,male,Monthly
8305,2025-04-15,United Kingdom,18-24,Male,Monthly
8306,2025-04-10,United Kingdom,25-34,Female,Monthly
8307,2025-04-06,United Kingdom,45+,Male,Monthly
8308,2025-04-30,Nigeria,35-44,Male,Annual
8309,2025-04-21,United Kingdom,25-34,Female,Annual
8310,2025-04-15,Nigeria,45+,Male,Monthly
8311,2025-04-22,United Kingdom,45+,Male,Monthly
8312,2025-04-12,Nigeria,35 to 44,Male,Monthly
8313,2025-04-07,Nigeria,25-34,Male,Annual
8314,2025-04-21,Canada,25-34,Female,Annual
8315,2025-04-24,Nigeria,25-34,male,Monthly
8316,2025-04-20,Canada,35-44,Male,Annual
8317,2025-04-17,Canada,35-44,Male,Monthly
8318,2025-04-01,Nigeria,25-34,Female,Monthly
8319,2025-04-20,Nigeria,18-24,Female,Annual
8320,2025-04-19,Nigeria,25-34,Male,Annual
8321,2025-04-13,Canada,18-24,Female,Monthly
8322,2025-04-08,United Kingdom,45+,Male,Monthly
8323,2025-04-30,Nigeria,35-44,male,Annual
8324,2025-04-12,United Kingdom,25-34,Male,Monthly
8325,2025-04-09,Nigeria,25-34,Female,Annual
8326,2025-04-22,United Kingdom,25-34,Male,Annual
8327,2025-04-15,United Kingdom,18-24,Female,Annual
8328,2025-04-17,Nigeria,35-44,Male,Annual
8329,2025-04-20,Canada,25-34,Male,Monthly
8330,2025-04-12,Nigeria,35/44,Male,Monthly
8331,2025-04-05,United Kingdom,18-24,Female,Annual
8332,2025-04-06,United Kingdom,45+,Female,Monthly
8333,2025-04-29,NG,35-44,female,Monthly
8334,2025-04-16,United Kingdom,25/34,Male,Monthly
8335,2025-04-13,Canada,25-34,Male,Monthly
8336,2025-04-10,Nigeria,25-34,Male,Annual
8337,2025-04-22,Canada,45+,Male,Monthly
8338,2025-04-28,Nigeria,45+,Female,Annual
8339,2025-04-24,United Kingdom,35-44,Male,Monthly
8340,2025-04-17,Nigeria,25-34,Male,Annual
8341,2025-04-15,UK,25-34,male,Monthly
8342,2025-04-26,NG,18-24,Female,Monthly
8343,2025-04-26,Nigeria,45+,Male,Monthly
8344,2025-04-12,United Kingdom,25-34,Female,Annual
8345,2025-04-29,United Kingdom,25-34,Male,Monthly
8346,2025-04-25,Nigeria,18-24,Male,Monthly
8347,2025-04-26,United Kingdom,18-24,Male,Monthly
8348,2025-04-02,United Kingdom,35-44,Female,Annual
8349,2025-04-04,United Kingdom,35-44,Female,Annual
8350,2025-04-09,Nigeria,18 to 24,Female,Annual
8351,2025-04-23,Canada,25-34,Female,Monthly
8352,2025-04-03,Nigeria,35-44,Female,Monthly
8353,2025-04-03,United Kingdom,18-24,Male,Monthly
8354,2025-04-01,Nigeria,35-44,Female,Monthly
8355,2025-04-06,Nigeria,45+,Female,Monthly
8356,2025-04-28,Nigeria,35-44,Male,Monthly
8357,2025-04-22,Nigeria,35-44,Female,Monthly
8358,2025-04-22,United Kingdom,25-34,Female,Monthly
8359,2025-04-09,United Kingdom,18-24,Male,Annual
8360,2025-04-19,United Kingdom,25-34,Female,Monthly
8361,2025-04-24,United Kingdom,25-34,Female,Monthly
8362,2025-04-16,Nigeria,35-44,Male,Monthly
8363,2025-04-26,Nigeria,35-44,Female,Monthly
8364,2025-04-18,United Kingdom,18/24,Female,Monthly
8365,2025-04-10,United Kingdom,18-24,Female,Monthly
8366,2025-04-20,United Kingdom,45+,Female,Monthly
8367,2025-04-29,Nigeria,25-34,Male,Monthly
8368,2025-04-25,Canada,35-44,Female,Annual
8369,2025-04-15,Nigeria,35 to 44,Female,Annual
8370,2025-04-18,United Kingdom,35-44,Female,Monthly
8371,2025-04-30,Nigeria,45+,male,Monthly
8372,2025-04-23,United Kingdom,35-44,Female,Annual
8373,2025-04-16,Nigeria,25-34,Male,Monthly
8374,2025-04-09,United Kingdom,35-44,Female,Monthly
8375,2025-04-28,Nigeria,25-34,FEMALE,Monthly
8376,2025-04-30,United Kingdom,25-34,Female,Annual
8377,2025-04-03,Nigeria,25-34,Female,Monthly
8378,2025-04-01,United Kingdom,25-34,Male,Annual
8379,2025-04-04,Nigeria,25-34,Female,Annual
8380,2025-04-12,Nigeria,45+,Male,Annual
8381,2025-04-05,United Kingdom,35-44,Male,Annual
8382,2025-04-27,Nigeria,45+,Male,Annual
8383,2025-04-28,Nigeria,35-44,Female,Monthly
8384,2025-04-06,Canada,25-34,Male,Monthly
8385,2025-04-25,Canada,25-34,Female,Annual
8386,2025-04-05,Canada,45+,female,Monthly
8387,2025-04-24,Nigeria,35-44,Male,Monthly
8388,2025-04-11,United Kingdom,45+,Male,Monthly
8389,2025-04-02,Canada,25-34,Male,Monthly
8390,2025-04-13,Nigeria,18-24,Male,Annual
8391,2025-04-25,United Kingdom,18-24,Male,Monthly
8392,2025-04-29,Nigeria,35/44,Female,Monthly
8393,2025-04-04,Canada,25-34,Male,Monthly
8394,2025-04-26,United Kingdom,25/34,Female,Monthly
8395,2025-04-09,United Kingdom,35-44,Female,Monthly
8396,2025-04-14,United Kingdom,45+,Male,Monthly
8397,2025-04-04,Nigeria,35-44,Female,Monthly
8398,2025-04-30,Nigeria,35-44,Male,Monthly
8399,2025-04-24,United Kingdom,25-34,Female,Annual
8400,2025-04-20,United Kingdom,45+,Female,Annual
8401,2025-04-22,United Kingdom,25-34,Male,Annual
8402,2025-04-27,Nigeria,35-44,Female,Annual
8403,2025-04-05,United Kingdom,35-44,Male,Monthly
8404,2025-04-08,Nigeria,18-24,Male,Monthly
8405,2025-04-02,Nigeria,35-44,Male,Annual
8406,2025-04-15,Canada,18-24,Female,Annual
8407,2025-04-15,United Kingdom,35-44,Male,Annual
8408,2025-04-01,United Kingdom,18-24,Female,Monthly
8409,2025-04-20,GBR,18-24,Female,Monthly
8410,2025-04-01,Nigeria,18-24,Female,Monthly
8411,2025-04-24,Canada,45+,Female,Monthly
8412,2025-04-22,United Kingdom,35-44,Male,Monthly
8413,2025-04-25,United Kingdom,25-34,Female,Monthly
8414,2025-04-04,Nigeria,18-24,Female,Monthly
8415,2025-04-27,Nigeria,25-34,Male,Monthly
8416,2025-04-17,Nigeria,25-34,Male,Monthly
8417,2025-04-26,Nigeria,45+,Female,Monthly
8418,2025-04-21,Nigeria,35-44,Female,Monthly
8419,2025-04-20,United Kingdom,35-44,Female,Annual
8420,2025-04-01,United Kingdom,18 to 24,Male,Annual
8421,2025-04-21,Nigeria,25-34,Male,Annual
8422,2025-04-14,United Kingdom,25-34,Male,Monthly
8423,2025-04-26,Canada,25-34,Male,Monthly
8424,2025-04-21,United Kingdom,25-34,Female,Annual
8425,2025-04-03,Canada,18-24,FEMALE,Monthly
8426,2025-04-27,United Kingdom,18-24,Female,Monthly
8427,2025-04-02,Nigeria,35-44,Female,Monthly
8428,2025-04-09,Nigeria,25-34,Female,Annual
8429,2025-04-07,Canada,35-44,Female,Annual
8430,2025-04-30,United Kingdom,25-34,Male,Monthly
8431,2025-04-05,Canada,18-24,Female,Monthly
8432,2025-04-26,NGR,18-24,Female,Monthly
8433,2025-04-07,Nigeria,25-34,Female,Monthly
8434,2025-04-20,Nigeria,45+,male,Monthly
8435,2025-04-03,United Kingdom,18-24,Male,Annual
8436,2025-04-12,Nigeria,25-34,Male,Monthly
8437,2025-04-19,United Kingdom,18-24,Male,Monthly
8438,2025-04-22,Canada,35-44,Male,Annual
8439,2025-04-27,United Kingdom,25-34,Male,Monthly
8440,2025-04-25,Nigeria,25-34,Female,Annual
8441,2025-04-16,United Kingdom,18-24,Female,Monthly
8442,2025-04-10,Nigeria,45+,Female,Annual
8443,2025-04-08,Canada,35-44,Male,Monthly
8444,2025-04-30,Nigeria,35-44,Female,Monthly
8445,2025-04-19,Canada,18-24,Female,Annual
8446,2025-04-28,United Kingdom,35-44,Male,Annual
8447,2025-04-14,Nigeria,25-34,Female,Annual
8448,2025-04-15,United Kingdom,35-44,Female,Annual
8449,2025-04-25,Nigeria,45+,Female,Monthly
8450,2025-04-22,Nigeria,45+,Male,Monthly
8451,2025-04-07,Canada,45+,Female,Annual
8452,2025-04-16,Canada,25-34,Female,Monthly
8453,2025-04-07,Nigeria,35-44,Female,Monthly
8454,2025-04-23,United Kingdom,35-44,Male,Annual
8455,2025-04-01,Canada,25-34,Female,Annual
8456,2025-04-25,Canada,25-34,Female,Monthly
8457,2025-04-28,Nigeria,18-24,Male,Monthly
8458,2025-04-01,Nigeria,18-24,Male,Monthly
8459,2025-04-19,Canada,18-24,Female,Monthly
8460,2025-04-03,Nigeria,25-34,Female,Monthly
8461,2025-04-11,Nigeria,35-44,Female,Monthly
8462,2025-04-11,United Kingdom,25-34,Male,Monthly
8463,2025-04-16,Nigeria,25-34,Female,Monthly
8464,2025-04-28,Canada,35-44,Male,Annual
8465,2025-04-14,Nigeria,25-34,Male,Monthly
8466,2025-04-12,United Kingdom,35 to 44,Male,Monthly
8467,2025-04-03,NGR,35-44,Female,Monthly
8468,2025-04-27,CAN,25-34,Male,Monthly
8469,2025-04-10,Canada,25-34,Male,Monthly
8470,2025-04-14,Canada,18-24,Male,Monthly
8471,2025-04-03,Nigeria,25-34,Female,Monthly
8472,2025-04-09,NGR,25-34,Male,Monthly
8473,2025-04-17,Canada,35-44,Male,Monthly
8474,2025-04-28,United Kingdom,25-34,FEMALE,Monthly
8475,2025-04-10,Nigeria,18-24,Male,Annual
8476,2025-04-17,Nigeria,35-44,Male,Annual
8477,2025-04-27,United Kingdom,25-34,Female,Monthly
8478,2025-04-11,United Kingdom,18-24,Male,Monthly
8479,2025-04-09,Nigeria,35-44,Male,Monthly
8480,2025-04-02,Nigeria,18-24,Male,Monthly
8481,2025-04-28,United Kingdom,25-34,Female,Monthly
8482,2025-04-04,Nigeria,18-24,Female,Monthly
8483,2025-04-07,NG,25-34,Male,Annual
8484,2025-04-05,Nigeria,35-44,Male,Monthly
8485,2025-04-22,Nigeria,25-34,Female,Monthly
8486,2025-04-11,Nigeria,18/24,Female,Monthly
8487,2025-04-22,Canada,25-34,Male,Monthly
8488,2025-04-19,Canada,45+,Male,Monthly
8489,2025-04-01,Nigeria,45+,Female,Monthly
8490,2025-04-10,Nigeria,35-44,Female,Monthly
8491,2025-04-01,Nigeria,25-34,Female,Monthly
8492,2025-04-02,Nigeria,35-44,Female,Monthly
8493,2025-04-15,United Kingdom,18 to 24,Male,Annual
8494,2025-04-08,Nigeria,18-24,Male,Annual
8495,2025-04-03,United Kingdom,35-44,Male,Annual
8496,2025-04-13,Nigeria,25-34,Male,Monthly
8497,2025-04-14,Nigeria,45+,Female,Annual
8498,2025-04-30,Nigeria,25-34,Female,Monthly
8499,2025-04-20,Nigeria,25-34,Female,Monthly
8500,2025-04-12,Nigeria,25-34,Female,Monthly
8501,2025-04-15,Nigeria,35-44,Male,Monthly
8502,2025-04-03,Nigeria,45+,Female,Monthly
8503,2025-04-12,GBR,18-24,Male,Annual
8504,2025-04-18,Nigeria,25-34,Female,Monthly
8505,2025-04-01,Nigeria,25-34,Female,Monthly
8506,2025-04-28,Nigeria,18-24,Female,Monthly
8507,2025-04-16,United Kingdom,35-44,Male,Monthly
8508,2025-04-24,Canada,25-34,Male,Annual
8509,2025-04-09,Canada,35-44,Male,Monthly
8510,2025-04-26,United Kingdom,18-24,Female,Annual
8511,2025-04-12,Canada,35 to 44,Male,Monthly
8512,2025-04-28,Nigeria,18-24,Male,Annual
8513,2025-04-16,Canada,25-34,Female,Monthly
8514,2025-04-20,Canada,18-24,Female,Annual
8515,2025-04-07,Nigeria,25-34,Female,Annual
8516,2025-04-30,United Kingdom,45+,Female,Annual
8517,2025-04-06,Nigeria,35-44,Male,Monthly
8518,2025-04-01,Nigeria,25-34,Female,Annual
8519,2025-04-14,Canada,35-44,Male,Monthly
8520,2025-04-26,Nigeria,25-34,Male,Annual
8521,2025-04-28,United Kingdom,25-34,Female,Monthly
8522,2025-04-26,UK,35-44,Male,Annual
8523,2025-04-17,United Kingdom,18-24,Female,Monthly
8524,2025-04-28,Nigeria,45+,Male,Annual
8525,2025-04-15,United Kingdom,35-44,Female,Annual
8526,2025-04-15,Canada,25-34,Female,Annual
8527,2025-04-06,Nigeria,35-44,Female,Annual
8528,2025-04-24,Nigeria,35-44,Male,Monthly
8529,2025-04-10,United Kingdom,25-34,Male,Annual
8530,2025-04-06,Canada,45+,Male,Monthly
8531,2025-04-12,Nigeria,35 to 44,Female,Monthly
8532,2025-04-19,Nigeria,25-34,female,Annual
8533,2025-04-09,CA,45+,Female,Monthly
8534,2025-04-11,Nigeria,18-24,Male,Annual
8535,2025-04-10,Nigeria,25-34,Male,Annual
8536,2025-04-18,United Kingdom,18-24,Male,Annual
8537,2025-04-22,Nigeria,25-34,Female,Annual
8538,2025-04-21,Nigeria,25-34,Male,Annual
8539,2025-04-05,United Kingdom,18/24,Male,Monthly
8540,2025-04-11,United Kingdom,18-24,Female,Monthly
8541,2025-04-20,United Kingdom,25-34,Male,Monthly
8542,2025-04-07,Nigeria,35-44,Female,Annual
8543,2025-04-03,United Kingdom,25/34,Male,Monthly
8544,2025-04-10,United Kingdom,35-44,Male,Monthly
8545,2025-04-21,Canada,45+,Male,Annual
8546,2025-04-20,Canada,45+,Female,Monthly
8547,2025-04-04,United Kingdom,25-34,Female,Annual
8548,2025-04-21,Canada,18-24,Male,Monthly
8549,2025-04-06,Canada,18-24,Female,Monthly
8550,2025-04-23,Nigeria,18-24,Male,Monthly
8551,2025-04-17,NG,25-34,Female,Monthly
8552,2025-04-04,Canada,25-34,Male,Monthly
8553,2025-04-11,Nigeria,25-34,Female,Annual
8554,2025-04-25,Nigeria,18-24,Female,Monthly
8555,2025-04-13,United Kingdom,18-24,Male,Annual
8556,2025-04-21,Nigeria,18-24,Female,Annual
8557,2025-04-23,United Kingdom,35-44,Female,Annual
8558,2025-04-01,United Kingdom,25-34,Female,Monthly
8559,2025-04-28,Nigeria,25-34,Male,Monthly
8560,2025-04-11,Nigeria,18-24,Female,Monthly
8561,2025-04-24,Canada,35-44,Male,Monthly
8562,2025-04-15,Nigeria,18-24,Male,Annual
8563,2025-04-18,United Kingdom,25-34,Male,Monthly
8564,2025-04-11,Nigeria,35-44,Female,Annual
8565,2025-04-26,Nigeria,45+,Female,Monthly
8566,2025-04-04,United Kingdom,25-34,Female,Annual
8567,2025-04-27,Nigeria,25-34,Male,Monthly
8568,2025-04-07,United Kingdom,18-24,Male,Monthly
8569,2025-04-27,United Kingdom,35-44,Female,Monthly
8570,2025-04-01,Nigeria,25/34,Female,Annual
8571,2025-04-01,Nigeria,45+,Female,Annual
8572,2025-04-03,United Kingdom,18-24,Female,Monthly
8573,2025-04-17,United Kingdom,25-34,FEMALE,Annual
8574,2025-04-08,United Kingdom,35-44,Female,Annual
8575,2025-04-18,Canada,45+,Female,Monthly
8576,2025-04-25,Nigeria,35-44,Female,Monthly
8577,2025-04-01,Nigeria,25/34,Female,Monthly
8578,2025-04-16,United Kingdom,18-24,Female,Monthly
8579,2025-04-23,United Kingdom,25-34,Female,Annual
8580,2025-04-13,Canada,35-44,Female,Monthly
8581,2025-04-28,Nigeria,18-24,Female,Annual
8582,2025-04-20,United Kingdom,25-34,Male,Monthly
8583,2025-04-02,United Kingdom,25-34,Male,Monthly
8584,2025-04-17,Nigeria,18-24,Female,Annual
8585,2025-04-12,United Kingdom,25-34,Male,Annual
8586,2025-04-04,United Kingdom,25-34,Female,Monthly
8587,2025-04-29,Nigeria,18-24,male,Monthly
8588,2025-04-07,Nigeria,18-24,Male,Monthly
8589,2025-04-03,Nigeria,35-44,Female,Monthly
8590,2025-04-07,Canada,25/34,Female,Monthly
8591,2025-04-25,Nigeria,45+,Male,Annual
8592,2025-04-18,Nigeria,35-44,Female,Monthly
8593,2025-04-25,Nigeria,25-34,Female,Monthly
8594,2025-04-14,Nigeria,18-24,Male,Annual
8595,2025-04-04,Nigeria,25-34,Male,Annual
8596,2025-04-12,United Kingdom,45+,Male,Monthly
8597,2025-04-06,Nigeria,35-44,Male,Monthly
8598,2025-04-17,Nigeria,35-44,Male,Monthly
8599,2025-04-09,Nigeria,35-44,Male,Monthly
8600,2025-04-30,Nigeria,35-44,Male,Monthly
8601,2025-04-12,Nigeria,45+,Male,Monthly
8602,2025-04-10,United Kingdom,25-34,MALE,Annual
8603,2025-04-30,United Kingdom,45+,FEMALE,Annual
8604,2025-04-16,United Kingdom,25-34,Male,Monthly
8605,2025-04-06,Nigeria,18-24,Male,Monthly
8606,2025-04-15,Canada,45+,Male,Monthly
8607,2025-04-08,United Kingdom,35-44,Female,Monthly
8608,2025-04-22,Nigeria,25-34,Male,Monthly
8609,2025-04-18,Nigeria,45+,Female,Monthly
8610,2025-04-22,Canada,45+,Female,Monthly
8611,2025-04-29,Nigeria,25-34,Female,Annual
8612,2025-04-22,Nigeria,35-44,Male,Monthly
8613,2025-04-11,United Kingdom,45+,Male,Monthly
8614,2025-04-07,Nigeria,25-34,Female,Monthly
8615,2025-04-16,NGR,18-24,Female,Annual
8616,2025-04-14,Nigeria,35-44,Female,Monthly
8617,2025-04-10,Nigeria,25-34,Female,Annual
8618,2025-04-25,Nigeria,45+,Female,Monthly
8619,2025-04-28,Nigeria,25-34,Male,Annual
8620,2025-04-12,Canada,25 to 34,Female,Monthly
8621,2025-04-21,Canada,35-44,Female,Monthly
8622,2025-04-30,Canada,35-44,Female,Annual
8623,2025-04-01,United Kingdom,35-44,Male,Monthly
8624,2025-04-11,Nigeria,35-44,Male,Annual
8625,2025-04-23,Nigeria,45+,Female,Monthly
8626,2025-04-15,Nigeria,18-24,Female,Monthly
8627,2025-04-24,Canada,18-24,Male,Monthly
8628,2025-04-15,United Kingdom,35-44,Female,Monthly
8629,2025-04-02,Nigeria,25-34,Male,Annual
8630,2025-04-14,United Kingdom,25-34,male,Monthly
8631,2025-04-13,Canada,18-24,Male,Monthly
8632,2025-04-26,Nigeria,35-44,FEMALE,Monthly
8633,2025-04-05,United Kingdom,35-44,Female,Annual
8634,2025-04-05,United Kingdom,35-44,Female,Monthly
8635,2025-04-05,Canada,35-44,Female,Monthly
8636,2025-04-18,Nigeria,18-24,Female,Monthly
8637,2025-04-30,Nigeria,18-24,Female,Monthly
8638,2025-04-19,Nigeria,35 to 44,Male,Annual
8639,2025-04-25,Canada,25-34,Male,Annual
8640,2025-04-26,NGR,35-44,Female,Monthly
8641,2025-04-19,United Kingdom,25-34,Male,Monthly
8642,2025-04-19,Nigeria,45+,Female,Annual
8643,2025-04-08,Nigeria,18-24,Female,Annual
8644,2025-04-29,United Kingdom,35-44,Female,Monthly
8645,2025-04-24,Nigeria,45+,Male,Monthly
8646,2025-04-27,United Kingdom,35-44,Male,Monthly
8647,2025-04-30,Canada,25-34,Male,Monthly
8648,2025-04-11,Nigeria,35-44,Female,Annual
8649,2025-04-05,Nigeria,25-34,Female,Monthly
8650,2025-04-26,Nigeria,45+,male,Monthly
8651,2025-04-15,Nigeria,18-24,Female,Annual
8652,2025-04-29,United Kingdom,18-24,Female,Monthly
8653,2025-04-21,Nigeria,45+,Female,Monthly
8654,2025-04-08,Nigeria,45+,Female,Monthly
8655,2025-04-11,Nigeria,35-44,Female,Monthly
8656,2025-04-19,Nigeria,25-34,Female,Monthly
8657,2025-04-12,United Kingdom,25-34,Male,Monthly
8658,2025-04-09,United Kingdom,45+,Male,Annual
8659,2025-04-07,United Kingdom,25/34,Female,Annual
8660,2025-04-20,United Kingdom,18-24,Female,Annual
8661,2025-04-02,Nigeria,25-34,Male,Monthly
8662,2025-04-03,United Kingdom,25-34,Female,Monthly
8663,2025-04-02,Nigeria,45+,Male,Monthly
8664,2025-04-23,Canada,25-34,Female,Annual
8665,2025-04-01,Nigeria,35-44,Male,Monthly
8666,2025-04-13,Nigeria,25-34,Male,Annual
8667,2025-04-04,Nigeria,25-34,Female,Monthly
8668,2025-04-18,Canada,18-24,Male,Monthly
8669,2025-04-02,Nigeria,25/34,Male,Annual
8670,2025-04-01,Canada,18-24,Male,Annual
8671,2025-04-13,Nigeria,35-44,Female,Monthly
8672,2025-04-21,Canada,35-44,Female,Monthly
8673,2025-04-04,United Kingdom,45+,Female,Annual
8674,2025-04-15,Nigeria,35-44,male,Monthly
8675,2025-04-25,Nigeria,35-44,Female,Monthly
8676,2025-04-19,Nigeria,18-24,Female,Monthly
8677,2025-04-23,Canada,25-34,Male,Annual
8678,2025-04-10,Canada,25-34,Female,Monthly
8679,2025-04-29,Nigeria,45+,Male,Annual
8680,2025-04-05,Nigeria,18-24,Female,Monthly
8681,2025-04-19,Nigeria,25-34,Male,Monthly
8682,2025-04-14,Nigeria,25-34,Female,Annual
8683,2025-04-01,United Kingdom,18 to 24,Female,Annual
8684,2025-04-29,Nigeria,18-24,Male,Monthly
8685,2025-04-22,Nigeria,18-24,Female,Monthly
8686,2025-04-07,Canada,25-34,Female,Monthly
8687,2025-04-02,United Kingdom,35 to 44,Female,Monthly
8688,2025-04-21,Canada,45+,Male,Monthly
8689,2025-04-17,Nigeria,35-44,Female,Monthly
8690,2025-04-02,Canada,25-34,Female,Monthly
8691,2025-04-30,United Kingdom,18-24,Female,Monthly
8692,2025-04-22,United Kingdom,45+,Female,Monthly
8693,2025-04-14,Nigeria,18-24,Male,Monthly
8694,2025-04-08,Canada,35/44,Female,Annual
8695,2025-04-09,United Kingdom,18-24,Male,Monthly
8696,2025-04-14,Canada,25-34,Male,Annual
8697,2025-04-02,United Kingdom,35-44,Male,Monthly
8698,2025-04-12,Canada,45+,Male,Monthly
8699,2025-04-07,United Kingdom,25-34,Female,Annual
8700,2025-04-04,Canada,25-34,MALE,Monthly
8701,2025-05-17,United Kingdom,18-24,Female,Monthly
8702,2025-05-02,Nigeria,45+,Female,Monthly
8703,2025-05-14,United Kingdom,18-24,Male,Monthly
8704,2025-05-28,United Kingdom,18-24,Female,Annual
8705,2025-05-06,Canada,45+,Female,Monthly
8706,2025-05-26,Nigeria,35-44,Male,Monthly
8707,2025-05-14,Nigeria,25-34,Male,Annual
8708,2025-05-17,Nigeria,25-34,Male,Annual
8709,2025-05-20,United Kingdom,35-44,Male,Monthly
8710,2025-05-22,Nigeria,25-34,FEMALE,Annual
8711,2025-05-20,Nigeria,25-34,Male,Annual
8712,2025-05-04,Nigeria,25-34,Male,Annual
8713,2025-05-10,United Kingdom,25-34,Male,Annual
8714,2025-05-27,Canada,35 to 44,Male,Monthly
8715,2025-05-02,Nigeria,25-34,Female,Monthly
8716,2025-05-23,Nigeria,25-34,Female,Monthly
8717,2025-05-17,Nigeria,35-44,Male,Monthly
8718,2025-05-04,Nigeria,25-34,Male,Monthly
8719,2025-05-04,CA,18-24,Male,Monthly
8720,2025-05-31,Nigeria,18-24,Male,Monthly
8721,2025-05-01,United Kingdom,25-34,Male,Monthly
8722,2025-05-01,Canada,35-44,Female,Monthly
8723,2025-05-01,United Kingdom,25-34,Male,Monthly
8724,2025-05-20,Nigeria,18-24,Male,Monthly
8725,2025-05-29,United Kingdom,25 to 34,Female,Annual
8726,2025-05-06,Nigeria,45+,Male,Monthly
8727,2025-05-25,Nigeria,25-34,Male,Monthly
8728,2025-05-23,GBR,18-24,Male,Monthly
8729,2025-05-08,Nigeria,45+,Female,Monthly
8730,2025-05-03,Nigeria,45+,Female,Monthly
8731,2025-05-16,Nigeria,25-34,Male,Annual
8732,2025-05-03,Nigeria,35-44,Male,Monthly
8733,2025-05-04,United Kingdom,25-34,Male,Monthly
8734,2025-05-15,United Kingdom,25-34,Female,Monthly
8735,2025-05-26,United Kingdom,18-24,Male,Monthly
8736,2025-05-31,Nigeria,35-44,Female,Monthly
8737,2025-05-20,Nigeria,25-34,Female,Monthly
8738,2025-05-09,Nigeria,45+,Female,Annual
8739,2025-05-11,United Kingdom,35-44,Male,Monthly
8740,2025-05-19,Canada,18/24,Male,Monthly
8741,2025-05-06,United Kingdom,45+,Female,Monthly
8742,2025-05-17,Canada,45+,Male,Annual
8743,2025-05-24,Canada,18-24,Male,Annual
8744,2025-05-27,Nigeria,25-34,Male,Annual
8745,2025-05-02,United Kingdom,25-34,Male,Monthly
8746,2025-05-09,United Kingdom,45+,Male,Monthly
8747,2025-05-08,NG,25-34,Female,Monthly
8748,2025-05-18,Nigeria,35-44,Female,Annual
8749,2025-05-06,United Kingdom,18-24,Male,Annual
8750,2025-05-30,Nigeria,25-34,Male,Monthly
8751,2025-05-29,United Kingdom,25-34,Male,Annual
8752,2025-05-11,Canada,35-44,Male,Annual
8753,2025-05-13,Canada,25-34,Male,Annual
8754,2025-05-14,Nigeria,18-24,Male,Monthly
8755,2025-05-02,Nigeria,25-34,Male,Monthly
8756,2025-05-28,United Kingdom,35-44,Female,Annual
8757,2025-05-25,United Kingdom,25-34,Male,Annual
8758,2025-05-11,Canada,18-24,male,Monthly
8759,2025-05-17,Nigeria,25-34,Female,Monthly
8760,2025-05-12,Canada,25-34,Female,Monthly
8761,2025-05-08,United Kingdom,45+,Male,Annual
8762,2025-05-10,Nigeria,25-34,Male,Annual
8763,2025-05-04,Nigeria,18-24,Female,Monthly
8764,2025-05-26,United Kingdom,25-34,Female,Monthly
8765,2025-05-21,Nigeria,25-34,Female,Monthly
8766,2025-05-29,Canada,25-34,Female,Monthly
8767,2025-05-01,United Kingdom,45+,Male,Monthly
8768,2025-05-20,United Kingdom,35-44,Male,Monthly
8769,2025-05-18,Nigeria,25-34,Male,Annual
8770,2025-05-20,UK,35-44,Female,Annual
8771,2025-05-31,United Kingdom,35-44,Female,Monthly
8772,2025-05-13,Canada,18-24,Female,Monthly
8773,2025-05-05,Canada,18 to 24,Male,Monthly
8774,2025-05-01,United Kingdom,35-44,FEMALE,Monthly
8775,2025-05-16,Canada,35-44,Female,Monthly
8776,2025-05-06,United Kingdom,25-34,male,Monthly
8777,2025-05-05,United Kingdom,35 to 44,Female,Annual
8778,2025-05-05,Nigeria,35-44,Female,Monthly
8779,2025-05-09,Nigeria,25-34,Male,Monthly
8780,2025-05-04,United Kingdom,35 to 44,Female,Monthly
8781,2025-05-16,Nigeria,25/34,Male,Monthly
8782,2025-05-21,United Kingdom,35-44,Female,Monthly
8783,2025-05-09,NG,25-34,Male,Annual
8784,2025-05-05,Nigeria,18-24,Female,Annual
8785,2025-05-18,Nigeria,45+,Female,Monthly
8786,2025-05-03,United Kingdom,35-44,Female,Annual
8787,2025-05-23,Nigeria,25-34,FEMALE,Monthly
8788,2025-05-12,Canada,25-34,Male,Annual
8789,2025-05-13,United Kingdom,25-34,Male,Monthly
8790,2025-05-08,United Kingdom,25-34,Female,Monthly
8791,2025-05-09,United Kingdom,18-24,Female,Monthly
8792,2025-05-05,United Kingdom,25-34,Female,Monthly
8793,2025-05-18,Nigeria,35-44,Male,Annual
8794,2025-05-05,Nigeria,45+,Female,Monthly
8795,2025-05-22,Nigeria,35-44,Female,Monthly
8796,2025-05-08,Canada,25-34,Male,Monthly
8797,2025-05-18,Nigeria,25 to 34,Male,Annual
8798,2025-05-17,Nigeria,25-34,Female,Annual
8799,2025-05-20,Nigeria,45+,Female,Monthly
8800,2025-05-24,Nigeria,25-34,Female,Monthly
8801,2025-05-18,Nigeria,35-44,Male,Monthly
8802,2025-05-27,Canada,18-24,Female,Monthly
8803,2025-05-09,Nigeria,25-34,Male,Monthly
8804,2025-05-24,United Kingdom,35-44,Female,Monthly
8805,2025-05-11,Nigeria,25-34,Male,Monthly
8806,2025-05-20,Nigeria,35-44,FEMALE,Monthly
8807,2025-05-16,Nigeria,25-34,Female,Monthly
8808,2025-05-29,United Kingdom,45+,Female,Monthly
8809,2025-05-09,Canada,35-44,Female,Monthly
8810,2025-05-17,Nigeria,35-44,Male,Annual
8811,2025-05-06,NG,25-34,Male,Annual
8812,2025-05-20,Nigeria,35-44,Male,Monthly
8813,2025-05-02,United Kingdom,35-44,Female,Monthly
8814,2025-05-13,United Kingdom,25-34,Female,Annual
8815,2025-05-01,Nigeria,18-24,Male,Monthly
8816,2025-05-11,Nigeria,25-34,Male,Monthly
8817,2025-05-16,Nigeria,25-34,Male,Monthly
8818,2025-05-11,United Kingdom,18-24,Male,Monthly
8819,2025-05-12,Nigeria,25-34,Male,Annual
8820,2025-05-05,Canada,25-34,Male,Monthly
8821,2025-05-23,Nigeria,18-24,Male,Annual
8822,2025-05-25,Canada,18-24,Male,Monthly
8823,2025-05-15,Nigeria,25-34,Male,Annual
8824,2025-05-02,United Kingdom,25-34,female,Monthly
8825,2025-05-02,Nigeria,35-44,Female,Monthly
8826,2025-05-21,Nigeria,35-44,Male,Monthly
8827,2025-05-29,Nigeria,35-44,Male,Monthly
8828,2025-05-27,United Kingdom,18-24,Female,Monthly
8829,2025-05-13,Nigeria,18-24,Male,Monthly
8830,2025-05-16,United Kingdom,25/34,Female,Annual
8831,2025-05-06,GBR,25-34,Female,Monthly
8832,2025-05-03,Nigeria,25-34,Female,Monthly
8833,2025-05-24,Nigeria,25-34,Male,Annual
8834,2025-05-14,Nigeria,25-34,Male,Monthly
8835,2025-05-16,Nigeria,35-44,Male,Annual
8836,2025-05-11,Nigeria,45+,Female,Monthly
8837,2025-05-10,United Kingdom,25-34,Male,Annual
8838,2025-05-31,Nigeria,25-34,Female,Monthly
8839,2025-05-26,Nigeria,35-44,Female,Annual
8840,2025-05-22,United Kingdom,18 to 24,Female,Monthly
8841,2025-05-13,Nigeria,25-34,Male,Annual
8842,2025-05-23,United Kingdom,18-24,Female,Monthly
8843,2025-05-11,Canada,45+,Male,Annual
8844,2025-05-16,Nigeria,35-44,Male,Monthly
8845,2025-05-05,United Kingdom,18-24,Female,Monthly
8846,2025-05-22,Canada,35-44,Male,Monthly
8847,2025-05-02,United Kingdom,25-34,Female,Monthly
8848,2025-05-23,United Kingdom,35-44,Female,Monthly
8849,2025-05-19,Canada,25-34,Female,Monthly
8850,2025-05-03,United Kingdom,18-24,Male,Annual
8851,2025-05-16,United Kingdom,45+,FEMALE,Monthly
8852,2025-05-07,United Kingdom,25-34,Male,Monthly
8853,2025-05-15,United Kingdom,35-44,Male,Monthly
8854,2025-05-01,United Kingdom,25-34,Female,Annual
8855,2025-05-23,Nigeria,25-34,Male,Monthly
8856,2025-05-16,Canada,18-24,Female,Monthly
8857,2025-05-12,Nigeria,25-34,Female,Monthly
8858,2025-05-28,Nigeria,18-24,MALE,Annual
8859,2025-05-20,Nigeria,25-34,Female,Monthly
8860,2025-05-19,Nigeria,45+,Female,Monthly
8861,2025-05-05,United Kingdom,25-34,Female,Annual
8862,2025-05-16,Nigeria,25-34,Female,Monthly
8863,2025-05-22,United Kingdom,18-24,Male,Monthly
8864,2025-05-29,United Kingdom,35-44,Male,Monthly
8865,2025-05-19,Nigeria,25-34,FEMALE,Annual
8866,2025-05-06,Nigeria,45+,Female,Monthly
8867,2025-05-22,United Kingdom,25-34,Male,Annual
8868,2025-05-03,United Kingdom,25-34,Male,Monthly
8869,2025-05-10,Nigeria,35-44,Male,Monthly
8870,2025-05-29,Nigeria,35-44,Male,Monthly
8871,2025-05-25,Nigeria,18-24,Male,Annual
8872,2025-05-28,Nigeria,45+,Male,Monthly
8873,2025-05-11,Nigeria,35-44,Male,Annual
8874,2025-05-22,NGR,25-34,Female,Monthly
8875,2025-05-22,Nigeria,25-34,Female,Monthly
8876,2025-05-08,Nigeria,25-34,Male,Monthly
8877,2025-05-30,Canada,18-24,Female,Monthly
8878,2025-05-31,United Kingdom,25-34,Female,Annual
8879,2025-05-04,Nigeria,35-44,male,Annual
8880,2025-05-24,United Kingdom,35-44,Female,Monthly
8881,2025-05-14,Canada,18-24,Female,Monthly
8882,2025-05-21,Nigeria,25-34,Male,Annual
8883,2025-05-18,Nigeria,25-34,Female,Monthly
8884,2025-05-07,Canada,45+,Female,Monthly
8885,2025-05-03,Canada,35-44,Female,Monthly
8886,2025-05-16,CA,35-44,Female,Monthly
8887,2025-05-26,Nigeria,18-24,Female,Annual
8888,2025-05-26,Canada,45+,Male,Annual
8889,2025-05-09,Nigeria,25-34,Female,Monthly
8890,2025-05-27,United Kingdom,45+,Female,Monthly
8891,2025-05-12,Canada,25-34,Male,Monthly
8892,2025-05-18,Nigeria,35/44,Female,Monthly
8893,2025-05-11,Nigeria,25-34,Female,Annual
8894,2025-05-17,United Kingdom,25-34,Female,Monthly
8895,2025-05-17,Canada,25-34,Female,Monthly
8896,2025-05-22,Nigeria,45+,Female,Annual
8897,2025-05-15,Canada,18 to 24,Female,Monthly
8898,2025-05-17,Nigeria,25-34,Male,Monthly
8899,2025-05-21,Nigeria,25-34,MALE,Annual
8900,2025-05-13,Nigeria,25-34,Male,Monthly
8901,2025-05-17,Canada,25-34,Female,Annual
8902,2025-05-03,Nigeria,18-24,Male,Monthly
8903,2025-05-27,United Kingdom,25-34,Male,Monthly
8904,2025-05-04,Nigeria,35 to 44,Female,Annual
8905,2025-05-28,Canada,45+,Male,Monthly
8906,2025-05-24,Canada,25-34,Male,Monthly
8907,2025-05-30,Nigeria,35-44,Female,Annual
8908,2025-05-01,Nigeria,18 to 24,male,Monthly
8909,2025-05-07,Nigeria,45+,Female,Monthly
8910,2025-05-02,Nigeria,18-24,Female,Annual
8911,2025-05-13,Canada,25-34,Female,Annual
8912,2025-05-29,United Kingdom,25-34,Female,Annual
8913,2025-05-24,Nigeria,45+,male,Monthly
8914,2025-05-22,United Kingdom,25-34,Male,Monthly
8915,2025-05-27,Nigeria,18-24,Female,Monthly
8916,2025-05-01,Nigeria,18-24,Male,Annual
8917,2025-05-25,Nigeria,35-44,Male,Annual
8918,2025-05-10,Nigeria,25-34,Male,Monthly
8919,2025-05-22,United Kingdom,35-44,Male,Annual
8920,2025-05-24,Nigeria,45+,Male,Monthly
8921,2025-05-22,United Kingdom,25-34,Male,Monthly
8922,2025-05-13,Nigeria,25-34,Female,Monthly
8923,2025-05-19,United Kingdom,25/34,Male,Monthly
8924,2025-05-15,Nigeria,18-24,Female,Monthly
8925,2025-05-20,Nigeria,35-44,Female,Annual
8926,2025-05-15,Nigeria,45+,Female,Monthly
8927,2025-05-13,Nigeria,35-44,Female,Annual
8928,2025-05-07,Nigeria,18 to 24,Male,Annual
8929,2025-05-13,Nigeria,45+,Male,Monthly
8930,2025-05-23,Canada,25-34,Male,Annual
8931,2025-05-27,Nigeria,25-34,Male,Monthly
8932,2025-05-04,United Kingdom,25-34,Female,Monthly
8933,2025-05-06,United Kingdom,18-24,Male,Monthly
8934,2025-05-16,United Kingdom,18-24,Female,Monthly
8935,2025-05-22,United Kingdom,35-44,Female,Monthly
8936,2025-05-06,Nigeria,35 to 44,Male,Monthly
8937,2025-05-11,United Kingdom,35-44,Male,Annual
8938,2025-05-02,Canada,18-24,Female,Monthly
8939,2025-05-02,Canada,18-24,Female,Annual
8940,2025-05-05,Nigeria,35-44,Female,Annual
8941,2025-05-23,United Kingdom,25-34,Male,Annual
8942,2025-05-27,Nigeria,18-24,Female,Annual
8943,2025-05-16,United Kingdom,18-24,Female,Annual
8944,2025-05-06,Nigeria,25-34,Male,Annual
8945,2025-05-29,Nigeria,45+,Male,Monthly
8946,2025-05-09,United Kingdom,35-44,Female,Monthly
8947,2025-05-05,Canada,25-34,Male,Monthly
8948,2025-05-05,Nigeria,45+,Female,Annual
8949,2025-05-11,United Kingdom,25-34,Female,Annual
8950,2025-05-23,United Kingdom,18-24,Male,Monthly
8951,2025-05-13,Canada,18-24,Female,Annual
8952,2025-05-14,United Kingdom,25-34,Female,Monthly
8953,2025-05-11,Nigeria,35-44,Male,Monthly
8954,2025-05-30,Nigeria,25-34,Male,Monthly
8955,2025-05-22,United Kingdom,25-34,Male,Annual
8956,2025-05-21,Nigeria,18-24,Male,Monthly
8957,2025-05-14,Canada,25-34,Female,Monthly
8958,2025-05-17,Canada,35 to 44,Male,Monthly
8959,2025-05-28,Canada,35-44,Female,Annual
8960,2025-05-21,Nigeria,25-34,Male,Monthly
8961,2025-05-26,United Kingdom,45+,Female,Monthly
8962,2025-05-02,United Kingdom,35-44,Female,Annual
8963,2025-05-27,Nigeria,18-24,Female,Monthly
8964,2025-05-30,Nigeria,18-24,Male,Monthly
8965,2025-05-21,Nigeria,45+,Female,Annual
8966,2025-05-30,Nigeria,25-34,Male,Monthly
8967,2025-05-18,NG,25-34,Male,Monthly
8968,2025-05-09,Canada,18/24,Male,Monthly
8969,2025-05-19,Nigeria,25-34,Female,Annual
8970,2025-05-20,United Kingdom,18-24,Female,Monthly
8971,2025-05-05,Nigeria,18-24,Male,Annual
8972,2025-05-07,Nigeria,35-44,Male,Monthly
8973,2025-05-10,Nigeria,18-24,Female,Monthly
8974,2025-05-17,United Kingdom,18 to 24,Male,Monthly
8975,2025-05-05,United Kingdom,25-34,Female,Monthly
8976,2025-05-24,Canada,18-24,Female,Annual
8977,2025-05-04,Canada,18-24,Female,Annual
8978,2025-05-30,Nigeria,25-34,Female,Monthly
8979,2025-05-21,United Kingdom,45+,Female,Annual
8980,2025-05-11,Nigeria,35-44,Male,Monthly
8981,2025-05-12,Nigeria,25-34,Female,Monthly
8982,2025-05-22,United Kingdom,45+,Male,Monthly
8983,2025-05-03,Nigeria,25 to 34,Male,Annual
8984,2025-05-23,Nigeria,25-34,Male,Monthly
8985,2025-05-18,Nigeria,18-24,Female,Annual
8986,2025-05-07,Nigeria,25-34,Male,Monthly
8987,2025-05-28,Canada,25-34,Female,Monthly
8988,2025-05-20,Nigeria,25-34,Male,Monthly
8989,2025-05-06,United Kingdom,45+,Female,Monthly
8990,2025-05-21,CAN,25-34,Male,Annual
8991,2025-05-13,United Kingdom,25-34,Female,Monthly
8992,2025-05-24,Nigeria,18-24,Male,Monthly
8993,2025-05-16,Canada,35-44,Female,Annual
8994,2025-05-31,Nigeria,25-34,Female,Monthly
8995,2025-05-29,Nigeria,25-34,Male,Monthly
8996,2025-05-02,United Kingdom,45+,Female,Monthly
8997,2025-05-13,Nigeria,18-24,Male,Monthly
8998,2025-05-07,Canada,18-24,Male,Annual
8999,2025-05-14,Nigeria,25-34,Male,Monthly
9000,2025-05-05,United Kingdom,35-44,Male,Annual
9001,2025-05-17,United Kingdom,45+,Male,Monthly
9002,2025-05-05,NGR,25-34,Male,Annual
9003,2025-05-20,Nigeria,25-34,Female,Monthly
9004,2025-05-15,Nigeria,35-44,Male,Annual
9005,2025-05-31,Canada,25-34,Male,Annual
9006,2025-05-28,United Kingdom,25-34,Female,Annual
9007,2025-05-19,Nigeria,25/34,Female,Monthly
9008,2025-05-14,Nigeria,35-44,Female,Annual
9009,2025-05-23,Canada,18-24,Male,Annual
9010,2025-05-21,United Kingdom,25-34,Female,Annual
9011,2025-05-05,United Kingdom,18-24,Male,Annual
9012,2025-05-12,Canada,35-44,Male,Monthly
9013,2025-05-31,Nigeria,45+,Male,Monthly
9014,2025-05-10,Nigeria,35-44,Female,Annual
9015,2025-05-01,United Kingdom,18-24,Male,Annual
9016,2025-05-26,Canada,25-34,Male,Annual
9017,2025-05-29,Nigeria,35-44,Female,Monthly
9018,2025-05-21,United Kingdom,45+,Female,Annual
9019,2025-05-20,Nigeria,18-24,Female,Annual
9020,2025-05-11,Nigeria,18-24,Male,Annual
9021,2025-05-12,Canada,45+,Female,Annual
9022,2025-05-29,Nigeria,45+,Female,Monthly
9023,2025-05-27,Nigeria,25-34,Female,Annual
9024,2025-05-16,Canada,25-34,Female,Monthly
9025,2025-05-10,Nigeria,35-44,Female,Monthly
9026,2025-05-06,Nigeria,18/24,Male,Monthly
9027,2025-05-01,Canada,35-44,Female,Annual
9028,2025-05-15,Nigeria,25-34,Male,Monthly
9029,2025-05-18,United Kingdom,35-44,Female,Monthly
9030,2025-05-21,Nigeria,25-34,Female,Monthly
9031,2025-05-25,Nigeria,25-34,Male,Monthly
9032,2025-05-12,United Kingdom,25-34,Male,Annual
9033,2025-05-06,Nigeria,25-34,Male,Monthly
9034,2025-05-27,Canada,18-24,Female,Monthly
9035,2025-05-24,Canada,25-34,Male,Annual
9036,2025-05-17,Canada,25-34,Male,Annual
9037,2025-05-02,Nigeria,35-44,Female,Monthly
9038,2025-05-15,Nigeria,25-34,Male,Annual
9039,2025-05-20,Canada,35-44,Female,Monthly
9040,2025-05-27,Nigeria,25-34,Female,Monthly
9041,2025-05-16,United Kingdom,25-34,Male,Monthly
9042,2025-05-15,Canada,18-24,Male,Annual
9043,2025-05-12,Nigeria,25-34,Male,Monthly
9044,2025-05-13,Nigeria,25-34,Male,Monthly
9045,2025-05-01,United Kingdom,25-34,Female,Monthly
9046,2025-05-04,United Kingdom,25-34,Male,Annual
9047,2025-05-24,Nigeria,25-34,female,Annual
9048,2025-05-12,United Kingdom,25-34,Female,Annual
9049,2025-05-27,Canada,25-34,Female,Annual
9050,2025-05-13,Nigeria,25-34,Male,Monthly
9051,2025-05-31,Nigeria,45+,Female,Annual
9052,2025-05-06,United Kingdom,25-34,Male,Annual
9053,2025-05-06,Canada,25-34,Male,Monthly
9054,2025-05-19,NG,35-44,Male,Annual
9055,2025-05-25,Nigeria,25-34,Male,Annual
9056,2025-05-05,Canada,18-24,Male,Monthly
9057,2025-05-16,Canada,25-34,Male,Monthly
9058,2025-05-07,United Kingdom,35-44,Female,Monthly
9059,2025-05-23,Nigeria,25 to 34,Male,Monthly
9060,2025-05-18,Nigeria,25-34,Male,Annual
9061,2025-05-21,United Kingdom,25-34,FEMALE,Monthly
9062,2025-05-09,Nigeria,35-44,male,Monthly
9063,2025-05-09,Nigeria,35/44,Male,Monthly
9064,2025-05-20,Canada,35-44,Male,Monthly
9065,2025-05-11,Nigeria,18-24,Male,Monthly
9066,2025-05-22,Canada,25-34,Male,Monthly
9067,2025-05-05,United Kingdom,18-24,Male,Monthly
9068,2025-05-10,Canada,25-34,Female,Annual
9069,2025-05-04,Nigeria,18-24,Female,Monthly
9070,2025-05-03,United Kingdom,25-34,Male,Annual
9071,2025-05-09,United Kingdom,35-44,Female,Monthly
9072,2025-05-16,Canada,25-34,Female,Monthly
9073,2025-05-05,Nigeria,18-24,Female,Annual
9074,2025-05-03,Nigeria,18-24,Male,Annual
9075,2025-05-28,Canada,45+,male,Monthly
9076,2025-05-16,Nigeria,18 to 24,Male,Annual
9077,2025-05-23,United Kingdom,35-44,FEMALE,Annual
9078,2025-05-23,Nigeria,18-24,Male,Annual
9079,2025-05-04,Nigeria,25-34,Female,Monthly
9080,2025-05-20,United Kingdom,45+,Female,Annual
9081,2025-05-27,United Kingdom,18-24,Female,Monthly
9082,2025-05-14,United Kingdom,35-44,Female,Monthly
9083,2025-05-27,Nigeria,35-44,Male,Annual
9084,2025-05-30,United Kingdom,18-24,Female,Monthly
9085,2025-05-17,CA,45+,Male,Annual
9086,2025-05-04,Nigeria,45+,Male,Annual
9087,2025-05-20,Nigeria,35-44,Female,Monthly
9088,2025-05-28,Nigeria,25-34,MALE,Annual
9089,2025-05-18,Canada,25 to 34,FEMALE,Monthly
9090,2025-05-25,Nigeria,18-24,Male,Monthly
9091,2025-05-17,United Kingdom,35-44,Male,Annual
9092,2025-05-14,Nigeria,35-44,MALE,Monthly
9093,2025-05-30,United Kingdom,18-24,Male,Monthly
9094,2025-05-05,Canada,18-24,Male,Annual
9095,2025-05-14,United Kingdom,35-44,Female,Monthly
9096,2025-05-05,Nigeria,45+,Male,Monthly
9097,2025-05-21,Nigeria,45+,Male,Monthly
9098,2025-05-29,United Kingdom,35-44,Female,Monthly
9099,2025-05-31,Nigeria,25-34,Female,Monthly
9100,2025-05-08,Canada,35-44,Female,Annual
9101,2025-05-23,Nigeria,18-24,Female,Annual
9102,2025-05-28,Nigeria,35-44,Female,Monthly
9103,2025-05-26,Nigeria,45+,Female,Monthly
9104,2025-05-16,United Kingdom,25-34,Male,Monthly
9105,2025-05-06,Canada,25-34,Male,Annual
9106,2025-05-15,Nigeria,45+,Male,Monthly
9107,2025-05-25,Nigeria,25 to 34,Female,Annual
9108,2025-05-20,Nigeria,35-44,Male,Annual
9109,2025-05-13,NGR,25-34,Female,Monthly
9110,2025-05-07,Canada,35-44,Female,Annual
9111,2025-05-21,Nigeria,35-44,Male,Monthly
9112,2025-05-14,United Kingdom,35-44,Male,Monthly
9113,2025-05-15,Canada,25-34,female,Monthly
9114,2025-05-30,Canada,25-34,Male,Monthly
9115,2025-05-01,United Kingdom,18-24,Male,Monthly
9116,2025-05-08,United Kingdom,18-24,Male,Monthly
9117,2025-05-29,United Kingdom,18-24,Male,Monthly
9118,2025-05-29,Nigeria,25-34,Female,Monthly
9119,2025-05-10,Nigeria,25-34,Female,Annual
9120,2025-05-31,Nigeria,25-34,MALE,Annual
9121,2025-05-07,Nigeria,25/34,MALE,Monthly
9122,2025-05-02,Nigeria,35-44,Female,Annual
9123,2025-05-10,Canada,35-44,Female,Monthly
9124,2025-05-17,Canada,35-44,Female,Annual
9125,2025-05-01,Nigeria,45+,Male,Monthly
9126,2025-05-06,Nigeria,25-34,Female,Annual
9127,2025-05-25,United Kingdom,35-44,Male,Monthly
9128,2025-05-20,United Kingdom,45+,Female,Annual
9129,2025-05-19,Nigeria,25-34,Female,Monthly
9130,2025-05-31,Canada,35-44,Female,Monthly
9131,2025-05-08,Nigeria,35-44,Male,Annual
9132,2025-05-28,Nigeria,18 to 24,Female,Annual
9133,2025-05-12,United Kingdom,18-24,Female,Monthly
9134,2025-05-29,United Kingdom,25-34,Male,Monthly
9135,2025-05-25,Nigeria,45+,Male,Annual
9136,2025-05-07,United Kingdom,18-24,Female,Monthly
9137,2025-05-07,Canada,35-44,Male,Annual
9138,2025-05-17,Nigeria,25-34,Female,Annual
9139,2025-05-16,United Kingdom,25-34,Male,Monthly
9140,2025-05-08,Nigeria,18-24,Female,Annual
9141,2025-05-09,Nigeria,35-44,Male,Monthly
9142,2025-05-28,Nigeria,45+,MALE,Annual
9143,2025-05-24,Nigeria,25-34,Male,Monthly
9144,2025-05-06,Nigeria,18-24,Male,Monthly
9145,2025-05-23,Canada,25-34,Female,Annual
9146,2025-05-05,Nigeria,18-24,Male,Monthly
9147,2025-05-14,Canada,25-34,Female,Monthly
9148,2025-05-01,Nigeria,35-44,Female,Annual
9149,2025-05-21,Canada,25-34,Male,Monthly
9150,2025-05-06,United Kingdom,35-44,Male,Annual
9151,2025-05-08,Nigeria,25-34,Male,Annual
9152,2025-05-06,United Kingdom,18-24,Male,Monthly
9153,2025-05-06,Canada,25-34,Male,Annual
9154,2025-05-03,United Kingdom,35-44,Male,Monthly
9155,2025-05-18,Nigeria,35-44,Male,Monthly
9156,2025-05-27,United Kingdom,25-34,Male,Monthly
9157,2025-05-10,United Kingdom,25-34,Female,Annual
9158,2025-05-25,Nigeria,25-34,Male,Annual
9159,2025-05-17,United Kingdom,18-24,Male,Monthly
9160,2025-05-08,Nigeria,35 to 44,male,Annual
9161,2025-05-02,Nigeria,25-34,Female,Monthly
9162,2025-05-25,United Kingdom,18-24,Female,Monthly
9163,2025-05-01,UK,18-24,Female,Monthly
9164,2025-05-14,Nigeria,18-24,Female,Monthly
9165,2025-05-02,Nigeria,35-44,Male,Annual
9166,2025-05-25,Nigeria,35 to 44,Female,Annual
9167,2025-05-31,United Kingdom,35-44,Female,Monthly
9168,2025-05-11,Nigeria,45+,Male,Monthly
9169,2025-05-10,Nigeria,25-34,Female,Annual
9170,2025-05-18,Nigeria,45+,Female,Annual
9171,2025-05-16,Canada,18/24,Male,Monthly
9172,2025-05-12,Nigeria,45+,Male,Annual
9173,2025-05-12,United Kingdom,25-34,MALE,Monthly
9174,2025-05-06,Nigeria,45+,Male,Annual
9175,2025-05-08,Nigeria,25-34,MALE,Monthly
9176,2025-05-19,Nigeria,18-24,Female,Monthly
9177,2025-05-23,Nigeria,25-34,Male,Monthly
9178,2025-05-24,Nigeria,18-24,Male,Monthly
9179,2025-05-17,Nigeria,35-44,Male,Annual
9180,2025-05-24,Nigeria,25-34,Female,Monthly
9181,2025-05-19,Nigeria,25-34,Female,Monthly
9182,2025-05-12,Nigeria,25-34,Female,Monthly
9183,2025-05-11,Nigeria,35-44,Male,Monthly
9184,2025-05-17,Nigeria,45+,Male,Monthly
9185,2025-05-10,Nigeria,18-24,Female,Annual
9186,2025-05-24,United Kingdom,18-24,Male,Monthly
9187,2025-05-06,Canada,45+,Male,Annual
9188,2025-05-02,United Kingdom,25-34,Male,Monthly
9189,2025-05-16,Nigeria,35-44,Female,Monthly
9190,2025-05-03,UK,35-44,Male,Monthly
9191,2025-05-06,GBR,25-34,Male,Annual
9192,2025-05-12,Nigeria,35-44,Male,Monthly
9193,2025-05-01,Nigeria,18-24,Male,Monthly
9194,2025-05-07,United Kingdom,18-24,Male,Annual
9195,2025-05-17,NG,18-24,Female,Monthly
9196,2025-05-12,Canada,25-34,Male,Annual
9197,2025-05-28,United Kingdom,18-24,Female,Monthly
9198,2025-05-03,United Kingdom,25-34,Male,Monthly
9199,2025-05-23,GBR,45+,Male,Monthly
9200,2025-05-19,Nigeria,25-34,Male,Annual
9201,2025-05-20,Nigeria,35-44,Male,Annual
9202,2025-05-21,Canada,35-44,Female,Monthly
9203,2025-05-02,Nigeria,25-34,Female,Monthly
9204,2025-05-25,Nigeria,25-34,Male,Annual
9205,2025-05-11,Nigeria,25-34,Female,Annual
9206,2025-05-21,Nigeria,35-44,Female,Monthly
9207,2025-05-10,Nigeria,45+,female,Monthly
9208,2025-05-13,United Kingdom,25-34,Female,Annual
9209,2025-05-22,Nigeria,35-44,Female,Monthly
9210,2025-05-29,United Kingdom,45+,Female,Monthly
9211,2025-05-28,Nigeria,35-44,Male,Monthly
9212,2025-05-23,Canada,45+,Female,Monthly
9213,2025-05-17,United Kingdom,35-44,Male,Monthly
9214,2025-05-17,NG,35-44,Male,Annual
9215,2025-05-30,Nigeria,25-34,Female,Monthly
9216,2025-05-07,Nigeria,25-34,Male,Annual
9217,2025-05-30,Canada,18-24,Female,Monthly
9218,2025-05-21,Canada,45+,Male,Annual
9219,2025-05-20,Nigeria,25-34,Female,Annual
9220,2025-05-19,United Kingdom,45+,Female,Annual
9221,2025-05-26,United Kingdom,25-34,Female,Annual
9222,2025-05-22,Nigeria,35-44,Female,Monthly
9223,2025-05-03,United Kingdom,45+,Male,Monthly
9224,2025-05-25,Nigeria,45+,Female,Monthly
9225,2025-05-23,Nigeria,35-44,FEMALE,Monthly
9226,2025-05-29,Canada,25-34,Female,Monthly
9227,2025-05-30,United Kingdom,25-34,Male,Annual
9228,2025-05-30,Canada,25-34,Male,Monthly
9229,2025-05-02,United Kingdom,18-24,Female,Annual
9230,2025-05-20,CA,25-34,Male,Annual
9231,2025-05-29,Nigeria,18-24,Male,Annual
9232,2025-05-30,Nigeria,25-34,Male,Annual
9233,2025-05-18,Nigeria,35-44,Male,Monthly
9234,2025-05-29,United Kingdom,25-34,Male,Annual
9235,2025-05-28,United Kingdom,35-44,Female,Annual
9236,2025-05-01,United Kingdom,35-44,Male,Monthly
9237,2025-05-28,Nigeria,18 to 24,Female,Annual
9238,2025-05-20,Nigeria,45+,Male,Monthly
9239,2025-05-18,Canada,18-24,Male,Monthly
9240,2025-05-06,Canada,25-34,Male,Monthly
9241,2025-05-29,Nigeria,45+,Male,Monthly
9242,2025-05-10,United Kingdom,45+,Female,Annual
9243,2025-05-13,United Kingdom,45+,Male,Monthly
9244,2025-05-10,Canada,35-44,Female,Monthly
9245,2025-05-31,Nigeria,25-34,Male,Annual
9246,2025-05-15,United Kingdom,18-24,Male,Monthly
9247,2025-05-04,Nigeria,35-44,Female,Monthly
9248,2025-05-01,Nigeria,25-34,Male,Annual
9249,2025-05-31,Canada,35-44,Female,Monthly
9250,2025-05-08,Nigeria,35-44,Male,Annual
9251,2025-05-24,Nigeria,25-34,male,Monthly
9252,2025-05-01,Nigeria,18-24,Male,Monthly
9253,2025-05-28,Nigeria,18-24,Male,Monthly
9254,2025-05-21,United Kingdom,35-44,Female,Monthly
9255,2025-05-07,Nigeria,25-34,Female,Annual
9256,2025-05-28,United Kingdom,25 to 34,Female,Monthly
9257,2025-05-10,Canada,35-44,Female,Monthly
9258,2025-05-31,Nigeria,35-44,Female,Monthly
9259,2025-05-19,Canada,35-44,Male,Annual
9260,2025-05-14,Nigeria,25-34,Male,Annual
9261,2025-05-02,Nigeria,18-24,Female,Annual
9262,2025-05-09,Nigeria,25-34,Male,Monthly
9263,2025-05-02,Nigeria,45+,Male,Monthly
9264,2025-05-27,Nigeria,25-34,Female,Monthly
9265,2025-05-04,Nigeria,18/24,Male,Annual
9266,2025-05-04,Canada,18-24,Female,Annual
9267,2025-05-04,United Kingdom,25-34,Male,Monthly
9268,2025-05-31,Canada,35-44,Male,Monthly
9269,2025-05-31,United Kingdom,25-34,Female,Annual
9270,2025-05-23,United Kingdom,25/34,Female,Monthly
9271,2025-05-03,Nigeria,18-24,Male,Annual
9272,2025-05-16,United Kingdom,35-44,Female,Monthly
9273,2025-05-30,Nigeria,35-44,Male,Monthly
9274,2025-05-03,Canada,18/24,Male,Annual
9275,2025-05-25,Canada,18-24,Female,Monthly
9276,2025-05-01,Nigeria,35-44,Male,Monthly
9277,2025-05-25,United Kingdom,35-44,Male,Monthly
9278,2025-05-17,United Kingdom,25-34,Female,Monthly
9279,2025-05-28,United Kingdom,18-24,FEMALE,Monthly
9280,2025-05-13,Nigeria,35-44,Male,Annual
9281,2025-05-25,United Kingdom,45+,Male,Monthly
9282,2025-05-27,Canada,35-44,Female,Monthly
9283,2025-05-11,Nigeria,35-44,Female,Annual
9284,2025-05-20,United Kingdom,35-44,Male,Monthly
9285,2025-05-15,Nigeria,18-24,Male,Monthly
9286,2025-05-14,Canada,35-44,Female,Annual
9287,2025-05-25,Nigeria,45+,Male,Monthly
9288,2025-05-08,Nigeria,25-34,Male,Annual
9289,2025-05-04,Nigeria,18-24,Female,Monthly
9290,2025-05-15,Canada,45+,Male,Monthly
9291,2025-05-26,United Kingdom,18-24,Male,Monthly
9292,2025-05-06,Nigeria,25-34,Male,Monthly
9293,2025-05-11,Nigeria,18-24,Male,Annual
9294,2025-05-21,United Kingdom,25-34,Male,Monthly
9295,2025-05-15,Nigeria,25-34,Male,Monthly
9296,2025-05-19,Nigeria,18-24,Male,Annual
9297,2025-05-17,NGR,45+,Female,Monthly
9298,2025-05-26,Nigeria,25-34,Female,Monthly
9299,2025-05-28,United Kingdom,25 to 34,FEMALE,Monthly
9300,2025-05-14,Nigeria,35-44,Male,Monthly
9301,2025-05-14,United Kingdom,45+,Female,Monthly
9302,2025-05-09,Canada,18-24,Female,Monthly
9303,2025-05-14,Nigeria,45+,Female,Monthly
9304,2025-05-26,United Kingdom,45+,Male,Monthly
9305,2025-05-16,Canada,35 to 44,Male,Monthly
9306,2025-05-22,Canada,18-24,Male,Monthly
9307,2025-05-13,Nigeria,25-34,Female,Monthly
9308,2025-05-22,Nigeria,35-44,Male,Annual
9309,2025-05-23,Canada,18-24,Female,Annual
9310,2025-05-17,Nigeria,25-34,Female,Monthly
9311,2025-05-29,Nigeria,45+,Female,Annual
9312,2025-05-28,Nigeria,25-34,Male,Monthly
9313,2025-05-05,Canada,45+,Male,Monthly
9314,2025-05-08,Nigeria,35-44,Female,Monthly
9315,2025-05-30,Nigeria,45+,Female,Monthly
9316,2025-05-13,United Kingdom,25/34,Male,Monthly
9317,2025-05-10,Nigeria,35-44,Female,Monthly
9318,2025-05-25,Nigeria,18-24,Male,Monthly
9319,2025-05-19,Nigeria,25-34,Female,Monthly
9320,2025-05-05,Nigeria,45+,Female,Annual
9321,2025-05-03,CA,45+,Female,Annual
9322,2025-05-26,Nigeria,25-34,Male,Monthly
9323,2025-05-24,Canada,25-34,Female,Annual
9324,2025-05-11,Nigeria,35-44,Female,Monthly
9325,2025-05-27,Nigeria,25-34,Male,Monthly
9326,2025-05-04,Nigeria,45+,Female,Annual
9327,2025-05-27,United Kingdom,25-34,Male,Monthly
9328,2025-05-03,Nigeria,25 to 34,Female,Annual
9329,2025-05-20,Nigeria,35 to 44,Male,Monthly
9330,2025-05-27,NG,45+,Female,Monthly
9331,2025-05-20,Nigeria,35-44,Male,Annual
9332,2025-05-25,Canada,25-34,Male,Annual
9333,2025-05-11,Nigeria,45+,Male,Monthly
9334,2025-05-09,Nigeria,18-24,Male,Annual
9335,2025-05-09,United Kingdom,35/44,Female,Monthly
9336,2025-05-04,Nigeria,25-34,Female,Monthly
9337,2025-05-09,Nigeria,25-34,Male,Annual
9338,2025-05-08,Nigeria,18/24,Male,Annual
9339,2025-05-24,Nigeria,45+,Male,Annual
9340,2025-05-07,United Kingdom,25-34,Male,Monthly
9341,2025-05-06,Nigeria,18-24,Male,Monthly
9342,2025-05-23,GBR,25-34,Male,Annual
9343,2025-05-17,Nigeria,35-44,Male,Monthly
9344,2025-05-07,Nigeria,25-34,Male,Monthly
9345,2025-05-22,Nigeria,35-44,Female,Monthly
9346,2025-05-07,United Kingdom,25-34,Male,Annual
9347,2025-05-25,Canada,25-34,Male,Annual
9348,2025-05-02,Canada,35-44,Female,Annual
9349,2025-05-19,Nigeria,25-34,Male,Monthly
9350,2025-05-19,Nigeria,35-44,Male,Monthly
9351,2025-05-12,Canada,35-44,Female,Annual
9352,2025-05-22,Nigeria,18-24,Male,Annual
9353,2025-05-12,United Kingdom,18-24,Female,Monthly
9354,2025-05-21,Nigeria,25-34,Female,Annual
9355,2025-05-07,Nigeria,25-34,Male,Monthly
9356,2025-05-18,Nigeria,45+,Male,Monthly
9357,2025-05-24,Nigeria,45+,Male,Annual
9358,2025-05-30,Canada,35/44,Female,Monthly
9359,2025-05-12,United Kingdom,25/34,Male,Annual
9360,2025-05-15,Canada,18-24,Female,Monthly
9361,2025-05-15,United Kingdom,45+,Male,Annual
9362,2025-05-27,Nigeria,35-44,Female,Monthly
9363,2025-05-30,United Kingdom,18-24,Male,Monthly
9364,2025-05-21,Nigeria,25/34,Female,Annual
9365,2025-05-26,Canada,45+,Female,Monthly
9366,2025-05-03,Nigeria,35-44,Female,Monthly
9367,2025-05-24,Canada,25-34,Male,Monthly
9368,2025-05-26,United Kingdom,25-34,Male,Annual
9369,2025-05-23,United Kingdom,25-34,Male,Annual
9370,2025-05-19,United Kingdom,45+,Female,Annual
9371,2025-05-28,United Kingdom,18-24,Female,Monthly
9372,2025-05-21,United Kingdom,25-34,Male,Monthly
9373,2025-05-27,United Kingdom,18-24,Female,Annual
9374,2025-05-06,Nigeria,35-44,Male,Monthly
9375,2025-05-21,United Kingdom,35-44,Male,Annual
9376,2025-05-14,Nigeria,25-34,Male,Monthly
9377,2025-05-27,United Kingdom,35-44,Male,Monthly
9378,2025-05-28,United Kingdom,18-24,Female,Monthly
9379,2025-05-27,Nigeria,18-24,Female,Monthly
9380,2025-05-07,United Kingdom,18-24,Male,Annual
9381,2025-05-16,Nigeria,35-44,Female,Monthly
9382,2025-05-01,United Kingdom,18-24,Male,Monthly
9383,2025-05-31,United Kingdom,25-34,Male,Annual
9384,2025-05-08,United Kingdom,35-44,Female,Monthly
9385,2025-05-20,United Kingdom,35-44,Male,Monthly
9386,2025-05-16,Nigeria,18-24,Female,Monthly
9387,2025-05-29,Nigeria,45+,Male,Monthly
9388,2025-05-26,United Kingdom,25-34,Female,Annual
9389,2025-05-25,Nigeria,45+,Male,Monthly
9390,2025-05-20,Nigeria,25-34,Female,Monthly
9391,2025-05-04,Nigeria,35-44,Female,Annual
9392,2025-05-29,Nigeria,45+,Female,Monthly
9393,2025-05-02,CA,18-24,Female,Annual
9394,2025-05-15,Nigeria,45+,Male,Annual
9395,2025-05-12,Nigeria,45+,Female,Monthly
9396,2025-05-13,Canada,25-34,Female,Annual
9397,2025-05-31,NG,18 to 24,Female,Monthly
9398,2025-05-08,Nigeria,25 to 34,Female,Monthly
9399,2025-05-18,Canada,35-44,Female,Monthly
9400,2025-05-07,Nigeria,25-34,Female,Annual
9401,2025-05-29,Canada,25-34,Male,Monthly
9402,2025-05-23,Nigeria,45+,Male,Monthly
9403,2025-05-13,Nigeria,25/34,Male,Monthly
9404,2025-05-03,Nigeria,45+,Female,Annual
9405,2025-05-05,United Kingdom,35-44,Male,Annual
9406,2025-05-08,Nigeria,25-34,Male,Monthly
9407,2025-05-13,Nigeria,35-44,Male,Annual
9408,2025-05-28,United Kingdom,25-34,Female,Monthly
9409,2025-05-04,Nigeria,25-34,Female,Monthly
9410,2025-05-18,Canada,25-34,Male,Monthly
9411,2025-05-11,Nigeria,25-34,Female,Monthly
9412,2025-05-02,Nigeria,25-34,Male,Monthly
9413,2025-05-20,Nigeria,18-24,Female,Monthly
9414,2025-05-22,Nigeria,35-44,Female,Monthly
9415,2025-05-30,Nigeria,35-44,Female,Annual
9416,2025-05-16,United Kingdom,35-44,Female,Monthly
9417,2025-05-11,United Kingdom,25/34,Female,Monthly
9418,2025-05-27,Nigeria,18-24,Female,Monthly
9419,2025-05-08,Nigeria,18-24,Male,Annual
9420,2025-05-22,Canada,18-24,Female,Annual
9421,2025-05-30,Nigeria,18-24,Male,Monthly
9422,2025-05-01,United Kingdom,18-24,Male,Annual
9423,2025-05-29,Canada,35-44,Male,Monthly
9424,2025-05-07,Nigeria,35-44,Male,Monthly
9425,2025-05-15,United Kingdom,35-44,Female,Annual
9426,2025-05-08,Canada,35-44,Male,Annual
9427,2025-05-05,United Kingdom,25-34,Male,Monthly
9428,2025-05-22,GBR,25-34,Male,Annual
9429,2025-05-15,Nigeria,35-44,Female,Monthly
9430,2025-05-16,United Kingdom,35-44,Male,Monthly
9431,2025-05-15,Nigeria,35-44,Female,Monthly
9432,2025-05-24,Nigeria,25-34,Male,Monthly
9433,2025-05-30,CAN,25-34,Female,Annual
9434,2025-05-16,Nigeria,25-34,Female,Monthly
9435,2025-05-05,NGR,18-24,Male,Annual
9436,2025-05-11,United Kingdom,25-34,Male,Annual
9437,2025-05-16,Canada,25-34,Male,Monthly
9438,2025-05-04,NGR,25-34,Male,Annual
9439,2025-05-08,United Kingdom,35-44,Male,Annual
9440,2025-05-07,CAN,25-34,Female,Monthly
9441,2025-05-31,Canada,35-44,female,Annual
9442,2025-05-13,United Kingdom,35-44,Female,Annual
9443,2025-05-28,United Kingdom,45+,Female,Monthly
9444,2025-05-18,Nigeria,18-24,Male,Monthly
9445,2025-05-16,Nigeria,25-34,Female,Monthly
9446,2025-05-30,Nigeria,35-44,Male,Monthly
9447,2025-05-22,Nigeria,45+,Female,Monthly
9448,2025-05-08,Nigeria,25-34,Female,Annual
9449,2025-05-09,United Kingdom,45+,Female,Monthly
9450,2025-05-21,United Kingdom,35-44,Male,Annual
9451,2025-05-01,United Kingdom,25-34,Male,Monthly
9452,2025-05-05,Canada,25-34,Female,Monthly
9453,2025-05-03,NGR,45+,Female,Annual
9454,2025-05-23,Canada,18 to 24,Female,Monthly
9455,2025-05-14,United Kingdom,45+,Female,Monthly
9456,2025-05-01,Nigeria,25-34,Male,Annual
9457,2025-05-23,Canada,18-24,Male,Monthly
9458,2025-05-21,Nigeria,25-34,Female,Monthly
9459,2025-05-23,Nigeria,35-44,Female,Annual
9460,2025-05-06,Nigeria,18-24,Male,Annual
9461,2025-05-28,United Kingdom,35 to 44,Female,Monthly
9462,2025-05-06,United Kingdom,35-44,Female,Monthly
9463,2025-05-18,Nigeria,35-44,Male,Monthly
9464,2025-05-18,Canada,25-34,Female,Monthly
9465,2025-05-07,Nigeria,35-44,Female,Monthly
9466,2025-05-12,Nigeria,25-34,Female,Annual
9467,2025-05-02,Nigeria,45+,Male,Annual
9468,2025-05-15,Nigeria,25-34,Female,Monthly
9469,2025-05-21,United Kingdom,18-24,Male,Monthly
9470,2025-05-10,Nigeria,25-34,Female,Monthly
9471,2025-05-17,Nigeria,35-44,Female,Monthly
9472,2025-05-30,Nigeria,25-34,Male,Annual
9473,2025-05-08,Canada,35-44,Female,Monthly
9474,2025-05-10,UK,35-44,Female,Monthly
9475,2025-05-04,United Kingdom,18-24,Female,Monthly
9476,2025-05-17,United Kingdom,25 to 34,Male,Annual
9477,2025-05-07,Canada,25-34,Female,Annual
9478,2025-05-27,Nigeria,35-44,Male,Monthly
9479,2025-05-10,Nigeria,45+,Female,Monthly
9480,2025-05-21,United Kingdom,25-34,Female,Monthly
9481,2025-05-06,Nigeria,45+,Female,Monthly
9482,2025-05-11,Nigeria,25/34,Female,Monthly
9483,2025-05-06,Nigeria,45+,Male,Annual
9484,2025-05-18,Nigeria,35-44,Female,Monthly
9485,2025-05-01,United Kingdom,18-24,Male,Monthly
9486,2025-05-03,Nigeria,35-44,Female,Monthly
9487,2025-05-16,Nigeria,35-44,Male,Annual
9488,2025-05-17,Canada,35 to 44,Female,Monthly
9489,2025-05-11,United Kingdom,25-34,Male,Annual
9490,2025-05-14,Nigeria,45+,Female,Monthly
9491,2025-05-13,Nigeria,35-44,Male,Monthly
9492,2025-05-24,Nigeria,25-34,Male,Monthly
9493,2025-05-14,Nigeria,18-24,Male,Monthly
9494,2025-05-27,Nigeria,45+,Female,Monthly
9495,2025-05-07,Nigeria,35-44,Male,Annual
9496,2025-05-07,Canada,45+,Female,Annual
9497,2025-05-13,Canada,25-34,Female,Monthly
9498,2025-05-03,Canada,45+,Male,Monthly
9499,2025-05-21,United Kingdom,18-24,Male,Monthly
9500,2025-05-13,United Kingdom,45+,Female,Monthly
9501,2025-06-12,Canada,25-34,Female,Annual
9502,2025-06-02,Nigeria,25-34,Male,Annual
9503,2025-06-06,Nigeria,35 to 44,Female,Monthly
9504,2025-06-24,Nigeria,18-24,Female,Monthly
9505,2025-06-04,Canada,45+,Male,Monthly
9506,2025-06-15,United Kingdom,25-34,Female,Monthly
9507,2025-06-05,United Kingdom,18-24,Male,Annual
9508,2025-06-17,United Kingdom,35-44,Male,Monthly
9509,2025-06-20,Nigeria,18-24,Female,Monthly
9510,2025-06-15,Canada,25-34,Male,Monthly
9511,2025-06-24,Canada,18-24,Male,Monthly
9512,2025-06-08,United Kingdom,25-34,Male,Monthly
9513,2025-06-17,Nigeria,25-34,Female,Monthly
9514,2025-06-09,Nigeria,45+,Male,Annual
9515,2025-06-16,Nigeria,25-34,Male,Annual
9516,2025-06-02,Nigeria,25-34,Male,Monthly
9517,2025-06-09,United Kingdom,45+,Female,Monthly
9518,2025-06-22,Canada,25-34,Female,Annual
9519,2025-06-24,Canada,35-44,Male,Monthly
9520,2025-06-09,Nigeria,45+,Male,Monthly
9521,2025-06-08,Nigeria,18-24,Male,Monthly
9522,2025-06-09,Nigeria,25-34,Male,Monthly
9523,2025-06-09,UK,35-44,Female,Annual
9524,2025-06-30,Canada,35-44,Male,Monthly
9525,2025-06-20,United Kingdom,25-34,Female,Monthly
9526,2025-06-12,United Kingdom,18-24,Female,Monthly
9527,2025-06-14,United Kingdom,35 to 44,Female,Monthly
9528,2025-06-16,Nigeria,25-34,Male,Annual
9529,2025-06-17,Nigeria,25-34,Female,Annual
9530,2025-06-12,Nigeria,18-24,Male,Annual
9531,2025-06-30,Nigeria,35-44,Female,Monthly
9532,2025-06-09,United Kingdom,45+,Female,Monthly
9533,2025-06-13,Nigeria,25-34,Male,Monthly
9534,2025-06-01,United Kingdom,25-34,Female,Monthly
9535,2025-06-15,United Kingdom,18-24,Female,Annual
9536,2025-06-26,United Kingdom,18/24,Male,Monthly
9537,2025-06-30,NG,25-34,Male,Monthly
9538,2025-06-15,Nigeria,45+,Male,Annual
9539,2025-06-05,United Kingdom,35-44,Male,Monthly
9540,2025-06-22,Nigeria,25-34,Female,Monthly
9541,2025-06-20,United Kingdom,35-44,Female,Monthly
9542,2025-06-29,United Kingdom,25-34,Female,Annual
9543,2025-06-16,Nigeria,18-24,male,Monthly
9544,2025-06-01,Nigeria,25-34,Female,Monthly
9545,2025-06-28,United Kingdom,35-44,Female,Monthly
9546,2025-06-21,United Kingdom,25-34,FEMALE,Annual
9547,2025-06-25,United Kingdom,45+,FEMALE,Annual
9548,2025-06-04,Nigeria,45+,Female,Monthly
9549,2025-06-14,United Kingdom,35-44,Male,Annual
9550,2025-06-14,United Kingdom,35-44,Female,Annual
9551,2025-06-09,Nigeria,35/44,Male,Monthly
9552,2025-06-26,United Kingdom,25-34,Male,Annual
9553,2025-06-06,United Kingdom,45+,male,Monthly
9554,2025-06-03,Canada,35-44,Female,Monthly
9555,2025-06-08,Nigeria,45+,Male,Monthly
9556,2025-06-30,Nigeria,25-34,Female,Monthly
9557,2025-06-04,UK,25-34,Male,Monthly
9558,2025-06-18,Canada,25-34,Male,Annual
9559,2025-06-06,Nigeria,25-34,Male,Annual
9560,2025-06-12,Canada,25-34,Male,Monthly
9561,2025-06-17,Nigeria,18/24,Male,Annual
9562,2025-06-01,Canada,25-34,Male,Monthly
9563,2025-06-08,Nigeria,25-34,Female,Monthly
9564,2025-06-18,Nigeria,25-34,female,Annual
9565,2025-06-01,UK,35-44,Female,Annual
9566,2025-06-15,Nigeria,35-44,Female,Monthly
9567,2025-06-19,Canada,25-34,Male,Monthly
9568,2025-06-07,United Kingdom,18-24,Female,Annual
9569,2025-06-05,Nigeria,45+,Male,Annual
9570,2025-06-15,NG,25-34,Female,Annual
9571,2025-06-22,United Kingdom,45+,Female,Monthly
9572,2025-06-01,Canada,25-34,Male,Annual
9573,2025-06-11,Canada,35-44,Male,Monthly
9574,2025-06-30,Nigeria,25 to 34,Male,Annual
9575,2025-06-11,Nigeria,45+,male,Monthly
9576,2025-06-10,Nigeria,25-34,Female,Monthly
9577,2025-06-23,United Kingdom,35-44,Female,Annual
9578,2025-06-15,Nigeria,25-34,Male,Monthly
9579,2025-06-12,Nigeria,35-44,Male,Monthly
9580,2025-06-24,Canada,18-24,Male,Monthly
9581,2025-06-01,Nigeria,25-34,Female,Monthly
9582,2025-06-22,United Kingdom,45+,Female,Monthly
9583,2025-06-12,Nigeria,18-24,Female,Annual
9584,2025-06-27,Nigeria,25-34,male,Monthly
9585,2025-06-22,Nigeria,45+,Female,Monthly
9586,2025-06-29,Nigeria,18-24,Male,Monthly
9587,2025-06-04,United Kingdom,25-34,Female,Annual
9588,2025-06-06,Nigeria,35-44,Male,Annual
9589,2025-06-28,Canada,45+,Female,Annual
9590,2025-06-12,Canada,35 to 44,Male,Annual
9591,2025-06-25,Nigeria,25-34,Male,Monthly
9592,2025-06-21,Canada,18-24,Female,Monthly
9593,2025-06-15,NG,45+,Female,Annual
9594,2025-06-02,Nigeria,18 to 24,Female,Annual
9595,2025-06-03,Canada,25-34,Male,Annual
9596,2025-06-22,Nigeria,35-44,Male,Annual
9597,2025-06-03,United Kingdom,45+,Female,Monthly
9598,2025-06-01,Nigeria,25-34,Male,Annual
9599,2025-06-07,Canada,35-44,Female,Monthly
9600,2025-06-28,Canada,35-44,Male,Monthly
9601,2025-06-19,GBR,35-44,male,Monthly
9602,2025-06-22,CA,18-24,Male,Monthly
9603,2025-06-20,Nigeria,25-34,Female,Monthly
9604,2025-06-17,United Kingdom,18-24,Female,Monthly
9605,2025-06-08,Nigeria,25-34,female,Annual
9606,2025-06-13,Nigeria,45+,Female,Monthly
9607,2025-06-17,Nigeria,35-44,Male,Annual
9608,2025-06-30,Canada,25-34,Male,Monthly
9609,2025-06-27,United Kingdom,35 to 44,Male,Monthly
9610,2025-06-23,Nigeria,18-24,Male,Monthly
9611,2025-06-25,UK,25-34,Male,Annual
9612,2025-06-25,Canada,25-34,Male,Annual
9613,2025-06-21,Nigeria,35-44,Female,Annual
9614,2025-06-25,Nigeria,18 to 24,Male,Monthly
9615,2025-06-03,United Kingdom,25-34,Female,Monthly
9616,2025-06-01,United Kingdom,25 to 34,Male,Monthly
9617,2025-06-14,Nigeria,25-34,Male,Monthly
9618,2025-06-02,United Kingdom,18-24,Male,Annual
9619,2025-06-11,Nigeria,35-44,Female,Monthly
9620,2025-06-06,United Kingdom,25-34,Female,Monthly
9621,2025-06-29,Nigeria,25 to 34,Male,Monthly
9622,2025-06-20,Nigeria,25-34,Male,Monthly
9623,2025-06-02,Nigeria,25 to 34,Female,Monthly
9624,2025-06-19,United Kingdom,25-34,Male,Annual
9625,2025-06-22,Nigeria,25-34,Male,Monthly
9626,2025-06-10,Nigeria,45+,Male,Monthly
9627,2025-06-27,Nigeria,18-24,Male,Monthly
9628,2025-06-30,NG,25-34,male,Annual
9629,2025-06-30,Nigeria,35-44,Male,Monthly
9630,2025-06-03,Nigeria,25-34,Female,Monthly
9631,2025-06-14,Nigeria,45+,MALE,Annual
9632,2025-06-24,United Kingdom,25-34,Male,Monthly
9633,2025-06-14,Nigeria,35-44,Male,Monthly
9634,2025-06-15,Nigeria,25-34,Male,Monthly
9635,2025-06-10,Canada,18-24,Male,Annual
9636,2025-06-13,United Kingdom,25 to 34,Female,Monthly
9637,2025-06-21,United Kingdom,45+,Female,Monthly
9638,2025-06-01,Nigeria,25-34,Female,Monthly
9639,2025-06-24,NG,25-34,Male,Monthly
9640,2025-06-22,NG,25-34,Male,Monthly
9641,2025-06-05,United Kingdom,45+,Female,Monthly
9642,2025-06-24,United Kingdom,25-34,Female,Monthly
9643,2025-06-16,Canada,18-24,Male,Monthly
9644,2025-06-10,NGR,25-34,Female,Monthly
9645,2025-06-14,Nigeria,18/24,Female,Annual
9646,2025-06-16,CAN,35-44,Female,Monthly
9647,2025-06-07,United Kingdom,35-44,Male,Annual
9648,2025-06-19,United Kingdom,45+,Male,Monthly
9649,2025-06-19,Nigeria,35 to 44,Male,Annual
9650,2025-06-12,Nigeria,35-44,Female,Monthly
9651,2025-06-14,Canada,45+,Female,Monthly
9652,2025-06-19,United Kingdom,18-24,Male,Monthly
9653,2025-06-16,Nigeria,35-44,MALE,Monthly
9654,2025-06-14,United Kingdom,25-34,Female,Annual
9655,2025-06-29,Nigeria,18-24,Male,Annual
9656,2025-06-27,United Kingdom,18-24,Male,Monthly
9657,2025-06-12,United Kingdom,25-34,Male,Monthly
9658,2025-06-22,United Kingdom,25-34,Female,Monthly
9659,2025-06-25,Nigeria,18-24,Female,Monthly
9660,2025-06-04,Nigeria,25-34,Female,Annual
9661,2025-06-18,Nigeria,18-24,Male,Annual
9662,2025-06-24,United Kingdom,18-24,Male,Monthly
9663,2025-06-02,Canada,25-34,Female,Monthly
9664,2025-06-11,Canada,25-34,Female,Monthly
9665,2025-06-24,United Kingdom,25-34,Female,Monthly
9666,2025-06-29,Nigeria,25-34,Male,Monthly
9667,2025-06-30,Nigeria,18-24,Male,Monthly
9668,2025-06-19,Canada,18-24,Female,Monthly
9669,2025-06-02,United Kingdom,45+,Male,Annual
9670,2025-06-01,Nigeria,25-34,Male,Monthly
9671,2025-06-25,United Kingdom,18-24,Male,Monthly
9672,2025-06-23,United Kingdom,25-34,Male,Annual
9673,2025-06-06,Nigeria,45+,Female,Monthly
9674,2025-06-04,Nigeria,25-34,Male,Monthly
9675,2025-06-05,United Kingdom,35-44,Male,Monthly
9676,2025-06-27,Nigeria,35-44,Male,Annual
9677,2025-06-23,Nigeria,25-34,Male,Annual
9678,2025-06-29,Canada,35 to 44,Female,Monthly
9679,2025-06-04,CAN,25-34,Male,Annual
9680,2025-06-21,Nigeria,25-34,Male,Annual
9681,2025-06-28,Nigeria,18-24,Female,Monthly
9682,2025-06-16,United Kingdom,35-44,male,Annual
9683,2025-06-24,Nigeria,25-34,Female,Monthly
9684,2025-06-19,Canada,25-34,Male,Monthly
9685,2025-06-01,United Kingdom,25-34,Female,Annual
9686,2025-06-13,Nigeria,45+,Female,Monthly
9687,2025-06-08,Canada,35-44,Male,Annual
9688,2025-06-03,Nigeria,25-34,Male,Annual
9689,2025-06-18,United Kingdom,35-44,Male,Monthly
9690,2025-06-28,Canada,45+,Male,Monthly
9691,2025-06-02,Nigeria,45+,Female,Annual
9692,2025-06-10,Nigeria,25-34,Male,Monthly
9693,2025-06-21,Canada,18-24,Male,Monthly
9694,2025-06-10,Nigeria,25-34,Female,Monthly
9695,2025-06-04,Nigeria,25-34,Male,Annual
9696,2025-06-06,Nigeria,45+,Female,Monthly
9697,2025-06-01,Nigeria,45+,Female,Monthly
9698,2025-06-30,United Kingdom,25-34,Male,Annual
9699,2025-06-15,Nigeria,45+,Male,Monthly
9700,2025-06-29,Nigeria,18-24,Male,Monthly
9701,2025-06-21,Nigeria,18-24,Male,Annual
9702,2025-06-11,United Kingdom,45+,Female,Monthly
9703,2025-06-29,Canada,35-44,female,Monthly
9704,2025-06-08,United Kingdom,25 to 34,Female,Annual
9705,2025-06-06,United Kingdom,25-34,Female,Monthly
9706,2025-06-25,Canada,35-44,Female,Monthly
9707,2025-06-17,Nigeria,25-34,Female,Monthly
9708,2025-06-13,Nigeria,45+,Female,Monthly
9709,2025-06-18,Nigeria,25-34,Male,Monthly
9710,2025-06-30,Nigeria,35-44,Male,Monthly
9711,2025-06-09,CAN,18-24,Male,Monthly
9712,2025-06-28,Nigeria,25-34,Female,Annual
9713,2025-06-28,Canada,25-34,Male,Annual
9714,2025-06-23,Nigeria,25-34,Female,Monthly
9715,2025-06-05,Nigeria,18-24,Male,Monthly
9716,2025-06-03,Nigeria,25-34,Male,Monthly
9717,2025-06-04,Nigeria,35-44,Female,Annual
9718,2025-06-22,Nigeria,35-44,Male,Annual
9719,2025-06-12,United Kingdom,25 to 34,Male,Annual
9720,2025-06-30,United Kingdom,45+,Female,Monthly
9721,2025-06-01,Canada,25-34,Male,Annual
9722,2025-06-12,Canada,45+,FEMALE,Annual
9723,2025-06-08,United Kingdom,45+,Female,Monthly
9724,2025-06-27,GBR,18-24,Female,Monthly
9725,2025-06-04,Nigeria,35-44,Female,Monthly
9726,2025-06-13,Nigeria,25-34,Male,Annual
9727,2025-06-27,Nigeria,18-24,Female,Monthly
9728,2025-06-30,United Kingdom,35-44,Male,Monthly
9729,2025-06-28,United Kingdom,25-34,Female,Annual
9730,2025-06-20,United Kingdom,25-34,MALE,Monthly
9731,2025-06-05,Canada,25-34,Male,Monthly
9732,2025-06-03,Nigeria,35-44,Male,Annual
9733,2025-06-13,Canada,25-34,male,Monthly
9734,2025-06-15,United Kingdom,18-24,Male,Annual
9735,2025-06-16,United Kingdom,45+,FEMALE,Annual
9736,2025-06-02,Nigeria,25-34,Female,Annual
9737,2025-06-21,Nigeria,25-34,Female,Monthly
9738,2025-06-12,Nigeria,25-34,Male,Monthly
9739,2025-06-04,Canada,25-34,Female,Monthly
9740,2025-06-28,United Kingdom,45+,Female,Monthly
9741,2025-06-11,Nigeria,18-24,Male,Monthly
9742,2025-06-07,United Kingdom,45+,Male,Monthly
9743,2025-06-15,United Kingdom,18/24,Female,Monthly
9744,2025-06-29,Canada,25-34,Female,Monthly
9745,2025-06-25,United Kingdom,18-24,Female,Monthly
9746,2025-06-03,United Kingdom,35-44,Female,Monthly
9747,2025-06-21,United Kingdom,35-44,Female,Annual
9748,2025-06-20,United Kingdom,25-34,Male,Monthly
9749,2025-06-27,Nigeria,25-34,Male,Annual
9750,2025-06-29,Nigeria,18-24,Female,Monthly
9751,2025-06-23,UK,18-24,Female,Monthly
9752,2025-06-20,United Kingdom,25-34,Male,Annual
9753,2025-06-11,United Kingdom,25-34,Female,Annual
9754,2025-06-27,United Kingdom,35-44,Female,Monthly
9755,2025-06-29,United Kingdom,18-24,Female,Monthly
9756,2025-06-30,Nigeria,35-44,Male,Monthly
9757,2025-06-29,Nigeria,25-34,Female,Monthly
9758,2025-06-20,Nigeria,25-34,Female,Annual
9759,2025-06-29,Nigeria,18-24,Male,Monthly
9760,2025-06-24,Nigeria,18-24,Male,Monthly
9761,2025-06-08,United Kingdom,25-34,Male,Monthly
9762,2025-06-01,Nigeria,35-44,FEMALE,Monthly
9763,2025-06-30,Canada,35-44,Male,Monthly
9764,2025-06-13,Canada,18-24,Female,Annual
9765,2025-06-27,Nigeria,25-34,Female,Monthly
9766,2025-06-09,United Kingdom,18-24,Female,Monthly
9767,2025-06-11,Nigeria,25 to 34,Female,Monthly
9768,2025-06-25,Canada,25-34,Female,Annual
9769,2025-06-16,United Kingdom,25-34,Female,Monthly
9770,2025-06-21,Nigeria,25-34,Male,Annual
9771,2025-06-10,Nigeria,25-34,Male,Annual
9772,2025-06-19,Canada,45+,Female,Annual
9773,2025-06-15,Nigeria,35/44,Male,Monthly
9774,2025-06-28,Canada,25-34,Female,Annual
9775,2025-06-15,Nigeria,45+,Male,Monthly
9776,2025-06-03,United Kingdom,25-34,Male,Monthly
9777,2025-06-23,Nigeria,35-44,Female,Monthly
9778,2025-06-29,Nigeria,18-24,Female,Monthly
9779,2025-06-27,Nigeria,25-34,MALE,Monthly
9780,2025-06-04,Nigeria,35-44,Male,Annual
9781,2025-06-30,Canada,18-24,Male,Monthly
9782,2025-06-11,United Kingdom,25-34,Female,Annual
9783,2025-06-26,Nigeria,18/24,Female,Annual
9784,2025-06-19,United Kingdom,25-34,Female,Annual
9785,2025-06-30,Nigeria,25-34,male,Monthly
9786,2025-06-11,United Kingdom,25 to 34,Female,Annual
9787,2025-06-19,Canada,35-44,Female,Annual
9788,2025-06-21,Canada,35-44,MALE,Monthly
9789,2025-06-05,Canada,25-34,Male,Annual
9790,2025-06-24,Nigeria,25-34,Female,Monthly
9791,2025-06-05,Nigeria,25-34,Male,Monthly
9792,2025-06-25,Canada,35-44,Male,Monthly
9793,2025-06-04,Nigeria,35-44,FEMALE,Annual
9794,2025-06-06,Nigeria,35-44,Female,Annual
9795,2025-06-15,Nigeria,45+,Male,Monthly
9796,2025-06-06,United Kingdom,45+,Female,Monthly
9797,2025-06-03,United Kingdom,25-34,Male,Annual
9798,2025-06-02,UK,25/34,Male,Annual
9799,2025-06-09,Nigeria,45+,Male,Monthly
9800,2025-06-15,Nigeria,45+,Male,Annual
9801,2025-06-02,Nigeria,18-24,Male,Monthly
9802,2025-06-05,Canada,25-34,Female,Monthly
9803,2025-06-19,Nigeria,25-34,Female,Monthly
9804,2025-06-10,Canada,45+,Female,Monthly
9805,2025-06-23,United Kingdom,35-44,Male,Monthly
9806,2025-06-26,Canada,45+,Female,Monthly
9807,2025-06-01,Canada,18-24,Male,Monthly
9808,2025-06-29,United Kingdom,25-34,Male,Monthly
9809,2025-06-21,United Kingdom,35-44,male,Monthly
9810,2025-06-25,Nigeria,35 to 44,Female,Monthly
9811,2025-06-15,Canada,25-34,Male,Annual
9812,2025-06-01,Canada,18-24,Male,Monthly
9813,2025-06-27,United Kingdom,35/44,MALE,Monthly
9814,2025-06-18,Nigeria,25-34,Male,Annual
9815,2025-06-02,NGR,25-34,Female,Monthly
9816,2025-06-05,Canada,35-44,Female,Monthly
9817,2025-06-07,United Kingdom,45+,male,Monthly
9818,2025-06-12,UK,35-44,Male,Monthly
9819,2025-06-14,United Kingdom,25-34,Male,Annual
9820,2025-06-13,Nigeria,25-34,Male,Monthly
9821,2025-06-27,Nigeria,25-34,Male,Annual
9822,2025-06-29,Nigeria,25-34,Male,Monthly
9823,2025-06-21,United Kingdom,25-34,Male,Monthly
9824,2025-06-20,United Kingdom,45+,Male,Monthly
9825,2025-06-26,Nigeria,25-34,Female,Annual
9826,2025-06-09,Nigeria,45+,Female,Monthly
9827,2025-06-17,United Kingdom,45+,Female,Monthly
9828,2025-06-20,Canada,18-24,Female,Annual
9829,2025-06-09,UK,18-24,Male,Annual
9830,2025-06-29,Nigeria,25-34,Male,Annual
9831,2025-06-08,Canada,35-44,Female,Monthly
9832,2025-06-02,Nigeria,25-34,Female,Monthly
9833,2025-06-10,Nigeria,25-34,Male,Monthly
9834,2025-06-25,United Kingdom,35-44,Male,Monthly
9835,2025-06-12,Nigeria,25-34,Male,Monthly
9836,2025-06-07,Canada,25-34,Female,Monthly
9837,2025-06-27,Nigeria,18-24,Female,Annual
9838,2025-06-05,Nigeria,35-44,Male,Annual
9839,2025-06-05,United Kingdom,25-34,Male,Annual
9840,2025-06-27,Nigeria,25-34,Male,Monthly
9841,2025-06-10,Nigeria,25-34,Male,Monthly
9842,2025-06-01,Nigeria,35-44,Female,Monthly
9843,2025-06-14,Nigeria,35-44,Female,Monthly
9844,2025-06-23,Canada,25-34,Female,Monthly
9845,2025-06-23,Nigeria,18-24,Female,Monthly
9846,2025-06-03,United Kingdom,18/24,Female,Monthly
9847,2025-06-09,United Kingdom,35-44,Female,Annual
9848,2025-06-19,United Kingdom,35-44,Female,Annual
9849,2025-06-20,United Kingdom,18-24,Male,Monthly
9850,2025-06-19,United Kingdom,45+,Female,Monthly
9851,2025-06-11,Canada,25 to 34,Male,Monthly
9852,2025-06-26,Nigeria,25-34,Female,Annual
9853,2025-06-03,Canada,25-34,Female,Monthly
9854,2025-06-25,Nigeria,25-34,Female,Monthly
9855,2025-06-29,United Kingdom,18-24,Female,Annual
9856,2025-06-21,United Kingdom,25-34,Female,Monthly
9857,2025-06-13,Nigeria,45+,Male,Monthly
9858,2025-06-12,Nigeria,25-34,Male,Annual
9859,2025-06-14,Nigeria,35-44,Female,Annual
9860,2025-06-05,Nigeria,25-34,Female,Monthly
9861,2025-06-07,United Kingdom,35-44,Female,Monthly
9862,2025-06-20,Nigeria,35-44,Male,Annual
9863,2025-06-17,Canada,18-24,Female,Monthly
9864,2025-06-15,Canada,35-44,Female,Monthly
9865,2025-06-15,Nigeria,35-44,Male,Annual
9866,2025-06-03,Nigeria,18-24,Male,Monthly
9867,2025-06-27,Nigeria,45+,Male,Monthly
9868,2025-06-29,Canada,45+,Female,Annual
9869,2025-06-08,Nigeria,18-24,Female,Annual
9870,2025-06-10,Nigeria,35-44,Female,Annual
9871,2025-06-19,UK,45+,Male,Monthly
9872,2025-06-01,United Kingdom,35-44,Male,Monthly
9873,2025-06-04,Nigeria,45+,Female,Monthly
9874,2025-06-28,Canada,45+,Male,Monthly
9875,2025-06-06,Canada,25-34,Female,Monthly
9876,2025-06-18,United Kingdom,25-34,Male,Monthly
9877,2025-06-27,Nigeria,18-24,Female,Monthly
9878,2025-06-22,United Kingdom,18-24,Female,Monthly
9879,2025-06-09,Nigeria,35-44,Female,Monthly
9880,2025-06-05,United Kingdom,35/44,Male,Monthly
9881,2025-06-22,Nigeria,35-44,Female,Monthly
9882,2025-06-13,United Kingdom,25-34,Female,Monthly
9883,2025-06-30,United Kingdom,35-44,Male,Monthly
9884,2025-06-20,NGR,25-34,Male,Monthly
9885,2025-06-01,Canada,35-44,Male,Annual
9886,2025-06-08,Nigeria,45+,Male,Annual
9887,2025-06-23,Nigeria,25-34,Male,Monthly
9888,2025-06-22,United Kingdom,45+,Male,Monthly
9889,2025-06-23,Nigeria,45+,Female,Annual
9890,2025-06-08,Nigeria,25-34,Female,Monthly
9891,2025-06-08,United Kingdom,45+,Female,Monthly
9892,2025-06-07,Nigeria,18-24,Female,Annual
9893,2025-06-21,Nigeria,35-44,Female,Monthly
9894,2025-06-01,United Kingdom,25-34,Female,Annual
9895,2025-06-25,GBR,25-34,Female,Monthly
9896,2025-06-09,United Kingdom,18-24,Male,Annual
9897,2025-06-15,Nigeria,25-34,Male,Monthly
9898,2025-06-08,United Kingdom,25-34,Male,Monthly
9899,2025-06-13,Canada,45+,Male,Annual
9900,2025-06-23,Nigeria,18-24,Female,Monthly
9901,2025-06-06,United Kingdom,18-24,Female,Monthly
9902,2025-06-18,United Kingdom,25/34,Female,Monthly
9903,2025-06-02,United Kingdom,25-34,Male,Annual
9904,2025-06-06,Nigeria,25-34,Female,Monthly
9905,2025-06-21,Canada,18-24,Male,Annual
9906,2025-06-18,Nigeria,35-44,Female,Monthly
9907,2025-06-19,Nigeria,25-34,Male,Monthly
9908,2025-06-07,Nigeria,18-24,Male,Monthly
9909,2025-06-07,Nigeria,25-34,Female,Annual
9910,2025-06-13,Nigeria,35-44,Male,Annual
9911,2025-06-04,Canada,35-44,Male,Annual
9912,2025-06-27,Canada,18-24,Male,Monthly
9913,2025-06-09,Nigeria,25-34,Male,Monthly
9914,2025-06-22,Canada,25-34,Female,Monthly
9915,2025-06-05,GBR,45+,Female,Annual
9916,2025-06-20,Nigeria,45+,Male,Annual
9917,2025-06-07,United Kingdom,35-44,Female,Monthly
9918,2025-06-09,CAN,25-34,Female,Monthly
9919,2025-06-13,Canada,35-44,Female,Monthly
9920,2025-06-04,United Kingdom,25-34,Male,Annual
9921,2025-06-04,Canada,25-34,Female,Annual
9922,2025-06-23,United Kingdom,25-34,female,Monthly
9923,2025-06-11,Nigeria,25-34,Female,Monthly
9924,2025-06-18,Nigeria,25-34,Female,Monthly
9925,2025-06-20,United Kingdom,25-34,Female,Annual
9926,2025-06-19,Nigeria,45+,Female,Annual
9927,2025-06-19,Nigeria,35-44,Female,Monthly
9928,2025-06-30,Nigeria,35-44,Male,Annual
9929,2025-06-19,Canada,25-34,Female,Monthly
9930,2025-06-11,United Kingdom,45+,Female,Annual
9931,2025-06-09,Nigeria,25-34,Female,Annual
9932,2025-06-25,Nigeria,25-34,Female,Annual
9933,2025-06-13,Nigeria,18-24,Male,Monthly
9934,2025-06-17,Nigeria,18-24,Female,Annual
9935,2025-06-25,United Kingdom,45+,Male,Annual
9936,2025-06-08,Nigeria,35-44,Female,Monthly
9937,2025-06-07,NG,25-34,Female,Annual
9938,2025-06-02,Nigeria,25-34,Male,Annual
9939,2025-06-03,Nigeria,35-44,Female,Annual
9940,2025-06-19,Canada,25-34,Male,Monthly
9941,2025-06-16,Nigeria,25-34,Male,Monthly
9942,2025-06-09,Nigeria,25-34,Female,Monthly
9943,2025-06-07,Nigeria,25 to 34,Male,Monthly
9944,2025-06-21,United Kingdom,25-34,Female,Monthly
9945,2025-06-03,Nigeria,25-34,MALE,Annual
9946,2025-06-22,Canada,45+,Male,Monthly
9947,2025-06-28,United Kingdom,18-24,Female,Monthly
9948,2025-06-14,Canada,35-44,Female,Monthly
9949,2025-06-15,United Kingdom,18-24,Male,Annual
9950,2025-06-17,Canada,25-34,Female,Monthly
9951,2025-06-03,United Kingdom,45+,Male,Monthly
9952,2025-06-19,Nigeria,25-34,Female,Monthly
9953,2025-06-11,United Kingdom,25/34,Female,Annual
9954,2025-06-15,United Kingdom,25-34,Male,Monthly
9955,2025-06-01,Nigeria,18-24,Male,Monthly
9956,2025-06-27,United Kingdom,35-44,Male,Monthly
9957,2025-06-11,Nigeria,25-34,Male,Monthly
9958,2025-06-03,United Kingdom,25-34,Female,Monthly
9959,2025-06-24,Nigeria,18-24,Female,Monthly
9960,2025-06-30,Nigeria,25-34,Female,Annual
9961,2025-06-16,Nigeria,35 to 44,Female,Monthly
9962,2025-06-02,Nigeria,25-34,Female,Monthly
9963,2025-06-30,Nigeria,18-24,Male,Annual
9964,2025-06-07,Nigeria,18-24,Female,Monthly
9965,2025-06-08,United Kingdom,35-44,Female,Monthly
9966,2025-06-22,Nigeria,18-24,Male,Monthly
9967,2025-06-10,GBR,18-24,Female,Monthly
9968,2025-06-03,Canada,18-24,male,Monthly
9969,2025-06-21,Nigeria,35-44,Female,Annual
9970,2025-06-08,Nigeria,18-24,Female,Monthly
9971,2025-06-26,Nigeria,35-44,Male,Monthly
9972,2025-06-05,Nigeria,25-34,Male,Monthly
9973,2025-06-28,United Kingdom,25-34,Male,Annual
9974,2025-06-22,United Kingdom,18-24,Female,Annual
9975,2025-06-08,United Kingdom,45+,Female,Monthly
9976,2025-06-18,Nigeria,25-34,Male,Monthly
9977,2025-06-29,United Kingdom,35-44,Female,Monthly
9978,2025-06-02,Nigeria,25-34,Male,Monthly
9979,2025-06-25,Canada,35-44,Female,Monthly
9980,2025-06-14,NGR,18-24,Female,Monthly
9981,2025-06-29,Nigeria,18-24,Female,Monthly
9982,2025-06-07,Canada,18-24,Male,Monthly
9983,2025-06-22,Canada,18-24,Female,Annual
9984,2025-06-30,United Kingdom,25-34,male,Annual
9985,2025-06-11,Nigeria,35-44,Female,Monthly
9986,2025-06-04,Canada,25-34,Male,Annual
9987,2025-06-12,Nigeria,45+,Female,Monthly
9988,2025-06-18,Nigeria,18-24,Male,Annual
9989,2025-06-19,United Kingdom,25-34,Male,Monthly
9990,2025-06-15,Nigeria,25-34,Male,Annual
9991,2025-06-28,Nigeria,35-44,Female,Monthly
9992,2025-06-18,UK,35 to 44,Male,Monthly
9993,2025-06-20,Nigeria,25-34,Female,Annual
9994,2025-06-29,United Kingdom,35-44,Male,Monthly
9995,2025-06-29,United Kingdom,25-34,Male,Monthly
9996,2025-06-11,Nigeria,18-24,Female,Monthly
9997,2025-06-09,United Kingdom,18-24,Male,Monthly
9998,2025-06-23,United Kingdom,25-34,Male,Monthly
9999,2025-06-16,United Kingdom,18-24,Female,Monthly
10000,2025-06-14,United Kingdom,25-34,Female,Monthly
10001,2025-06-21,NG,45+,Female,Monthly
10002,2025-06-20,Canada,25-34,Male,Monthly
10003,2025-06-28,Nigeria,35-44,Male,Monthly
10004,2025-06-11,Nigeria,25-34,Female,Monthly
10005,2025-06-23,United Kingdom,18-24,Female,Monthly
10006,2025-06-07,Canada,25-34,Female,Monthly
10007,2025-06-29,Canada,35-44,Female,Annual
10008,2025-06-03,Nigeria,25-34,Female,Monthly
10009,2025-06-23,Canada,25-34,Female,Monthly
10010,2025-06-04,Nigeria,45+,Female,Monthly
10011,2025-06-27,Nigeria,35-44,Male,Monthly
10012,2025-06-29,United Kingdom,35-44,Male,Monthly
10013,2025-06-25,Nigeria,18-24,Female,Annual
10014,2025-06-24,United Kingdom,35-44,Male,Monthly
10015,2025-06-15,Nigeria,45+,Female,Monthly
10016,2025-06-08,Canada,35-44,Female,Monthly
10017,2025-06-30,NG,25 to 34,MALE,Annual
10018,2025-06-16,Nigeria,45+,Male,Monthly
10019,2025-06-25,United Kingdom,35-44,Female,Annual
10020,2025-06-22,United Kingdom,25-34,Female,Monthly
10021,2025-06-22,Nigeria,18-24,Male,Monthly
10022,2025-06-11,Canada,18-24,Female,Annual
10023,2025-06-13,United Kingdom,25-34,male,Monthly
10024,2025-06-14,Nigeria,25-34,Female,Monthly
10025,2025-06-19,Canada,25-34,Female,Monthly
10026,2025-06-22,Nigeria,18-24,Male,Monthly
10027,2025-06-06,Nigeria,18-24,Male,Monthly
10028,2025-06-07,Nigeria,25-34,Female,Monthly
10029,2025-06-02,Canada,35-44,Male,Monthly
10030,2025-06-16,Canada,18-24,Male,Annual
10031,2025-06-21,Nigeria,25 to 34,Female,Annual
10032,2025-06-07,Nigeria,25-34,Female,Annual
10033,2025-06-22,Nigeria,25-34,Female,Annual
10034,2025-06-01,United Kingdom,25-34,Male,Monthly
10035,2025-06-26,Nigeria,18-24,Male,Annual
10036,2025-06-21,Nigeria,25-34,Female,Monthly
10037,2025-06-21,Nigeria,25-34,FEMALE,Annual
10038,2025-06-22,Nigeria,18-24,Female,Monthly
10039,2025-06-11,United Kingdom,35-44,Male,Monthly
10040,2025-06-30,United Kingdom,25-34,Male,Annual
10041,2025-06-23,Nigeria,35-44,Female,Monthly
10042,2025-06-06,United Kingdom,25-34,Female,Monthly
10043,2025-06-28,Nigeria,25-34,Female,Monthly
10044,2025-06-23,United Kingdom,35-44,Male,Monthly
10045,2025-06-10,Nigeria,25-34,Female,Monthly
10046,2025-06-29,Nigeria,25-34,Male,Annual
10047,2025-06-08,United Kingdom,45+,Male,Monthly
10048,2025-06-20,Nigeria,45+,Female,Annual
10049,2025-06-21,United Kingdom,25-34,Male,Monthly
10050,2025-06-29,Nigeria,18-24,Female,Monthly
10051,2025-06-18,Nigeria,25-34,Male,Monthly
10052,2025-06-30,United Kingdom,45+,Female,Monthly
10053,2025-06-09,Nigeria,45+,Female,Monthly
10054,2025-06-25,Nigeria,18-24,Female,Monthly
10055,2025-06-08,Canada,18-24,Female,Monthly
10056,2025-06-30,Nigeria,25-34,Male,Annual
10057,2025-06-23,Canada,25-34,Female,Annual
10058,2025-06-19,Nigeria,35-44,Female,Monthly
10059,2025-06-02,Canada,25-34,Female,Monthly
10060,2025-06-15,Canada,18-24,Male,Annual
10061,2025-06-05,Nigeria,35-44,Male,Monthly
10062,2025-06-28,United Kingdom,25-34,Male,Annual
10063,2025-06-12,United Kingdom,35-44,MALE,Monthly
10064,2025-06-25,United Kingdom,45+,Female,Monthly
10065,2025-06-28,Nigeria,35-44,Female,Annual
10066,2025-06-04,Canada,35-44,Male,Annual
10067,2025-06-23,United Kingdom,45+,Female,Annual
10068,2025-06-10,NGR,25-34,Male,Monthly
10069,2025-06-04,Canada,18-24,Male,Monthly
10070,2025-06-08,Canada,35-44,Female,Annual
10071,2025-06-17,United Kingdom,25-34,Male,Monthly
10072,2025-06-26,United Kingdom,35/44,Female,Monthly
10073,2025-06-21,Canada,35-44,Male,Monthly
10074,2025-06-07,United Kingdom,25-34,Female,Annual
10075,2025-06-09,Nigeria,25-34,Male,Annual
10076,2025-06-10,United Kingdom,18/24,Female,Monthly
10077,2025-06-23,Nigeria,45+,Male,Monthly
10078,2025-06-16,Canada,25-34,Male,Monthly
10079,2025-06-01,United Kingdom,35-44,Male,Monthly
10080,2025-06-03,United Kingdom,25-34,Male,Annual
10081,2025-06-03,Nigeria,18-24,Male,Annual
10082,2025-06-29,United Kingdom,35-44,Male,Annual
10083,2025-06-16,Nigeria,25-34,Male,Monthly
10084,2025-06-15,United Kingdom,35-44,Male,Annual
10085,2025-06-23,United Kingdom,45+,Male,Annual
10086,2025-06-06,United Kingdom,25-34,Male,Annual
10087,2025-06-01,Nigeria,25-34,Female,Annual
10088,2025-06-09,United Kingdom,25 to 34,Male,Monthly
10089,2025-06-07,Nigeria,25-34,Female,Monthly
10090,2025-06-24,Canada,35-44,Female,Monthly
10091,2025-06-25,Canada,35-44,female,Monthly
10092,2025-06-20,United Kingdom,25-34,Female,Monthly
10093,2025-06-28,Nigeria,25-34,Female,Monthly
10094,2025-06-14,Nigeria,25-34,Male,Annual
10095,2025-06-08,Canada,25-34,Male,Annual
10096,2025-06-10,CA,35-44,Female,Monthly
10097,2025-06-05,Nigeria,45+,Male,Monthly
10098,2025-06-28,United Kingdom,25-34,Female,Monthly
10099,2025-06-19,Nigeria,18-24,Female,Annual
10100,2025-06-24,Nigeria,35-44,Female,Annual
10101,2025-06-09,CAN,25-34,Female,Annual
10102,2025-06-22,Canada,35-44,Male,Monthly
10103,2025-06-10,GBR,25-34,Male,Monthly
10104,2025-06-14,Nigeria,35-44,Male,Annual
10105,2025-06-20,United Kingdom,25-34,Male,Annual
10106,2025-06-30,Canada,18-24,Male,Annual
10107,2025-06-17,United Kingdom,45+,Male,Annual
10108,2025-06-22,Nigeria,25-34,Female,Monthly
10109,2025-06-18,United Kingdom,25 to 34,Male,Monthly
10110,2025-06-13,Nigeria,25-34,Male,Monthly
10111,2025-06-28,United Kingdom,25-34,Female,Monthly
10112,2025-06-29,Canada,25-34,Female,Monthly
10113,2025-06-10,Nigeria,45+,Female,Monthly
10114,2025-06-27,Nigeria,18-24,Female,Monthly
10115,2025-06-14,United Kingdom,35 to 44,Male,Monthly
10116,2025-06-23,United Kingdom,18-24,Male,Annual
10117,2025-06-16,Nigeria,35-44,Female,Annual
10118,2025-06-24,Nigeria,45+,Female,Annual
10119,2025-06-27,United Kingdom,25/34,Male,Monthly
10120,2025-06-13,Nigeria,45+,Female,Monthly
10121,2025-06-22,United Kingdom,35-44,Female,Annual
10122,2025-06-16,United Kingdom,45+,Male,Monthly
10123,2025-06-24,Nigeria,25-34,Male,Monthly
10124,2025-06-06,United Kingdom,45+,Male,Monthly
10125,2025-06-22,United Kingdom,18/24,Male,Monthly
10126,2025-06-18,United Kingdom,18-24,Female,Annual
10127,2025-06-14,United Kingdom,25-34,Male,Monthly
10128,2025-06-12,Nigeria,25-34,Male,Annual
10129,2025-06-22,Nigeria,25/34,Male,Monthly
10130,2025-06-11,United Kingdom,45+,Female,Annual
10131,2025-06-01,Nigeria,18-24,Male,Annual
10132,2025-06-29,Nigeria,25/34,Female,Monthly
10133,2025-06-14,Nigeria,35-44,Female,Monthly
10134,2025-06-05,United Kingdom,45+,Male,Monthly
10135,2025-06-07,Nigeria,25-34,Male,Monthly
10136,2025-06-25,Canada,25-34,Female,Annual
10137,2025-06-10,United Kingdom,35-44,Male,Monthly
10138,2025-06-09,Nigeria,25-34,Female,Annual
10139,2025-06-15,United Kingdom,35-44,Male,Annual
10140,2025-06-01,Nigeria,45+,Female,Monthly
10141,2025-06-17,Canada,25-34,Female,Monthly
10142,2025-06-02,Canada,18-24,Male,Monthly
10143,2025-06-26,Canada,25-34,Female,Monthly
10144,2025-06-13,United Kingdom,45+,Male,Monthly
10145,2025-06-07,Canada,25-34,Female,Monthly
10146,2025-06-14,United Kingdom,18-24,Male,Annual
10147,2025-06-06,Canada,35-44,Female,Monthly
10148,2025-06-10,Nigeria,35-44,Male,Monthly
10149,2025-06-04,Canada,25-34,Male,Monthly
10150,2025-06-21,United Kingdom,25-34,Male,Monthly
10151,2025-06-30,Nigeria,25-34,Female,Monthly
10152,2025-06-15,CAN,25-34,Male,Monthly
10153,2025-06-03,United Kingdom,25-34,Male,Monthly
10154,2025-06-03,Canada,18-24,Female,Monthly
10155,2025-06-25,Nigeria,25-34,Male,Monthly
10156,2025-06-11,United Kingdom,25-34,Male,Monthly
10157,2025-06-09,United Kingdom,25-34,Male,Monthly
10158,2025-06-04,Nigeria,35-44,Female,Annual
10159,2025-06-20,Canada,35-44,Female,Monthly
10160,2025-06-02,United Kingdom,18-24,male,Monthly
10161,2025-06-28,Nigeria,35-44,Male,Annual
10162,2025-06-07,United Kingdom,35-44,Male,Annual
10163,2025-06-03,Nigeria,35-44,MALE,Monthly
10164,2025-06-22,Canada,25-34,Female,Annual
10165,2025-06-11,Canada,18-24,Female,Monthly
10166,2025-06-21,United Kingdom,25-34,Male,Annual
10167,2025-06-02,United Kingdom,45+,Male,Annual
10168,2025-06-26,Nigeria,35-44,male,Annual
10169,2025-06-10,Nigeria,18-24,Male,Monthly
10170,2025-06-23,Canada,35-44,Female,Monthly
10171,2025-06-29,Nigeria,45+,Female,Monthly
10172,2025-06-17,Nigeria,35-44,Female,Monthly
10173,2025-06-11,Nigeria,35-44,Male,Monthly
10174,2025-06-10,United Kingdom,45+,Female,Annual
10175,2025-06-21,Canada,35-44,Male,Annual
10176,2025-06-01,Nigeria,35-44,Female,Monthly
10177,2025-06-05,Nigeria,25-34,Female,Annual
10178,2025-06-20,Nigeria,25-34,Female,Monthly
10179,2025-06-01,Nigeria,45+,Male,Monthly
10180,2025-06-09,Nigeria,25-34,Female,Monthly
10181,2025-06-20,Canada,25-34,male,Monthly
10182,2025-06-08,United Kingdom,25-34,Male,Monthly
10183,2025-06-28,Nigeria,35/44,Female,Monthly
10184,2025-06-30,United Kingdom,35-44,Male,Monthly
10185,2025-06-02,Canada,35-44,Female,Monthly
10186,2025-06-06,Nigeria,45+,Female,Monthly
10187,2025-06-28,Nigeria,25-34,Female,Monthly
10188,2025-06-01,Canada,45+,Male,Monthly
10189,2025-06-15,Nigeria,18-24,Male,Monthly
10190,2025-06-29,Canada,35-44,Female,Monthly
10191,2025-06-18,Canada,18-24,Male,Annual
10192,2025-06-10,Canada,35 to 44,Male,Monthly
10193,2025-06-01,Nigeria,25-34,Male,Monthly
10194,2025-06-12,Nigeria,25-34,Male,Monthly
10195,2025-06-17,Canada,45+,Male,Annual
10196,2025-06-03,Nigeria,35-44,Male,Monthly
10197,2025-06-16,Nigeria,35-44,Female,Monthly
10198,2025-06-13,United Kingdom,25-34,Male,Monthly
10199,2025-06-10,Nigeria,45+,Female,Annual
10200,2025-06-30,United Kingdom,18-24,Male,Annual
10201,2025-06-27,Canada,25/34,Male,Annual
10202,2025-06-21,United Kingdom,35-44,Female,Annual
10203,2025-06-18,Nigeria,35/44,Female,Monthly
10204,2025-06-15,NG,35-44,Male,Monthly
10205,2025-06-03,United Kingdom,18-24,Male,Monthly
10206,2025-06-10,Nigeria,18-24,Male,Monthly
10207,2025-06-01,United Kingdom,35-44,Male,Monthly
10208,2025-06-11,Nigeria,35-44,Female,Annual
10209,2025-06-15,Nigeria,25-34,Female,Monthly
10210,2025-06-19,United Kingdom,25-34,Male,Monthly
10211,2025-06-11,Nigeria,18-24,Female,Monthly
10212,2025-06-08,Nigeria,25-34,Male,Monthly
10213,2025-06-22,United Kingdom,18-24,Female,Monthly
10214,2025-06-05,Nigeria,25-34,Female,Monthly
10215,2025-06-04,United Kingdom,25-34,Male,Monthly
10216,2025-06-21,Nigeria,18-24,Male,Monthly
10217,2025-06-18,United Kingdom,25-34,Male,Monthly
10218,2025-06-27,Canada,25/34,Female,Annual
10219,2025-06-23,Nigeria,18 to 24,Male,Monthly
10220,2025-06-28,Canada,35-44,Male,Monthly
10221,2025-06-20,Nigeria,35-44,Male,Monthly
10222,2025-06-26,Nigeria,25-34,Male,Annual
10223,2025-06-06,Nigeria,18-24,Female,Monthly
10224,2025-06-16,Nigeria,25-34,Male,Monthly
10225,2025-06-29,Nigeria,45+,Male,Annual
10226,2025-06-24,Canada,18 to 24,Male,Monthly
10227,2025-06-13,Canada,25-34,Male,Monthly
10228,2025-06-28,CAN,18-24,Female,Annual
10229,2025-06-10,Canada,35-44,Male,Annual
10230,2025-06-01,Nigeria,35-44,Female,Monthly
10231,2025-06-24,Nigeria,25-34,Female,Monthly
10232,2025-06-13,Nigeria,18-24,Male,Monthly
10233,2025-06-02,United Kingdom,25-34,Female,Monthly
10234,2025-06-07,Canada,45+,female,Monthly
10235,2025-06-03,Nigeria,35-44,Female,Monthly
10236,2025-06-30,Nigeria,18-24,Female,Annual
10237,2025-06-26,Nigeria,45+,Female,Monthly
10238,2025-06-28,Canada,18-24,Female,Monthly
10239,2025-06-06,Nigeria,35-44,Female,Monthly
10240,2025-06-25,United Kingdom,35-44,Female,Monthly
10241,2025-06-17,Nigeria,35-44,Female,Annual
10242,2025-06-09,Nigeria,25-34,Female,Monthly
10243,2025-06-21,Nigeria,25 to 34,Female,Monthly
10244,2025-06-29,Canada,25-34,Female,Annual
10245,2025-06-14,United Kingdom,35-44,Female,Monthly
10246,2025-06-01,Nigeria,18-24,Female,Monthly
10247,2025-06-26,Nigeria,25-34,Female,Monthly
10248,2025-06-06,Nigeria,45+,Female,Monthly
10249,2025-06-06,Nigeria,25-34,Female,Annual
10250,2025-06-19,Nigeria,25-34,Female,Annual
10251,2025-06-24,Nigeria,18-24,Male,Annual
10252,2025-06-24,United Kingdom,35-44,Female,Annual
10253,2025-06-27,Canada,45+,Female,Annual
10254,2025-06-27,United Kingdom,35-44,Male,Monthly
10255,2025-06-04,United Kingdom,25-34,Male,Annual
10256,2025-06-10,CA,25-34,Female,Monthly
10257,2025-06-22,NG,35-44,Male,Annual
10258,2025-06-12,Nigeria,35-44,Male,Annual
10259,2025-06-22,Nigeria,25-34,MALE,Monthly
10260,2025-06-14,Nigeria,35-44,Male,Monthly
10261,2025-06-14,Canada,45+,Male,Monthly
10262,2025-06-01,Nigeria,35-44,Male,Annual
10263,2025-06-19,Nigeria,18-24,Female,Monthly
10264,2025-06-26,United Kingdom,25-34,Male,Annual
10265,2025-06-25,United Kingdom,45+,Male,Monthly
10266,2025-06-11,United Kingdom,25-34,Female,Monthly
10267,2025-06-21,Canada,35-44,Female,Monthly
10268,2025-06-06,United Kingdom,25-34,Male,Monthly
10269,2025-06-20,Canada,25-34,Male,Monthly
10270,2025-06-13,Nigeria,25-34,Male,Annual
10271,2025-06-28,Canada,25-34,Female,Annual
10272,2025-06-22,United Kingdom,45+,Male,Monthly
10273,2025-06-03,Nigeria,25-34,Female,Monthly
10274,2025-06-27,GBR,35 to 44,Male,Annual
10275,2025-06-22,Canada,35-44,Female,Annual
10276,2025-06-07,Canada,25-34,Female,Monthly
10277,2025-06-09,Canada,35-44,Female,Annual
10278,2025-06-06,Nigeria,25-34,Female,Monthly
10279,2025-06-10,Nigeria,45+,Female,Monthly
10280,2025-06-29,Nigeria,25-34,Male,Annual
10281,2025-06-28,Canada,45+,Female,Monthly
10282,2025-06-17,Canada,25-34,Male,Monthly
10283,2025-06-11,GBR,25-34,Male,Monthly
10284,2025-06-11,Canada,25-34,Female,Annual
10285,2025-06-29,United Kingdom,18-24,Male,Annual
10286,2025-06-06,Nigeria,35-44,Male,Monthly
10287,2025-06-23,Nigeria,25 to 34,Male,Monthly
10288,2025-06-30,Nigeria,25-34,Male,Monthly
10289,2025-06-26,Canada,25-34,Male,Annual
10290,2025-06-22,Nigeria,18-24,female,Monthly
10291,2025-06-27,Canada,35-44,Female,Monthly
10292,2025-06-07,United Kingdom,45+,Female,Annual
10293,2025-06-30,Nigeria,35-44,Male,Monthly
10294,2025-06-03,Canada,18-24,Female,Monthly
10295,2025-06-01,United Kingdom,25-34,Male,Annual
10296,2025-06-06,United Kingdom,18/24,Female,Monthly
10297,2025-06-19,Nigeria,25-34,Female,Monthly
10298,2025-06-08,Nigeria,45+,Male,Monthly
10299,2025-06-20,Nigeria,25-34,Female,Annual
10300,2025-06-04,United Kingdom,18-24,Female,Monthly
10301,2025-06-21,Canada,45+,Male,Monthly
10302,2025-06-07,NGR,45+,Male,Monthly
10303,2025-06-16,Canada,35-44,Male,Annual
10304,2025-06-04,Nigeria,35-44,Female,Annual
10305,2025-06-30,GBR,45+,Male,Monthly
10306,2025-06-12,Nigeria,35-44,Male,Monthly
10307,2025-06-19,Nigeria,18-24,Male,Annual
10308,2025-06-15,United Kingdom,25-34,Female,Monthly
10309,2025-06-18,Canada,35-44,Female,Annual
10310,2025-06-14,Canada,25-34,Male,Monthly
10311,2025-06-03,Canada,18-24,Male,Monthly
10312,2025-06-25,Nigeria,25-34,Female,Annual
10313,2025-06-20,Nigeria,35-44,Male,Monthly
10314,2025-06-08,Nigeria,45+,Male,Monthly
10315,2025-06-03,United Kingdom,35-44,Female,Monthly
10316,2025-06-27,United Kingdom,45+,Male,Monthly
10317,2025-06-10,Nigeria,25-34,Female,Monthly
10318,2025-06-28,Nigeria,35-44,Male,Monthly
10319,2025-06-23,United Kingdom,35-44,Male,Annual
10320,2025-06-29,United Kingdom,35-44,Male,Monthly
10321,2025-06-20,Nigeria,18-24,FEMALE,Annual
10322,2025-06-06,Nigeria,25-34,Male,Annual
10323,2025-06-02,United Kingdom,35-44,Female,Monthly
10324,2025-06-08,United Kingdom,25-34,Male,Monthly
10325,2025-06-14,Nigeria,18-24,male,Annual
10326,2025-06-19,Nigeria,45+,Female,Annual
10327,2025-06-27,Canada,25-34,Male,Annual
10328,2025-06-05,United Kingdom,35-44,Female,Annual
10329,2025-06-20,Nigeria,35-44,Male,Monthly
10330,2025-06-03,United Kingdom,18-24,Male,Monthly
10331,2025-06-15,United Kingdom,25-34,Male,Annual
10332,2025-06-03,Nigeria,35-44,Male,Monthly
10333,2025-06-12,Nigeria,18-24,Female,Annual
10334,2025-06-19,NG,35-44,Male,Monthly
10335,2025-06-23,United Kingdom,18-24,Male,Monthly
10336,2025-06-25,Nigeria,25-34,Female,Monthly
10337,2025-06-16,Canada,45+,Female,Annual
10338,2025-06-08,Nigeria,25-34,Male,Monthly
10339,2025-06-28,United Kingdom,25-34,Male,Monthly
10340,2025-06-29,Nigeria,35-44,Female,Monthly
10341,2025-07-14,Canada,18-24,Female,Annual
10342,2025-07-09,United Kingdom,35-44,Female,Annual
10343,2025-07-11,United Kingdom,45+,Male,Monthly
10344,2025-07-26,CA,18-24,Male,Annual
10345,2025-07-06,United Kingdom,25-34,Female,Monthly
10346,2025-07-18,NG,25-34,Female,Monthly
10347,2025-07-03,Nigeria,18-24,Female,Monthly
10348,2025-07-23,Nigeria,25-34,Male,Monthly
10349,2025-07-05,Nigeria,35-44,Male,Monthly
10350,2025-07-30,Canada,25-34,Male,Monthly
10351,2025-07-28,United Kingdom,25-34,Male,Monthly
10352,2025-07-27,Nigeria,18/24,Female,Monthly
10353,2025-07-11,NGR,45+,Male,Monthly
10354,2025-07-25,NG,18-24,Female,Monthly
10355,2025-07-05,Nigeria,25-34,Female,Monthly
10356,2025-07-09,United Kingdom,18 to 24,Male,Annual
10357,2025-07-05,United Kingdom,18-24,Male,Annual
10358,2025-07-02,Nigeria,35 to 44,Female,Monthly
10359,2025-07-12,United Kingdom,25-34,Male,Monthly
10360,2025-07-18,Nigeria,25-34,Male,Monthly
10361,2025-07-27,Canada,18-24,Male,Monthly
10362,2025-07-02,Canada,45+,Male,Annual
10363,2025-07-13,Canada,25-34,Female,Monthly
10364,2025-07-23,United Kingdom,25-34,Male,Monthly
10365,2025-07-07,Nigeria,35-44,Female,Monthly
10366,2025-07-23,Nigeria,18/24,Female,Monthly
10367,2025-07-18,United Kingdom,45+,Female,Monthly
10368,2025-07-18,Nigeria,45+,Female,Monthly
10369,2025-07-04,United Kingdom,18-24,Male,Monthly
10370,2025-07-06,Nigeria,45+,Male,Annual
10371,2025-07-28,Nigeria,35-44,Female,Monthly
10372,2025-07-28,United Kingdom,25-34,male,Annual
10373,2025-07-15,United Kingdom,18-24,Male,Annual
10374,2025-07-19,United Kingdom,35-44,Male,Monthly
10375,2025-07-17,United Kingdom,35-44,Female,Monthly
10376,2025-07-16,Nigeria,25-34,Female,Monthly
10377,2025-07-23,Canada,18-24,Male,Monthly
10378,2025-07-18,United Kingdom,45+,Male,Monthly
10379,2025-07-04,United Kingdom,25-34,Female,Monthly
10380,2025-07-03,Nigeria,45+,Male,Monthly
10381,2025-07-27,United Kingdom,25-34,Female,Monthly
10382,2025-07-23,Nigeria,25-34,Female,Monthly
10383,2025-07-07,United Kingdom,25-34,Female,Monthly
10384,2025-07-02,Nigeria,35-44,Female,Monthly
10385,2025-07-07,Canada,25-34,Female,Monthly
10386,2025-07-18,Canada,18-24,Male,Annual
10387,2025-07-19,United Kingdom,45+,Male,Monthly
10388,2025-07-06,Canada,35-44,Female,Monthly
10389,2025-07-06,United Kingdom,45+,Female,Annual
10390,2025-07-07,Nigeria,25/34,Male,Monthly
10391,2025-07-14,United Kingdom,35-44,Female,Annual
10392,2025-07-08,CAN,25-34,Male,Monthly
10393,2025-07-15,Nigeria,25-34,Male,Monthly
10394,2025-07-01,Nigeria,18-24,Male,Annual
10395,2025-07-30,United Kingdom,35-44,Female,Monthly
10396,2025-07-28,Nigeria,18-24,male,Monthly
10397,2025-07-11,United Kingdom,18-24,Male,Monthly
10398,2025-07-25,United Kingdom,35-44,Male,Monthly
10399,2025-07-17,Canada,25-34,Male,Annual
10400,2025-07-01,Nigeria,25-34,Female,Annual
10401,2025-07-09,Nigeria,25-34,Female,Monthly
10402,2025-07-02,Canada,45+,Male,Monthly
10403,2025-07-22,Nigeria,18-24,Male,Monthly
10404,2025-07-25,United Kingdom,18-24,Male,Annual
10405,2025-07-20,Nigeria,18-24,Male,Monthly
10406,2025-07-01,Nigeria,35-44,Male,Monthly
10407,2025-07-08,Nigeria,25-34,Female,Monthly
10408,2025-07-15,Nigeria,25-34,Female,Annual
10409,2025-07-05,United Kingdom,25-34,Male,Monthly
10410,2025-07-04,United Kingdom,25-34,Female,Monthly
10411,2025-07-10,Canada,25-34,Female,Annual
10412,2025-07-19,Canada,18-24,Male,Monthly
10413,2025-07-03,Nigeria,25-34,Male,Monthly
10414,2025-07-31,Nigeria,25-34,Male,Annual
10415,2025-07-15,Canada,25-34,Female,Annual
10416,2025-07-06,Nigeria,25-34,Female,Monthly
10417,2025-07-01,Nigeria,25-34,Male,Annual
10418,2025-07-30,Nigeria,25-34,Male,Annual
10419,2025-07-19,United Kingdom,25-34,Female,Monthly
10420,2025-07-27,Nigeria,18/24,Male,Monthly
10421,2025-07-25,Nigeria,25-34,Male,Monthly
10422,2025-07-31,United Kingdom,25-34,Male,Monthly
10423,2025-07-28,United Kingdom,35-44,Male,Monthly
10424,2025-07-24,Nigeria,25-34,Female,Monthly
10425,2025-07-27,United Kingdom,35-44,Male,Annual
10426,2025-07-27,Nigeria,35-44,Male,Annual
10427,2025-07-08,Nigeria,45+,Female,Monthly
10428,2025-07-19,Nigeria,45+,Female,Monthly
10429,2025-07-31,Nigeria,18-24,Female,Monthly
10430,2025-07-27,Nigeria,25-34,Male,Monthly
10431,2025-07-04,Canada,35-44,Male,Monthly
10432,2025-07-04,Nigeria,25-34,Female,Monthly
10433,2025-07-07,NG,45+,Female,Monthly
10434,2025-07-23,Nigeria,25-34,male,Annual
10435,2025-07-13,Nigeria,18-24,Female,Monthly
10436,2025-07-20,United Kingdom,25-34,Female,Annual
10437,2025-07-05,Canada,35-44,Male,Monthly
10438,2025-07-02,Nigeria,25-34,FEMALE,Annual
10439,2025-07-24,Nigeria,25-34,Male,Monthly
10440,2025-07-10,United Kingdom,18-24,Female,Annual
10441,2025-07-02,Nigeria,35-44,Male,Monthly
10442,2025-07-07,United Kingdom,25-34,Male,Annual
10443,2025-07-11,Canada,25-34,Male,Annual
10444,2025-07-13,Nigeria,45+,Female,Annual
10445,2025-07-28,Canada,35-44,Male,Monthly
10446,2025-07-07,Nigeria,18-24,Male,Monthly
10447,2025-07-19,Canada,35-44,Female,Monthly
10448,2025-07-09,GBR,18-24,Female,Monthly
10449,2025-07-16,United Kingdom,18-24,Female,Annual
10450,2025-07-10,UK,25-34,FEMALE,Monthly
10451,2025-07-11,Canada,35-44,Female,Annual
10452,2025-07-19,Nigeria,35-44,Male,Monthly
10453,2025-07-19,Nigeria,25-34,Female,Monthly
10454,2025-07-05,Nigeria,18-24,Male,Monthly
10455,2025-07-05,Nigeria,25-34,Male,Annual
10456,2025-07-08,United Kingdom,25-34,Male,Monthly
10457,2025-07-28,United Kingdom,45+,Male,Monthly
10458,2025-07-10,United Kingdom,45+,Male,Monthly
10459,2025-07-18,Nigeria,25-34,Male,Annual
10460,2025-07-14,Nigeria,18-24,Male,Monthly
10461,2025-07-11,Nigeria,25-34,FEMALE,Annual
10462,2025-07-02,CA,18-24,Male,Monthly
10463,2025-07-14,Nigeria,35-44,Male,Annual
10464,2025-07-31,Nigeria,45+,Female,Monthly
10465,2025-07-30,Nigeria,35-44,Male,Monthly
10466,2025-07-10,UK,25-34,Male,Annual
10467,2025-07-17,Nigeria,45+,Male,Annual
10468,2025-07-09,United Kingdom,25-34,Male,Monthly
10469,2025-07-29,Nigeria,25-34,Female,Monthly
10470,2025-07-18,Nigeria,35-44,Male,Monthly
10471,2025-07-29,United Kingdom,35-44,Female,Monthly
10472,2025-07-27,United Kingdom,25-34,Male,Monthly
10473,2025-07-11,United Kingdom,35-44,Female,Monthly
10474,2025-07-15,Nigeria,25-34,Female,Monthly
10475,2025-07-18,UK,18-24,Male,Annual
10476,2025-07-08,United Kingdom,45+,Female,Monthly
10477,2025-07-26,NGR,35-44,Female,Annual
10478,2025-07-18,Nigeria,35-44,Female,Monthly
10479,2025-07-07,Nigeria,35-44,MALE,Monthly
10480,2025-07-15,Nigeria,25-34,Male,Annual
10481,2025-07-26,United Kingdom,45+,female,Monthly
10482,2025-07-14,United Kingdom,45+,Female,Annual
10483,2025-07-23,United Kingdom,45+,Female,Monthly
10484,2025-07-31,Nigeria,25 to 34,Female,Monthly
10485,2025-07-11,Nigeria,35-44,Female,Monthly
10486,2025-07-31,Nigeria,18-24,Female,Monthly
10487,2025-07-13,Canada,25-34,Female,Monthly
10488,2025-07-18,Nigeria,35/44,Female,Monthly
10489,2025-07-24,Nigeria,35-44,Male,Annual
10490,2025-07-03,Nigeria,25-34,Female,Monthly
10491,2025-07-22,Nigeria,45+,Male,Monthly
10492,2025-07-18,GBR,35-44,Female,Annual
10493,2025-07-21,Nigeria,25/34,Male,Annual
10494,2025-07-30,Canada,18-24,Male,Annual
10495,2025-07-16,United Kingdom,45+,Male,Annual
10496,2025-07-29,United Kingdom,35-44,Male,Annual
10497,2025-07-18,United Kingdom,35-44,Female,Monthly
10498,2025-07-07,United Kingdom,18-24,Female,Monthly
10499,2025-07-21,United Kingdom,25-34,Male,Monthly
10500,2025-07-06,Nigeria,25-34,Male,Annual
10501,2025-07-28,Canada,35/44,Male,Monthly
10502,2025-07-05,Nigeria,45+,Male,Monthly
10503,2025-07-16,Nigeria,25/34,Male,Annual
10504,2025-07-26,Nigeria,25-34,female,Annual
10505,2025-07-01,United Kingdom,25-34,Female,Monthly
10506,2025-07-16,Nigeria,45+,Female,Annual
10507,2025-07-16,Nigeria,25-34,Male,Annual
10508,2025-07-11,Nigeria,35-44,Male,Monthly
10509,2025-07-21,Nigeria,25-34,Female,Monthly
10510,2025-07-11,Nigeria,45+,Female,Monthly
10511,2025-07-12,Canada,35-44,Male,Monthly
10512,2025-07-09,Nigeria,25-34,Male,Monthly
10513,2025-07-20,NG,35-44,Male,Monthly
10514,2025-07-28,United Kingdom,25-34,Female,Monthly
10515,2025-07-06,United Kingdom,18-24,Female,Monthly
10516,2025-07-13,Canada,18-24,Male,Monthly
10517,2025-07-08,Nigeria,35-44,Female,Monthly
10518,2025-07-08,United Kingdom,35-44,Male,Annual
10519,2025-07-31,Nigeria,25-34,Male,Annual
10520,2025-07-23,Nigeria,25-34,Female,Annual
10521,2025-07-30,Nigeria,25 to 34,Male,Monthly
10522,2025-07-20,United Kingdom,35-44,Female,Annual
10523,2025-07-21,Canada,35-44,Male,Monthly
10524,2025-07-23,Nigeria,25-34,Male,Monthly
10525,2025-07-21,United Kingdom,18 to 24,Male,Monthly
10526,2025-07-26,Nigeria,45+,Male,Monthly
10527,2025-07-11,Nigeria,25-34,Female,Annual
10528,2025-07-04,Nigeria,18-24,Male,Annual
10529,2025-07-16,United Kingdom,35-44,Female,Monthly
10530,2025-07-01,United Kingdom,45+,female,Monthly
10531,2025-07-02,Nigeria,18/24,Female,Monthly
10532,2025-07-02,Nigeria,18-24,Male,Monthly
10533,2025-07-03,United Kingdom,45+,Female,Monthly
10534,2025-07-22,Canada,35-44,Female,Monthly
10535,2025-07-19,Nigeria,25-34,Female,Annual
10536,2025-07-29,United Kingdom,18-24,Female,Monthly
10537,2025-07-09,United Kingdom,18-24,Female,Monthly
10538,2025-07-11,United Kingdom,25-34,Female,Monthly
10539,2025-07-16,Nigeria,35-44,Male,Monthly
10540,2025-07-25,Canada,25-34,Female,Monthly
10541,2025-07-29,United Kingdom,25-34,Female,Annual
10542,2025-07-23,Nigeria,45+,Male,Monthly
10543,2025-07-16,Canada,25-34,Male,Annual
10544,2025-07-31,Canada,45+,Female,Monthly
10545,2025-07-06,United Kingdom,25-34,Female,Annual
10546,2025-07-15,Canada,18-24,Male,Annual
10547,2025-07-08,Nigeria,45+,Male,Annual
10548,2025-07-06,Canada,18-24,Male,Monthly
10549,2025-07-13,Nigeria,45+,Male,Monthly
10550,2025-07-24,Canada,25-34,MALE,Monthly
10551,2025-07-10,Nigeria,25-34,Male,Monthly
10552,2025-07-26,Nigeria,18-24,MALE,Monthly
10553,2025-07-19,Nigeria,18-24,Male,Monthly
10554,2025-07-22,United Kingdom,18-24,Male,Annual
10555,2025-07-08,United Kingdom,18-24,Male,Monthly
10556,2025-07-27,Canada,25-34,Male,Monthly
10557,2025-07-07,Nigeria,25-34,Female,Monthly
10558,2025-07-12,Nigeria,25 to 34,Female,Monthly
10559,2025-07-25,United Kingdom,35-44,Female,Annual
10560,2025-07-22,Nigeria,18-24,Female,Monthly
10561,2025-07-10,United Kingdom,35-44,Male,Monthly
10562,2025-07-09,NG,45+,Male,Monthly
10563,2025-07-14,United Kingdom,45+,Female,Monthly
10564,2025-07-14,Nigeria,25-34,Female,Annual
10565,2025-07-02,United Kingdom,45+,Female,Monthly
10566,2025-07-08,Canada,25-34,Male,Monthly
10567,2025-07-05,United Kingdom,35-44,Male,Monthly
10568,2025-07-05,Canada,45+,Female,Annual
10569,2025-07-11,Nigeria,25-34,Female,Annual
10570,2025-07-02,United Kingdom,25-34,FEMALE,Monthly
10571,2025-07-21,Nigeria,18-24,Male,Annual
10572,2025-07-21,United Kingdom,18/24,Male,Monthly
10573,2025-07-07,Canada,25-34,Female,Annual
10574,2025-07-28,Canada,18-24,Female,Monthly
10575,2025-07-19,Nigeria,35-44,Male,Monthly
10576,2025-07-10,Canada,35-44,Female,Monthly
10577,2025-07-07,Nigeria,18-24,Male,Monthly
10578,2025-07-14,United Kingdom,35-44,Male,Annual
10579,2025-07-30,United Kingdom,45+,Female,Annual
10580,2025-07-01,United Kingdom,18-24,Male,Annual
10581,2025-07-01,Nigeria,18 to 24,Male,Monthly
10582,2025-07-13,United Kingdom,45+,Male,Monthly
10583,2025-07-29,United Kingdom,25-34,Female,Annual
10584,2025-07-09,United Kingdom,18-24,Male,Monthly
10585,2025-07-24,United Kingdom,18-24,Female,Monthly
10586,2025-07-18,United Kingdom,25-34,Male,Monthly
10587,2025-07-07,Nigeria,35-44,Male,Monthly
10588,2025-07-29,Nigeria,18-24,Female,Monthly
10589,2025-07-06,United Kingdom,25-34,Male,Annual
10590,2025-07-16,United Kingdom,35-44,Male,Monthly
10591,2025-07-21,Nigeria,35-44,Male,Monthly
10592,2025-07-21,Nigeria,35-44,Female,Monthly
10593,2025-07-27,Canada,45+,Male,Annual
10594,2025-07-22,Canada,25-34,Male,Monthly
10595,2025-07-21,United Kingdom,18-24,Female,Monthly
10596,2025-07-05,Canada,18-24,Female,Monthly
10597,2025-07-10,NGR,35-44,Male,Annual
10598,2025-07-11,United Kingdom,35-44,Male,Monthly
10599,2025-07-12,Nigeria,25-34,Female,Annual
10600,2025-07-04,United Kingdom,25-34,Male,Monthly
10601,2025-07-03,Canada,35-44,Female,Annual
10602,2025-07-14,United Kingdom,25-34,Male,Monthly
10603,2025-07-23,Nigeria,45+,Male,Annual
10604,2025-07-28,Canada,18-24,Female,Monthly
10605,2025-07-30,United Kingdom,25-34,male,Monthly
10606,2025-07-15,Nigeria,25-34,Male,Monthly
10607,2025-07-28,UK,45+,Female,Annual
10608,2025-07-15,United Kingdom,25-34,Male,Annual
10609,2025-07-15,Canada,18-24,Male,Annual
10610,2025-07-07,Canada,25-34,Male,Annual
10611,2025-07-20,Nigeria,45+,Female,Monthly
10612,2025-07-10,Canada,35-44,Female,Monthly
10613,2025-07-16,Nigeria,35-44,Male,Monthly
10614,2025-07-30,Canada,35-44,Male,Monthly
10615,2025-07-17,Canada,25-34,Female,Monthly
10616,2025-07-10,Canada,18-24,Female,Monthly
10617,2025-07-21,Canada,25-34,Female,Monthly
10618,2025-07-23,Canada,25-34,Male,Monthly
10619,2025-07-19,Nigeria,25-34,Male,Annual
10620,2025-07-02,Nigeria,18-24,Female,Annual
10621,2025-07-08,Nigeria,45+,Male,Monthly
10622,2025-07-04,Canada,25-34,Male,Monthly
10623,2025-07-30,United Kingdom,45+,Female,Annual
10624,2025-07-10,United Kingdom,45+,Male,Monthly
10625,2025-07-15,Nigeria,25-34,Female,Annual
10626,2025-07-28,United Kingdom,25-34,Female,Monthly
10627,2025-07-31,Nigeria,25-34,Male,Annual
10628,2025-07-07,CA,25-34,Male,Monthly
10629,2025-07-27,Canada,18-24,Female,Monthly
10630,2025-07-23,United Kingdom,35-44,male,Monthly
10631,2025-07-20,Canada,35-44,Female,Monthly
10632,2025-07-06,Nigeria,18-24,Female,Monthly
10633,2025-07-22,Nigeria,25-34,Male,Monthly
10634,2025-07-19,United Kingdom,45+,Male,Monthly
10635,2025-07-14,United Kingdom,18-24,Male,Annual
10636,2025-07-19,Nigeria,25-34,Female,Monthly
10637,2025-07-07,Nigeria,35-44,Female,Monthly
10638,2025-07-20,United Kingdom,25-34,Female,Monthly
10639,2025-07-05,Nigeria,18 to 24,Male,Monthly
10640,2025-07-09,Nigeria,35-44,Male,Monthly
10641,2025-07-16,United Kingdom,45+,Female,Annual
10642,2025-07-06,Canada,35/44,Male,Annual
10643,2025-07-29,Nigeria,35-44,Male,Annual
10644,2025-07-28,Nigeria,18-24,Female,Annual
10645,2025-07-15,Nigeria,35-44,Female,Monthly
10646,2025-07-18,Nigeria,25-34,Male,Annual
10647,2025-07-10,United Kingdom,25/34,Female,Monthly
10648,2025-07-07,Nigeria,35-44,Female,Monthly
10649,2025-07-30,Nigeria,45+,Female,Annual
10650,2025-07-13,Canada,18-24,Male,Monthly
10651,2025-07-30,Canada,25-34,Male,Annual
10652,2025-07-03,Nigeria,35-44,Male,Annual
10653,2025-07-04,Nigeria,25-34,Female,Monthly
10654,2025-07-15,Canada,25-34,Male,Annual
10655,2025-07-25,United Kingdom,18-24,Female,Annual
10656,2025-07-14,Canada,25-34,Male,Monthly
10657,2025-07-27,Nigeria,35 to 44,MALE,Annual
10658,2025-07-05,Canada,35-44,Male,Monthly
10659,2025-07-27,Nigeria,35-44,Female,Monthly
10660,2025-07-14,Nigeria,25-34,Male,Monthly
10661,2025-07-09,United Kingdom,25-34,Female,Monthly
10662,2025-07-20,United Kingdom,35-44,Female,Monthly
10663,2025-07-25,Nigeria,25-34,Male,Annual
10664,2025-07-29,Nigeria,18-24,Female,Monthly
10665,2025-07-03,Canada,35-44,Female,Annual
10666,2025-07-22,Nigeria,25-34,Male,Annual
10667,2025-07-10,Nigeria,35-44,Male,Monthly
10668,2025-07-16,Nigeria,25-34,Male,Monthly
10669,2025-07-15,Nigeria,25-34,Female,Annual
10670,2025-07-24,Canada,18-24,Male,Monthly
10671,2025-07-13,Nigeria,25-34,Female,Annual
10672,2025-07-09,United Kingdom,25-34,FEMALE,Monthly
10673,2025-07-16,United Kingdom,35-44,Female,Annual
10674,2025-07-21,Nigeria,35-44,Female,Monthly
10675,2025-07-27,United Kingdom,25 to 34,Male,Annual
10676,2025-07-01,Nigeria,45+,Female,Annual
10677,2025-07-18,Canada,18-24,Male,Monthly
10678,2025-07-03,Canada,35-44,Female,Monthly
10679,2025-07-20,Canada,35-44,Female,Annual
10680,2025-07-20,Nigeria,25-34,Female,Monthly
10681,2025-07-27,Canada,45+,Female,Monthly
10682,2025-07-06,United Kingdom,35-44,Female,Monthly
10683,2025-07-25,Nigeria,25-34,Female,Monthly
10684,2025-07-22,Nigeria,18-24,Female,Monthly
10685,2025-07-21,Nigeria,18-24,Male,Monthly
10686,2025-07-20,Nigeria,35-44,Male,Monthly
10687,2025-07-18,Nigeria,25-34,Female,Annual
10688,2025-07-02,Canada,45+,Female,Monthly
10689,2025-07-26,CAN,25-34,Female,Monthly
10690,2025-07-13,Nigeria,35 to 44,Female,Monthly
10691,2025-07-04,Canada,35-44,Male,Annual
10692,2025-07-20,United Kingdom,25 to 34,Female,Monthly
10693,2025-07-30,United Kingdom,45+,male,Monthly
10694,2025-07-23,NG,35-44,Male,Monthly
10695,2025-07-08,United Kingdom,45+,Female,Annual
10696,2025-07-26,United Kingdom,25-34,Female,Monthly
10697,2025-07-27,Nigeria,25-34,Female,Monthly
10698,2025-07-11,Nigeria,25-34,Female,Annual
10699,2025-07-17,Canada,18-24,Male,Monthly
10700,2025-07-26,Nigeria,25-34,Female,Annual
10701,2025-07-05,Nigeria,35-44,Female,Monthly
10702,2025-07-11,Nigeria,35/44,Female,Monthly
10703,2025-07-15,United Kingdom,45+,Male,Annual
10704,2025-07-01,Nigeria,25-34,Female,Monthly
10705,2025-07-06,Canada,35-44,male,Monthly
10706,2025-07-19,Nigeria,25-34,Female,Annual
10707,2025-07-09,Canada,25-34,Female,Monthly
10708,2025-07-08,United Kingdom,45+,Male,Annual
10709,2025-07-10,United Kingdom,18/24,Male,Annual
10710,2025-07-04,Nigeria,25-34,Female,Monthly
10711,2025-07-20,Nigeria,25-34,Male,Annual
10712,2025-07-09,Canada,35-44,Female,Monthly
10713,2025-07-21,Canada,35-44,Female,Monthly
10714,2025-07-26,Nigeria,25-34,Female,Monthly
10715,2025-07-15,Canada,25-34,Male,Monthly
10716,2025-07-29,Canada,35-44,Male,Monthly
10717,2025-07-07,Nigeria,25-34,Male,Monthly
10718,2025-07-30,United Kingdom,45+,Male,Monthly
10719,2025-07-10,Canada,18-24,Female,Monthly
10720,2025-07-10,Canada,35-44,Male,Monthly
10721,2025-07-31,Nigeria,35-44,Female,Annual
10722,2025-07-15,Nigeria,45+,Male,Monthly
10723,2025-07-24,Nigeria,25-34,Male,Monthly
10724,2025-07-25,Nigeria,45+,Female,Annual
10725,2025-07-14,Nigeria,25-34,Female,Monthly
10726,2025-07-10,United Kingdom,45+,Male,Monthly
10727,2025-07-16,United Kingdom,25-34,Female,Annual
10728,2025-07-12,Nigeria,45+,Female,Monthly
10729,2025-07-13,United Kingdom,25-34,Male,Monthly
10730,2025-07-08,Nigeria,45+,Female,Annual
10731,2025-07-29,Nigeria,35-44,Female,Monthly
10732,2025-07-18,Canada,25-34,Female,Monthly
10733,2025-07-25,Canada,18-24,Male,Monthly
10734,2025-07-21,Nigeria,25-34,FEMALE,Annual
10735,2025-07-11,Canada,35-44,Male,Annual
10736,2025-07-10,Canada,25-34,Female,Monthly
10737,2025-07-31,United Kingdom,18-24,Female,Monthly
10738,2025-07-01,GBR,45+,Female,Monthly
10739,2025-07-10,Nigeria,35-44,Male,Monthly
10740,2025-07-23,Nigeria,18-24,Male,Monthly
10741,2025-07-17,Canada,45+,Male,Monthly
10742,2025-07-20,United Kingdom,18-24,Female,Monthly
10743,2025-07-01,Nigeria,25-34,Male,Monthly
10744,2025-07-07,Nigeria,35-44,Female,Monthly
10745,2025-07-19,Nigeria,25-34,Female,Annual
10746,2025-07-10,Nigeria,35-44,Male,Monthly
10747,2025-07-15,Nigeria,25-34,Male,Annual
10748,2025-07-30,NGR,45+,Male,Annual
10749,2025-07-20,Nigeria,18-24,Female,Monthly
10750,2025-07-20,Canada,18-24,Male,Monthly
10751,2025-07-07,Nigeria,25-34,Female,Monthly
10752,2025-07-19,Nigeria,25-34,Female,Monthly
10753,2025-07-30,Canada,18-24,Female,Annual
10754,2025-07-20,Nigeria,35-44,Female,Annual
10755,2025-07-25,Nigeria,45+,Male,Annual
10756,2025-07-30,Canada,35-44,Female,Monthly
10757,2025-07-28,Nigeria,25-34,Female,Annual
10758,2025-07-11,Nigeria,18-24,Female,Annual
10759,2025-07-10,NGR,18-24,Male,Monthly
10760,2025-07-09,Nigeria,25-34,Male,Annual
10761,2025-07-24,United Kingdom,18-24,Male,Monthly
10762,2025-07-12,Nigeria,25-34,Female,Annual
10763,2025-07-26,Nigeria,25-34,Female,Monthly
10764,2025-07-25,Nigeria,25-34,Female,Monthly
10765,2025-07-21,United Kingdom,18-24,Male,Monthly
10766,2025-07-04,Nigeria,18-24,Female,Annual
10767,2025-07-23,Canada,25-34,FEMALE,Annual
10768,2025-07-07,Canada,45+,Male,Annual
10769,2025-07-18,United Kingdom,18-24,Male,Annual
10770,2025-07-08,Nigeria,35-44,Male,Monthly
10771,2025-07-02,United Kingdom,25-34,Female,Annual
10772,2025-07-20,United Kingdom,25-34,Female,Annual
10773,2025-07-14,Nigeria,25-34,Female,Annual
10774,2025-07-20,Canada,25/34,Female,Monthly
10775,2025-07-16,United Kingdom,45+,Male,Monthly
10776,2025-07-12,Canada,25-34,Male,Monthly
10777,2025-07-01,NG,35-44,Male,Monthly
10778,2025-07-09,Nigeria,25-34,Male,Monthly
10779,2025-07-28,Nigeria,25-34,Female,Annual
10780,2025-07-24,United Kingdom,25-34,Female,Monthly
10781,2025-07-15,United Kingdom,25-34,Female,Monthly
10782,2025-07-01,Canada,25-34,Female,Annual
10783,2025-07-31,Nigeria,25-34,Male,Annual
10784,2025-07-23,United Kingdom,35-44,Male,Monthly
10785,2025-07-01,Canada,35-44,Male,Monthly
10786,2025-07-07,CAN,35-44,Female,Annual
10787,2025-07-06,Nigeria,25-34,Male,Monthly
10788,2025-07-28,NGR,35-44,Male,Annual
10789,2025-07-30,Nigeria,35-44,female,Annual
10790,2025-07-13,United Kingdom,35 to 44,Male,Annual
10791,2025-07-06,Nigeria,25-34,Male,Monthly
10792,2025-07-20,United Kingdom,35-44,Female,Annual
10793,2025-07-09,Nigeria,25-34,Male,Monthly
10794,2025-07-04,Nigeria,25-34,Female,Monthly
10795,2025-07-09,Nigeria,35-44,Female,Monthly
10796,2025-07-08,Canada,18-24,Female,Annual
10797,2025-07-02,United Kingdom,35/44,Female,Annual
10798,2025-07-22,United Kingdom,35-44,Female,Monthly
10799,2025-07-11,United Kingdom,25-34,Female,Monthly
10800,2025-07-18,Nigeria,45+,Male,Monthly
10801,2025-07-18,Nigeria,25-34,Male,Annual
10802,2025-07-24,Nigeria,35-44,FEMALE,Monthly
10803,2025-07-24,Nigeria,45+,Male,Monthly
10804,2025-07-18,Canada,35-44,Female,Monthly
10805,2025-07-26,Nigeria,35-44,Male,Monthly
10806,2025-07-18,United Kingdom,25-34,Male,Annual
10807,2025-07-01,Canada,25-34,Female,Annual
10808,2025-07-27,Canada,18 to 24,male,Annual
10809,2025-07-24,Nigeria,25-34,Male,Monthly
10810,2025-07-14,Canada,25-34,Female,Annual
10811,2025-07-12,United Kingdom,35-44,Male,Annual
10812,2025-07-28,United Kingdom,25-34,Female,Annual
10813,2025-07-14,Canada,25-34,Male,Annual
10814,2025-07-12,Nigeria,25-34,Male,Monthly
10815,2025-07-23,Canada,35-44,Female,Monthly
10816,2025-07-11,United Kingdom,35-44,Male,Monthly
10817,2025-07-13,Canada,45+,Male,Monthly
10818,2025-07-25,Canada,25-34,Female,Monthly
10819,2025-07-07,United Kingdom,25 to 34,Male,Monthly
10820,2025-07-01,Nigeria,25-34,Male,Monthly
10821,2025-07-11,Nigeria,25-34,Male,Monthly
10822,2025-07-06,Canada,25/34,Male,Monthly
10823,2025-07-12,United Kingdom,45+,Female,Monthly
10824,2025-07-03,Canada,25-34,Female,Monthly
10825,2025-07-19,Nigeria,35-44,Male,Monthly
10826,2025-07-16,United Kingdom,45+,Female,Monthly
10827,2025-07-09,Canada,25-34,Female,Monthly
10828,2025-07-20,Canada,25-34,Male,Annual
10829,2025-07-05,Nigeria,35-44,Male,Annual
10830,2025-07-01,Nigeria,45+,Male,Monthly
10831,2025-07-15,Canada,35-44,Male,Monthly
10832,2025-07-06,Canada,35-44,Male,Annual
10833,2025-07-27,Nigeria,25/34,Male,Monthly
10834,2025-07-10,United Kingdom,25-34,Female,Annual
10835,2025-07-14,Nigeria,18-24,Female,Annual
10836,2025-07-10,Nigeria,25-34,Female,Monthly
10837,2025-07-14,Nigeria,18-24,Female,Monthly
10838,2025-07-04,Nigeria,35-44,Female,Monthly
10839,2025-07-29,Canada,25-34,Male,Annual
10840,2025-07-06,Nigeria,35-44,Male,Monthly
10841,2025-07-13,Canada,45+,Male,Annual
10842,2025-07-27,Nigeria,35-44,Female,Monthly
10843,2025-07-14,Nigeria,25-34,Female,Monthly
10844,2025-07-22,Nigeria,25-34,Female,Annual
10845,2025-07-03,Nigeria,18-24,Female,Monthly
10846,2025-07-10,United Kingdom,18-24,Female,Monthly
10847,2025-07-24,Canada,35-44,male,Annual
10848,2025-07-09,Canada,25-34,Female,Monthly
10849,2025-07-13,Canada,18-24,Male,Annual
10850,2025-07-03,Canada,25-34,Female,Annual
10851,2025-07-16,Canada,25-34,Male,Monthly
10852,2025-07-11,United Kingdom,35-44,Male,Monthly
10853,2025-07-27,United Kingdom,35-44,Male,Monthly
10854,2025-07-13,Nigeria,35 to 44,Female,Monthly
10855,2025-07-26,Nigeria,35-44,Male,Monthly
10856,2025-07-29,United Kingdom,25-34,Female,Monthly
10857,2025-07-27,United Kingdom,45+,Male,Annual
10858,2025-07-24,Nigeria,25-34,Female,Annual
10859,2025-07-19,NG,25/34,Male,Monthly
10860,2025-07-15,Nigeria,25-34,Male,Annual
10861,2025-07-03,United Kingdom,45+,Male,Monthly
10862,2025-07-05,NGR,45+,Male,Annual
10863,2025-07-12,Nigeria,45+,Female,Monthly
10864,2025-07-21,Canada,25-34,Male,Annual
10865,2025-07-01,Canada,45+,Female,Monthly
10866,2025-07-30,United Kingdom,18-24,Female,Monthly
10867,2025-07-31,NG,25-34,Female,Annual
10868,2025-07-03,United Kingdom,35-44,Female,Monthly
10869,2025-07-03,United Kingdom,18-24,Female,Monthly
10870,2025-07-27,United Kingdom,25 to 34,Male,Monthly
10871,2025-07-07,Nigeria,18-24,Female,Monthly
10872,2025-07-06,Nigeria,35-44,Male,Annual
10873,2025-07-06,Nigeria,18-24,Female,Annual
10874,2025-07-22,Nigeria,25-34,Male,Annual
10875,2025-07-05,Canada,35-44,Female,Annual
10876,2025-07-06,Canada,18-24,Female,Monthly
10877,2025-07-13,NGR,18-24,Male,Monthly
10878,2025-07-19,Nigeria,18-24,Male,Annual
10879,2025-07-31,United Kingdom,35-44,female,Monthly
10880,2025-07-08,United Kingdom,35-44,Female,Monthly
10881,2025-07-08,Nigeria,18-24,FEMALE,Annual
10882,2025-07-17,United Kingdom,25-34,Male,Annual
10883,2025-07-13,Nigeria,35/44,Male,Monthly
10884,2025-07-19,Canada,25 to 34,Female,Monthly
10885,2025-07-08,Nigeria,45+,Female,Annual
10886,2025-07-20,Canada,45+,Female,Monthly
10887,2025-07-29,Canada,35-44,Male,Annual
10888,2025-07-22,United Kingdom,35-44,Female,Monthly
10889,2025-07-23,Nigeria,45+,Female,Monthly
10890,2025-07-03,Nigeria,25-34,Male,Annual
10891,2025-07-28,NGR,45+,FEMALE,Monthly
10892,2025-07-22,Nigeria,25-34,Male,Monthly
10893,2025-07-20,Nigeria,45+,Male,Monthly
10894,2025-07-05,GBR,35-44,Female,Monthly
10895,2025-07-18,Canada,45+,Male,Monthly
10896,2025-07-21,United Kingdom,35-44,Female,Annual
10897,2025-07-20,Nigeria,18-24,Female,Annual
10898,2025-07-04,United Kingdom,45+,Female,Monthly
10899,2025-07-02,Canada,35-44,Female,Monthly
10900,2025-07-15,Nigeria,25-34,Male,Annual
10901,2025-07-23,Nigeria,25-34,Male,Monthly
10902,2025-07-12,Nigeria,35-44,Female,Monthly
10903,2025-07-22,United Kingdom,18-24,Female,Annual
10904,2025-07-30,Nigeria,18-24,Female,Annual
10905,2025-07-28,Canada,25-34,Female,Monthly
10906,2025-07-20,Nigeria,25-34,Male,Annual
10907,2025-07-23,Nigeria,45+,Male,Monthly
10908,2025-07-03,NG,18-24,Female,Monthly
10909,2025-07-03,NGR,25-34,Female,Annual
10910,2025-07-22,United Kingdom,25-34,Male,Monthly
10911,2025-07-25,Canada,25-34,Male,Annual
10912,2025-07-07,Nigeria,45+,Male,Monthly
10913,2025-07-19,Nigeria,18-24,Female,Annual
10914,2025-07-09,Nigeria,18-24,Male,Monthly
10915,2025-07-04,United Kingdom,18-24,Female,Monthly
10916,2025-07-12,Canada,45+,Male,Monthly
10917,2025-07-14,Canada,25-34,Female,Annual
10918,2025-07-25,Nigeria,25-34,Male,Monthly
10919,2025-07-27,Nigeria,35-44,Female,Monthly
10920,2025-07-30,CA,18 to 24,Male,Annual
10921,2025-07-04,United Kingdom,35-44,Female,Annual
10922,2025-07-29,Nigeria,35-44,Male,Monthly
10923,2025-07-17,Nigeria,45+,Female,Monthly
10924,2025-07-06,Nigeria,25-34,Male,Monthly
10925,2025-07-21,Nigeria,35-44,Female,Monthly
10926,2025-07-02,Nigeria,18-24,Male,Monthly
10927,2025-07-15,United Kingdom,18 to 24,Male,Monthly
10928,2025-07-26,Nigeria,25-34,Female,Monthly
10929,2025-07-31,United Kingdom,35-44,Female,Annual
10930,2025-07-09,Nigeria,45+,Female,Monthly
10931,2025-07-06,Nigeria,18-24,Female,Monthly
10932,2025-07-19,Nigeria,18-24,Male,Monthly
10933,2025-07-05,Canada,25-34,Female,Monthly
10934,2025-07-31,Canada,25-34,Female,Monthly
10935,2025-07-11,Nigeria,25-34,Female,Annual
10936,2025-07-06,United Kingdom,25-34,Female,Monthly
10937,2025-07-08,United Kingdom,45+,Female,Monthly
10938,2025-07-12,United Kingdom,18-24,Male,Annual
10939,2025-07-23,United Kingdom,45+,Female,Annual
10940,2025-07-27,CAN,25-34,Male,Monthly
10941,2025-07-23,Nigeria,25-34,Male,Monthly
10942,2025-07-21,United Kingdom,18-24,Female,Monthly
10943,2025-07-09,United Kingdom,25-34,Male,Annual
10944,2025-07-30,United Kingdom,25-34,Male,Monthly
10945,2025-07-31,Nigeria,35-44,Male,Annual
10946,2025-07-20,United Kingdom,25-34,Female,Monthly
10947,2025-07-25,Nigeria,25-34,Male,Monthly
10948,2025-07-10,United Kingdom,25-34,Female,Monthly
10949,2025-07-14,United Kingdom,45+,Male,Monthly
10950,2025-07-25,Nigeria,25-34,Female,Annual
10951,2025-07-14,UK,35-44,Female,Monthly
10952,2025-07-24,Canada,35-44,Male,Annual
10953,2025-07-27,United Kingdom,35-44,Female,Annual
10954,2025-07-29,CA,35-44,Female,Annual
10955,2025-07-10,Canada,25-34,Male,Annual
10956,2025-07-15,Nigeria,25-34,Female,Annual
10957,2025-07-12,United Kingdom,35-44,Female,Monthly
10958,2025-07-16,United Kingdom,35 to 44,Female,Monthly
10959,2025-07-24,United Kingdom,35-44,Male,Monthly
10960,2025-07-11,Canada,35-44,Male,Annual
10961,2025-07-08,United Kingdom,35/44,Male,Monthly
10962,2025-07-09,Nigeria,18-24,Male,Monthly
10963,2025-07-24,United Kingdom,18-24,Male,Annual
10964,2025-07-31,Canada,35-44,Male,Monthly
10965,2025-07-04,Nigeria,45+,Male,Annual
10966,2025-07-31,Nigeria,35-44,Male,Monthly
10967,2025-07-01,Nigeria,18-24,Male,Monthly
10968,2025-07-17,United Kingdom,18-24,Female,Annual
10969,2025-07-05,Nigeria,35-44,Female,Monthly
10970,2025-07-30,Nigeria,25/34,Female,Annual
10971,2025-07-24,Nigeria,18 to 24,Male,Annual
10972,2025-07-12,United Kingdom,35-44,male,Monthly
10973,2025-07-22,Nigeria,25-34,Male,Monthly
10974,2025-07-27,Nigeria,18-24,Male,Monthly
10975,2025-07-07,United Kingdom,25-34,Male,Annual
10976,2025-07-20,Nigeria,35-44,Male,Monthly
10977,2025-07-10,Nigeria,25-34,Male,Annual
10978,2025-07-23,United Kingdom,45+,Female,Annual
10979,2025-07-18,Nigeria,25/34,Male,Annual
10980,2025-07-23,Nigeria,25-34,Female,Annual
10981,2025-07-20,Nigeria,18-24,Female,Annual
10982,2025-07-20,Nigeria,45+,Female,Annual
10983,2025-07-03,United Kingdom,25-34,Female,Monthly
10984,2025-07-27,CA,25-34,Female,Annual
10985,2025-07-06,Nigeria,35-44,Female,Annual
10986,2025-07-13,United Kingdom,45+,Male,Monthly
10987,2025-07-16,Canada,35-44,Female,Monthly
10988,2025-07-27,United Kingdom,25-34,Male,Annual
10989,2025-07-20,Canada,25-34,Female,Annual
10990,2025-07-06,United Kingdom,35-44,MALE,Annual
10991,2025-07-09,United Kingdom,25-34,Male,Monthly
10992,2025-07-07,Canada,18-24,Male,Annual
10993,2025-07-19,Nigeria,25-34,Male,Annual
10994,2025-07-23,Canada,18-24,Male,Monthly
10995,2025-07-22,United Kingdom,18-24,Female,Monthly
10996,2025-07-24,United Kingdom,45+,Female,Annual
10997,2025-07-22,Nigeria,25-34,Male,Annual
10998,2025-07-28,Nigeria,35-44,Female,Monthly
10999,2025-07-29,Nigeria,18-24,Female,Annual
11000,2025-07-09,Canada,35-44,Male,Annual
11001,2025-07-10,United Kingdom,25-34,Female,Monthly
11002,2025-07-02,Canada,25-34,Male,Monthly
11003,2025-07-09,Nigeria,35-44,Female,Monthly
11004,2025-07-16,Nigeria,35-44,Female,Monthly
11005,2025-07-21,Nigeria,45+,Female,Monthly
11006,2025-07-28,Nigeria,45+,Male,Annual
11007,2025-07-19,United Kingdom,18-24,Male,Monthly
11008,2025-07-31,Canada,35/44,Male,Annual
11009,2025-07-18,Canada,18-24,Female,Annual
11010,2025-07-27,United Kingdom,25-34,Female,Annual
11011,2025-07-26,Nigeria,25-34,Male,Monthly
11012,2025-07-16,United Kingdom,45+,Female,Monthly
11013,2025-07-28,United Kingdom,25-34,Female,Monthly
11014,2025-07-27,United Kingdom,45+,Male,Monthly
11015,2025-07-10,United Kingdom,25-34,Male,Monthly
11016,2025-07-07,Nigeria,25-34,Female,Annual
11017,2025-07-04,Nigeria,18-24,Female,Monthly
11018,2025-07-29,NGR,45+,male,Monthly
11019,2025-07-14,United Kingdom,45+,Male,Monthly
11020,2025-07-18,Canada,25-34,Male,Monthly
11021,2025-07-09,Nigeria,35-44,Male,Annual
11022,2025-07-13,United Kingdom,18-24,Male,Monthly
11023,2025-07-13,Nigeria,45+,Male,Monthly
11024,2025-07-19,Canada,25-34,Male,Monthly
11025,2025-07-06,Nigeria,35-44,Female,Monthly
11026,2025-07-25,United Kingdom,25-34,Female,Monthly
11027,2025-07-13,Nigeria,18-24,Male,Annual
11028,2025-07-08,Nigeria,25-34,Male,Monthly
11029,2025-07-01,Nigeria,18/24,Female,Annual
11030,2025-07-04,United Kingdom,25-34,Male,Annual
11031,2025-07-09,Canada,18-24,Male,Annual
11032,2025-07-23,CAN,18-24,Female,Monthly
11033,2025-07-27,United Kingdom,25-34,Male,Monthly
11034,2025-07-30,United Kingdom,25-34,Female,Monthly
11035,2025-07-10,Canada,35-44,Male,Annual
11036,2025-07-20,Nigeria,18-24,female,Annual
11037,2025-07-09,Canada,18-24,Male,Annual
11038,2025-07-05,United Kingdom,35-44,Male,Monthly
11039,2025-07-17,United Kingdom,25-34,Male,Annual
11040,2025-07-20,Nigeria,45+,Female,Monthly
11041,2025-07-24,Nigeria,25-34,Male,Annual
11042,2025-07-04,Nigeria,35-44,Female,Monthly
11043,2025-07-24,Canada,45+,Male,Monthly
11044,2025-07-10,United Kingdom,45+,Male,Monthly
11045,2025-07-09,United Kingdom,25-34,Male,Monthly
11046,2025-07-01,United Kingdom,25-34,Female,Monthly
11047,2025-07-07,Canada,35-44,Female,Annual
11048,2025-07-16,Nigeria,25-34,Female,Annual
11049,2025-07-06,Nigeria,18-24,Female,Monthly
11050,2025-07-10,United Kingdom,35-44,Female,Monthly
11051,2025-07-17,Nigeria,25-34,Female,Monthly
11052,2025-07-04,Nigeria,35-44,Male,Annual
11053,2025-07-28,Nigeria,18-24,Female,Annual
11054,2025-07-10,Nigeria,18-24,Male,Monthly
11055,2025-07-24,Canada,25-34,Female,Monthly
11056,2025-07-21,Canada,25-34,Male,Annual
11057,2025-07-24,CA,25-34,Male,Annual
11058,2025-07-09,NGR,18-24,Male,Monthly
11059,2025-07-06,Nigeria,18-24,Male,Monthly
11060,2025-07-05,Nigeria,45+,Male,Monthly
11061,2025-07-08,United Kingdom,25/34,Female,Monthly
11062,2025-07-17,Nigeria,35-44,Male,Annual
11063,2025-07-20,CA,45+,Female,Annual
11064,2025-07-24,Nigeria,25-34,Male,Monthly
11065,2025-07-30,United Kingdom,35-44,Male,Annual
11066,2025-07-26,United Kingdom,35-44,Female,Annual
11067,2025-07-12,Canada,18-24,Male,Annual
11068,2025-07-15,United Kingdom,18-24,Female,Annual
11069,2025-07-30,United Kingdom,25-34,Male,Monthly
11070,2025-07-23,Nigeria,45+,Male,Annual
11071,2025-07-13,United Kingdom,45+,Male,Monthly
11072,2025-07-26,United Kingdom,25 to 34,Male,Monthly
11073,2025-07-05,United Kingdom,35-44,Female,Annual
11074,2025-07-21,Canada,18 to 24,Male,Monthly
11075,2025-07-30,Nigeria,18-24,Male,Monthly
11076,2025-07-17,Nigeria,18-24,Female,Monthly
11077,2025-07-20,NG,35-44,Female,Monthly
11078,2025-07-02,Nigeria,45+,Female,Monthly
11079,2025-07-19,United Kingdom,18-24,Male,Monthly
11080,2025-07-09,United Kingdom,35-44,Male,Monthly
11081,2025-07-31,Canada,18/24,Female,Monthly
11082,2025-07-10,Nigeria,25-34,Female,Monthly
11083,2025-07-10,Nigeria,18-24,Male,Monthly
11084,2025-07-13,Canada,25-34,Female,Annual
11085,2025-07-22,United Kingdom,35-44,Female,Monthly
11086,2025-07-30,United Kingdom,25-34,Male,Monthly
11087,2025-07-11,Nigeria,25-34,Female,Annual
11088,2025-07-07,Nigeria,25-34,Male,Monthly
11089,2025-07-24,Canada,25-34,Female,Monthly
11090,2025-07-17,United Kingdom,25-34,Male,Annual
11091,2025-07-15,Canada,18-24,Female,Annual
11092,2025-07-31,NGR,25-34,Female,Monthly
11093,2025-07-16,United Kingdom,25-34,Female,Annual
11094,2025-07-20,United Kingdom,25-34,Male,Monthly
11095,2025-07-31,United Kingdom,25-34,FEMALE,Annual
11096,2025-07-07,Canada,25-34,Female,Annual
11097,2025-07-28,United Kingdom,25 to 34,Male,Annual
11098,2025-07-30,Nigeria,35-44,Male,Annual
11099,2025-07-15,Canada,35-44,Female,Monthly
11100,2025-07-11,United Kingdom,35-44,Male,Annual
11101,2025-07-06,Canada,25-34,Female,Annual
11102,2025-07-02,Nigeria,18-24,Male,Monthly
11103,2025-07-31,Nigeria,35 to 44,Male,Monthly
11104,2025-07-14,United Kingdom,25-34,Female,Monthly
11105,2025-07-21,Canada,25-34,Male,Monthly
11106,2025-07-08,Nigeria,18-24,Female,Annual
11107,2025-07-11,Nigeria,25-34,Male,Monthly
11108,2025-07-26,Canada,25-34,Male,Monthly
11109,2025-07-21,CA,18-24,Male,Monthly
11110,2025-07-07,Nigeria,18-24,Female,Monthly
11111,2025-07-01,Nigeria,25-34,Female,Monthly
11112,2025-07-26,Nigeria,45+,Male,Monthly
11113,2025-07-03,Nigeria,25-34,Male,Monthly
11114,2025-07-02,Nigeria,25-34,Male,Monthly
11115,2025-07-10,United Kingdom,18-24,Female,Annual
11116,2025-07-29,United Kingdom,18-24,Male,Monthly
11117,2025-07-20,Nigeria,35-44,Male,Monthly
11118,2025-07-02,Nigeria,18-24,Male,Monthly
11119,2025-07-29,UK,18-24,Female,Annual
11120,2025-07-30,United Kingdom,45+,Female,Monthly
11121,2025-07-22,Canada,35-44,Female,Annual
11122,2025-07-03,Nigeria,35-44,Male,Monthly
11123,2025-07-01,Canada,18-24,Male,Annual
11124,2025-07-28,Canada,25-34,Male,Monthly
11125,2025-07-26,Nigeria,18-24,Female,Annual
11126,2025-07-26,United Kingdom,25-34,Male,Monthly
11127,2025-07-16,United Kingdom,35-44,Male,Annual
11128,2025-07-19,Nigeria,18-24,Female,Monthly
11129,2025-07-06,Canada,18-24,Female,Monthly
11130,2025-07-02,Nigeria,25-34,Female,Annual
11131,2025-07-07,United Kingdom,35-44,Male,Monthly
11132,2025-07-20,CA,45+,Female,Monthly
11133,2025-07-13,Nigeria,18/24,Female,Monthly
11134,2025-07-20,Nigeria,35-44,Male,Annual
11135,2025-07-14,Nigeria,25-34,Male,Annual
11136,2025-07-18,CAN,25-34,Male,Annual
11137,2025-07-30,Nigeria,35-44,Male,Monthly
11138,2025-07-20,Nigeria,25-34,Male,Monthly
11139,2025-07-30,United Kingdom,45+,Male,Monthly
11140,2025-07-31,United Kingdom,35-44,Male,Monthly
11141,2025-07-20,United Kingdom,35-44,Female,Annual
11142,2025-07-31,GBR,35-44,Male,Monthly
11143,2025-07-08,Nigeria,25-34,Male,Monthly
11144,2025-07-17,United Kingdom,35-44,Male,Monthly
11145,2025-07-03,United Kingdom,35-44,Female,Monthly
11146,2025-07-03,Nigeria,25-34,Female,Annual
11147,2025-07-05,Canada,18-24,Female,Monthly
11148,2025-07-05,United Kingdom,35-44,Female,Monthly
11149,2025-07-13,Nigeria,35-44,Female,Monthly
11150,2025-07-23,Nigeria,45+,Female,Annual
11151,2025-07-31,Nigeria,25-34,Female,Monthly
11152,2025-07-31,Canada,35-44,Male,Monthly
11153,2025-07-06,Nigeria,45+,Male,Monthly
11154,2025-07-14,Canada,25-34,Male,Monthly
11155,2025-07-14,Nigeria,35-44,Female,Annual
11156,2025-07-04,UK,45+,Female,Annual
11157,2025-07-02,Canada,35-44,Female,Annual
11158,2025-07-11,Nigeria,45+,Male,Annual
11159,2025-07-27,Nigeria,35-44,Female,Annual
11160,2025-07-12,Canada,35-44,Male,Annual
11161,2025-07-12,Nigeria,25-34,Female,Annual
11162,2025-07-31,Nigeria,25-34,Female,Monthly
11163,2025-07-12,Canada,35-44,Female,Monthly
11164,2025-07-22,Canada,25-34,Male,Annual
11165,2025-07-31,Canada,35-44,Female,Annual
11166,2025-07-04,Canada,25-34,Male,Monthly
11167,2025-07-16,United Kingdom,25-34,Female,Monthly
11168,2025-07-11,Canada,35-44,Female,Annual
11169,2025-07-04,Nigeria,18-24,Female,Monthly
11170,2025-07-02,Canada,25-34,female,Monthly
11171,2025-07-21,United Kingdom,18-24,Male,Annual
11172,2025-07-21,United Kingdom,25-34,Male,Monthly
11173,2025-07-18,CA,25-34,Male,Annual
11174,2025-07-21,Nigeria,25 to 34,Male,Annual
11175,2025-07-23,United Kingdom,45+,Female,Annual
11176,2025-07-02,United Kingdom,35-44,Male,Monthly
11177,2025-07-02,Nigeria,35-44,Male,Monthly
11178,2025-07-11,Nigeria,45+,Female,Monthly
11179,2025-07-18,GBR,35-44,Female,Monthly
11180,2025-07-28,Nigeria,25-34,Male,Monthly
11181,2025-08-30,United Kingdom,25-34,Male,Monthly
11182,2025-08-04,NG,35-44,Female,Annual
11183,2025-08-08,Nigeria,35-44,Female,Monthly
11184,2025-08-23,United Kingdom,35-44,Female,Annual
11185,2025-08-04,NG,35-44,Female,Annual
11186,2025-08-07,Nigeria,18-24,Male,Annual
11187,2025-08-30,United Kingdom,25-34,Male,Monthly
11188,2025-08-19,Nigeria,25-34,Male,Annual
11189,2025-08-02,Nigeria,18-24,Female,Annual
11190,2025-08-27,Nigeria,45+,male,Monthly
11191,2025-08-17,Nigeria,25-34,Male,Monthly
11192,2025-08-15,Nigeria,25-34,Female,Monthly
11193,2025-08-31,Canada,45+,Female,Monthly
11194,2025-08-10,Nigeria,25-34,Female,Annual
11195,2025-08-12,Nigeria,35/44,Female,Monthly
11196,2025-08-18,United Kingdom,45+,Male,Annual
11197,2025-08-08,Canada,25-34,Female,Monthly
11198,2025-08-04,Nigeria,25-34,male,Annual
11199,2025-08-05,Nigeria,35/44,Female,Monthly
11200,2025-08-10,Nigeria,25-34,Female,Monthly
11201,2025-08-03,Canada,35-44,male,Monthly
11202,2025-08-16,Canada,25-34,Male,Annual
11203,2025-08-31,Nigeria,35-44,Female,Monthly
11204,2025-08-08,Nigeria,45+,Female,Annual
11205,2025-08-02,United Kingdom,18-24,Male,Monthly
11206,2025-08-02,United Kingdom,25-34,Male,Annual
11207,2025-08-06,Nigeria,35-44,Male,Monthly
11208,2025-08-19,Nigeria,18-24,Male,Monthly
11209,2025-08-15,Nigeria,25-34,Male,Monthly
11210,2025-08-13,United Kingdom,18-24,Male,Monthly
11211,2025-08-24,GBR,18-24,Male,Monthly
11212,2025-08-13,Nigeria,25-34,Male,Annual
11213,2025-08-20,Canada,25/34,Female,Monthly
11214,2025-08-31,Nigeria,35-44,Male,Monthly
11215,2025-08-06,United Kingdom,25-34,Female,Monthly
11216,2025-08-04,Canada,25-34,Male,Annual
11217,2025-08-07,United Kingdom,25-34,Female,Monthly
11218,2025-08-05,Nigeria,25-34,Male,Monthly
11219,2025-08-26,Nigeria,25-34,Female,Monthly
11220,2025-08-28,Canada,45+,Male,Monthly
11221,2025-08-18,United Kingdom,18-24,Female,Monthly
11222,2025-08-05,Nigeria,25-34,Male,Annual
11223,2025-08-27,United Kingdom,18-24,Female,Monthly
11224,2025-08-29,Nigeria,18-24,Male,Annual
11225,2025-08-13,Nigeria,35-44,Male,Monthly
11226,2025-08-21,Canada,18/24,Female,Annual
11227,2025-08-19,Nigeria,25-34,Male,Monthly
11228,2025-08-17,Nigeria,25-34,Male,Annual
11229,2025-08-11,Nigeria,25-34,Male,Annual
11230,2025-08-09,Canada,25-34,FEMALE,Monthly
11231,2025-08-09,Nigeria,35-44,Female,Annual
11232,2025-08-12,Nigeria,25-34,Male,Annual
11233,2025-08-24,Nigeria,35-44,Male,Monthly
11234,2025-08-26,Nigeria,45+,Male,Monthly
11235,2025-08-04,Nigeria,45+,Male,Annual
11236,2025-08-02,Nigeria,18-24,Male,Monthly
11237,2025-08-15,Nigeria,18-24,Male,Annual
11238,2025-08-24,United Kingdom,18-24,Male,Monthly
11239,2025-08-18,Nigeria,35-44,Female,Annual
11240,2025-08-26,Nigeria,35-44,Male,Monthly
11241,2025-08-23,United Kingdom,25-34,Female,Monthly
11242,2025-08-22,Nigeria,25-34,Male,Monthly
11243,2025-08-17,Nigeria,35-44,Male,Monthly
11244,2025-08-02,CAN,35-44,Female,Monthly
11245,2025-08-06,United Kingdom,25-34,Female,Monthly
11246,2025-08-24,United Kingdom,25-34,Female,Annual
11247,2025-08-10,United Kingdom,18-24,Male,Annual
11248,2025-08-23,NGR,25-34,Female,Monthly
11249,2025-08-11,Nigeria,35-44,Female,Annual
11250,2025-08-01,Nigeria,25-34,Female,Annual
11251,2025-08-21,Canada,25-34,Female,Annual
11252,2025-08-28,Nigeria,18-24,Female,Annual
11253,2025-08-14,United Kingdom,25-34,Female,Annual
11254,2025-08-05,Nigeria,25-34,Male,Monthly
11255,2025-08-13,Nigeria,35/44,Male,Monthly
11256,2025-08-30,United Kingdom,35-44,FEMALE,Annual
11257,2025-08-10,United Kingdom,35-44,Female,Monthly
11258,2025-08-03,United Kingdom,18-24,Female,Annual
11259,2025-08-24,Nigeria,25-34,Female,Monthly
11260,2025-08-08,Nigeria,25-34,Male,Monthly
11261,2025-08-02,United Kingdom,35-44,Female,Monthly
11262,2025-08-22,Nigeria,25-34,Female,Monthly
11263,2025-08-11,United Kingdom,25-34,Male,Monthly
11264,2025-08-05,United Kingdom,18-24,Female,Monthly
11265,2025-08-02,Nigeria,25-34,Male,Annual
11266,2025-08-06,Nigeria,25-34,Male,Monthly
11267,2025-08-05,Canada,35-44,Male,Monthly
11268,2025-08-01,Nigeria,35-44,Female,Monthly
11269,2025-08-12,Nigeria,18-24,Female,Monthly
11270,2025-08-26,NG,25-34,Male,Annual
11271,2025-08-13,Nigeria,18-24,Female,Monthly
11272,2025-08-02,Canada,45+,Female,Monthly
11273,2025-08-28,Nigeria,35-44,Female,Annual
11274,2025-08-20,Nigeria,45+,Female,Monthly
11275,2025-08-30,United Kingdom,35-44,Female,Monthly
11276,2025-08-19,Nigeria,25-34,Male,Monthly
11277,2025-08-15,United Kingdom,25-34,Male,Monthly
11278,2025-08-16,Nigeria,35-44,Female,Annual
11279,2025-08-01,United Kingdom,45+,Male,Monthly
11280,2025-08-12,Canada,25-34,MALE,Annual
11281,2025-08-14,United Kingdom,25-34,Female,Monthly
11282,2025-08-10,Nigeria,45+,Male,Annual
11283,2025-08-26,Nigeria,25-34,Female,Monthly
11284,2025-08-30,Nigeria,18-24,Male,Monthly
11285,2025-08-15,Canada,25-34,Female,Annual
11286,2025-08-25,United Kingdom,25/34,Female,Annual
11287,2025-08-07,United Kingdom,25-34,male,Monthly
11288,2025-08-29,Nigeria,18-24,Male,Annual
11289,2025-08-22,Nigeria,35-44,Female,Monthly
11290,2025-08-23,Nigeria,35/44,Male,Annual
11291,2025-08-19,Nigeria,18/24,Male,Monthly
11292,2025-08-26,Nigeria,45+,Male,Annual
11293,2025-08-17,Nigeria,25-34,Female,Annual
11294,2025-08-30,Nigeria,35-44,Female,Annual
11295,2025-08-21,United Kingdom,45+,FEMALE,Monthly
11296,2025-08-15,Nigeria,18-24,Female,Monthly
11297,2025-08-07,Nigeria,45+,Female,Monthly
11298,2025-08-29,Canada,45+,Female,Monthly
11299,2025-08-02,United Kingdom,25-34,Female,Annual
11300,2025-08-02,Nigeria,25-34,Male,Annual
11301,2025-08-01,Canada,25-34,Female,Monthly
11302,2025-08-04,United Kingdom,18-24,Female,Annual
11303,2025-08-08,United Kingdom,35-44,Female,Annual
11304,2025-08-16,Canada,25-34,Female,Monthly
11305,2025-08-09,Nigeria,18-24,Female,Annual
11306,2025-08-15,United Kingdom,25-34,Female,Monthly
11307,2025-08-14,Nigeria,35-44,Male,Monthly
11308,2025-08-14,Nigeria,35-44,Female,Monthly
11309,2025-08-02,Nigeria,35-44,Female,Monthly
11310,2025-08-17,Nigeria,25-34,Male,Monthly
11311,2025-08-10,Nigeria,18-24,Male,Annual
11312,2025-08-17,United Kingdom,45+,Male,Annual
11313,2025-08-02,Nigeria,18-24,MALE,Annual
11314,2025-08-27,Nigeria,25/34,Female,Annual
11315,2025-08-23,Nigeria,25-34,Female,Monthly
11316,2025-08-11,Nigeria,25-34,Female,Monthly
11317,2025-08-12,Nigeria,25-34,Female,Monthly
11318,2025-08-10,Nigeria,18-24,male,Annual
11319,2025-08-31,United Kingdom,25-34,Male,Annual
11320,2025-08-22,CA,25 to 34,Male,Annual
11321,2025-08-15,Nigeria,35-44,MALE,Monthly
11322,2025-08-21,Nigeria,45+,Male,Annual
11323,2025-08-02,Canada,35-44,Female,Monthly
11324,2025-08-26,United Kingdom,18-24,Male,Annual
11325,2025-08-19,UK,35-44,Female,Monthly
11326,2025-08-10,United Kingdom,35-44,Female,Monthly
11327,2025-08-22,United Kingdom,18-24,Male,Annual
11328,2025-08-01,Nigeria,25-34,Male,Monthly
11329,2025-08-16,Nigeria,45+,Male,Monthly
11330,2025-08-30,United Kingdom,18-24,Female,Monthly
11331,2025-08-24,United Kingdom,18-24,Male,Monthly
11332,2025-08-02,Canada,25-34,Female,Monthly
11333,2025-08-19,CA,25-34,Male,Monthly
11334,2025-08-22,Nigeria,25-34,Female,Monthly
11335,2025-08-17,Nigeria,18-24,Female,Monthly
11336,2025-08-10,Canada,25-34,Female,Annual
11337,2025-08-22,Canada,18/24,Male,Monthly
11338,2025-08-14,Canada,25/34,MALE,Monthly
11339,2025-08-30,United Kingdom,25-34,Female,Monthly
11340,2025-08-26,CA,18-24,Female,Monthly
11341,2025-08-29,Nigeria,25-34,Female,Monthly
11342,2025-08-14,Nigeria,25-34,Male,Monthly
11343,2025-08-22,Nigeria,25-34,Male,Annual
11344,2025-08-05,Nigeria,45+,Male,Monthly
11345,2025-08-24,Canada,45+,Female,Monthly
11346,2025-08-24,Nigeria,25-34,Female,Monthly
11347,2025-08-25,United Kingdom,25-34,Male,Monthly
11348,2025-08-01,Nigeria,35-44,Male,Annual
11349,2025-08-15,United Kingdom,35-44,Female,Annual
11350,2025-08-09,Nigeria,25-34,Female,Annual
11351,2025-08-29,United Kingdom,45+,Female,Annual
11352,2025-08-17,Nigeria,45+,Female,Annual
11353,2025-08-19,Nigeria,35-44,Female,Annual
11354,2025-08-14,Nigeria,45+,Male,Monthly
11355,2025-08-04,United Kingdom,18-24,Female,Annual
11356,2025-08-20,United Kingdom,35-44,Female,Annual
11357,2025-08-19,GBR,45+,Male,Monthly
11358,2025-08-12,Canada,35-44,Female,Annual
11359,2025-08-20,Nigeria,35-44,Male,Monthly
11360,2025-08-13,Nigeria,25-34,Male,Monthly
11361,2025-08-21,Nigeria,18-24,Female,Annual
11362,2025-08-11,Nigeria,25-34,Male,Monthly
11363,2025-08-24,Nigeria,25-34,Female,Annual
11364,2025-08-28,Canada,35-44,Female,Monthly
11365,2025-08-16,Canada,35-44,Female,Monthly
11366,2025-08-01,Nigeria,25-34,Male,Annual
11367,2025-08-22,United Kingdom,25-34,Female,Monthly
11368,2025-08-30,Canada,45+,Male,Monthly
11369,2025-08-23,Nigeria,35-44,Female,Annual
11370,2025-08-12,Canada,25-34,Male,Annual
11371,2025-08-18,UK,45+,Female,Monthly
11372,2025-08-12,NGR,45+,Female,Annual
11373,2025-08-25,United Kingdom,25-34,Male,Monthly
11374,2025-08-23,Nigeria,35-44,Female,Monthly
11375,2025-08-20,Nigeria,25-34,Female,Monthly
11376,2025-08-13,CA,35-44,Male,Annual
11377,2025-08-06,Nigeria,18-24,Male,Monthly
11378,2025-08-20,Nigeria,25-34,Male,Monthly
11379,2025-08-11,Nigeria,35-44,Female,Monthly
11380,2025-08-29,United Kingdom,25-34,Female,Monthly
11381,2025-08-02,Nigeria,35-44,Female,Monthly
11382,2025-08-27,Canada,25-34,Female,Annual
11383,2025-08-25,United Kingdom,45+,Female,Annual
11384,2025-08-16,Nigeria,35-44,Female,Monthly
11385,2025-08-31,Nigeria,25-34,Female,Monthly
11386,2025-08-23,United Kingdom,18-24,Male,Monthly
11387,2025-08-02,Canada,25-34,Female,Monthly
11388,2025-08-13,Canada,35-44,Female,Monthly
11389,2025-08-27,Canada,35-44,Female,Monthly
11390,2025-08-25,Nigeria,25-34,Female,Monthly
11391,2025-08-05,Canada,25-34,Male,Monthly
11392,2025-08-06,United Kingdom,25-34,Female,Monthly
11393,2025-08-29,United Kingdom,18-24,Female,Monthly
11394,2025-08-02,United Kingdom,18-24,Male,Monthly
11395,2025-08-30,Nigeria,25-34,Female,Monthly
11396,2025-08-17,United Kingdom,25-34,Female,Monthly
11397,2025-08-26,United Kingdom,45+,Male,Monthly
11398,2025-08-07,Nigeria,25-34,Male,Monthly
11399,2025-08-11,United Kingdom,25-34,FEMALE,Monthly
11400,2025-08-23,Nigeria,18-24,Male,Monthly
11401,2025-08-06,United Kingdom,25-34,Male,Monthly
11402,2025-08-04,Canada,25 to 34,Female,Monthly
11403,2025-08-19,Nigeria,25-34,Male,Monthly
11404,2025-08-01,Nigeria,45+,Female,Monthly
11405,2025-08-30,United Kingdom,25-34,Male,Monthly
11406,2025-08-21,Nigeria,25-34,Male,Monthly
11407,2025-08-23,Nigeria,25-34,Female,Monthly
11408,2025-08-16,United Kingdom,35 to 44,Male,Monthly
11409,2025-08-20,Nigeria,35-44,Male,Monthly
11410,2025-08-30,United Kingdom,25-34,Female,Monthly
11411,2025-08-01,Nigeria,25 to 34,Male,Annual
11412,2025-08-08,Nigeria,25-34,Male,Annual
11413,2025-08-22,Nigeria,25-34,Female,Monthly
11414,2025-08-04,NGR,25-34,Male,Monthly
11415,2025-08-08,United Kingdom,45+,Female,Monthly
11416,2025-08-01,Nigeria,25-34,Female,Monthly
11417,2025-08-02,Nigeria,25-34,Male,Monthly
11418,2025-08-14,United Kingdom,25 to 34,Male,Annual
11419,2025-08-21,United Kingdom,18-24,Male,Monthly
11420,2025-08-04,Nigeria,25-34,Male,Annual
11421,2025-08-31,Nigeria,35-44,Male,Annual
11422,2025-08-25,United Kingdom,25-34,Female,Monthly
11423,2025-08-21,United Kingdom,35-44,Male,Monthly
11424,2025-08-03,Canada,25-34,Male,Annual
11425,2025-08-17,United Kingdom,18-24,Female,Monthly
11426,2025-08-29,United Kingdom,18-24,Female,Monthly
11427,2025-08-08,United Kingdom,25-34,Male,Monthly
11428,2025-08-17,United Kingdom,25-34,MALE,Annual
11429,2025-08-18,United Kingdom,25-34,MALE,Monthly
11430,2025-08-22,Nigeria,18-24,Male,Monthly
11431,2025-08-29,Canada,18-24,Male,Monthly
11432,2025-08-05,Nigeria,18-24,Female,Monthly
11433,2025-08-02,United Kingdom,35 to 44,Male,Monthly
11434,2025-08-03,United Kingdom,45+,Male,Monthly
11435,2025-08-09,Canada,35 to 44,Male,Monthly
11436,2025-08-11,Nigeria,18-24,female,Annual
11437,2025-08-28,Canada,25-34,Female,Annual
11438,2025-08-17,Nigeria,18-24,MALE,Monthly
11439,2025-08-24,Nigeria,25-34,Male,Monthly
11440,2025-08-18,Canada,25-34,Female,Annual
11441,2025-08-30,Nigeria,25-34,Female,Annual
11442,2025-08-11,United Kingdom,25-34,Male,Monthly
11443,2025-08-21,Nigeria,18-24,Female,Monthly
11444,2025-08-09,Canada,25-34,Female,Annual
11445,2025-08-08,Canada,25-34,Male,Annual
11446,2025-08-31,Nigeria,45+,Female,Annual
11447,2025-08-01,Canada,35-44,Female,Monthly
11448,2025-08-09,Nigeria,25-34,Male,Monthly
11449,2025-08-12,United Kingdom,25-34,Female,Monthly
11450,2025-08-05,United Kingdom,25-34,Male,Monthly
11451,2025-08-24,United Kingdom,45+,Female,Monthly
11452,2025-08-12,United Kingdom,25-34,Male,Monthly
11453,2025-08-15,Canada,25 to 34,Female,Annual
11454,2025-08-10,United Kingdom,25-34,Male,Annual
11455,2025-08-28,Canada,45+,Male,Monthly
11456,2025-08-14,Nigeria,25-34,Male,Annual
11457,2025-08-25,Nigeria,35-44,Male,Monthly
11458,2025-08-20,Canada,25-34,Male,Monthly
11459,2025-08-30,Nigeria,25-34,Female,Annual
11460,2025-08-19,Nigeria,18 to 24,Male,Monthly
11461,2025-08-31,Canada,18-24,Male,Monthly
11462,2025-08-22,United Kingdom,25-34,Male,Monthly
11463,2025-08-02,Nigeria,18-24,Female,Annual
11464,2025-08-05,Nigeria,25-34,Male,Monthly
11465,2025-08-25,Nigeria,45+,Female,Monthly
11466,2025-08-02,Nigeria,35-44,Male,Monthly
11467,2025-08-06,Nigeria,25-34,Male,Monthly
11468,2025-08-25,Canada,25-34,Female,Monthly
11469,2025-08-11,Nigeria,25-34,Male,Annual
11470,2025-08-07,Canada,45+,Female,Monthly
11471,2025-08-07,NGR,25-34,Male,Annual
11472,2025-08-10,Nigeria,25-34,Male,Monthly
11473,2025-08-26,NGR,45+,Female,Annual
11474,2025-08-15,Nigeria,25-34,Female,Annual
11475,2025-08-30,United Kingdom,25-34,Male,Monthly
11476,2025-08-23,CA,18-24,Male,Monthly
11477,2025-08-09,Canada,25-34,Female,Monthly
11478,2025-08-06,Nigeria,45+,Female,Monthly
11479,2025-08-30,Nigeria,35-44,Female,Monthly
11480,2025-08-28,Nigeria,25-34,Male,Monthly
11481,2025-08-04,Canada,35-44,Female,Monthly
11482,2025-08-10,Nigeria,25-34,Male,Monthly
11483,2025-08-24,United Kingdom,35-44,Male,Monthly
11484,2025-08-31,Nigeria,35-44,Male,Annual
11485,2025-08-29,Nigeria,18-24,female,Annual
11486,2025-08-09,Nigeria,35-44,Male,Annual
11487,2025-08-28,Nigeria,18-24,Male,Monthly
11488,2025-08-23,United Kingdom,25-34,Male,Monthly
11489,2025-08-15,Nigeria,45+,Male,Annual
11490,2025-08-12,Nigeria,25-34,Male,Annual
11491,2025-08-26,United Kingdom,45+,Female,Annual
11492,2025-08-26,Nigeria,35-44,MALE,Monthly
11493,2025-08-29,United Kingdom,25-34,Female,Annual
11494,2025-08-15,United Kingdom,25-34,male,Monthly
11495,2025-08-09,United Kingdom,45+,Female,Monthly
11496,2025-08-27,Nigeria,45+,Male,Monthly
11497,2025-08-10,Nigeria,18-24,FEMALE,Monthly
11498,2025-08-24,Canada,35-44,Male,Monthly
11499,2025-08-16,Canada,35-44,Male,Monthly
11500,2025-08-19,Nigeria,25-34,Female,Monthly
11501,2025-08-07,Nigeria,18-24,Female,Monthly
11502,2025-08-08,Nigeria,25-34,Female,Monthly
11503,2025-08-21,United Kingdom,45+,Male,Monthly
11504,2025-08-09,Nigeria,18-24,Female,Annual
11505,2025-08-21,GBR,35-44,Female,Monthly
11506,2025-08-31,Nigeria,18-24,Female,Monthly
11507,2025-08-03,NGR,25-34,Male,Monthly
11508,2025-08-29,Nigeria,25-34,Male,Monthly
11509,2025-08-06,Nigeria,25-34,Female,Monthly
11510,2025-08-05,Nigeria,25-34,MALE,Monthly
11511,2025-08-26,Nigeria,25-34,Female,Monthly
11512,2025-08-07,CA,18-24,Female,Monthly
11513,2025-08-21,Nigeria,18-24,Female,Annual
11514,2025-08-04,Nigeria,35-44,Male,Monthly
11515,2025-08-03,GBR,18 to 24,Female,Monthly
11516,2025-08-07,Nigeria,45+,Female,Annual
11517,2025-08-17,Nigeria,25-34,male,Monthly
11518,2025-08-09,Nigeria,35-44,Male,Annual
11519,2025-08-07,Nigeria,45+,Male,Monthly
11520,2025-08-26,Canada,25-34,Male,Monthly
11521,2025-08-06,Nigeria,25-34,Male,Monthly
11522,2025-08-03,United Kingdom,25 to 34,Female,Monthly
11523,2025-08-04,Nigeria,18-24,Male,Monthly
11524,2025-08-28,Nigeria,45+,Female,Monthly
11525,2025-08-15,United Kingdom,45+,Female,Annual
11526,2025-08-31,United Kingdom,25-34,MALE,Annual
11527,2025-08-26,United Kingdom,18-24,Female,Annual
11528,2025-08-09,Nigeria,45+,Female,Monthly
11529,2025-08-25,Nigeria,25-34,Female,Monthly
11530,2025-08-15,United Kingdom,25-34,Male,Annual
11531,2025-08-18,United Kingdom,25-34,MALE,Monthly
11532,2025-08-17,Nigeria,18-24,Female,Annual
11533,2025-08-24,Nigeria,18-24,Female,Annual
11534,2025-08-07,Canada,45+,Male,Monthly
11535,2025-08-02,Nigeria,25-34,Male,Monthly
11536,2025-08-23,United Kingdom,18-24,Female,Annual
11537,2025-08-30,United Kingdom,25-34,Female,Monthly
11538,2025-08-18,Nigeria,25 to 34,Male,Monthly
11539,2025-08-04,United Kingdom,35-44,Female,Monthly
11540,2025-08-04,United Kingdom,18-24,Male,Annual
11541,2025-08-17,United Kingdom,25-34,Female,Monthly
11542,2025-08-28,Canada,25-34,Male,Monthly
11543,2025-08-20,United Kingdom,25-34,Male,Monthly
11544,2025-08-10,Nigeria,45+,Male,Annual
11545,2025-08-20,Nigeria,25-34,Male,Monthly
11546,2025-08-05,United Kingdom,45+,Female,Monthly
11547,2025-08-15,Nigeria,25-34,Female,Annual
11548,2025-08-31,Canada,35-44,Male,Monthly
11549,2025-08-20,Nigeria,25-34,Male,Annual
11550,2025-08-04,Nigeria,25-34,Male,Monthly
11551,2025-08-07,Nigeria,35-44,Female,Monthly
11552,2025-08-02,Canada,25-34,Male,Monthly
11553,2025-08-13,United Kingdom,35-44,Female,Monthly
11554,2025-08-08,United Kingdom,35-44,Female,Monthly
11555,2025-08-31,Nigeria,25-34,Female,Annual
11556,2025-08-10,Canada,35-44,Male,Monthly
11557,2025-08-02,Canada,18-24,Male,Monthly
11558,2025-08-14,Nigeria,25-34,Male,Monthly
11559,2025-08-23,United Kingdom,25-34,Male,Monthly
11560,2025-08-22,Canada,25-34,Female,Monthly
11561,2025-08-31,Nigeria,25-34,Female,Monthly
11562,2025-08-12,Nigeria,25-34,Female,Annual
11563,2025-08-17,United Kingdom,35-44,Female,Annual
11564,2025-08-18,Nigeria,25-34,Female,Annual
11565,2025-08-01,Canada,45+,Female,Monthly
11566,2025-08-01,United Kingdom,18-24,Male,Annual
11567,2025-08-25,Nigeria,25-34,Male,Annual
11568,2025-08-12,Nigeria,35-44,Male,Monthly
11569,2025-08-22,United Kingdom,25-34,Female,Annual
11570,2025-08-30,Nigeria,25-34,Male,Annual
11571,2025-08-08,Nigeria,18 to 24,Female,Annual
11572,2025-08-25,Nigeria,35-44,Female,Annual
11573,2025-08-07,Canada,25-34,Male,Annual
11574,2025-08-23,Nigeria,45+,Female,Annual
11575,2025-08-05,Nigeria,45+,Male,Annual
11576,2025-08-10,Canada,35-44,Male,Monthly
11577,2025-08-15,Nigeria,18-24,Female,Monthly
11578,2025-08-16,United Kingdom,18-24,Male,Monthly
11579,2025-08-01,Nigeria,18-24,Female,Monthly
11580,2025-08-27,Canada,35-44,MALE,Monthly
11581,2025-08-01,Nigeria,45+,Male,Monthly
11582,2025-08-28,Nigeria,35-44,Female,Monthly
11583,2025-08-07,Nigeria,25-34,Female,Annual
11584,2025-08-23,Canada,25-34,Female,Annual
11585,2025-08-23,Canada,25-34,Male,Annual
11586,2025-08-15,Nigeria,25-34,Female,Monthly
11587,2025-08-17,Nigeria,25-34,Male,Monthly
11588,2025-08-03,Nigeria,35-44,Female,Annual
11589,2025-08-28,Nigeria,25 to 34,MALE,Annual
11590,2025-08-04,Nigeria,25-34,Female,Monthly
11591,2025-08-21,Canada,25-34,Male,Monthly
11592,2025-08-01,Nigeria,45+,Male,Annual
11593,2025-08-24,Canada,35-44,Female,Monthly
11594,2025-08-12,Nigeria,18-24,Female,Monthly
11595,2025-08-15,Canada,35-44,Male,Monthly
11596,2025-08-01,Nigeria,35-44,Male,Monthly
11597,2025-08-07,Nigeria,25-34,Male,Monthly
11598,2025-08-14,Canada,25-34,Female,Annual
11599,2025-08-23,Nigeria,18-24,Male,Monthly
11600,2025-08-19,Canada,25-34,Male,Monthly
11601,2025-08-09,United Kingdom,25-34,Male,Monthly
11602,2025-08-19,GBR,35-44,Female,Monthly
11603,2025-08-07,Canada,18-24,Female,Monthly
11604,2025-08-18,Nigeria,35-44,female,Annual
11605,2025-08-17,Nigeria,18-24,Male,Annual
11606,2025-08-08,United Kingdom,18-24,Male,Monthly
11607,2025-08-07,Nigeria,25-34,Male,Annual
11608,2025-08-17,United Kingdom,45+,Female,Monthly
11609,2025-08-19,Nigeria,45+,Male,Monthly
11610,2025-08-31,United Kingdom,25-34,Male,Annual
11611,2025-08-16,Nigeria,35-44,Male,Annual
11612,2025-08-14,Nigeria,25-34,Male,Monthly
11613,2025-08-15,NGR,45+,Male,Annual
11614,2025-08-28,Canada,35-44,Female,Annual
11615,2025-08-10,Nigeria,35-44,Male,Monthly
11616,2025-08-12,Nigeria,45+,Male,Annual
11617,2025-08-12,United Kingdom,35-44,Female,Monthly
11618,2025-08-20,Nigeria,25-34,MALE,Monthly
11619,2025-08-22,United Kingdom,18-24,Female,Monthly
11620,2025-08-15,Canada,45+,Female,Monthly
11621,2025-08-09,Nigeria,25-34,male,Monthly
11622,2025-08-22,Nigeria,35-44,Male,Monthly
11623,2025-08-09,Nigeria,18-24,Male,Monthly
11624,2025-08-28,Nigeria,35-44,Male,Monthly
11625,2025-08-20,United Kingdom,18/24,Male,Annual
11626,2025-08-14,Nigeria,35-44,Female,Annual
11627,2025-08-08,NG,18-24,Male,Annual
11628,2025-08-24,United Kingdom,45+,Male,Annual
11629,2025-08-19,Nigeria,25-34,Male,Annual
11630,2025-08-28,United Kingdom,25-34,Male,Monthly
11631,2025-08-22,Nigeria,35 to 44,Female,Annual
11632,2025-08-25,Nigeria,18-24,Female,Annual
11633,2025-08-03,United Kingdom,35-44,Male,Monthly
11634,2025-08-01,Nigeria,25-34,Male,Monthly
11635,2025-08-21,Nigeria,25-34,Female,Annual
11636,2025-08-01,Nigeria,25-34,Female,Annual
11637,2025-08-28,Nigeria,35-44,Female,Monthly
11638,2025-08-28,United Kingdom,35-44,Male,Monthly
11639,2025-08-19,CAN,25-34,Female,Monthly
11640,2025-08-23,United Kingdom,18-24,Male,Monthly
11641,2025-08-14,UK,25/34,Male,Monthly
11642,2025-08-30,United Kingdom,18 to 24,Female,Monthly
11643,2025-08-02,Nigeria,45+,Male,Annual
11644,2025-08-10,Canada,35-44,Male,Monthly
11645,2025-08-22,Nigeria,35-44,Female,Monthly
11646,2025-08-25,Nigeria,35-44,Female,Monthly
11647,2025-08-08,Canada,25-34,Female,Annual
11648,2025-08-25,United Kingdom,45+,Male,Monthly
11649,2025-08-15,Canada,18-24,Male,Monthly
11650,2025-08-27,Nigeria,18-24,Male,Annual
11651,2025-08-09,Canada,25-34,male,Annual
11652,2025-08-22,Nigeria,25-34,Male,Annual
11653,2025-08-07,Nigeria,45+,Female,Monthly
11654,2025-08-05,Canada,25-34,Female,Annual
11655,2025-08-22,Nigeria,25-34,Male,Monthly
11656,2025-08-22,United Kingdom,18-24,Male,Monthly
11657,2025-08-10,Canada,18-24,Male,Monthly
11658,2025-08-19,Canada,25-34,Male,Monthly
11659,2025-08-30,Nigeria,25-34,Female,Monthly
11660,2025-08-11,Nigeria,18-24,Female,Monthly
11661,2025-08-16,Canada,45+,Male,Monthly
11662,2025-08-07,United Kingdom,35-44,Male,Annual
11663,2025-08-17,United Kingdom,45+,Male,Annual
11664,2025-08-28,Nigeria,25-34,Female,Monthly
11665,2025-08-20,Nigeria,18-24,Male,Annual
11666,2025-08-05,NG,35-44,Female,Monthly
11667,2025-08-23,Nigeria,45+,Female,Annual
11668,2025-08-14,Canada,18-24,Male,Monthly
11669,2025-08-01,Nigeria,25-34,male,Annual
11670,2025-08-20,Nigeria,25-34,Male,Annual
11671,2025-08-10,United Kingdom,45+,Female,Monthly
11672,2025-08-31,Canada,25-34,Female,Monthly
11673,2025-08-31,Nigeria,18-24,Male,Monthly
11674,2025-08-21,Nigeria,35-44,Male,Monthly
11675,2025-08-20,United Kingdom,25-34,Male,Monthly
11676,2025-08-10,Nigeria,18-24,Female,Annual
11677,2025-08-03,Nigeria,35-44,Male,Annual
11678,2025-08-02,United Kingdom,45+,Female,Monthly
11679,2025-08-15,Nigeria,25-34,Female,Annual
11680,2025-08-10,United Kingdom,25-34,Male,Monthly
11681,2025-08-30,Nigeria,25-34,Female,Monthly
11682,2025-08-10,United Kingdom,25-34,Male,Annual
11683,2025-08-07,Canada,18-24,Male,Monthly
11684,2025-08-26,Canada,25-34,Female,Monthly
11685,2025-08-26,United Kingdom,25-34,Female,Annual
11686,2025-08-12,United Kingdom,35/44,Male,Monthly
11687,2025-08-03,Nigeria,25-34,Male,Monthly
11688,2025-08-04,Nigeria,25-34,Male,Monthly
11689,2025-08-17,Nigeria,45+,Female,Annual
11690,2025-08-27,United Kingdom,18-24,Male,Monthly
11691,2025-08-12,Nigeria,25-34,FEMALE,Annual
11692,2025-08-01,Nigeria,35 to 44,Female,Annual
11693,2025-08-12,United Kingdom,35-44,Female,Monthly
11694,2025-08-01,United Kingdom,25-34,Male,Monthly
11695,2025-08-14,Nigeria,25-34,Female,Monthly
11696,2025-08-15,Nigeria,25 to 34,Female,Monthly
11697,2025-08-23,United Kingdom,25-34,female,Annual
11698,2025-08-03,Canada,45+,Female,Monthly
11699,2025-08-15,United Kingdom,25-34,Male,Annual
11700,2025-08-06,Nigeria,25-34,Male,Monthly
11701,2025-08-15,Canada,45+,Male,Annual
11702,2025-08-31,Nigeria,18/24,Female,Annual
11703,2025-08-23,Nigeria,25-34,Female,Monthly
11704,2025-08-27,Nigeria,25-34,Male,Annual
11705,2025-08-02,Nigeria,18-24,Male,Monthly
11706,2025-08-24,United Kingdom,35-44,Female,Monthly
11707,2025-08-27,United Kingdom,35-44,Female,Monthly
11708,2025-08-21,Canada,25-34,Male,Monthly
11709,2025-08-25,United Kingdom,25 to 34,Female,Monthly
11710,2025-08-02,Nigeria,25-34,Male,Monthly
11711,2025-08-23,United Kingdom,25-34,Male,Annual
11712,2025-08-26,United Kingdom,25-34,Female,Monthly
11713,2025-08-08,United Kingdom,25-34,Male,Monthly
11714,2025-08-15,Nigeria,35-44,Male,Monthly
11715,2025-08-14,United Kingdom,25-34,Male,Monthly
11716,2025-08-04,United Kingdom,18-24,male,Annual
11717,2025-08-04,Nigeria,25-34,Female,Monthly
11718,2025-08-10,Canada,25-34,Male,Annual
11719,2025-08-04,Nigeria,45+,Female,Monthly
11720,2025-08-16,Nigeria,35-44,Male,Monthly
11721,2025-08-02,United Kingdom,25-34,Male,Monthly
11722,2025-08-01,Canada,25-34,Female,Annual
11723,2025-08-20,United Kingdom,35-44,Male,Monthly
11724,2025-08-08,Nigeria,18-24,Male,Annual
11725,2025-08-12,GBR,18-24,Female,Annual
11726,2025-08-11,Nigeria,18-24,Male,Annual
11727,2025-08-15,Nigeria,25-34,Female,Monthly
11728,2025-08-15,United Kingdom,35 to 44,Female,Monthly
11729,2025-08-05,Nigeria,25-34,Female,Monthly
11730,2025-08-01,United Kingdom,25-34,FEMALE,Annual
11731,2025-08-14,NGR,35-44,Male,Monthly
11732,2025-08-18,Nigeria,25-34,Male,Monthly
11733,2025-08-24,Nigeria,35-44,Male,Annual
11734,2025-08-07,Nigeria,25-34,Male,Monthly
11735,2025-08-03,United Kingdom,18-24,Female,Monthly
11736,2025-08-19,United Kingdom,18-24,Female,Monthly
11737,2025-08-28,NG,18-24,Male,Monthly
11738,2025-08-08,United Kingdom,35-44,Female,Monthly
11739,2025-08-03,UK,25-34,Male,Monthly
11740,2025-08-13,Nigeria,45+,Female,Annual
11741,2025-08-18,Nigeria,35-44,Male,Monthly
11742,2025-08-20,Nigeria,35-44,Female,Monthly
11743,2025-08-04,Canada,25-34,Male,Annual
11744,2025-08-21,Nigeria,25-34,FEMALE,Monthly
11745,2025-08-11,Nigeria,25-34,Female,Monthly
11746,2025-08-01,Nigeria,18-24,Female,Annual
11747,2025-08-29,Nigeria,45+,Male,Monthly
11748,2025-08-17,United Kingdom,18 to 24,Female,Monthly
11749,2025-08-10,Canada,35-44,Female,Annual
11750,2025-08-26,Nigeria,35-44,Male,Annual
11751,2025-08-25,United Kingdom,18-24,Female,Monthly
11752,2025-08-07,Nigeria,25-34,Female,Monthly
11753,2025-08-30,Nigeria,35-44,Female,Monthly
11754,2025-08-17,Nigeria,18-24,Female,Monthly
11755,2025-08-09,United Kingdom,25-34,Male,Annual
11756,2025-08-14,United Kingdom,25-34,Female,Monthly
11757,2025-08-06,United Kingdom,25-34,Female,Annual
11758,2025-08-27,Canada,35-44,Male,Monthly
11759,2025-08-09,Nigeria,25-34,Male,Monthly
11760,2025-08-14,United Kingdom,25-34,Female,Annual
11761,2025-08-03,United Kingdom,25-34,Male,Monthly
11762,2025-08-30,Nigeria,45+,Male,Monthly
11763,2025-08-10,Nigeria,45+,Female,Monthly
11764,2025-08-21,Nigeria,45+,Female,Monthly
11765,2025-08-11,Nigeria,45+,Male,Annual
11766,2025-08-18,Nigeria,25-34,Female,Monthly
11767,2025-08-18,Nigeria,25-34,Female,Monthly
11768,2025-08-10,Canada,35-44,Male,Monthly
11769,2025-08-14,Canada,35-44,Female,Annual
11770,2025-08-19,United Kingdom,18-24,Female,Monthly
11771,2025-08-07,United Kingdom,25-34,Female,Monthly
11772,2025-08-05,CAN,45+,Male,Annual
11773,2025-08-06,Nigeria,25-34,Male,Annual
11774,2025-08-13,United Kingdom,35-44,Female,Annual
11775,2025-08-07,United Kingdom,45+,Female,Monthly
11776,2025-08-09,Canada,35-44,MALE,Annual
11777,2025-08-22,Canada,18-24,Male,Monthly
11778,2025-08-21,Nigeria,18-24,Male,Annual
11779,2025-08-30,United Kingdom,18-24,Female,Annual
11780,2025-08-24,Nigeria,45+,Female,Annual
11781,2025-08-14,Nigeria,35-44,Female,Annual
11782,2025-08-29,United Kingdom,25-34,Male,Monthly
11783,2025-08-29,United Kingdom,45+,Male,Monthly
11784,2025-08-07,Nigeria,35-44,Female,Monthly
11785,2025-08-06,Nigeria,18-24,Male,Monthly
11786,2025-08-28,United Kingdom,35-44,Male,Monthly
11787,2025-08-28,Nigeria,25-34,Male,Annual
11788,2025-08-27,Canada,35-44,Female,Monthly
11789,2025-08-15,Nigeria,35 to 44,Female,Annual
11790,2025-08-27,United Kingdom,25-34,FEMALE,Monthly
11791,2025-08-24,Nigeria,25-34,Female,Monthly
11792,2025-08-23,NG,25-34,Female,Monthly
11793,2025-08-19,Canada,35-44,Female,Monthly
11794,2025-08-09,Nigeria,25-34,Male,Annual
11795,2025-08-24,United Kingdom,18-24,Female,Annual
11796,2025-08-28,Canada,25-34,Male,Monthly
11797,2025-08-28,Nigeria,25-34,FEMALE,Annual
11798,2025-08-19,United Kingdom,25-34,Male,Annual
11799,2025-08-02,Canada,25-34,male,Annual
11800,2025-08-23,United Kingdom,45+,Male,Monthly
11801,2025-08-08,Canada,45+,Male,Monthly
11802,2025-08-07,Nigeria,18-24,Male,Annual
11803,2025-08-03,Canada,45+,Male,Annual
11804,2025-08-05,GBR,25-34,Male,Monthly
11805,2025-08-16,Nigeria,45+,Female,Annual
11806,2025-08-09,Nigeria,35-44,Male,Annual
11807,2025-08-12,United Kingdom,18-24,Male,Monthly
11808,2025-08-16,Canada,18-24,Male,Monthly
11809,2025-08-17,Nigeria,25-34,Female,Annual
11810,2025-08-13,Nigeria,25-34,Female,Monthly
11811,2025-08-15,Canada,25-34,Male,Monthly
11812,2025-08-28,Nigeria,35-44,Male,Monthly
11813,2025-08-09,United Kingdom,35-44,Female,Annual
11814,2025-08-01,United Kingdom,35/44,Male,Annual
11815,2025-08-25,NGR,25-34,Male,Monthly
11816,2025-08-03,Nigeria,35-44,Female,Annual
11817,2025-08-25,Canada,35-44,Male,Monthly
11818,2025-08-11,United Kingdom,25-34,Female,Annual
11819,2025-08-27,Canada,25-34,Male,Annual
11820,2025-08-06,Nigeria,35-44,Female,Monthly
11821,2025-08-06,United Kingdom,35-44,Female,Annual
11822,2025-08-13,Canada,25-34,MALE,Monthly
11823,2025-08-13,Canada,25-34,Female,Annual
11824,2025-08-23,Nigeria,25-34,Male,Monthly
11825,2025-08-21,Nigeria,45+,Male,Monthly
11826,2025-08-31,Nigeria,45+,Female,Annual
11827,2025-08-21,Nigeria,25-34,Male,Monthly
11828,2025-08-07,United Kingdom,18-24,Female,Monthly
11829,2025-08-03,NG,45+,Male,Annual
11830,2025-08-09,United Kingdom,25-34,Male,Monthly
11831,2025-08-31,Nigeria,25-34,Male,Monthly
11832,2025-08-24,Nigeria,25-34,Female,Monthly
11833,2025-08-23,Nigeria,25-34,Male,Annual
11834,2025-08-09,Nigeria,45+,male,Annual
11835,2025-08-15,Canada,45+,Male,Annual
11836,2025-08-22,Nigeria,35-44,Male,Annual
11837,2025-08-30,Nigeria,25-34,Female,Annual
11838,2025-08-19,United Kingdom,45+,Female,Monthly
11839,2025-08-01,Nigeria,25-34,Female,Annual
11840,2025-08-27,Nigeria,25-34,Female,Monthly
11841,2025-08-29,United Kingdom,25-34,Male,Annual
11842,2025-08-02,Nigeria,45+,Female,Monthly
11843,2025-08-13,United Kingdom,18-24,Female,Monthly
11844,2025-08-31,United Kingdom,18-24,Female,Monthly
11845,2025-08-30,United Kingdom,18-24,Female,Monthly
11846,2025-08-30,Nigeria,25-34,Male,Monthly
11847,2025-08-31,Nigeria,35-44,Male,Annual
11848,2025-08-01,United Kingdom,45+,Female,Monthly
11849,2025-08-05,Nigeria,45+,Female,Annual
11850,2025-08-16,Nigeria,35-44,Female,Annual
11851,2025-08-19,Nigeria,25-34,Male,Monthly
11852,2025-08-13,Nigeria,35/44,Female,Annual
11853,2025-08-09,Nigeria,35-44,Male,Annual
11854,2025-08-08,UK,25-34,Male,Monthly
11855,2025-08-19,Nigeria,25-34,Female,Annual
11856,2025-08-31,United Kingdom,25-34,Female,Annual
11857,2025-08-26,Nigeria,35-44,Female,Annual
11858,2025-08-06,Nigeria,18-24,Female,Annual
11859,2025-08-05,United Kingdom,25-34,Female,Monthly
11860,2025-08-09,United Kingdom,25-34,FEMALE,Monthly
11861,2025-08-23,NGR,35-44,Female,Monthly
11862,2025-08-01,Nigeria,35-44,Female,Monthly
11863,2025-08-22,Nigeria,25-34,Male,Monthly
11864,2025-08-18,United Kingdom,25-34,Male,Monthly
11865,2025-08-21,Nigeria,45+,Female,Monthly
11866,2025-08-27,Nigeria,35/44,Male,Monthly
11867,2025-08-19,Nigeria,25-34,Female,Monthly
11868,2025-08-20,Nigeria,18-24,Male,Monthly
11869,2025-08-15,Canada,45+,Male,Monthly
11870,2025-08-21,Canada,25-34,Male,Monthly
11871,2025-08-12,United Kingdom,45+,Female,Annual
11872,2025-08-03,Nigeria,35-44,Female,Monthly
11873,2025-08-01,Canada,35-44,Male,Monthly
11874,2025-08-23,United Kingdom,35-44,Female,Monthly
11875,2025-08-20,Canada,25-34,Male,Monthly
11876,2025-08-13,United Kingdom,18-24,Female,Monthly
11877,2025-08-24,NG,18-24,Male,Monthly
11878,2025-08-15,Nigeria,25-34,Female,Annual
11879,2025-08-08,United Kingdom,35-44,Male,Annual
11880,2025-08-19,Canada,25/34,Male,Annual
11881,2025-08-12,Canada,45+,Female,Annual
11882,2025-08-31,Canada,18-24,Female,Annual
11883,2025-08-23,Nigeria,25-34,Male,Monthly
11884,2025-08-24,United Kingdom,25-34,Female,Monthly
11885,2025-08-22,Nigeria,25-34,Female,Annual
11886,2025-08-22,United Kingdom,45+,Female,Monthly
11887,2025-08-24,Nigeria,18-24,Female,Annual
11888,2025-08-14,Nigeria,45+,Male,Monthly
11889,2025-08-26,Canada,25-34,Female,Monthly
11890,2025-08-02,Canada,35 to 44,Male,Monthly
11891,2025-08-21,United Kingdom,35 to 44,Male,Annual
11892,2025-08-17,Nigeria,18-24,Male,Annual
11893,2025-08-01,Nigeria,45+,Female,Annual
11894,2025-08-21,Nigeria,35-44,Male,Monthly
11895,2025-08-01,Nigeria,25-34,Male,Monthly
11896,2025-08-22,Canada,25-34,Female,Monthly
11897,2025-08-17,United Kingdom,25-34,Female,Monthly
11898,2025-08-19,Nigeria,25-34,Female,Annual
11899,2025-08-19,United Kingdom,18-24,Female,Monthly
11900,2025-08-10,Nigeria,25-34,Female,Monthly
11901,2025-08-20,Nigeria,25-34,Female,Monthly
11902,2025-08-07,Nigeria,25-34,Male,Monthly
11903,2025-08-24,Nigeria,18-24,Female,Annual
11904,2025-08-03,United Kingdom,25 to 34,Female,Annual
11905,2025-08-05,United Kingdom,35-44,Male,Annual
11906,2025-08-22,United Kingdom,18-24,Female,Monthly
11907,2025-08-02,Canada,35 to 44,Female,Monthly
11908,2025-08-31,Canada,18-24,Female,Annual
11909,2025-08-01,Canada,18-24,Female,Monthly
11910,2025-08-17,NG,18-24,Male,Monthly
11911,2025-08-31,Canada,35/44,Female,Monthly
11912,2025-08-21,Canada,25-34,Male,Monthly
11913,2025-08-20,Nigeria,18-24,Male,Monthly
11914,2025-08-22,Nigeria,35-44,Female,Annual
11915,2025-08-22,United Kingdom,25-34,Male,Monthly
11916,2025-08-06,Canada,18-24,Male,Monthly
11917,2025-08-10,Canada,45+,Male,Annual
11918,2025-08-06,United Kingdom,45+,Female,Annual
11919,2025-08-07,Canada,45+,Male,Monthly
11920,2025-08-07,United Kingdom,18-24,Female,Monthly
11921,2025-08-20,United Kingdom,35-44,Female,Monthly
11922,2025-08-29,Nigeria,25 to 34,Male,Monthly
11923,2025-08-18,Nigeria,25-34,Female,Annual
11924,2025-08-01,Nigeria,25-34,Female,Monthly
11925,2025-08-22,Nigeria,35-44,Female,Annual
11926,2025-08-17,United Kingdom,35-44,Male,Monthly
11927,2025-08-25,Nigeria,18-24,Female,Monthly
11928,2025-08-12,Canada,45+,Female,Annual
11929,2025-08-14,Nigeria,25-34,Male,Monthly
11930,2025-08-21,United Kingdom,45+,Female,Monthly
11931,2025-08-22,Nigeria,35-44,Female,Monthly
11932,2025-08-07,Canada,25/34,Male,Monthly
11933,2025-08-19,United Kingdom,25-34,FEMALE,Monthly
11934,2025-08-30,United Kingdom,18-24,Male,Annual
11935,2025-08-03,United Kingdom,18-24,Female,Annual
11936,2025-08-11,United Kingdom,35-44,Female,Monthly
11937,2025-08-17,United Kingdom,25-34,Male,Monthly
11938,2025-08-29,United Kingdom,25-34,Female,Monthly
11939,2025-08-31,Canada,25-34,Male,Monthly
11940,2025-08-19,Nigeria,35-44,Female,Monthly
11941,2025-08-17,Canada,18-24,Male,Annual
11942,2025-08-13,Nigeria,35-44,Female,Annual
11943,2025-08-14,Nigeria,18-24,Male,Annual
11944,2025-08-23,Nigeria,25-34,Female,Monthly
11945,2025-08-17,Nigeria,25-34,Male,Monthly
11946,2025-08-18,Nigeria,18-24,Female,Monthly
11947,2025-08-27,Canada,18-24,Male,Monthly
11948,2025-08-05,United Kingdom,18-24,Female,Monthly
11949,2025-08-30,NGR,18-24,Female,Annual
11950,2025-08-22,Nigeria,35 to 44,Female,Monthly
11951,2025-08-19,United Kingdom,25 to 34,Female,Monthly
11952,2025-08-18,Nigeria,18-24,FEMALE,Annual
11953,2025-08-18,Nigeria,25-34,Male,Monthly
11954,2025-08-18,Nigeria,25-34,Male,Annual
11955,2025-08-11,United Kingdom,18-24,Female,Annual
11956,2025-08-23,United Kingdom,35-44,Female,Monthly
11957,2025-08-08,Nigeria,25-34,Female,Monthly
11958,2025-08-21,Nigeria,25-34,Female,Monthly
11959,2025-08-17,Nigeria,25 to 34,Male,Monthly
11960,2025-08-12,Nigeria,25-34,Male,Monthly
11961,2025-08-25,United Kingdom,18-24,Female,Monthly
11962,2025-08-10,United Kingdom,45+,Female,Annual
11963,2025-08-21,Canada,18-24,Female,Annual
11964,2025-08-08,GBR,25-34,Female,Monthly
11965,2025-08-07,Nigeria,45+,Female,Monthly
11966,2025-08-18,Canada,18-24,Female,Monthly
11967,2025-08-31,Canada,25-34,Female,Monthly
11968,2025-08-10,Nigeria,18-24,Female,Annual
11969,2025-08-04,Canada,25-34,Male,Annual
11970,2025-08-04,United Kingdom,18-24,female,Monthly
11971,2025-08-16,United Kingdom,45+,Female,Monthly
11972,2025-08-25,United Kingdom,35-44,Female,Monthly
11973,2025-08-23,Canada,25/34,Female,Monthly
11974,2025-08-07,Canada,35-44,Male,Monthly
11975,2025-08-26,Canada,45+,Male,Annual
11976,2025-08-06,Nigeria,18-24,Male,Monthly
11977,2025-08-18,NGR,25-34,Male,Monthly
11978,2025-08-27,United Kingdom,45+,Male,Monthly
11979,2025-08-26,Canada,45+,Female,Monthly
11980,2025-08-22,Canada,25-34,Female,Monthly
11981,2025-08-11,Nigeria,45+,Female,Annual
11982,2025-08-24,Nigeria,25-34,Male,Annual
11983,2025-08-12,Canada,25-34,Female,Annual
11984,2025-08-11,Canada,25-34,Male,Monthly
11985,2025-08-17,United Kingdom,35-44,Male,Monthly
11986,2025-08-20,United Kingdom,25-34,Male,Annual
11987,2025-08-07,Nigeria,25-34,Male,Annual
11988,2025-08-29,United Kingdom,25/34,Male,Monthly
11989,2025-08-27,Nigeria,35-44,Male,Monthly
11990,2025-08-09,Canada,45+,Male,Monthly
11991,2025-08-08,United Kingdom,25-34,Female,Annual
11992,2025-08-03,Nigeria,25-34,Male,Monthly
11993,2025-08-13,United Kingdom,18-24,FEMALE,Monthly
11994,2025-08-06,Canada,25-34,Male,Monthly
11995,2025-08-29,United Kingdom,35-44,Male,Annual
11996,2025-08-28,Nigeria,18 to 24,Female,Monthly
11997,2025-08-26,United Kingdom,25-34,Male,Monthly
11998,2025-08-09,Nigeria,35-44,Female,Monthly
11999,2025-08-22,Nigeria,18-24,Male,Annual
12000,2025-08-16,United Kingdom,25-34,Male,Monthly
12001,2025-09-17,United Kingdom,35-44,Male,Monthly
12002,2025-09-16,Nigeria,25-34,Male,Annual
12003,2025-09-13,United Kingdom,18-24,Female,Monthly
12004,2025-09-11,United Kingdom,25-34,Female,Monthly
12005,2025-09-08,Nigeria,25-34,Male,Annual
12006,2025-09-12,United Kingdom,35-44,Male,Annual
12007,2025-09-03,Nigeria,45+,Male,Annual
12008,2025-09-09,Nigeria,35 to 44,MALE,Annual
12009,2025-09-30,Nigeria,35 to 44,Male,Annual
12010,2025-09-05,Canada,45+,Male,Monthly
12011,2025-09-22,Nigeria,25-34,Male,Monthly
12012,2025-09-02,Nigeria,25-34,Female,Annual
12013,2025-09-23,Canada,35-44,Male,Monthly
12014,2025-09-08,Nigeria,25-34,Male,Monthly
12015,2025-09-22,Canada,18-24,Male,Annual
12016,2025-09-15,Canada,25-34,Female,Monthly
12017,2025-09-24,Nigeria,45+,Male,Monthly
12018,2025-09-21,Nigeria,25-34,Male,Monthly
12019,2025-09-17,Nigeria,25-34,Female,Annual
12020,2025-09-23,Nigeria,18-24,Female,Monthly
12021,2025-09-29,Nigeria,35-44,Male,Annual
12022,2025-09-18,Nigeria,25-34,Male,Monthly
12023,2025-09-06,Nigeria,18-24,Male,Monthly
12024,2025-09-04,Canada,35-44,Male,Monthly
12025,2025-09-17,Nigeria,25-34,Female,Monthly
12026,2025-09-13,Nigeria,35-44,Female,Annual
12027,2025-09-19,Nigeria,45+,Male,Annual
12028,2025-09-21,Nigeria,25-34,Female,Monthly
12029,2025-09-06,Canada,35-44,Female,Monthly
12030,2025-09-23,United Kingdom,25-34,Female,Monthly
12031,2025-09-30,Nigeria,35-44,Female,Annual
12032,2025-09-10,United Kingdom,35/44,Female,Monthly
12033,2025-09-28,Nigeria,25-34,Male,Annual
12034,2025-09-28,Canada,45+,Female,Annual
12035,2025-09-13,Nigeria,45+,Male,Monthly
12036,2025-09-24,United Kingdom,25-34,Female,Monthly
12037,2025-09-28,Nigeria,18-24,Male,Monthly
12038,2025-09-26,Nigeria,18 to 24,Female,Monthly
12039,2025-09-12,United Kingdom,25/34,Female,Monthly
12040,2025-09-20,Nigeria,35-44,Female,Annual
12041,2025-09-18,United Kingdom,25-34,male,Annual
12042,2025-09-13,United Kingdom,25-34,Male,Monthly
12043,2025-09-20,Nigeria,25-34,Male,Monthly
12044,2025-09-29,CAN,35-44,Female,Monthly
12045,2025-09-01,Nigeria,35-44,Female,Monthly
12046,2025-09-28,Canada,18-24,FEMALE,Monthly
12047,2025-09-12,United Kingdom,18-24,Female,Monthly
12048,2025-09-25,Nigeria,25-34,Male,Annual
12049,2025-09-04,Nigeria,45+,Male,Annual
12050,2025-09-27,United Kingdom,25-34,Male,Annual
12051,2025-09-14,United Kingdom,25-34,Female,Annual
12052,2025-09-28,United Kingdom,45+,Female,Annual
12053,2025-09-13,Nigeria,25-34,Female,Annual
12054,2025-09-23,Nigeria,25-34,male,Monthly
12055,2025-09-18,Canada,35/44,Male,Annual
12056,2025-09-07,Canada,45+,Female,Monthly
12057,2025-09-08,Nigeria,45+,Male,Monthly
12058,2025-09-17,Canada,25-34,Female,Monthly
12059,2025-09-15,United Kingdom,25-34,Female,Monthly
12060,2025-09-19,United Kingdom,25-34,Female,Annual
12061,2025-09-25,United Kingdom,25-34,Male,Annual
12062,2025-09-24,Nigeria,35 to 44,Female,Monthly
12063,2025-09-02,Nigeria,25-34,Female,Monthly
12064,2025-09-15,United Kingdom,18-24,Female,Monthly
12065,2025-09-05,NGR,25-34,Female,Monthly
12066,2025-09-16,United Kingdom,35-44,Male,Monthly
12067,2025-09-17,Nigeria,25-34,Female,Monthly
12068,2025-09-30,Nigeria,25-34,Male,Annual
12069,2025-09-12,Nigeria,25-34,male,Monthly
12070,2025-09-14,United Kingdom,45+,Female,Monthly
12071,2025-09-16,Nigeria,18-24,Male,Monthly
12072,2025-09-04,Nigeria,18-24,Male,Monthly
12073,2025-09-02,United Kingdom,25-34,Male,Monthly
12074,2025-09-22,Nigeria,18-24,Female,Annual
12075,2025-09-10,Nigeria,18-24,Male,Monthly
12076,2025-09-11,United Kingdom,35-44,Male,Monthly
12077,2025-09-30,Nigeria,18-24,Female,Monthly
12078,2025-09-08,Nigeria,45+,Male,Monthly
12079,2025-09-28,Nigeria,25/34,Female,Monthly
12080,2025-09-19,Nigeria,18/24,Male,Annual
12081,2025-09-08,Canada,35-44,Male,Monthly
12082,2025-09-29,United Kingdom,25-34,Male,Annual
12083,2025-09-19,Nigeria,25-34,Female,Annual
12084,2025-09-10,Nigeria,25-34,Male,Annual
12085,2025-09-14,Nigeria,25-34,Female,Annual
12086,2025-09-12,Canada,25-34,Male,Monthly
12087,2025-09-26,United Kingdom,18-24,Male,Annual
12088,2025-09-14,United Kingdom,35-44,Female,Annual
12089,2025-09-02,Nigeria,18-24,Male,Monthly
12090,2025-09-21,Canada,35 to 44,male,Monthly
12091,2025-09-23,Canada,25-34,Male,Monthly
12092,2025-09-12,Nigeria,25-34,Female,Monthly
12093,2025-09-28,Nigeria,18-24,Female,Monthly
12094,2025-09-13,Nigeria,35-44,Female,Monthly
12095,2025-09-08,United Kingdom,35-44,Male,Monthly
12096,2025-09-22,Nigeria,45+,Female,Annual
12097,2025-09-04,Nigeria,25-34,Female,Monthly
12098,2025-09-30,United Kingdom,35-44,Female,Monthly
12099,2025-09-21,United Kingdom,45+,male,Monthly
12100,2025-09-10,Nigeria,35-44,Female,Monthly
12101,2025-09-03,United Kingdom,35-44,Male,Monthly
12102,2025-09-18,Nigeria,25-34,Female,Monthly
12103,2025-09-18,Nigeria,25-34,Male,Annual
12104,2025-09-24,Canada,25-34,Male,Annual
12105,2025-09-09,United Kingdom,35-44,Male,Monthly
12106,2025-09-07,Canada,35-44,Male,Annual
12107,2025-09-13,United Kingdom,25/34,Female,Monthly
12108,2025-09-25,Canada,18-24,Female,Annual
12109,2025-09-28,Nigeria,25-34,Female,Annual
12110,2025-09-11,Nigeria,45+,Female,Monthly
12111,2025-09-02,Canada,25-34,male,Annual
12112,2025-09-04,United Kingdom,18-24,Female,Monthly
12113,2025-09-17,Canada,25-34,Male,Annual
12114,2025-09-01,United Kingdom,18-24,Female,Annual
12115,2025-09-22,Nigeria,45+,Male,Monthly
12116,2025-09-01,Nigeria,25-34,Male,Monthly
12117,2025-09-13,Nigeria,35-44,Male,Monthly
12118,2025-09-24,United Kingdom,35-44,Female,Annual
12119,2025-09-15,Canada,25-34,Male,Monthly
12120,2025-09-21,Canada,25-34,Male,Monthly
12121,2025-09-11,United Kingdom,18-24,Female,Annual
12122,2025-09-24,Nigeria,25-34,Male,Monthly
12123,2025-09-13,Nigeria,25-34,Male,Monthly
12124,2025-09-23,Nigeria,18-24,Female,Monthly
12125,2025-09-29,GBR,18-24,Female,Monthly
12126,2025-09-12,United Kingdom,25-34,Female,Monthly
12127,2025-09-07,United Kingdom,25/34,Male,Annual
12128,2025-09-28,Canada,45+,Male,Monthly
12129,2025-09-21,Nigeria,35 to 44,Male,Monthly
12130,2025-09-27,NG,35-44,Female,Monthly
12131,2025-09-12,United Kingdom,25-34,Male,Monthly
12132,2025-09-11,Nigeria,25-34,Male,Annual
12133,2025-09-04,United Kingdom,25 to 34,Female,Monthly
12134,2025-09-24,Nigeria,45+,Male,Monthly
12135,2025-09-26,United Kingdom,18-24,Male,Annual
12136,2025-09-25,Nigeria,35-44,Female,Monthly
12137,2025-09-09,Nigeria,35-44,Female,Monthly
12138,2025-09-15,United Kingdom,18-24,Male,Monthly
12139,2025-09-15,Nigeria,25-34,Female,Monthly
12140,2025-09-04,Nigeria,35-44,Female,Annual
12141,2025-09-01,Canada,18-24,male,Annual
12142,2025-09-11,Nigeria,18-24,Male,Annual
12143,2025-09-16,United Kingdom,35-44,Male,Monthly
12144,2025-09-30,United Kingdom,18-24,Female,Annual
12145,2025-09-27,Nigeria,25-34,Male,Monthly
12146,2025-09-22,CAN,25-34,Male,Monthly
12147,2025-09-29,Nigeria,25-34,Female,Monthly
12148,2025-09-24,Nigeria,25-34,Female,Annual
12149,2025-09-16,Nigeria,25-34,Female,Annual
12150,2025-09-28,United Kingdom,25-34,Male,Monthly
12151,2025-09-28,Nigeria,35-44,FEMALE,Monthly
12152,2025-09-07,Nigeria,35-44,Male,Annual
12153,2025-09-09,United Kingdom,35-44,Female,Annual
12154,2025-09-30,United Kingdom,18-24,Female,Monthly
12155,2025-09-01,Nigeria,25-34,Male,Monthly
12156,2025-09-16,Nigeria,25-34,Female,Monthly
12157,2025-09-12,Nigeria,25-34,Female,Annual
12158,2025-09-23,Nigeria,25-34,Male,Monthly
12159,2025-09-29,United Kingdom,18-24,Male,Annual
12160,2025-09-10,Nigeria,45+,Male,Monthly
12161,2025-09-07,Nigeria,25-34,Female,Annual
12162,2025-09-10,Nigeria,35-44,Male,Annual
12163,2025-09-22,United Kingdom,25-34,Male,Annual
12164,2025-09-11,United Kingdom,25-34,Male,Annual
12165,2025-09-20,Nigeria,45+,Female,Monthly
12166,2025-09-11,United Kingdom,35-44,Female,Monthly
12167,2025-09-23,United Kingdom,18-24,Female,Monthly
12168,2025-09-02,Nigeria,45+,Male,Monthly
12169,2025-09-11,Nigeria,35-44,Male,Annual
12170,2025-09-10,Nigeria,25-34,MALE,Monthly
12171,2025-09-18,Canada,18-24,Male,Monthly
12172,2025-09-20,Nigeria,18-24,Female,Monthly
12173,2025-09-22,Nigeria,35-44,Male,Annual
12174,2025-09-28,United Kingdom,18-24,Female,Monthly
12175,2025-09-24,United Kingdom,35-44,Male,Annual
12176,2025-09-02,Canada,25-34,Female,Annual
12177,2025-09-21,Nigeria,18-24,Female,Annual
12178,2025-09-01,Nigeria,25-34,Male,Monthly
12179,2025-09-13,United Kingdom,25-34,Male,Annual
12180,2025-09-18,United Kingdom,35-44,Male,Annual
12181,2025-09-10,CA,18-24,Female,Monthly
12182,2025-09-21,United Kingdom,45+,Male,Annual
12183,2025-09-24,United Kingdom,18-24,Female,Annual
12184,2025-09-19,Nigeria,18-24,Male,Monthly
12185,2025-09-16,UK,25-34,Male,Monthly
12186,2025-09-30,United Kingdom,35-44,Female,Annual
12187,2025-09-20,Nigeria,25-34,Female,Annual
12188,2025-09-07,Nigeria,35-44,Female,Annual
12189,2025-09-20,United Kingdom,18-24,Female,Monthly
12190,2025-09-15,Nigeria,25-34,Male,Monthly
12191,2025-09-01,United Kingdom,45+,Female,Annual
12192,2025-09-28,United Kingdom,35-44,Female,Monthly
12193,2025-09-24,Nigeria,18-24,Male,Monthly
12194,2025-09-19,UK,35-44,Male,Monthly
12195,2025-09-21,Canada,18-24,Male,Monthly
12196,2025-09-18,Nigeria,35-44,Male,Monthly
12197,2025-09-11,Nigeria,25-34,Male,Monthly
12198,2025-09-28,Canada,45+,Female,Monthly
12199,2025-09-17,Nigeria,18-24,Male,Monthly
12200,2025-09-11,NG,35-44,Male,Annual
12201,2025-09-21,Nigeria,18-24,Male,Annual
12202,2025-09-05,United Kingdom,25-34,female,Monthly
12203,2025-09-10,United Kingdom,18-24,Male,Monthly
12204,2025-09-04,Nigeria,35-44,Female,Annual
12205,2025-09-03,United Kingdom,45+,Male,Annual
12206,2025-09-25,Nigeria,25-34,Female,Monthly
12207,2025-09-14,Nigeria,18-24,Male,Annual
12208,2025-09-26,Nigeria,45+,Female,Monthly
12209,2025-09-20,Nigeria,35/44,Male,Annual
12210,2025-09-08,Nigeria,18-24,Male,Monthly
12211,2025-09-07,Nigeria,18-24,Female,Monthly
12212,2025-09-14,Nigeria,35-44,Male,Monthly
12213,2025-09-03,Nigeria,25-34,Female,Monthly
12214,2025-09-18,Nigeria,35-44,Female,Annual
12215,2025-09-14,Canada,35-44,Female,Monthly
12216,2025-09-05,Nigeria,25-34,Male,Monthly
12217,2025-09-16,United Kingdom,18-24,Male,Annual
12218,2025-09-26,Nigeria,25-34,Female,Annual
12219,2025-09-28,Nigeria,35-44,Male,Monthly
12220,2025-09-13,Nigeria,35-44,Male,Monthly
12221,2025-09-03,Nigeria,45+,Female,Monthly
12222,2025-09-26,United Kingdom,25-34,female,Annual
12223,2025-09-17,United Kingdom,25-34,Female,Annual
12224,2025-09-23,Nigeria,35-44,Male,Monthly
12225,2025-09-02,Nigeria,35-44,Male,Annual
12226,2025-09-09,Canada,25-34,FEMALE,Monthly
12227,2025-09-09,Nigeria,18-24,Female,Monthly
12228,2025-09-22,Canada,45+,Female,Monthly
12229,2025-09-21,United Kingdom,18-24,Male,Annual
12230,2025-09-23,Nigeria,25-34,Male,Monthly
12231,2025-09-12,Nigeria,25-34,Male,Monthly
12232,2025-09-10,Nigeria,35-44,Male,Monthly
12233,2025-09-06,United Kingdom,18-24,Male,Monthly
12234,2025-09-08,GBR,35/44,Female,Monthly
12235,2025-09-05,Nigeria,25-34,Female,Annual
12236,2025-09-25,Canada,35-44,Female,Monthly
12237,2025-09-21,Nigeria,18 to 24,Female,Annual
12238,2025-09-21,Nigeria,25-34,Male,Monthly
12239,2025-09-27,United Kingdom,35 to 44,Female,Annual
12240,2025-09-23,GBR,35-44,Male,Monthly
12241,2025-09-10,United Kingdom,18-24,Female,Monthly
12242,2025-09-10,Canada,35-44,Male,Monthly
12243,2025-09-04,Nigeria,45+,Female,Annual
12244,2025-09-22,Canada,45+,Female,Annual
12245,2025-09-27,Canada,25-34,Male,Annual
12246,2025-09-22,United Kingdom,18-24,Female,Monthly
12247,2025-09-15,United Kingdom,25-34,Male,Annual
12248,2025-09-10,United Kingdom,25-34,Female,Monthly
12249,2025-09-14,NG,35-44,Male,Annual
12250,2025-09-09,United Kingdom,35-44,Female,Monthly
12251,2025-09-05,Nigeria,25-34,Female,Monthly
12252,2025-09-13,Canada,25-34,Male,Monthly
12253,2025-09-08,United Kingdom,25-34,Male,Monthly
12254,2025-09-23,United Kingdom,25-34,Male,Monthly
12255,2025-09-28,United Kingdom,25-34,Female,Monthly
12256,2025-09-06,Nigeria,25-34,Male,Annual
12257,2025-09-01,Nigeria,45+,Female,Monthly
12258,2025-09-27,Nigeria,25-34,Male,Monthly
12259,2025-09-09,Canada,45+,Male,Annual
12260,2025-09-08,United Kingdom,25-34,Female,Annual
12261,2025-09-26,Canada,35-44,Female,Monthly
12262,2025-09-26,Nigeria,25-34,Male,Monthly
12263,2025-09-18,CAN,25-34,Male,Monthly
12264,2025-09-05,Nigeria,18-24,Male,Annual
12265,2025-09-22,Nigeria,25-34,Female,Monthly
12266,2025-09-23,NG,25-34,Male,Annual
12267,2025-09-14,United Kingdom,35-44,Female,Annual
12268,2025-09-17,Canada,18-24,female,Monthly
12269,2025-09-17,United Kingdom,35-44,Male,Annual
12270,2025-09-20,Nigeria,25-34,Male,Annual
12271,2025-09-16,Nigeria,25-34,Male,Annual
12272,2025-09-30,Canada,35-44,Male,Annual
12273,2025-09-02,United Kingdom,18/24,Female,Annual
12274,2025-09-02,United Kingdom,25-34,Male,Annual
12275,2025-09-05,Nigeria,25-34,Female,Monthly
12276,2025-09-05,Nigeria,35-44,Female,Monthly
12277,2025-09-15,Canada,25 to 34,Female,Annual
12278,2025-09-03,Canada,25-34,Female,Monthly
12279,2025-09-06,Nigeria,45+,Female,Monthly
12280,2025-09-16,Nigeria,18-24,Male,Annual
12281,2025-09-27,Nigeria,25-34,Female,Annual
12282,2025-09-25,Nigeria,18-24,Female,Annual
12283,2025-09-07,Canada,35-44,Female,Monthly
12284,2025-09-02,Nigeria,25-34,Male,Monthly
12285,2025-09-23,Nigeria,25-34,Male,Annual
12286,2025-09-24,Canada,25-34,Male,Annual
12287,2025-09-28,Canada,25-34,Male,Annual
12288,2025-09-13,Nigeria,18-24,Male,Monthly
12289,2025-09-02,Canada,18-24,Female,Annual
12290,2025-09-29,Nigeria,45+,Male,Monthly
12291,2025-09-09,Nigeria,35-44,Female,Monthly
12292,2025-09-12,Canada,25-34,Female,Monthly
12293,2025-09-13,Nigeria,25-34,Male,Annual
12294,2025-09-30,CAN,45+,Female,Monthly
12295,2025-09-11,United Kingdom,25-34,male,Monthly
12296,2025-09-17,Canada,25-34,Female,Monthly
12297,2025-09-16,Nigeria,18-24,Male,Monthly
12298,2025-09-30,Nigeria,18-24,Female,Monthly
12299,2025-09-29,Canada,25-34,Male,Annual
12300,2025-09-19,Canada,18-24,Male,Monthly
12301,2025-09-04,Canada,25-34,Female,Monthly
12302,2025-09-11,Nigeria,18-24,Female,Monthly
12303,2025-09-20,United Kingdom,18-24,Male,Monthly
12304,2025-09-25,Nigeria,18-24,Female,Monthly
12305,2025-09-23,Nigeria,25-34,Female,Monthly
12306,2025-09-15,United Kingdom,35-44,male,Annual
12307,2025-09-21,United Kingdom,25-34,Male,Annual
12308,2025-09-10,United Kingdom,35-44,Female,Monthly
12309,2025-09-20,Nigeria,18 to 24,Male,Monthly
12310,2025-09-15,Canada,25-34,Female,Monthly
12311,2025-09-21,GBR,35-44,Male,Monthly
12312,2025-09-27,Nigeria,25-34,Female,Monthly
12313,2025-09-25,Canada,35-44,Female,Annual
12314,2025-09-22,Canada,35-44,Female,Monthly
12315,2025-09-24,Nigeria,35-44,MALE,Monthly
12316,2025-09-06,United Kingdom,18-24,Female,Annual
12317,2025-09-06,Canada,35 to 44,Male,Annual
12318,2025-09-26,United Kingdom,45+,Male,Annual
12319,2025-09-17,Nigeria,25/34,Male,Annual
12320,2025-09-13,United Kingdom,25-34,Female,Monthly
12321,2025-09-20,Canada,18 to 24,Male,Monthly
12322,2025-09-03,United Kingdom,25-34,FEMALE,Monthly
12323,2025-09-05,Nigeria,25-34,Female,Monthly
12324,2025-09-05,Nigeria,35-44,Female,Monthly
12325,2025-09-17,Canada,25-34,male,Monthly
12326,2025-09-02,United Kingdom,18-24,Female,Annual
12327,2025-09-02,NG,25-34,Male,Annual
12328,2025-09-21,Nigeria,35-44,Male,Monthly
12329,2025-09-23,Canada,25-34,Female,Monthly
12330,2025-09-08,Nigeria,25-34,Female,Monthly
12331,2025-09-21,Canada,45+,Female,Monthly
12332,2025-09-03,Canada,35-44,Male,Annual
12333,2025-09-13,Nigeria,25-34,Male,Annual
12334,2025-09-11,Nigeria,18-24,Male,Monthly
12335,2025-09-11,Canada,45+,Male,Monthly
12336,2025-09-27,Canada,35-44,Male,Annual
12337,2025-09-03,United Kingdom,25-34,Female,Monthly
12338,2025-09-19,Nigeria,18/24,Female,Monthly
12339,2025-09-09,Canada,25-34,Female,Monthly
12340,2025-09-15,United Kingdom,25-34,Female,Monthly
12341,2025-09-07,Nigeria,25-34,Female,Monthly
12342,2025-09-22,United Kingdom,25-34,Male,Monthly
12343,2025-09-02,Nigeria,25 to 34,Female,Monthly
12344,2025-09-03,Canada,25 to 34,Female,Monthly
12345,2025-09-10,Canada,35-44,Male,Monthly
12346,2025-09-27,Nigeria,18-24,Male,Monthly
12347,2025-09-01,Nigeria,45+,Male,Monthly
12348,2025-09-06,Nigeria,35-44,Female,Monthly
12349,2025-09-15,Nigeria,18-24,Female,Monthly
12350,2025-09-01,Canada,35 to 44,Female,Monthly
12351,2025-09-17,United Kingdom,25-34,Female,Annual
12352,2025-09-11,Nigeria,25-34,Female,Annual
12353,2025-09-20,Nigeria,18-24,Male,Annual
12354,2025-09-02,Nigeria,18-24,Male,Monthly
12355,2025-09-06,United Kingdom,25-34,Female,Annual
12356,2025-09-06,Nigeria,25-34,Female,Monthly
12357,2025-09-23,Nigeria,18-24,Male,Annual
12358,2025-09-23,NG,35-44,Male,Annual
12359,2025-09-04,United Kingdom,45+,Male,Monthly
12360,2025-09-13,Canada,45+,Male,Monthly
12361,2025-09-22,Nigeria,35-44,Male,Annual
12362,2025-09-01,Nigeria,18-24,Male,Monthly
12363,2025-09-04,Canada,18-24,Female,Annual
12364,2025-09-20,Canada,25-34,Male,Monthly
12365,2025-09-17,United Kingdom,35-44,Male,Annual
12366,2025-09-22,United Kingdom,35-44,Female,Annual
12367,2025-09-14,Nigeria,45+,Male,Annual
12368,2025-09-28,United Kingdom,45+,Female,Annual
12369,2025-09-04,Nigeria,25-34,Male,Monthly
12370,2025-09-05,Nigeria,45+,Female,Monthly
12371,2025-09-20,United Kingdom,18-24,Male,Annual
12372,2025-09-26,Nigeria,25-34,Female,Monthly
12373,2025-09-01,Nigeria,35-44,Male,Monthly
12374,2025-09-22,Nigeria,45+,Male,Annual
12375,2025-09-30,Nigeria,25-34,Female,Monthly
12376,2025-09-17,Canada,18-24,Female,Annual
12377,2025-09-25,Canada,35-44,Male,Monthly
12378,2025-09-08,Nigeria,35-44,Male,Monthly
12379,2025-09-25,Nigeria,35-44,Male,Annual
12380,2025-09-14,Canada,35-44,Female,Annual
12381,2025-09-09,Nigeria,45+,Male,Annual
12382,2025-09-06,United Kingdom,35-44,Male,Monthly
12383,2025-09-26,Nigeria,25-34,Male,Monthly
12384,2025-09-22,United Kingdom,35-44,Female,Monthly
12385,2025-09-24,Nigeria,18-24,Female,Annual
12386,2025-09-22,United Kingdom,35-44,Male,Annual
12387,2025-09-08,United Kingdom,18-24,Female,Annual
12388,2025-09-06,Nigeria,25-34,Female,Annual
12389,2025-09-20,Nigeria,35-44,Male,Monthly
12390,2025-09-08,United Kingdom,45+,Female,Monthly
12391,2025-09-20,CAN,35-44,Male,Monthly
12392,2025-09-28,United Kingdom,18-24,female,Annual
12393,2025-09-23,Nigeria,18-24,male,Monthly
12394,2025-09-15,United Kingdom,18-24,Male,Monthly
12395,2025-09-28,Nigeria,25-34,Male,Annual
12396,2025-09-17,Canada,18-24,Male,Monthly
12397,2025-09-15,Canada,35-44,FEMALE,Monthly
12398,2025-09-29,Nigeria,35-44,Male,Monthly
12399,2025-09-11,United Kingdom,35-44,Male,Monthly
12400,2025-09-07,United Kingdom,35-44,Female,Annual
12401,2025-09-05,Nigeria,25-34,Female,Monthly
12402,2025-09-19,United Kingdom,18-24,Female,Monthly
12403,2025-09-16,Nigeria,35-44,Male,Monthly
12404,2025-09-24,United Kingdom,25-34,Male,Annual
12405,2025-09-05,United Kingdom,25-34,female,Annual
12406,2025-09-10,United Kingdom,18-24,Male,Monthly
12407,2025-09-04,United Kingdom,35-44,Male,Monthly
12408,2025-09-10,Nigeria,18-24,Male,Monthly
12409,2025-09-29,United Kingdom,35-44,Female,Monthly
12410,2025-09-27,United Kingdom,45+,Male,Monthly
12411,2025-09-15,United Kingdom,25-34,Female,Monthly
12412,2025-09-03,Nigeria,18-24,Male,Annual
12413,2025-09-30,United Kingdom,25-34,Male,Monthly
12414,2025-09-05,Nigeria,25-34,Female,Monthly
12415,2025-09-04,Nigeria,25 to 34,Male,Monthly
12416,2025-09-13,Nigeria,45+,Male,Monthly
12417,2025-09-29,United Kingdom,25-34,Male,Monthly
12418,2025-09-24,Nigeria,25-34,Male,Annual
12419,2025-09-11,Nigeria,45+,Female,Annual
12420,2025-09-14,Nigeria,25-34,Male,Annual
12421,2025-09-02,United Kingdom,45+,Female,Monthly
12422,2025-09-09,UK,25-34,Female,Monthly
12423,2025-09-21,Canada,35-44,Male,Monthly
12424,2025-09-13,NGR,25-34,Male,Monthly
12425,2025-09-30,NG,35-44,Male,Monthly
12426,2025-09-14,Nigeria,25-34,Female,Monthly
12427,2025-09-26,Nigeria,35-44,Male,Monthly
12428,2025-09-22,Nigeria,45+,Male,Monthly
12429,2025-09-16,Nigeria,25-34,FEMALE,Monthly
12430,2025-09-27,Canada,18-24,Female,Monthly
12431,2025-09-27,Canada,25-34,Female,Monthly
12432,2025-09-10,United Kingdom,18-24,Male,Monthly
12433,2025-09-09,Canada,25-34,Male,Annual
12434,2025-09-22,United Kingdom,18-24,Female,Monthly
12435,2025-09-01,Nigeria,18-24,Male,Monthly
12436,2025-09-22,Nigeria,45+,female,Annual
12437,2025-09-14,NG,45+,Female,Monthly
12438,2025-09-24,United Kingdom,25-34,Male,Monthly
12439,2025-09-04,Nigeria,25-34,female,Monthly
12440,2025-09-18,Nigeria,25-34,Female,Annual
12441,2025-09-17,Canada,18-24,Female,Annual
12442,2025-09-01,Canada,25-34,Female,Annual
12443,2025-09-16,United Kingdom,45+,Male,Monthly
12444,2025-09-20,CAN,35 to 44,Female,Monthly
12445,2025-09-13,Nigeria,25-34,Female,Monthly
12446,2025-09-19,Canada,25-34,Female,Annual
12447,2025-09-10,United Kingdom,35-44,Male,Monthly
12448,2025-09-19,United Kingdom,35-44,Male,Monthly
12449,2025-09-08,Canada,35-44,Male,Monthly
12450,2025-09-09,Canada,25-34,Male,Monthly
12451,2025-09-03,Nigeria,45+,FEMALE,Monthly
12452,2025-09-03,Canada,18-24,Male,Monthly
12453,2025-09-05,United Kingdom,25-34,Male,Annual
12454,2025-09-06,Nigeria,25-34,Female,Monthly
12455,2025-09-22,United Kingdom,18-24,Female,Annual
12456,2025-09-07,United Kingdom,25-34,Female,Monthly
12457,2025-09-11,United Kingdom,45+,Male,Monthly
12458,2025-09-06,Nigeria,35-44,FEMALE,Annual
12459,2025-09-13,Nigeria,45+,Female,Monthly
12460,2025-09-08,Nigeria,18-24,Female,Monthly
12461,2025-09-10,United Kingdom,45+,Male,Monthly
12462,2025-09-03,Nigeria,18-24,female,Monthly
12463,2025-09-16,United Kingdom,35-44,Male,Monthly
12464,2025-09-09,United Kingdom,25-34,Female,Annual
12465,2025-09-20,Nigeria,18-24,Male,Monthly
12466,2025-09-30,Nigeria,35-44,Female,Annual
12467,2025-09-15,Nigeria,35-44,Male,Annual
12468,2025-09-16,Canada,35-44,Male,Monthly
12469,2025-09-25,Canada,25-34,Male,Monthly
12470,2025-09-11,Nigeria,35-44,Female,Monthly
12471,2025-09-05,Nigeria,25-34,male,Annual
12472,2025-09-22,United Kingdom,35-44,Female,Monthly
12473,2025-09-20,Nigeria,35-44,Female,Annual
12474,2025-09-15,United Kingdom,45+,Male,Monthly
12475,2025-09-12,Nigeria,35-44,Female,Annual
12476,2025-09-01,United Kingdom,45+,Male,Monthly
12477,2025-09-17,Nigeria,35 to 44,Female,Monthly
12478,2025-09-17,Canada,25-34,Female,Annual
12479,2025-09-16,Nigeria,35-44,Female,Monthly
12480,2025-09-10,Nigeria,25-34,Male,Monthly
12481,2025-09-05,Canada,45+,Female,Monthly
12482,2025-09-18,Nigeria,35-44,female,Monthly
12483,2025-09-19,Nigeria,25-34,Male,Monthly
12484,2025-09-06,Nigeria,25-34,Male,Annual
12485,2025-09-04,United Kingdom,18-24,Male,Annual
12486,2025-09-15,United Kingdom,25-34,Male,Annual
12487,2025-09-02,United Kingdom,25-34,Female,Annual
12488,2025-09-06,Nigeria,45+,Male,Monthly
12489,2025-09-20,Nigeria,25-34,Female,Annual
12490,2025-09-09,Nigeria,18-24,Female,Annual
12491,2025-09-14,Nigeria,18-24,Male,Annual
12492,2025-09-21,Nigeria,25-34,Female,Monthly
12493,2025-09-06,United Kingdom,25-34,Male,Monthly
12494,2025-09-07,United Kingdom,25-34,female,Monthly
12495,2025-09-09,United Kingdom,35 to 44,Male,Monthly
12496,2025-09-13,United Kingdom,18-24,Female,Annual
12497,2025-09-17,United Kingdom,25-34,Female,Monthly
12498,2025-09-03,Nigeria,45+,Female,Annual
12499,2025-09-15,United Kingdom,25-34,Female,Monthly
12500,2025-09-21,Nigeria,25-34,Male,Annual
12501,2025-09-26,United Kingdom,25-34,Male,Monthly
12502,2025-09-17,Nigeria,18-24,Male,Monthly
12503,2025-09-19,United Kingdom,35-44,Male,Monthly
12504,2025-09-25,Canada,18-24,Female,Monthly
12505,2025-09-22,Nigeria,25-34,Female,Annual
12506,2025-09-17,Nigeria,18-24,Male,Annual
12507,2025-09-17,Canada,45+,Female,Monthly
12508,2025-09-30,Nigeria,35-44,Female,Monthly
12509,2025-09-23,Nigeria,25-34,Male,Annual
12510,2025-09-08,Nigeria,18-24,Female,Annual
12511,2025-09-14,Nigeria,25-34,Female,Annual
12512,2025-09-23,United Kingdom,25-34,Male,Monthly
12513,2025-09-16,Canada,18-24,Female,Monthly
12514,2025-09-13,United Kingdom,35-44,Male,Monthly
12515,2025-09-19,United Kingdom,18-24,Female,Annual
12516,2025-09-12,Canada,25-34,Male,Monthly
12517,2025-09-21,Canada,25-34,Female,Annual
12518,2025-09-22,Nigeria,18-24,Female,Annual
12519,2025-09-27,United Kingdom,18-24,Female,Monthly
12520,2025-09-29,Nigeria,35-44,FEMALE,Monthly
12521,2025-09-22,Nigeria,35-44,Male,Monthly
12522,2025-09-23,Canada,25-34,Male,Monthly
12523,2025-09-24,Canada,35-44,Male,Annual
12524,2025-09-10,Canada,25/34,Female,Annual
12525,2025-09-28,United Kingdom,25-34,Male,Annual
12526,2025-09-16,Nigeria,35-44,Male,Annual
12527,2025-09-27,Nigeria,25-34,Male,Monthly
12528,2025-09-07,Nigeria,25-34,Female,Monthly
12529,2025-09-10,Nigeria,18-24,FEMALE,Monthly
12530,2025-09-19,United Kingdom,35-44,Male,Monthly
12531,2025-09-18,United Kingdom,25-34,Male,Annual
12532,2025-09-13,Nigeria,35-44,Female,Annual
12533,2025-09-07,Nigeria,25-34,Female,Monthly
12534,2025-09-07,Nigeria,25-34,Female,Monthly
12535,2025-09-22,United Kingdom,18-24,Male,Monthly
12536,2025-09-01,Nigeria,25-34,Female,Monthly
12537,2025-09-04,Nigeria,35-44,Male,Monthly
12538,2025-09-28,Nigeria,35-44,Female,Monthly
12539,2025-09-30,Nigeria,45+,Female,Monthly
12540,2025-09-03,Nigeria,25-34,Female,Monthly
12541,2025-09-05,Canada,35-44,Male,Monthly
12542,2025-09-10,Nigeria,25-34,Female,Monthly
12543,2025-09-18,Nigeria,25-34,Male,Annual
12544,2025-09-06,Nigeria,25-34,Male,Annual
12545,2025-09-30,Nigeria,18-24,female,Monthly
12546,2025-09-15,Canada,25-34,Male,Annual
12547,2025-09-17,United Kingdom,25 to 34,Male,Monthly
12548,2025-09-06,Nigeria,35-44,Male,Monthly
12549,2025-09-10,United Kingdom,45+,Female,Monthly
12550,2025-09-23,Nigeria,25-34,Male,Annual
12551,2025-09-19,Nigeria,25-34,Male,Annual
12552,2025-09-07,Nigeria,18-24,Female,Monthly
12553,2025-09-14,Canada,25-34,Female,Monthly
12554,2025-09-06,United Kingdom,35-44,Male,Annual
12555,2025-09-13,Nigeria,45+,Male,Monthly
12556,2025-09-07,Canada,18-24,Female,Monthly
12557,2025-09-30,Nigeria,45+,Male,Annual
12558,2025-09-09,Nigeria,25-34,Female,Annual
12559,2025-09-15,Nigeria,18-24,Female,Annual
12560,2025-09-20,Nigeria,35-44,FEMALE,Monthly
12561,2025-09-02,Nigeria,18-24,Female,Annual
12562,2025-09-07,Canada,35-44,Male,Annual
12563,2025-09-30,Nigeria,18-24,Male,Monthly
12564,2025-09-21,Nigeria,45+,Female,Monthly
12565,2025-09-08,Nigeria,25-34,Female,Monthly
12566,2025-09-13,Nigeria,25-34,FEMALE,Monthly
12567,2025-09-26,Nigeria,25-34,Male,Monthly
12568,2025-09-06,Nigeria,25-34,male,Monthly
12569,2025-09-09,Nigeria,18-24,Male,Monthly
12570,2025-09-08,Nigeria,35-44,Male,Monthly
12571,2025-09-20,Nigeria,25-34,Female,Monthly
12572,2025-09-16,United Kingdom,45+,Male,Annual
12573,2025-09-16,Canada,45+,Female,Monthly
12574,2025-09-12,Nigeria,35-44,Female,Monthly
12575,2025-09-10,United Kingdom,35-44,Male,Annual
12576,2025-09-16,United Kingdom,25-34,MALE,Annual
12577,2025-09-24,United Kingdom,35-44,male,Monthly
12578,2025-09-25,United Kingdom,35-44,male,Monthly
12579,2025-09-24,United Kingdom,25-34,Female,Annual
12580,2025-09-02,Canada,18-24,Male,Monthly
12581,2025-09-15,Nigeria,35-44,Female,Annual
12582,2025-09-12,Nigeria,25-34,Male,Monthly
12583,2025-09-29,United Kingdom,18-24,FEMALE,Monthly
12584,2025-09-13,Canada,35-44,Male,Monthly
12585,2025-09-08,United Kingdom,25-34,Male,Monthly
12586,2025-09-08,GBR,25-34,Female,Monthly
12587,2025-09-06,United Kingdom,25-34,Male,Monthly
12588,2025-09-14,United Kingdom,35-44,Female,Monthly
12589,2025-09-08,Canada,25-34,Male,Monthly
12590,2025-09-17,United Kingdom,25-34,Female,Annual
12591,2025-09-07,United Kingdom,45+,Male,Annual
12592,2025-09-18,Canada,45+,Female,Monthly
12593,2025-09-19,Nigeria,35-44,Male,Annual
12594,2025-09-21,Canada,45+,Male,Monthly
12595,2025-09-27,Canada,35-44,Female,Annual
12596,2025-09-03,United Kingdom,25-34,Male,Annual
12597,2025-09-02,Nigeria,35-44,Male,Annual
12598,2025-09-14,Nigeria,25-34,FEMALE,Annual
12599,2025-09-16,Nigeria,35-44,Female,Annual
12600,2025-09-23,Nigeria,35 to 44,Male,Monthly
12601,2025-09-07,United Kingdom,25-34,Female,Annual
12602,2025-09-14,Canada,25-34,Female,Monthly
12603,2025-09-19,United Kingdom,25-34,Female,Monthly
12604,2025-09-20,Nigeria,45+,Male,Monthly
12605,2025-09-17,NGR,25-34,Female,Monthly
12606,2025-09-18,Canada,45+,Male,Annual
12607,2025-09-05,United Kingdom,25-34,Female,Annual
12608,2025-09-14,Nigeria,18-24,Female,Monthly
12609,2025-09-17,United Kingdom,25-34,Male,Monthly
12610,2025-09-03,Nigeria,25-34,Female,Annual
12611,2025-09-30,Nigeria,25-34,Female,Monthly
12612,2025-09-19,United Kingdom,25-34,Female,Annual
12613,2025-09-22,United Kingdom,25-34,Female,Annual
12614,2025-09-17,Nigeria,25-34,Male,Annual
12615,2025-09-28,Canada,35-44,Male,Monthly
12616,2025-09-01,Canada,35-44,Male,Monthly
12617,2025-09-29,United Kingdom,25-34,Female,Monthly
12618,2025-09-07,Nigeria,18-24,Female,Annual
12619,2025-09-27,Nigeria,18-24,Male,Annual
12620,2025-09-02,United Kingdom,35/44,Female,Annual
12621,2025-09-10,Canada,35-44,Female,Monthly
12622,2025-09-18,United Kingdom,25-34,Female,Monthly
12623,2025-09-20,Nigeria,35 to 44,Male,Monthly
12624,2025-09-01,Nigeria,25 to 34,Male,Annual
12625,2025-09-11,Nigeria,45+,Female,Annual
12626,2025-09-26,United Kingdom,18-24,Female,Annual
12627,2025-09-06,United Kingdom,18-24,Male,Monthly
12628,2025-09-29,Nigeria,45+,Female,Monthly
12629,2025-09-22,United Kingdom,35-44,Female,Monthly
12630,2025-09-30,Canada,25-34,Male,Annual
12631,2025-09-28,Nigeria,18 to 24,Female,Monthly
12632,2025-09-07,Nigeria,45+,Female,Monthly
12633,2025-09-29,United Kingdom,25-34,Male,Monthly
12634,2025-09-15,Canada,25-34,Male,Monthly
12635,2025-09-08,Nigeria,45+,Female,Annual
12636,2025-09-27,Nigeria,25-34,Female,Monthly
12637,2025-09-15,United Kingdom,18-24,Female,Monthly
12638,2025-09-21,Nigeria,25-34,Male,Annual
12639,2025-09-19,Canada,25-34,Female,Monthly
12640,2025-09-09,United Kingdom,18-24,Female,Monthly
12641,2025-09-30,Nigeria,35/44,Female,Monthly
12642,2025-09-26,Canada,35-44,Male,Monthly
12643,2025-09-16,United Kingdom,25-34,Female,Annual
12644,2025-09-18,United Kingdom,25-34,Male,Monthly
12645,2025-09-03,Nigeria,25-34,Male,Monthly
12646,2025-09-22,United Kingdom,25 to 34,female,Monthly
12647,2025-09-28,Canada,35-44,Male,Annual
12648,2025-09-30,Nigeria,25 to 34,Male,Monthly
12649,2025-09-17,Nigeria,45+,Female,Annual
12650,2025-09-30,Canada,35-44,Male,Monthly
12651,2025-09-24,Nigeria,25-34,Male,Annual
12652,2025-09-16,Nigeria,35 to 44,Male,Annual
12653,2025-09-25,Nigeria,25-34,male,Monthly
12654,2025-09-05,United Kingdom,45+,Female,Monthly
12655,2025-09-21,United Kingdom,35-44,Male,Monthly
12656,2025-09-19,Nigeria,25-34,Male,Annual
12657,2025-09-15,Nigeria,35-44,Male,Monthly
12658,2025-09-20,United Kingdom,25-34,Female,Monthly
12659,2025-09-26,United Kingdom,18-24,Female,Annual
12660,2025-09-18,Nigeria,35-44,Male,Annual
12661,2025-09-12,Nigeria,25-34,Female,Monthly
12662,2025-09-13,United Kingdom,35-44,Male,Monthly
12663,2025-09-18,Nigeria,35-44,Female,Annual
12664,2025-09-18,Nigeria,45+,Female,Monthly
12665,2025-09-10,Canada,45+,Male,Monthly
12666,2025-09-17,Canada,18-24,Male,Monthly
12667,2025-09-09,Nigeria,35 to 44,Male,Monthly
12668,2025-09-29,Canada,25-34,Male,Monthly
12669,2025-09-17,United Kingdom,25-34,Male,Annual
12670,2025-09-26,GBR,25-34,FEMALE,Annual
12671,2025-09-12,NGR,45+,Male,Annual
12672,2025-09-12,United Kingdom,35-44,Male,Monthly
12673,2025-09-09,Nigeria,45+,Male,Monthly
12674,2025-09-18,Nigeria,35-44,Male,Annual
12675,2025-09-19,United Kingdom,25-34,Male,Monthly
12676,2025-09-17,Nigeria,35-44,Male,Monthly
12677,2025-09-26,United Kingdom,35-44,Male,Annual
12678,2025-09-16,Nigeria,35-44,Male,Annual
12679,2025-09-25,Canada,45+,Male,Monthly
12680,2025-09-02,NGR,18-24,Male,Monthly
12681,2025-09-11,Nigeria,25-34,Female,Annual
12682,2025-09-22,United Kingdom,18-24,Female,Annual
12683,2025-09-12,Canada,25-34,Male,Annual
12684,2025-09-22,United Kingdom,45+,Female,Monthly
12685,2025-09-18,Canada,25-34,Female,Annual
12686,2025-09-15,United Kingdom,18-24,Female,Annual
12687,2025-09-17,Nigeria,35-44,Female,Annual
12688,2025-09-28,Nigeria,25-34,Male,Monthly
12689,2025-09-21,United Kingdom,18-24,Male,Monthly
12690,2025-09-30,Nigeria,35-44,Male,Annual
12691,2025-09-03,Canada,18-24,Female,Monthly
12692,2025-09-25,United Kingdom,35-44,Female,Monthly
12693,2025-09-27,Nigeria,25-34,Female,Monthly
12694,2025-09-28,Nigeria,25-34,Female,Monthly
12695,2025-09-17,Nigeria,18-24,Female,Monthly
12696,2025-09-15,Nigeria,35-44,Male,Monthly
12697,2025-09-18,United Kingdom,35-44,Female,Annual
12698,2025-09-28,Nigeria,25-34,Male,Monthly
12699,2025-09-27,Canada,25-34,Male,Monthly
12700,2025-09-29,Canada,18-24,Female,Annual
12701,2025-09-30,United Kingdom,45+,Male,Monthly
12702,2025-09-19,United Kingdom,35-44,Male,Annual
12703,2025-09-08,Canada,35-44,Female,Monthly
12704,2025-09-05,Nigeria,35-44,Male,Annual
12705,2025-09-27,Nigeria,18-24,Male,Annual
12706,2025-09-05,Nigeria,45+,Male,Annual
12707,2025-09-03,Nigeria,25-34,Male,Annual
12708,2025-09-15,Nigeria,18-24,Female,Annual
12709,2025-09-23,United Kingdom,25-34,Female,Monthly
12710,2025-09-23,Nigeria,25-34,Male,Monthly
12711,2025-09-08,Nigeria,25-34,Male,Monthly
12712,2025-09-16,Nigeria,25-34,male,Monthly
12713,2025-09-27,Nigeria,25-34,Male,Monthly
12714,2025-09-24,United Kingdom,25-34,Male,Monthly
12715,2025-09-28,Nigeria,25-34,Male,Monthly
12716,2025-09-24,Nigeria,25-34,Female,Monthly
12717,2025-09-03,Nigeria,25-34,Female,Monthly
12718,2025-09-07,United Kingdom,25-34,Female,Monthly
12719,2025-09-06,Nigeria,45+,Female,Annual
12720,2025-09-04,United Kingdom,35-44,Male,Monthly
12721,2025-09-26,Canada,25-34,Male,Annual
12722,2025-09-22,United Kingdom,25-34,Male,Monthly
12723,2025-09-28,Nigeria,35-44,Female,Monthly
12724,2025-09-10,United Kingdom,25-34,Female,Monthly
12725,2025-09-30,Nigeria,25-34,Female,Annual
12726,2025-09-28,Canada,25-34,Male,Monthly
12727,2025-09-04,Canada,35-44,Female,Monthly
12728,2025-09-27,Nigeria,18-24,Male,Monthly
12729,2025-09-04,Nigeria,35-44,Male,Monthly
12730,2025-09-14,United Kingdom,25-34,Female,Annual
12731,2025-09-06,United Kingdom,25-34,Male,Monthly
12732,2025-09-18,Nigeria,45+,Female,Monthly
12733,2025-09-01,United Kingdom,18-24,Female,Monthly
12734,2025-09-26,Nigeria,18-24,Male,Monthly
12735,2025-09-15,Canada,45+,Female,Monthly
12736,2025-09-27,Canada,35-44,Female,Annual
12737,2025-09-14,Nigeria,25-34,Male,Annual
12738,2025-09-17,Nigeria,18-24,Female,Annual
12739,2025-09-23,Nigeria,25-34,Female,Monthly
12740,2025-09-30,Canada,18-24,Female,Monthly
12741,2025-09-12,Nigeria,35-44,Male,Monthly
12742,2025-09-16,Nigeria,25-34,Male,Monthly
12743,2025-09-10,United Kingdom,25-34,Male,Monthly
12744,2025-09-02,Nigeria,35-44,Male,Monthly
12745,2025-09-27,Nigeria,35-44,Female,Monthly
12746,2025-09-17,Canada,25-34,Male,Monthly
12747,2025-09-12,United Kingdom,25-34,male,Monthly
12748,2025-09-24,United Kingdom,25-34,Female,Monthly
12749,2025-09-25,Nigeria,45+,FEMALE,Monthly
12750,2025-09-30,United Kingdom,18-24,FEMALE,Monthly
12751,2025-09-14,United Kingdom,18-24,FEMALE,Monthly
12752,2025-09-04,Nigeria,35-44,Female,Monthly
12753,2025-09-15,NGR,35-44,Male,Monthly
12754,2025-09-14,Nigeria,25-34,Male,Monthly
12755,2025-09-07,Nigeria,25-34,Female,Monthly
12756,2025-09-18,Canada,25-34,Male,Monthly
12757,2025-09-13,Nigeria,45+,Female,Annual
12758,2025-09-27,Canada,35-44,Female,Monthly
12759,2025-09-02,Nigeria,25-34,Male,Annual
12760,2025-09-22,Nigeria,35-44,MALE,Annual
12761,2025-09-19,Nigeria,25-34,Female,Annual
12762,2025-09-07,Nigeria,35-44,Female,Monthly
12763,2025-09-11,Canada,18-24,Male,Monthly
12764,2025-09-26,Canada,45+,Female,Monthly
12765,2025-09-11,United Kingdom,18-24,Male,Monthly
12766,2025-09-20,Nigeria,45+,Male,Monthly
12767,2025-09-16,Nigeria,25-34,Female,Monthly
12768,2025-09-27,Nigeria,18-24,Male,Monthly
12769,2025-09-20,Nigeria,45+,Female,Monthly
12770,2025-09-26,Nigeria,25-34,Female,Annual
12771,2025-09-28,Nigeria,45+,Male,Monthly
12772,2025-09-04,Nigeria,25 to 34,Female,Monthly
12773,2025-09-26,United Kingdom,18-24,Female,Annual
12774,2025-09-29,Nigeria,25-34,Male,Annual
12775,2025-09-02,Nigeria,25-34,Female,Annual
12776,2025-09-14,Nigeria,18-24,Male,Monthly
12777,2025-09-08,United Kingdom,45+,Male,Monthly
12778,2025-09-30,United Kingdom,25-34,Female,Annual
12779,2025-09-11,Nigeria,25-34,Female,Annual
12780,2025-09-06,Canada,25-34,Female,Monthly
12781,2025-09-03,United Kingdom,35-44,Male,Monthly
12782,2025-09-24,Nigeria,18-24,Female,Monthly
12783,2025-09-02,Nigeria,35-44,Male,Annual
12784,2025-09-10,NGR,35-44,Female,Monthly
12785,2025-09-17,Nigeria,18-24,Male,Monthly
12786,2025-09-02,Nigeria,35-44,Male,Annual
12787,2025-09-06,United Kingdom,18-24,Male,Monthly
12788,2025-09-30,Nigeria,25-34,Male,Annual
12789,2025-09-14,Canada,25-34,Female,Annual
12790,2025-09-10,Canada,45+,Female,Monthly
12791,2025-09-27,Canada,35-44,Female,Monthly
12792,2025-09-03,United Kingdom,25-34,Female,Annual
12793,2025-09-08,United Kingdom,35-44,Male,Annual
12794,2025-09-26,Nigeria,18-24,Male,Annual
12795,2025-09-23,Canada,25-34,Male,Monthly
12796,2025-09-13,Nigeria,35-44,male,Annual
12797,2025-09-30,Nigeria,25-34,Male,Monthly
12798,2025-09-18,CA,45+,Female,Annual
12799,2025-09-23,NG,35-44,Female,Monthly
12800,2025-09-30,United Kingdom,45+,Male,Monthly
12801,2025-10-08,Canada,25-34,Male,Annual
12802,2025-10-03,Canada,45+,Female,Monthly
12803,2025-10-27,Canada,18-24,Male,Annual
12804,2025-10-25,Canada,25-34,Male,Annual
12805,2025-10-17,Nigeria,45+,Female,Monthly
12806,2025-10-26,Nigeria,25-34,Male,Annual
12807,2025-10-23,United Kingdom,25-34,Female,Monthly
12808,2025-10-06,United Kingdom,45+,Male,Monthly
12809,2025-10-13,United Kingdom,25-34,Female,Annual
12810,2025-10-29,United Kingdom,25-34,Female,Monthly
12811,2025-10-22,Nigeria,25-34,MALE,Annual
12812,2025-10-20,Nigeria,45+,Male,Monthly
12813,2025-10-06,United Kingdom,25-34,Male,Annual
12814,2025-10-17,United Kingdom,25-34,Male,Monthly
12815,2025-10-06,Canada,25-34,Female,Monthly
12816,2025-10-21,United Kingdom,25-34,Female,Annual
12817,2025-10-07,Nigeria,25-34,Male,Monthly
12818,2025-10-09,Nigeria,45+,Female,Annual
12819,2025-10-18,Nigeria,18-24,Male,Monthly
12820,2025-10-01,Nigeria,45+,Female,Annual
12821,2025-10-22,Canada,18-24,Female,Annual
12822,2025-10-14,United Kingdom,25-34,Female,Annual
12823,2025-10-16,Canada,25-34,Female,Monthly
12824,2025-10-24,United Kingdom,35-44,Female,Monthly
12825,2025-10-24,Nigeria,25-34,Female,Monthly
12826,2025-10-29,United Kingdom,18-24,Female,Monthly
12827,2025-10-06,Nigeria,25-34,Male,Monthly
12828,2025-10-14,Nigeria,18-24,Female,Monthly
12829,2025-10-03,United Kingdom,25-34,Female,Monthly
12830,2025-10-09,Nigeria,35-44,Female,Annual
12831,2025-10-18,Nigeria,35/44,Female,Monthly
12832,2025-10-05,United Kingdom,25-34,Female,Annual
12833,2025-10-14,United Kingdom,25-34,Female,Monthly
12834,2025-10-30,Nigeria,25-34,Female,Monthly
12835,2025-10-03,United Kingdom,25-34,MALE,Annual
12836,2025-10-08,Nigeria,35-44,Female,Monthly
12837,2025-10-09,United Kingdom,35/44,Female,Annual
12838,2025-10-29,United Kingdom,45+,Male,Monthly
12839,2025-10-23,United Kingdom,18-24,Female,Monthly
12840,2025-10-06,United Kingdom,18-24,Female,Monthly
12841,2025-10-22,Nigeria,25-34,Female,Monthly
12842,2025-10-01,Nigeria,45+,Male,Annual
12843,2025-10-25,United Kingdom,35-44,Male,Monthly
12844,2025-10-07,Nigeria,25-34,Female,Monthly
12845,2025-10-23,Nigeria,25/34,Male,Annual
12846,2025-10-16,Nigeria,35-44,Male,Annual
12847,2025-10-23,Nigeria,25-34,Male,Annual
12848,2025-10-11,Nigeria,18-24,Female,Monthly
12849,2025-10-17,United Kingdom,25-34,Male,Monthly
12850,2025-10-29,Canada,25-34,Female,Annual
12851,2025-10-25,Canada,25-34,Female,Annual
12852,2025-10-17,United Kingdom,35-44,Male,Monthly
12853,2025-10-29,Canada,25-34,male,Annual
12854,2025-10-04,United Kingdom,25-34,Female,Annual
12855,2025-10-22,United Kingdom,35-44,Female,Annual
12856,2025-10-20,Canada,25-34,male,Monthly
12857,2025-10-08,Canada,35-44,Male,Annual
12858,2025-10-13,United Kingdom,35-44,Male,Annual
12859,2025-10-13,Canada,25-34,Female,Monthly
12860,2025-10-22,Nigeria,25-34,Female,Annual
12861,2025-10-20,NG,25-34,FEMALE,Monthly
12862,2025-10-25,Nigeria,35-44,Female,Monthly
12863,2025-10-21,Nigeria,45+,Male,Monthly
12864,2025-10-31,Nigeria,25-34,Male,Monthly
12865,2025-10-26,United Kingdom,25-34,male,Annual
12866,2025-10-18,Nigeria,25-34,Male,Monthly
12867,2025-10-01,Nigeria,18-24,Female,Annual
12868,2025-10-12,Nigeria,25-34,Male,Monthly
12869,2025-10-04,United Kingdom,18-24,MALE,Annual
12870,2025-10-14,Nigeria,18-24,Male,Monthly
12871,2025-10-31,United Kingdom,25-34,Female,Annual
12872,2025-10-13,United Kingdom,35-44,Female,Monthly
12873,2025-10-26,Canada,35 to 44,Male,Annual
12874,2025-10-14,United Kingdom,25-34,Male,Annual
12875,2025-10-18,Nigeria,35-44,Female,Monthly
12876,2025-10-01,CAN,35-44,Female,Monthly
12877,2025-10-22,Canada,25-34,Female,Monthly
12878,2025-10-08,Nigeria,18-24,Female,Annual
12879,2025-10-15,Nigeria,25-34,Female,Annual
12880,2025-10-31,United Kingdom,25-34,male,Monthly
12881,2025-10-07,Canada,35-44,Male,Annual
12882,2025-10-29,Canada,45+,Female,Monthly
12883,2025-10-26,Canada,25-34,Male,Annual
12884,2025-10-02,NGR,35-44,Female,Monthly
12885,2025-10-12,United Kingdom,25-34,Male,Monthly
12886,2025-10-31,Nigeria,18-24,Male,Annual
12887,2025-10-15,Nigeria,35-44,Female,Monthly
12888,2025-10-25,Nigeria,35-44,MALE,Monthly
12889,2025-10-29,Nigeria,35 to 44,Female,Monthly
12890,2025-10-01,Nigeria,18-24,Male,Annual
12891,2025-10-23,Nigeria,25-34,Male,Monthly
12892,2025-10-29,Canada,18/24,Male,Monthly
12893,2025-10-18,Nigeria,25-34,Female,Monthly
12894,2025-10-30,Canada,18-24,Female,Monthly
12895,2025-10-22,Canada,18-24,Female,Monthly
12896,2025-10-20,Nigeria,45+,Female,Monthly
12897,2025-10-04,Nigeria,35-44,Female,Monthly
12898,2025-10-25,United Kingdom,18-24,Female,Annual
12899,2025-10-27,Canada,18-24,Male,Annual
12900,2025-10-11,United Kingdom,35-44,Female,Annual
12901,2025-10-05,Nigeria,45+,Female,Monthly
12902,2025-10-18,United Kingdom,25-34,Male,Monthly
12903,2025-10-30,Canada,25-34,Female,Annual
12904,2025-10-23,Nigeria,18-24,Male,Monthly
12905,2025-10-26,United Kingdom,25-34,Male,Annual
12906,2025-10-18,United Kingdom,45+,Male,Annual
12907,2025-10-13,Nigeria,25-34,Male,Annual
12908,2025-10-10,Canada,35-44,Male,Monthly
12909,2025-10-26,Nigeria,18-24,Male,Annual
12910,2025-10-21,Canada,45+,Male,Annual
12911,2025-10-24,United Kingdom,18-24,Male,Monthly
12912,2025-10-26,Nigeria,25-34,Male,Monthly
12913,2025-10-31,United Kingdom,25-34,Female,Monthly
12914,2025-10-26,Nigeria,18-24,Female,Annual
12915,2025-10-14,Nigeria,45+,Male,Annual
12916,2025-10-05,Nigeria,18-24,Male,Annual
12917,2025-10-18,Canada,35-44,Male,Annual
12918,2025-10-14,Canada,35-44,Female,Monthly
12919,2025-10-29,Nigeria,35-44,Female,Monthly
12920,2025-10-02,Nigeria,35-44,Male,Monthly
12921,2025-10-27,GBR,25-34,Male,Monthly
12922,2025-10-20,United Kingdom,25-34,Female,Annual
12923,2025-10-03,Nigeria,18-24,male,Annual
12924,2025-10-08,Nigeria,35-44,Male,Monthly
12925,2025-10-02,Nigeria,25-34,Male,Annual
12926,2025-10-29,Nigeria,45+,Male,Monthly
12927,2025-10-20,United Kingdom,25-34,Female,Monthly
12928,2025-10-20,United Kingdom,18-24,Female,Monthly
12929,2025-10-17,United Kingdom,18-24,Female,Annual
12930,2025-10-13,Nigeria,45+,Female,Annual
12931,2025-10-06,United Kingdom,45+,Female,Annual
12932,2025-10-23,United Kingdom,45+,Male,Annual
12933,2025-10-05,Canada,35-44,Male,Annual
12934,2025-10-07,Nigeria,18-24,Female,Monthly
12935,2025-10-31,Nigeria,45+,Male,Monthly
12936,2025-10-03,Nigeria,35-44,Male,Annual
12937,2025-10-30,Nigeria,18-24,Male,Annual
12938,2025-10-03,United Kingdom,25-34,male,Monthly
12939,2025-10-16,United Kingdom,35-44,Female,Annual
12940,2025-10-19,Nigeria,25-34,Female,Annual
12941,2025-10-04,United Kingdom,18-24,Male,Monthly
12942,2025-10-28,United Kingdom,25-34,Female,Annual
12943,2025-10-30,United Kingdom,25-34,Male,Annual
12944,2025-10-07,Canada,25-34,Female,Annual
12945,2025-10-07,Canada,18-24,Female,Monthly
12946,2025-10-24,United Kingdom,45+,Male,Monthly
12947,2025-10-12,Nigeria,25-34,Male,Monthly
12948,2025-10-02,Canada,25-34,Female,Monthly
12949,2025-10-24,Nigeria,18-24,Male,Monthly
12950,2025-10-11,United Kingdom,35-44,Male,Annual
12951,2025-10-13,CA,25-34,Male,Monthly
12952,2025-10-21,Nigeria,18-24,Male,Monthly
12953,2025-10-18,Nigeria,45+,Male,Annual
12954,2025-10-26,Nigeria,25-34,Male,Monthly
12955,2025-10-25,UK,35-44,Male,Annual
12956,2025-10-30,Nigeria,25-34,Male,Annual
12957,2025-10-29,Canada,25 to 34,male,Annual
12958,2025-10-20,Nigeria,45+,Male,Annual
12959,2025-10-18,Nigeria,35-44,Female,Monthly
12960,2025-10-15,Nigeria,18 to 24,Female,Monthly
12961,2025-10-21,Canada,25-34,Male,Annual
12962,2025-10-02,Nigeria,18-24,MALE,Monthly
12963,2025-10-13,Canada,18-24,Female,Monthly
12964,2025-10-09,United Kingdom,45+,male,Monthly
12965,2025-10-18,Canada,18-24,Female,Monthly
12966,2025-10-29,Nigeria,25-34,Female,Monthly
12967,2025-10-15,United Kingdom,25-34,Male,Annual
12968,2025-10-19,Nigeria,25-34,male,Monthly
12969,2025-10-13,Nigeria,45+,Male,Monthly
12970,2025-10-11,United Kingdom,35-44,FEMALE,Monthly
12971,2025-10-22,Nigeria,35-44,Male,Monthly
12972,2025-10-08,GBR,25-34,Male,Monthly
12973,2025-10-28,Nigeria,35-44,Male,Annual
12974,2025-10-04,Nigeria,35-44,Female,Monthly
12975,2025-10-07,United Kingdom,35-44,Female,Monthly
12976,2025-10-24,United Kingdom,25-34,Female,Annual
12977,2025-10-03,Nigeria,25-34,Female,Monthly
12978,2025-10-13,UK,25-34,Female,Monthly
12979,2025-10-12,Nigeria,25/34,Female,Monthly
12980,2025-10-30,United Kingdom,35-44,Female,Annual
12981,2025-10-05,Nigeria,18-24,Male,Annual
12982,2025-10-15,Nigeria,45+,Female,Monthly
12983,2025-10-15,United Kingdom,35-44,Female,Monthly
12984,2025-10-26,Canada,18-24,Female,Annual
12985,2025-10-17,United Kingdom,35-44,Female,Annual
12986,2025-10-05,Nigeria,25-34,Male,Monthly
12987,2025-10-27,Nigeria,25-34,Male,Annual
12988,2025-10-05,Canada,45+,Male,Monthly
12989,2025-10-22,Nigeria,35-44,Male,Monthly
12990,2025-10-09,United Kingdom,25-34,MALE,Annual
12991,2025-10-04,Nigeria,45+,Male,Monthly
12992,2025-10-06,Nigeria,25-34,Female,Monthly
12993,2025-10-30,Nigeria,18-24,Female,Annual
12994,2025-10-31,Nigeria,18-24,Male,Monthly
12995,2025-10-19,United Kingdom,25-34,Male,Monthly
12996,2025-10-26,Nigeria,25-34,Male,Monthly
12997,2025-10-28,Canada,35-44,Female,Monthly
12998,2025-10-11,Nigeria,18-24,MALE,Monthly
12999,2025-10-24,Nigeria,45+,Male,Annual
13000,2025-10-17,Nigeria,45+,Male,Monthly
13001,2025-10-06,Nigeria,25-34,Male,Monthly
13002,2025-10-17,Nigeria,25-34,Female,Annual
13003,2025-10-02,Nigeria,18-24,Female,Annual
13004,2025-10-19,Nigeria,18-24,Female,Annual
13005,2025-10-09,Nigeria,25-34,Female,Monthly
13006,2025-10-04,Nigeria,25-34,Male,Monthly
13007,2025-10-22,Nigeria,25-34,Female,Monthly
13008,2025-10-11,Nigeria,25-34,Female,Annual
13009,2025-10-14,Nigeria,18-24,Female,Annual
13010,2025-10-03,Nigeria,25 to 34,Male,Monthly
13011,2025-10-03,United Kingdom,25-34,Female,Monthly
13012,2025-10-29,Nigeria,35-44,Female,Monthly
13013,2025-10-19,UK,25-34,Male,Annual
13014,2025-10-13,Nigeria,35-44,Female,Annual
13015,2025-10-21,Nigeria,25-34,Male,Annual
13016,2025-10-23,Canada,25-34,Female,Monthly
13017,2025-10-04,Nigeria,25-34,Male,Annual
13018,2025-10-29,Nigeria,18-24,Male,Annual
13019,2025-10-21,Canada,18-24,Female,Monthly
13020,2025-10-10,United Kingdom,18-24,Male,Monthly
13021,2025-10-09,United Kingdom,35-44,Female,Monthly
13022,2025-10-03,Nigeria,25-34,Female,Monthly
13023,2025-10-08,Nigeria,25-34,Male,Annual
13024,2025-10-11,Nigeria,25-34,FEMALE,Annual
13025,2025-10-07,Canada,25-34,Female,Monthly
13026,2025-10-21,Nigeria,25-34,Male,Monthly
13027,2025-10-08,United Kingdom,35/44,Female,Monthly
13028,2025-10-16,Canada,35 to 44,Female,Monthly
13029,2025-10-18,UK,18-24,Female,Monthly
13030,2025-10-03,Nigeria,18-24,Male,Monthly
13031,2025-10-06,United Kingdom,18-24,Male,Annual
13032,2025-10-03,United Kingdom,35-44,Male,Annual
13033,2025-10-22,Canada,18-24,FEMALE,Monthly
13034,2025-10-22,Canada,25-34,Male,Annual
13035,2025-10-05,United Kingdom,35/44,Female,Monthly
13036,2025-10-23,United Kingdom,18-24,Female,Monthly
13037,2025-10-26,Nigeria,25-34,Male,Annual
13038,2025-10-04,United Kingdom,35-44,Female,Monthly
13039,2025-10-04,United Kingdom,18-24,Female,Monthly
13040,2025-10-25,United Kingdom,45+,Female,Annual
13041,2025-10-10,United Kingdom,35-44,Female,Monthly
13042,2025-10-11,Nigeria,35-44,Male,Monthly
13043,2025-10-19,United Kingdom,25-34,Male,Monthly
13044,2025-10-03,NGR,25-34,Male,Annual
13045,2025-10-14,Nigeria,25-34,male,Monthly
13046,2025-10-11,Canada,25-34,Male,Monthly
13047,2025-10-26,United Kingdom,35-44,Female,Annual
13048,2025-10-23,Nigeria,35-44,Male,Annual
13049,2025-10-09,Nigeria,18-24,Female,Monthly
13050,2025-10-21,United Kingdom,35-44,male,Annual
13051,2025-10-13,Canada,25-34,Male,Monthly
13052,2025-10-15,Nigeria,35-44,Female,Annual
13053,2025-10-23,Canada,45+,Male,Monthly
13054,2025-10-09,Canada,35-44,Male,Monthly
13055,2025-10-18,Nigeria,35-44,female,Annual
13056,2025-10-13,Nigeria,25-34,Female,Monthly
13057,2025-10-21,Nigeria,25-34,Female,Annual
13058,2025-10-12,Nigeria,45+,Male,Monthly
13059,2025-10-29,Nigeria,25-34,Female,Monthly
13060,2025-10-13,Nigeria,25-34,Female,Monthly
13061,2025-10-04,NG,25-34,Male,Monthly
13062,2025-10-16,United Kingdom,35-44,Male,Monthly
13063,2025-10-08,Canada,18-24,Female,Monthly
13064,2025-10-15,United Kingdom,18-24,Female,Annual
13065,2025-10-29,United Kingdom,45+,Female,Monthly
13066,2025-10-04,Canada,25-34,Female,Annual
13067,2025-10-02,Nigeria,25-34,Female,Monthly
13068,2025-10-09,United Kingdom,35 to 44,Female,Monthly
13069,2025-10-14,Canada,35-44,Male,Monthly
13070,2025-10-05,Canada,45+,Male,Annual
13071,2025-10-22,Nigeria,18-24,Female,Monthly
13072,2025-10-19,Canada,25-34,Female,Annual
13073,2025-10-22,United Kingdom,25/34,Female,Monthly
13074,2025-10-14,Nigeria,25-34,Female,Monthly
13075,2025-10-29,Nigeria,18-24,FEMALE,Annual
13076,2025-10-21,Nigeria,25-34,Female,Annual
13077,2025-10-29,Nigeria,35-44,Male,Annual
13078,2025-10-03,Nigeria,35-44,Male,Monthly
13079,2025-10-21,Nigeria,25-34,Male,Monthly
13080,2025-10-11,Canada,18 to 24,Male,Monthly
13081,2025-10-06,Canada,25-34,Male,Monthly
13082,2025-10-06,Canada,35-44,Male,Monthly
13083,2025-10-07,United Kingdom,25-34,Female,Monthly
13084,2025-10-03,Canada,18-24,Male,Monthly
13085,2025-10-15,United Kingdom,35-44,Female,Monthly
13086,2025-10-24,Nigeria,35-44,Female,Annual
13087,2025-10-15,Nigeria,18-24,Male,Monthly
13088,2025-10-05,Nigeria,18-24,Male,Monthly
13089,2025-10-22,United Kingdom,35 to 44,Female,Monthly
13090,2025-10-06,Nigeria,45+,Male,Monthly
13091,2025-10-27,NGR,25-34,Female,Monthly
13092,2025-10-12,Nigeria,18-24,Male,Annual
13093,2025-10-01,Nigeria,25-34,Male,Annual
13094,2025-10-10,Nigeria,25-34,Female,Monthly
13095,2025-10-26,Nigeria,35-44,Female,Monthly
13096,2025-10-29,CA,35-44,FEMALE,Annual
13097,2025-10-14,United Kingdom,35-44,Female,Monthly
13098,2025-10-31,Nigeria,35-44,male,Monthly
13099,2025-10-08,United Kingdom,18-24,Female,Monthly
13100,2025-10-14,Nigeria,25/34,Female,Annual
13101,2025-10-15,Nigeria,25-34,Male,Annual
13102,2025-10-07,Nigeria,25-34,Male,Monthly
13103,2025-10-12,Nigeria,25-34,Female,Annual
13104,2025-10-16,United Kingdom,25-34,Male,Monthly
13105,2025-10-22,Canada,18 to 24,Female,Monthly
13106,2025-10-16,Nigeria,25-34,Female,Monthly
13107,2025-10-04,United Kingdom,25-34,Male,Monthly
13108,2025-10-15,United Kingdom,35-44,Male,Monthly
13109,2025-10-27,Nigeria,25-34,Male,Monthly
13110,2025-10-01,United Kingdom,35-44,Male,Annual
13111,2025-10-31,Nigeria,18 to 24,Male,Annual
13112,2025-10-04,Nigeria,18-24,Female,Monthly
13113,2025-10-01,Nigeria,35-44,Male,Annual
13114,2025-10-05,Nigeria,18-24,Female,Annual
13115,2025-10-08,United Kingdom,45+,Male,Annual
13116,2025-10-11,United Kingdom,25-34,Male,Annual
13117,2025-10-26,Nigeria,18-24,Male,Monthly
13118,2025-10-19,Canada,18-24,Female,Monthly
13119,2025-10-20,Nigeria,18-24,Female,Annual
13120,2025-10-28,Nigeria,25-34,Female,Annual
13121,2025-10-05,United Kingdom,18-24,Male,Monthly
13122,2025-10-07,United Kingdom,18-24,Female,Annual
13123,2025-10-31,Canada,18-24,Female,Monthly
13124,2025-10-24,Nigeria,25-34,Male,Monthly
13125,2025-10-02,Nigeria,25-34,Female,Annual
13126,2025-10-08,United Kingdom,18-24,Female,Monthly
13127,2025-10-12,United Kingdom,18-24,Male,Monthly
13128,2025-10-02,Canada,35/44,Female,Monthly
13129,2025-10-19,Canada,35-44,Female,Annual
13130,2025-10-21,Nigeria,25-34,Female,Annual
13131,2025-10-11,Canada,18-24,Male,Annual
13132,2025-10-07,United Kingdom,18-24,Male,Monthly
13133,2025-10-14,United Kingdom,35-44,Female,Annual
13134,2025-10-29,Nigeria,18-24,Male,Annual
13135,2025-10-23,Canada,25-34,Female,Monthly
13136,2025-10-29,United Kingdom,25-34,Male,Monthly
13137,2025-10-18,Nigeria,25-34,Female,Annual
13138,2025-10-04,Nigeria,25-34,Male,Monthly
13139,2025-10-02,United Kingdom,18-24,Male,Monthly
13140,2025-10-07,Canada,25-34,Male,Monthly
13141,2025-10-17,United Kingdom,45+,Female,Annual
13142,2025-10-07,Canada,25-34,Male,Monthly
13143,2025-10-10,Nigeria,18-24,Female,Monthly
13144,2025-10-29,Nigeria,35-44,Male,Monthly
13145,2025-10-02,United Kingdom,25-34,Male,Annual
13146,2025-10-03,Nigeria,35-44,Male,Annual
13147,2025-10-13,Nigeria,25/34,Male,Monthly
13148,2025-10-24,United Kingdom,25 to 34,Male,Monthly
13149,2025-10-26,Nigeria,25-34,Male,Annual
13150,2025-10-09,Nigeria,35-44,Female,Annual
13151,2025-10-10,Nigeria,25-34,Female,Annual
13152,2025-10-19,Nigeria,35-44,Male,Monthly
13153,2025-10-27,Nigeria,25-34,Male,Annual
13154,2025-10-06,Nigeria,45+,Male,Monthly
13155,2025-10-28,Canada,18-24,Male,Annual
13156,2025-10-26,United Kingdom,25-34,Male,Monthly
13157,2025-10-09,United Kingdom,18 to 24,Female,Monthly
13158,2025-10-21,Nigeria,18-24,Female,Annual
13159,2025-10-20,Nigeria,25-34,Male,Monthly
13160,2025-10-01,Canada,45+,Female,Monthly
13161,2025-10-13,United Kingdom,35-44,Female,Monthly
13162,2025-10-08,Canada,35-44,Male,Annual
13163,2025-10-03,Nigeria,25-34,Female,Monthly
13164,2025-10-15,United Kingdom,25-34,Female,Annual
13165,2025-10-22,United Kingdom,25-34,Male,Monthly
13166,2025-10-17,Nigeria,45+,Male,Monthly
13167,2025-10-03,Canada,25-34,Male,Monthly
13168,2025-10-26,Nigeria,35-44,Male,Monthly
13169,2025-10-03,Nigeria,35 to 44,Male,Annual
13170,2025-10-12,Nigeria,18/24,male,Monthly
13171,2025-10-18,United Kingdom,18-24,Female,Monthly
13172,2025-10-29,Canada,45+,Female,Annual
13173,2025-10-24,Nigeria,25 to 34,Male,Annual
13174,2025-10-07,GBR,45+,Male,Monthly
13175,2025-10-14,Nigeria,35-44,Female,Annual
13176,2025-10-27,Canada,25-34,Female,Monthly
13177,2025-10-08,United Kingdom,25-34,Female,Annual
13178,2025-10-29,Canada,35-44,Female,Monthly
13179,2025-10-17,United Kingdom,25-34,Female,Monthly
13180,2025-10-20,United Kingdom,25-34,Male,Annual
13181,2025-10-21,Nigeria,25-34,Male,Annual
13182,2025-10-30,Canada,35-44,Male,Annual
13183,2025-10-22,Canada,25-34,Male,Monthly
13184,2025-10-13,United Kingdom,25-34,Female,Annual
13185,2025-10-19,United Kingdom,18-24,Female,Annual
13186,2025-10-22,Nigeria,25-34,Male,Monthly
13187,2025-10-19,Nigeria,35-44,Male,Monthly
13188,2025-10-01,Nigeria,25-34,Female,Annual
13189,2025-10-28,United Kingdom,18-24,Male,Monthly
13190,2025-10-09,United Kingdom,45+,Male,Monthly
13191,2025-10-21,United Kingdom,25-34,Female,Monthly
13192,2025-10-18,United Kingdom,45+,Male,Monthly
13193,2025-10-04,Nigeria,45+,Female,Monthly
13194,2025-10-28,Nigeria,35 to 44,Male,Monthly
13195,2025-10-03,Nigeria,45+,Male,Monthly
13196,2025-10-30,Nigeria,35-44,Female,Annual
13197,2025-10-29,United Kingdom,25-34,Female,Monthly
13198,2025-10-18,Canada,25-34,Male,Monthly
13199,2025-10-30,Canada,25-34,Male,Annual
13200,2025-10-27,Nigeria,35-44,Male,Monthly
13201,2025-10-28,Canada,25/34,Female,Monthly
13202,2025-10-25,United Kingdom,25-34,Male,Annual
13203,2025-10-29,Nigeria,35-44,Female,Monthly
13204,2025-10-24,United Kingdom,18/24,Female,Annual
13205,2025-10-28,UK,25-34,Female,Annual
13206,2025-10-04,Nigeria,25-34,Male,Monthly
13207,2025-10-14,United Kingdom,25-34,Male,Annual
13208,2025-10-15,Nigeria,25-34,Female,Monthly
13209,2025-10-29,Nigeria,35-44,Male,Annual
13210,2025-10-16,Nigeria,35-44,Male,Monthly
13211,2025-10-14,Nigeria,35-44,Female,Monthly
13212,2025-10-25,United Kingdom,25-34,Female,Annual
13213,2025-10-21,Nigeria,18-24,Female,Annual
13214,2025-10-19,United Kingdom,25-34,Female,Annual
13215,2025-10-29,Canada,35-44,Female,Annual
13216,2025-10-26,Canada,25-34,Male,Monthly
13217,2025-10-23,Nigeria,45+,Female,Monthly
13218,2025-10-30,Nigeria,18-24,Male,Monthly
13219,2025-10-02,Nigeria,25-34,FEMALE,Monthly
13220,2025-10-18,Nigeria,35-44,Female,Monthly
13221,2025-10-01,Nigeria,35-44,Female,Monthly
13222,2025-10-25,United Kingdom,45+,Female,Monthly
13223,2025-10-04,United Kingdom,35/44,Male,Monthly
13224,2025-10-18,Nigeria,25-34,Male,Monthly
13225,2025-10-25,Nigeria,35-44,Male,Annual
13226,2025-10-20,Canada,25-34,Male,Annual
13227,2025-10-02,Canada,18-24,Male,Annual
13228,2025-10-15,United Kingdom,25-34,Male,Annual
13229,2025-10-25,United Kingdom,35-44,Male,Monthly
13230,2025-10-30,United Kingdom,45+,Male,Monthly
13231,2025-10-28,Nigeria,35-44,Male,Annual
13232,2025-10-26,Canada,45+,Female,Monthly
13233,2025-10-10,Nigeria,25-34,Male,Annual
13234,2025-10-24,United Kingdom,45+,Male,Monthly
13235,2025-10-06,Nigeria,45+,Male,Annual
13236,2025-10-11,United Kingdom,35-44,Male,Annual
13237,2025-10-09,United Kingdom,25-34,Female,Annual
13238,2025-10-16,United Kingdom,35-44,Male,Annual
13239,2025-10-28,Nigeria,18-24,Male,Annual
13240,2025-10-27,United Kingdom,25-34,Male,Monthly
13241,2025-10-28,United Kingdom,45+,Female,Annual
13242,2025-10-30,United Kingdom,18-24,Female,Annual
13243,2025-10-01,United Kingdom,25/34,Female,Annual
13244,2025-10-31,United Kingdom,25-34,Female,Monthly
13245,2025-10-28,United Kingdom,35-44,Male,Monthly
13246,2025-10-23,Nigeria,25-34,Female,Annual
13247,2025-10-03,United Kingdom,25-34,Male,Annual
13248,2025-10-23,Nigeria,25-34,Male,Monthly
13249,2025-10-21,United Kingdom,25-34,Male,Monthly
13250,2025-10-03,Nigeria,18-24,Male,Monthly
13251,2025-10-07,Canada,25-34,Male,Monthly
13252,2025-10-24,Nigeria,25-34,Female,Annual
13253,2025-10-06,Nigeria,35-44,Female,Monthly
13254,2025-10-11,Nigeria,18-24,Male,Monthly
13255,2025-10-19,Canada,18-24,Female,Monthly
13256,2025-10-27,Nigeria,35-44,Female,Annual
13257,2025-10-09,United Kingdom,25-34,Male,Monthly
13258,2025-10-01,Nigeria,35-44,Male,Monthly
13259,2025-10-27,Canada,18-24,Female,Monthly
13260,2025-10-29,Nigeria,25-34,Male,Monthly
13261,2025-10-27,United Kingdom,25-34,Female,Monthly
13262,2025-10-16,Nigeria,45+,Female,Annual
13263,2025-10-23,Nigeria,25-34,Female,Annual
13264,2025-10-04,Nigeria,25-34,Female,Annual
13265,2025-10-20,United Kingdom,25-34,Female,Monthly
13266,2025-10-19,Nigeria,45+,Male,Monthly
13267,2025-10-20,CA,35-44,Female,Monthly
13268,2025-10-22,Nigeria,25/34,Female,Monthly
13269,2025-10-28,United Kingdom,45+,Female,Monthly
13270,2025-10-25,Nigeria,18-24,Female,Monthly
13271,2025-10-02,Nigeria,25-34,Male,Annual
13272,2025-10-22,Canada,25-34,Female,Annual
13273,2025-10-23,United Kingdom,45+,Male,Annual
13274,2025-10-18,United Kingdom,35/44,Female,Monthly
13275,2025-10-20,United Kingdom,45+,Female,Annual
13276,2025-10-03,Nigeria,25 to 34,Male,Annual
13277,2025-10-09,Canada,18-24,Male,Annual
13278,2025-10-27,Nigeria,35-44,Male,Monthly
13279,2025-10-01,Canada,35-44,Female,Monthly
13280,2025-10-31,United Kingdom,35-44,Female,Monthly
13281,2025-10-07,Nigeria,25-34,Male,Annual
13282,2025-10-25,United Kingdom,25-34,FEMALE,Monthly
13283,2025-10-07,NGR,25-34,Female,Annual
13284,2025-10-02,Nigeria,25-34,Male,Monthly
13285,2025-10-19,Nigeria,25-34,Female,Annual
13286,2025-10-24,United Kingdom,18-24,Male,Annual
13287,2025-10-03,Nigeria,18-24,Female,Monthly
13288,2025-10-09,Nigeria,35-44,Female,Monthly
13289,2025-10-10,United Kingdom,18-24,Male,Monthly
13290,2025-10-30,Canada,35-44,Male,Annual
13291,2025-10-10,United Kingdom,35-44,Male,Monthly
13292,2025-10-02,Canada,35-44,Male,Annual
13293,2025-10-31,Nigeria,25-34,Male,Annual
13294,2025-10-03,Nigeria,35-44,Female,Monthly
13295,2025-10-16,Nigeria,18-24,Female,Monthly
13296,2025-10-06,Nigeria,25-34,Male,Monthly
13297,2025-10-08,United Kingdom,45+,Female,Monthly
13298,2025-10-24,Nigeria,25-34,Female,Monthly
13299,2025-10-05,Nigeria,35-44,Female,Annual
13300,2025-10-21,United Kingdom,45+,Male,Monthly
13301,2025-10-18,United Kingdom,18-24,Female,Monthly
13302,2025-10-23,United Kingdom,35-44,Male,Monthly
13303,2025-10-05,United Kingdom,18-24,Male,Monthly
13304,2025-10-11,UK,25-34,Female,Annual
13305,2025-10-01,United Kingdom,18-24,Female,Monthly
13306,2025-10-28,Canada,18-24,Male,Monthly
13307,2025-10-31,NG,25-34,Male,Monthly
13308,2025-10-14,Canada,25-34,Male,Monthly
13309,2025-10-17,Nigeria,35 to 44,Female,Monthly
13310,2025-10-05,United Kingdom,25-34,Male,Monthly
13311,2025-10-28,Nigeria,45+,Male,Monthly
13312,2025-10-24,Nigeria,25-34,Female,Annual
13313,2025-10-04,United Kingdom,35-44,Male,Monthly
13314,2025-10-17,Nigeria,35-44,Female,Monthly
13315,2025-10-06,United Kingdom,18-24,Male,Monthly
13316,2025-10-19,Canada,35-44,Male,Monthly
13317,2025-10-21,Nigeria,25-34,Male,Annual
13318,2025-10-12,Canada,35-44,Female,Annual
13319,2025-10-14,Canada,18-24,Female,Annual
13320,2025-10-23,Canada,35-44,Male,Monthly
13321,2025-10-05,Nigeria,35-44,Male,Monthly
13322,2025-10-02,Canada,25-34,Male,Monthly
13323,2025-10-13,Nigeria,25-34,MALE,Monthly
13324,2025-10-16,Canada,25-34,Female,Monthly
13325,2025-10-09,Nigeria,25-34,Female,Monthly
13326,2025-10-14,Nigeria,18-24,Female,Monthly
13327,2025-10-04,Nigeria,35/44,Male,Annual
13328,2025-10-24,United Kingdom,25-34,Male,Monthly
13329,2025-10-24,Canada,25-34,Male,Annual
13330,2025-10-09,United Kingdom,35 to 44,Male,Annual
13331,2025-10-21,United Kingdom,25-34,Female,Monthly
13332,2025-10-08,Nigeria,35-44,Female,Annual
13333,2025-10-13,GBR,18-24,Male,Monthly
13334,2025-10-10,Nigeria,25-34,Female,Annual
13335,2025-10-31,Canada,35-44,Male,Annual
13336,2025-10-15,Canada,45+,Female,Annual
13337,2025-10-20,Nigeria,35-44,Female,Monthly
13338,2025-10-07,Nigeria,18-24,Female,Monthly
13339,2025-10-29,United Kingdom,25-34,Female,Monthly
13340,2025-10-22,Canada,25-34,female,Monthly
13341,2025-10-04,United Kingdom,45+,Female,Annual
13342,2025-10-11,Canada,45+,Male,Monthly
13343,2025-10-16,NGR,45+,Female,Annual
13344,2025-10-14,Nigeria,25-34,Male,Annual
13345,2025-10-25,United Kingdom,45+,Male,Monthly
13346,2025-10-18,United Kingdom,25-34,Female,Monthly
13347,2025-10-18,Nigeria,35-44,Female,Monthly
13348,2025-10-12,Canada,18-24,Female,Annual
13349,2025-10-27,Nigeria,35-44,Male,Monthly
13350,2025-10-22,United Kingdom,35-44,Female,Monthly
13351,2025-10-22,United Kingdom,18-24,Female,Monthly
13352,2025-10-21,Canada,45+,Male,Monthly
13353,2025-10-21,United Kingdom,25-34,Male,Monthly
13354,2025-10-24,United Kingdom,25-34,Female,Annual
13355,2025-10-08,Nigeria,18-24,Female,Monthly
13356,2025-10-17,Canada,25-34,Male,Monthly
13357,2025-10-05,Nigeria,25-34,Female,Monthly
13358,2025-10-12,United Kingdom,25-34,Male,Monthly
13359,2025-10-10,Canada,25-34,Female,Monthly
13360,2025-10-07,United Kingdom,35-44,MALE,Annual
13361,2025-10-17,Nigeria,35 to 44,Male,Monthly
13362,2025-10-14,Nigeria,45+,Male,Annual
13363,2025-10-15,United Kingdom,35-44,Male,Monthly
13364,2025-10-28,Nigeria,25-34,female,Monthly
13365,2025-10-12,Nigeria,18-24,Male,Monthly
13366,2025-10-04,Nigeria,35-44,Male,Monthly
13367,2025-10-25,Nigeria,18-24,Male,Annual
13368,2025-10-07,Nigeria,35-44,Female,Annual
13369,2025-10-31,United Kingdom,18-24,Male,Monthly
13370,2025-10-21,United Kingdom,25-34,Male,Monthly
13371,2025-10-08,United Kingdom,45+,Male,Annual
13372,2025-10-18,Nigeria,18-24,Male,Monthly
13373,2025-10-29,Canada,25-34,Male,Monthly
13374,2025-10-29,United Kingdom,35 to 44,Male,Annual
13375,2025-10-13,Canada,25-34,Male,Annual
13376,2025-10-01,United Kingdom,25-34,Male,Annual
13377,2025-10-03,Nigeria,18-24,Female,Monthly
13378,2025-10-28,United Kingdom,35-44,Female,Monthly
13379,2025-10-21,Nigeria,25-34,Male,Monthly
13380,2025-10-23,NGR,25-34,Female,Annual
13381,2025-10-23,United Kingdom,25-34,Male,Monthly
13382,2025-10-25,Nigeria,25-34,Male,Annual
13383,2025-10-16,Nigeria,35-44,Female,Monthly
13384,2025-10-12,United Kingdom,25-34,Male,Monthly
13385,2025-10-08,Nigeria,35-44,Male,Monthly
13386,2025-10-10,Nigeria,35-44,MALE,Monthly
13387,2025-10-24,Canada,18-24,Female,Annual
13388,2025-10-01,Nigeria,25 to 34,Female,Annual
13389,2025-10-05,Nigeria,25-34,Male,Annual
13390,2025-10-25,Nigeria,25-34,Male,Annual
13391,2025-10-21,United Kingdom,25-34,Male,Annual
13392,2025-10-06,United Kingdom,25-34,Male,Monthly
13393,2025-10-02,United Kingdom,35-44,Female,Monthly
13394,2025-10-08,NG,25-34,Female,Annual
13395,2025-10-04,Nigeria,18-24,Male,Monthly
13396,2025-10-09,Nigeria,25/34,Female,Monthly
13397,2025-10-26,Nigeria,25-34,FEMALE,Monthly
13398,2025-10-27,Nigeria,25-34,Male,Monthly
13399,2025-10-09,Nigeria,18-24,Male,Monthly
13400,2025-10-09,Nigeria,18-24,Male,Monthly
13401,2025-10-26,Canada,25-34,Female,Monthly
13402,2025-10-14,Nigeria,18-24,Female,Monthly
13403,2025-10-07,Canada,25-34,Male,Annual
13404,2025-10-24,Canada,18-24,Male,Annual
13405,2025-10-16,United Kingdom,18-24,Male,Monthly
13406,2025-10-28,Canada,25-34,Female,Annual
13407,2025-10-28,United Kingdom,25-34,Male,Annual
13408,2025-10-25,Nigeria,18-24,Female,Annual
13409,2025-10-31,United Kingdom,35-44,Female,Monthly
13410,2025-10-17,Nigeria,45+,female,Monthly
13411,2025-10-17,United Kingdom,35-44,Female,Monthly
13412,2025-10-01,Canada,45+,Female,Annual
13413,2025-10-06,United Kingdom,18-24,Female,Monthly
13414,2025-10-05,Nigeria,18-24,Male,Annual
13415,2025-10-29,United Kingdom,25-34,Female,Annual
13416,2025-10-08,GBR,25-34,Female,Monthly
13417,2025-10-20,Nigeria,35-44,Female,Annual
13418,2025-10-13,Nigeria,25-34,Male,Monthly
13419,2025-10-24,Nigeria,25-34,Female,Monthly
13420,2025-10-12,NG,25-34,Male,Monthly
13421,2025-10-30,United Kingdom,45+,Male,Monthly
13422,2025-10-16,Nigeria,18-24,Male,Monthly
13423,2025-10-08,United Kingdom,45+,Female,Annual
13424,2025-10-13,United Kingdom,35 to 44,Male,Monthly
13425,2025-10-12,Nigeria,18-24,Female,Annual
13426,2025-10-23,Canada,35-44,Female,Monthly
13427,2025-10-11,United Kingdom,35-44,Male,Monthly
13428,2025-10-02,Nigeria,18-24,Female,Annual
13429,2025-10-25,NG,45+,Female,Monthly
13430,2025-10-31,Nigeria,45+,Female,Monthly
13431,2025-10-08,Nigeria,35-44,Female,Monthly
13432,2025-10-27,Nigeria,18-24,Female,Annual
13433,2025-10-02,Nigeria,35-44,Female,Monthly
13434,2025-10-11,United Kingdom,35-44,Male,Annual
13435,2025-10-01,Nigeria,25-34,Female,Annual
13436,2025-10-13,Nigeria,25-34,Female,Monthly
13437,2025-10-19,UK,25-34,Male,Monthly
13438,2025-10-30,Nigeria,18-24,Male,Monthly
13439,2025-10-27,Nigeria,25-34,Male,Monthly
13440,2025-10-30,Nigeria,45+,Male,Monthly
13441,2025-10-21,Canada,25-34,Female,Monthly
13442,2025-10-13,Nigeria,25-34,Female,Annual
13443,2025-10-29,Nigeria,35-44,Male,Monthly
13444,2025-10-02,Canada,25-34,Male,Monthly
13445,2025-10-26,Nigeria,25-34,Female,Annual
13446,2025-10-31,Canada,25-34,Male,Monthly
13447,2025-10-01,United Kingdom,35-44,Female,Annual
13448,2025-10-21,Canada,25-34,Female,Monthly
13449,2025-10-28,Nigeria,35-44,Female,Annual
13450,2025-10-22,NGR,25-34,female,Monthly
13451,2025-10-31,Nigeria,25-34,Female,Monthly
13452,2025-10-09,Nigeria,25-34,Female,Monthly
13453,2025-10-20,Canada,25-34,Male,Monthly
13454,2025-10-26,Nigeria,45+,Female,Monthly
13455,2025-10-03,Nigeria,35-44,MALE,Monthly
13456,2025-10-18,United Kingdom,18-24,Female,Annual
13457,2025-10-30,Nigeria,45+,Male,Annual
13458,2025-10-15,Nigeria,25-34,Female,Annual
13459,2025-10-26,United Kingdom,45+,Female,Annual
13460,2025-10-23,Nigeria,18-24,Male,Monthly
13461,2025-10-09,United Kingdom,18-24,Male,Annual
13462,2025-10-12,United Kingdom,45+,Female,Monthly
13463,2025-10-16,Nigeria,25-34,Female,Annual
13464,2025-10-14,Nigeria,35-44,Female,Annual
13465,2025-10-19,Nigeria,35-44,Female,Monthly
13466,2025-10-21,Nigeria,18-24,Male,Monthly
13467,2025-10-13,Nigeria,25-34,Male,Monthly
13468,2025-10-20,United Kingdom,25-34,Male,Monthly
13469,2025-10-21,Nigeria,35 to 44,Female,Monthly
13470,2025-10-31,United Kingdom,35-44,Male,Annual
13471,2025-10-26,Nigeria,25-34,Male,Monthly
13472,2025-10-18,Nigeria,25-34,Female,Annual
13473,2025-10-06,Nigeria,35-44,Female,Monthly
13474,2025-10-10,Nigeria,25-34,Male,Annual
13475,2025-10-11,United Kingdom,25-34,Male,Monthly
13476,2025-10-09,United Kingdom,25/34,Female,Annual
13477,2025-10-30,NGR,25-34,Male,Monthly
13478,2025-10-17,Nigeria,25-34,Male,Annual
13479,2025-10-31,Nigeria,18-24,Male,Monthly
13480,2025-10-04,Canada,25-34,MALE,Monthly
13481,2025-10-23,United Kingdom,25-34,Female,Annual
13482,2025-10-19,Nigeria,35-44,Female,Monthly
13483,2025-10-24,Nigeria,18-24,Male,Annual
13484,2025-10-13,United Kingdom,35-44,Male,Monthly
13485,2025-10-17,Nigeria,18-24,Female,Annual
13486,2025-10-11,United Kingdom,45+,Male,Monthly
13487,2025-10-22,Nigeria,18-24,Male,Annual
13488,2025-10-06,NG,35-44,Female,Monthly
13489,2025-10-21,United Kingdom,45+,Female,Monthly
13490,2025-10-16,United Kingdom,25-34,Female,Annual
13491,2025-10-25,Nigeria,35-44,Female,Annual
13492,2025-10-02,United Kingdom,25-34,Male,Annual
13493,2025-10-06,Canada,25-34,Female,Annual
13494,2025-10-19,Nigeria,25 to 34,Male,Monthly
13495,2025-10-12,United Kingdom,25-34,Female,Annual
13496,2025-10-09,Nigeria,25-34,Male,Monthly
13497,2025-10-29,United Kingdom,25-34,Female,Monthly
13498,2025-10-29,Canada,35-44,Male,Annual
13499,2025-10-03,United Kingdom,45+,Female,Monthly
13500,2025-10-17,United Kingdom,35-44,Male,Monthly
13501,2025-11-14,Canada,25 to 34,Female,Monthly
13502,2025-11-19,Canada,25-34,Male,Monthly
13503,2025-11-17,Nigeria,25-34,Male,Monthly
13504,2025-11-04,Canada,25-34,Female,Monthly
13505,2025-11-10,Nigeria,35-44,Female,Monthly
13506,2025-11-24,Canada,25-34,Male,Annual
13507,2025-11-10,Nigeria,35-44,Male,Monthly
13508,2025-11-28,United Kingdom,45+,Female,Monthly
13509,2025-11-29,United Kingdom,25-34,Female,Annual
13510,2025-11-24,Nigeria,18-24,Female,Monthly
13511,2025-11-01,Canada,35-44,Female,Annual
13512,2025-11-23,Nigeria,18-24,Male,Monthly
13513,2025-11-30,Canada,35-44,Female,Monthly
13514,2025-11-23,Nigeria,45+,Female,Monthly
13515,2025-11-20,Nigeria,35-44,Male,Annual
13516,2025-11-19,Nigeria,35-44,Male,Annual
13517,2025-11-15,Nigeria,25-34,Female,Monthly
13518,2025-11-08,United Kingdom,35-44,Male,Monthly
13519,2025-11-15,United Kingdom,25-34,Male,Monthly
13520,2025-11-28,Canada,35-44,Female,Annual
13521,2025-11-03,United Kingdom,35-44,Female,Monthly
13522,2025-11-04,United Kingdom,18-24,Male,Monthly
13523,2025-11-27,Nigeria,35-44,Female,Annual
13524,2025-11-25,United Kingdom,18-24,Female,Annual
13525,2025-11-16,Canada,25-34,Male,Monthly
13526,2025-11-11,Nigeria,18-24,Female,Monthly
13527,2025-11-04,Nigeria,25/34,Female,Annual
13528,2025-11-21,Nigeria,35-44,Female,Monthly
13529,2025-11-17,Nigeria,25-34,Female,Monthly
13530,2025-11-25,United Kingdom,35-44,Male,Monthly
13531,2025-11-11,Nigeria,25-34,Female,Monthly
13532,2025-11-24,Canada,35-44,Female,Annual
13533,2025-11-29,Nigeria,25-34,Male,Annual
13534,2025-11-05,Nigeria,35-44,Male,Monthly
13535,2025-11-23,Nigeria,45+,Male,Monthly
13536,2025-11-19,Nigeria,25-34,Female,Annual
13537,2025-11-13,United Kingdom,35-44,Female,Monthly
13538,2025-11-07,Canada,25-34,FEMALE,Annual
13539,2025-11-05,Nigeria,25-34,Female,Annual
13540,2025-11-04,Nigeria,18-24,Female,Annual
13541,2025-11-08,United Kingdom,18-24,Male,Monthly
13542,2025-11-16,United Kingdom,45+,Male,Monthly
13543,2025-11-17,United Kingdom,25-34,Male,Monthly
13544,2025-11-30,Nigeria,25-34,Female,Monthly
13545,2025-11-23,United Kingdom,35-44,female,Monthly
13546,2025-11-30,Nigeria,35-44,Female,Annual
13547,2025-11-23,Nigeria,18-24,Male,Annual
13548,2025-11-18,Canada,18-24,Female,Monthly
13549,2025-11-25,Nigeria,45+,Male,Monthly
13550,2025-11-24,Nigeria,25-34,Male,Annual
13551,2025-11-25,Nigeria,35/44,Male,Annual
13552,2025-11-08,Nigeria,35 to 44,Male,Monthly
13553,2025-11-22,Canada,25-34,Female,Annual
13554,2025-11-07,Nigeria,25-34,Female,Monthly
13555,2025-11-10,United Kingdom,18-24,Female,Monthly
13556,2025-11-22,Canada,35-44,Male,Monthly
13557,2025-11-16,Nigeria,25-34,Female,Monthly
13558,2025-11-24,Nigeria,25-34,Female,Monthly
13559,2025-11-22,Nigeria,35-44,Female,Monthly
13560,2025-11-23,Nigeria,45+,Male,Monthly
13561,2025-11-05,Nigeria,45+,Female,Monthly
13562,2025-11-04,United Kingdom,25 to 34,Male,Monthly
13563,2025-11-08,Nigeria,35-44,Female,Monthly
13564,2025-11-11,United Kingdom,45+,Female,Annual
13565,2025-11-25,Canada,25-34,Male,Annual
13566,2025-11-02,Nigeria,35-44,Female,Annual
13567,2025-11-17,Nigeria,45+,Male,Annual
13568,2025-11-24,Nigeria,45+,Female,Monthly
13569,2025-11-11,Nigeria,18-24,MALE,Annual
13570,2025-11-10,Nigeria,25-34,Female,Monthly
13571,2025-11-07,United Kingdom,25-34,Female,Monthly
13572,2025-11-13,Nigeria,18-24,Male,Annual
13573,2025-11-19,Nigeria,25-34,Male,Monthly
13574,2025-11-18,Nigeria,25-34,Male,Monthly
13575,2025-11-26,United Kingdom,45+,Female,Annual
13576,2025-11-01,Nigeria,25-34,Female,Annual
13577,2025-11-09,United Kingdom,35-44,Male,Annual
13578,2025-11-11,United Kingdom,25-34,Female,Monthly
13579,2025-11-12,Nigeria,25-34,Female,Monthly
13580,2025-11-22,United Kingdom,25-34,Male,Monthly
13581,2025-11-04,Nigeria,25-34,Female,Monthly
13582,2025-11-09,United Kingdom,35-44,Male,Monthly
13583,2025-11-02,Nigeria,35-44,Female,Monthly
13584,2025-11-18,United Kingdom,35-44,MALE,Annual
13585,2025-11-29,United Kingdom,45+,Male,Monthly
13586,2025-11-30,United Kingdom,35-44,MALE,Monthly
13587,2025-11-02,United Kingdom,18-24,Male,Monthly
13588,2025-11-04,Nigeria,18-24,Female,Monthly
13589,2025-11-18,United Kingdom,35-44,Female,Annual
13590,2025-11-09,Nigeria,25-34,Female,Monthly
13591,2025-11-07,Nigeria,45+,Male,Monthly
13592,2025-11-21,Nigeria,35-44,Female,Monthly
13593,2025-11-10,United Kingdom,35-44,Male,Monthly
13594,2025-11-18,United Kingdom,35-44,Male,Monthly
13595,2025-11-02,Canada,45+,Female,Monthly
13596,2025-11-30,United Kingdom,35-44,Male,Annual
13597,2025-11-03,United Kingdom,35-44,Male,Annual
13598,2025-11-02,Canada,35-44,Male,Annual
13599,2025-11-13,Nigeria,18-24,Female,Annual
13600,2025-11-27,United Kingdom,25-34,Female,Monthly
13601,2025-11-20,Nigeria,25 to 34,Male,Annual
13602,2025-11-15,Nigeria,45+,Female,Monthly
13603,2025-11-09,NG,25-34,Male,Monthly
13604,2025-11-07,Nigeria,25-34,FEMALE,Monthly
13605,2025-11-20,Canada,45+,Female,Monthly
13606,2025-11-16,Canada,25-34,Female,Monthly
13607,2025-11-19,Canada,25-34,Female,Monthly
13608,2025-11-13,United Kingdom,25-34,Male,Monthly
13609,2025-11-10,United Kingdom,25-34,Female,Annual
13610,2025-11-06,Nigeria,35-44,Female,Monthly
13611,2025-11-09,Nigeria,18-24,Male,Annual
13612,2025-11-07,Canada,18-24,Female,Annual
13613,2025-11-15,Nigeria,25-34,Female,Annual
13614,2025-11-09,United Kingdom,35-44,Male,Monthly
13615,2025-11-24,CAN,25-34,Male,Annual
13616,2025-11-17,Nigeria,18-24,Female,Monthly
13617,2025-11-10,Canada,35-44,Female,Monthly
13618,2025-11-03,Nigeria,35/44,Male,Annual
13619,2025-11-04,Nigeria,45+,Female,Annual
13620,2025-11-03,United Kingdom,18-24,female,Monthly
13621,2025-11-10,United Kingdom,35-44,Female,Monthly
13622,2025-11-10,Canada,35-44,Male,Monthly
13623,2025-11-02,Nigeria,35-44,Male,Monthly
13624,2025-11-22,Nigeria,45+,Male,Annual
13625,2025-11-16,Canada,45+,Female,Annual
13626,2025-11-30,United Kingdom,18/24,Male,Monthly
13627,2025-11-27,United Kingdom,35-44,male,Monthly
13628,2025-11-01,Nigeria,18-24,Female,Annual
13629,2025-11-21,Canada,35-44,Female,Annual
13630,2025-11-30,Canada,25-34,Female,Monthly
13631,2025-11-25,United Kingdom,18-24,Female,Monthly
13632,2025-11-21,Nigeria,45+,Female,Monthly
13633,2025-11-05,GBR,45+,Male,Monthly
13634,2025-11-28,Canada,45+,FEMALE,Monthly
13635,2025-11-25,United Kingdom,35-44,Male,Monthly
13636,2025-11-17,United Kingdom,18-24,Female,Annual
13637,2025-11-28,Nigeria,18-24,Female,Monthly
13638,2025-11-14,Nigeria,35-44,Female,Annual
13639,2025-11-16,United Kingdom,25-34,Female,Annual
13640,2025-11-24,United Kingdom,35-44,Male,Annual
13641,2025-11-22,United Kingdom,25-34,Female,Annual
13642,2025-11-17,Canada,18-24,Female,Annual
13643,2025-11-24,Nigeria,25 to 34,Male,Monthly
13644,2025-11-27,Canada,18-24,Male,Annual
13645,2025-11-20,Nigeria,25-34,Male,Annual
13646,2025-11-27,NG,35-44,Female,Monthly
13647,2025-11-13,Nigeria,35-44,Male,Annual
13648,2025-11-16,Nigeria,18-24,Female,Annual
13649,2025-11-20,United Kingdom,25-34,Female,Monthly
13650,2025-11-18,Nigeria,35-44,Female,Monthly
13651,2025-11-06,Nigeria,45+,Male,Monthly
13652,2025-11-14,United Kingdom,25-34,Female,Annual
13653,2025-11-05,Nigeria,18-24,Male,Monthly
13654,2025-11-21,Canada,45+,Female,Annual
13655,2025-11-24,Nigeria,45+,Male,Monthly
13656,2025-11-21,Nigeria,45+,Female,Monthly
13657,2025-11-26,Nigeria,18-24,Male,Monthly
13658,2025-11-20,United Kingdom,35-44,Male,Monthly
13659,2025-11-12,Nigeria,35-44,Male,Annual
13660,2025-11-02,Nigeria,25-34,Male,Monthly
13661,2025-11-01,Nigeria,25-34,Male,Monthly
13662,2025-11-29,Nigeria,18-24,Female,Monthly
13663,2025-11-24,United Kingdom,25-34,Male,Monthly
13664,2025-11-11,Nigeria,25-34,Male,Monthly
13665,2025-11-29,Nigeria,45+,Female,Annual
13666,2025-11-08,Nigeria,25-34,Female,Monthly
13667,2025-11-24,Canada,25-34,Female,Annual
13668,2025-11-07,Nigeria,18-24,Female,Monthly
13669,2025-11-22,Canada,25-34,MALE,Monthly
13670,2025-11-03,Nigeria,35-44,Male,Monthly
13671,2025-11-21,NGR,25-34,Male,Annual
13672,2025-11-14,Nigeria,18-24,Female,Monthly
13673,2025-11-18,United Kingdom,18-24,Female,Monthly
13674,2025-11-02,Nigeria,18-24,Female,Annual
13675,2025-11-12,Canada,25-34,Female,Annual
13676,2025-11-05,Nigeria,18-24,Male,Annual
13677,2025-11-19,United Kingdom,25-34,Male,Annual
13678,2025-11-01,Nigeria,35-44,Male,Monthly
13679,2025-11-28,United Kingdom,25-34,Female,Annual
13680,2025-11-06,United Kingdom,25-34,Male,Annual
13681,2025-11-16,Nigeria,25-34,Female,Annual
13682,2025-11-30,United Kingdom,25-34,Female,Annual
13683,2025-11-13,Canada,25-34,Female,Annual
13684,2025-11-17,United Kingdom,25-34,Female,Monthly
13685,2025-11-29,Nigeria,45+,Male,Monthly
13686,2025-11-03,Nigeria,35-44,Male,Monthly
13687,2025-11-17,United Kingdom,18-24,Male,Annual
13688,2025-11-17,Nigeria,25-34,Female,Monthly
13689,2025-11-22,United Kingdom,25-34,male,Monthly
13690,2025-11-19,Nigeria,35 to 44,Male,Monthly
13691,2025-11-15,Canada,25-34,Male,Monthly
13692,2025-11-17,United Kingdom,45+,Female,Annual
13693,2025-11-09,Nigeria,18-24,Male,Monthly
13694,2025-11-11,Canada,35-44,Male,Annual
13695,2025-11-29,Canada,18-24,Male,Monthly
13696,2025-11-20,Nigeria,18-24,Female,Monthly
13697,2025-11-21,Nigeria,45+,Female,Monthly
13698,2025-11-05,Nigeria,35-44,Male,Monthly
13699,2025-11-12,Nigeria,25-34,Female,Annual
13700,2025-11-07,Nigeria,35-44,Male,Monthly
13701,2025-11-29,Nigeria,25-34,Male,Annual
13702,2025-11-30,Nigeria,25-34,Male,Annual
13703,2025-11-11,Nigeria,18-24,Female,Monthly
13704,2025-11-13,Nigeria,25-34,Male,Monthly
13705,2025-11-21,Nigeria,45+,Female,Monthly
13706,2025-11-05,United Kingdom,35/44,Male,Annual
13707,2025-11-17,Nigeria,25-34,Female,Annual
13708,2025-11-07,Nigeria,25-34,Female,Annual
13709,2025-11-16,Canada,35-44,Female,Monthly
13710,2025-11-22,United Kingdom,25-34,Male,Annual
13711,2025-11-23,Canada,25-34,Male,Monthly
13712,2025-11-04,GBR,45+,Female,Monthly
13713,2025-11-09,United Kingdom,25-34,Female,Monthly
13714,2025-11-11,Canada,25-34,Male,Monthly
13715,2025-11-22,Nigeria,35-44,Female,Annual
13716,2025-11-10,United Kingdom,25-34,Female,Monthly
13717,2025-11-14,United Kingdom,45+,Male,Monthly
13718,2025-11-07,United Kingdom,45+,Female,Annual
13719,2025-11-11,Nigeria,35-44,Female,Monthly
13720,2025-11-15,Canada,25-34,Female,Annual
13721,2025-11-07,Nigeria,45+,Male,Annual
13722,2025-11-04,Canada,18-24,Male,Monthly
13723,2025-11-05,CA,35-44,Female,Monthly
13724,2025-11-14,Canada,35-44,Female,Monthly
13725,2025-11-05,Nigeria,35-44,Female,Annual
13726,2025-11-01,Nigeria,25-34,Female,Monthly
13727,2025-11-26,United Kingdom,35-44,Female,Monthly
13728,2025-11-30,United Kingdom,18-24,Female,Monthly
13729,2025-11-16,Nigeria,35-44,Male,Annual
13730,2025-11-19,United Kingdom,18-24,Female,Monthly
13731,2025-11-05,Canada,18-24,FEMALE,Monthly
13732,2025-11-03,Nigeria,18-24,female,Annual
13733,2025-11-03,Nigeria,35-44,Female,Monthly
13734,2025-11-06,United Kingdom,25-34,Male,Monthly
13735,2025-11-04,United Kingdom,18-24,Male,Monthly
13736,2025-11-23,Canada,45+,Female,Annual
13737,2025-11-24,United Kingdom,25-34,Female,Annual
13738,2025-11-22,Nigeria,45+,MALE,Monthly
13739,2025-11-09,United Kingdom,25 to 34,Female,Annual
13740,2025-11-11,Canada,18-24,Male,Annual
13741,2025-11-11,Nigeria,25-34,Male,Monthly
13742,2025-11-05,Nigeria,18-24,Female,Annual
13743,2025-11-15,United Kingdom,25-34,Male,Monthly
13744,2025-11-17,Nigeria,25-34,Male,Monthly
13745,2025-11-07,Canada,25-34,Female,Monthly
13746,2025-11-09,Nigeria,18-24,Female,Annual
13747,2025-11-15,Nigeria,35-44,Female,Annual
13748,2025-11-03,Canada,35-44,Male,Monthly
13749,2025-11-18,Nigeria,35-44,Male,Monthly
13750,2025-11-11,Nigeria,35-44,Male,Monthly
13751,2025-11-22,Nigeria,35-44,Male,Monthly
13752,2025-11-23,UK,35-44,MALE,Annual
13753,2025-11-12,NGR,25-34,Female,Annual
13754,2025-11-11,Nigeria,35-44,Male,Monthly
13755,2025-11-16,United Kingdom,25-34,Female,Annual
13756,2025-11-02,United Kingdom,18-24,Female,Monthly
13757,2025-11-06,Nigeria,35-44,Female,Annual
13758,2025-11-04,Nigeria,45+,Female,Monthly
13759,2025-11-09,Canada,35-44,Male,Monthly
13760,2025-11-18,Nigeria,25-34,Male,Monthly
13761,2025-11-08,United Kingdom,25-34,Male,Annual
13762,2025-11-16,Nigeria,25-34,Female,Monthly
13763,2025-11-21,United Kingdom,35-44,Female,Monthly
13764,2025-11-21,Nigeria,18-24,Male,Monthly
13765,2025-11-16,Nigeria,25-34,Male,Monthly
13766,2025-11-18,Nigeria,35-44,Male,Monthly
13767,2025-11-14,CA,25-34,Female,Monthly
13768,2025-11-15,Nigeria,35-44,Female,Annual
13769,2025-11-24,Nigeria,35-44,male,Annual
13770,2025-11-15,Nigeria,25-34,Female,Monthly
13771,2025-11-11,Nigeria,25-34,Female,Monthly
13772,2025-11-29,Canada,18-24,Male,Monthly
13773,2025-11-28,Nigeria,35-44,Male,Monthly
13774,2025-11-26,United Kingdom,25-34,Female,Annual
13775,2025-11-25,United Kingdom,18-24,Male,Monthly
13776,2025-11-12,Canada,25-34,Female,Annual
13777,2025-11-29,Canada,45+,Male,Annual
13778,2025-11-20,Nigeria,18-24,Female,Monthly
13779,2025-11-27,United Kingdom,35-44,Male,Monthly
13780,2025-11-01,Canada,35-44,Male,Monthly
13781,2025-11-04,Canada,35-44,FEMALE,Annual
13782,2025-11-01,NG,18-24,Male,Monthly
13783,2025-11-30,United Kingdom,25-34,Male,Monthly
13784,2025-11-10,Nigeria,18-24,Male,Monthly
13785,2025-11-02,Nigeria,25-34,Male,Annual
13786,2025-11-23,Canada,18-24,Female,Annual
13787,2025-11-24,Canada,35/44,Male,Monthly
13788,2025-11-28,Nigeria,25-34,Female,Annual
13789,2025-11-18,United Kingdom,35-44,Male,Monthly
13790,2025-11-21,Nigeria,35-44,Male,Annual
13791,2025-11-19,Nigeria,35-44,Male,Monthly
13792,2025-11-22,Nigeria,25-34,Male,Monthly
13793,2025-11-16,Nigeria,35-44,Male,Monthly
13794,2025-11-01,United Kingdom,18-24,Male,Monthly
13795,2025-11-06,Nigeria,25 to 34,Male,Annual
13796,2025-11-28,United Kingdom,18-24,Female,Monthly
13797,2025-11-02,United Kingdom,35-44,Male,Monthly
13798,2025-11-03,Canada,25-34,Male,Monthly
13799,2025-11-25,Nigeria,25-34,Male,Monthly
13800,2025-11-29,Nigeria,18-24,Female,Annual
13801,2025-11-14,United Kingdom,18-24,Female,Annual
13802,2025-11-05,United Kingdom,45+,Male,Monthly
13803,2025-11-18,Nigeria,35-44,Male,Monthly
13804,2025-11-02,Nigeria,25-34,Female,Annual
13805,2025-11-11,NGR,25-34,Male,Monthly
13806,2025-11-17,Nigeria,35-44,Female,Annual
13807,2025-11-27,Nigeria,25-34,Male,Annual
13808,2025-11-04,NG,25-34,Male,Monthly
13809,2025-11-19,Canada,25-34,Male,Monthly
13810,2025-11-01,Nigeria,35-44,FEMALE,Annual
13811,2025-11-14,Canada,25-34,Male,Monthly
13812,2025-11-21,Nigeria,35 to 44,Female,Monthly
13813,2025-11-02,Canada,45+,Male,Monthly
13814,2025-11-23,United Kingdom,25-34,Female,Monthly
13815,2025-11-30,United Kingdom,18-24,Female,Monthly
13816,2025-11-09,Canada,35-44,Female,Annual
13817,2025-11-23,Canada,45+,Male,Monthly
13818,2025-11-17,Nigeria,18-24,Male,Annual
13819,2025-11-28,United Kingdom,25-34,Male,Annual
13820,2025-11-18,Canada,25-34,Male,Annual
13821,2025-11-25,United Kingdom,35 to 44,Male,Annual
13822,2025-11-05,Nigeria,45+,Male,Monthly
13823,2025-11-08,Nigeria,35-44,Male,Monthly
13824,2025-11-14,NGR,35-44,Female,Annual
13825,2025-11-28,Nigeria,35-44,Male,Monthly
13826,2025-11-20,United Kingdom,18-24,Female,Monthly
13827,2025-11-07,United Kingdom,35-44,Female,Annual
13828,2025-11-27,Nigeria,25-34,Female,Monthly
13829,2025-11-19,Nigeria,25-34,Female,Annual
13830,2025-11-13,Nigeria,35-44,male,Annual
13831,2025-11-12,Nigeria,25-34,Female,Monthly
13832,2025-11-21,Canada,45+,Male,Monthly
13833,2025-11-27,Nigeria,25 to 34,Male,Annual
13834,2025-11-16,Nigeria,25-34,Male,Annual
13835,2025-11-26,United Kingdom,45+,Female,Monthly
13836,2025-11-22,Canada,18-24,FEMALE,Monthly
13837,2025-11-03,Nigeria,35-44,Female,Monthly
13838,2025-11-24,Nigeria,25-34,Male,Monthly
13839,2025-11-17,United Kingdom,35-44,FEMALE,Monthly
13840,2025-11-16,United Kingdom,18/24,Male,Monthly
13841,2025-11-19,United Kingdom,18-24,Male,Annual
13842,2025-11-02,Nigeria,35-44,Female,Monthly
13843,2025-11-28,Canada,25-34,Female,Annual
13844,2025-11-27,United Kingdom,25-34,Female,Monthly
13845,2025-11-30,Canada,35-44,Female,Annual
13846,2025-11-19,NGR,18-24,Female,Annual
13847,2025-11-08,United Kingdom,45+,Male,Monthly
13848,2025-11-19,Nigeria,35-44,FEMALE,Monthly
13849,2025-11-09,United Kingdom,25-34,Male,Monthly
13850,2025-11-16,United Kingdom,25-34,Male,Monthly
13851,2025-11-25,Nigeria,25-34,Male,Monthly
13852,2025-11-06,Nigeria,25-34,Female,Annual
13853,2025-11-14,Nigeria,25-34,Male,Monthly
13854,2025-11-15,Canada,18-24,Female,Annual
13855,2025-11-28,Canada,35-44,Female,Monthly
13856,2025-11-17,United Kingdom,45+,Male,Annual
13857,2025-11-11,Canada,25/34,Female,Monthly
13858,2025-11-12,United Kingdom,25-34,Female,Annual
13859,2025-11-10,Canada,18-24,Female,Monthly
13860,2025-11-05,Nigeria,25-34,Male,Monthly
13861,2025-11-22,Nigeria,25-34,Female,Annual
13862,2025-11-23,United Kingdom,25-34,Male,Monthly
13863,2025-11-06,Canada,25-34,Female,Annual
13864,2025-11-14,Canada,18-24,Male,Monthly
13865,2025-11-23,GBR,18-24,Male,Monthly
13866,2025-11-22,Canada,18-24,Female,Annual
13867,2025-11-03,Nigeria,35-44,Male,Monthly
13868,2025-11-02,Nigeria,18-24,Female,Monthly
13869,2025-11-03,Nigeria,18-24,Female,Monthly
13870,2025-11-16,United Kingdom,45+,Female,Monthly
13871,2025-11-28,United Kingdom,18-24,Female,Monthly
13872,2025-11-03,Nigeria,25-34,MALE,Annual
13873,2025-11-22,United Kingdom,35-44,Male,Annual
13874,2025-11-23,Canada,35-44,Male,Monthly
13875,2025-11-29,Nigeria,25-34,Female,Monthly
13876,2025-11-18,United Kingdom,45+,Male,Annual
13877,2025-11-29,Nigeria,45+,Male,Annual
13878,2025-11-14,United Kingdom,18 to 24,Female,Monthly
13879,2025-11-08,United Kingdom,25-34,Male,Monthly
13880,2025-11-30,Nigeria,25-34,Male,Annual
13881,2025-11-16,United Kingdom,25-34,Male,Monthly
13882,2025-11-10,United Kingdom,45+,Male,Monthly
13883,2025-11-20,Nigeria,18-24,Female,Monthly
13884,2025-11-13,Canada,18-24,Male,Monthly
13885,2025-11-23,Canada,45+,FEMALE,Annual
13886,2025-11-23,United Kingdom,25-34,Male,Annual
13887,2025-11-01,Nigeria,25-34,Female,Annual
13888,2025-11-16,Nigeria,45+,Female,Monthly
13889,2025-11-26,Nigeria,25-34,Female,Annual
13890,2025-11-20,Nigeria,35-44,Female,Monthly
13891,2025-11-22,United Kingdom,35-44,Male,Monthly
13892,2025-11-30,Canada,35-44,male,Monthly
13893,2025-11-11,Nigeria,18 to 24,Male,Annual
13894,2025-11-21,United Kingdom,25-34,Female,Monthly
13895,2025-11-01,United Kingdom,35-44,Male,Monthly
13896,2025-11-05,United Kingdom,25/34,Male,Monthly
13897,2025-11-21,Canada,25-34,Male,Monthly
13898,2025-11-07,Nigeria,18-24,Female,Annual
13899,2025-11-24,United Kingdom,45+,Male,Monthly
13900,2025-11-27,Nigeria,25-34,Male,Monthly
13901,2025-11-27,Nigeria,25-34,Male,Monthly
13902,2025-11-02,United Kingdom,25-34,Female,Annual
13903,2025-11-10,Nigeria,25-34,Female,Annual
13904,2025-11-16,Nigeria,25-34,Male,Annual
13905,2025-11-01,Nigeria,25-34,Male,Monthly
13906,2025-11-28,Nigeria,35-44,Male,Annual
13907,2025-11-29,Nigeria,18-24,Female,Annual
13908,2025-11-24,Nigeria,25-34,Female,Monthly
13909,2025-11-09,Nigeria,35-44,Male,Monthly
13910,2025-11-04,United Kingdom,25-34,Male,Annual
13911,2025-11-25,United Kingdom,18-24,Male,Monthly
13912,2025-11-23,Canada,25-34,Male,Annual
13913,2025-11-29,Canada,25-34,Male,Monthly
13914,2025-11-12,Canada,25/34,Male,Annual
13915,2025-11-06,United Kingdom,18-24,Female,Monthly
13916,2025-11-28,Nigeria,18-24,Male,Annual
13917,2025-11-04,Nigeria,18-24,Female,Monthly
13918,2025-11-18,Canada,35-44,Male,Annual
13919,2025-11-15,NG,25-34,Male,Annual
13920,2025-11-17,United Kingdom,35-44,Female,Monthly
13921,2025-11-13,United Kingdom,45+,Female,Monthly
13922,2025-11-01,Nigeria,35 to 44,Female,Monthly
13923,2025-11-19,Nigeria,35-44,Male,Monthly
13924,2025-11-08,United Kingdom,25-34,Female,Annual
13925,2025-11-04,Nigeria,18-24,Male,Monthly
13926,2025-11-13,United Kingdom,18-24,Female,Monthly
13927,2025-11-09,Canada,25-34,Male,Monthly
13928,2025-11-22,Canada,35-44,Male,Annual
13929,2025-11-11,Canada,25-34,Male,Monthly
13930,2025-11-16,Nigeria,35-44,Female,Annual
13931,2025-11-15,Nigeria,18-24,Female,Annual
13932,2025-11-26,United Kingdom,25-34,Female,Monthly
13933,2025-11-04,United Kingdom,18-24,Female,Annual
13934,2025-11-02,CAN,25-34,Female,Annual
13935,2025-11-27,Nigeria,25-34,Male,Annual
13936,2025-11-10,Nigeria,18-24,Male,Annual
13937,2025-11-22,Nigeria,35-44,Female,Monthly
13938,2025-11-18,United Kingdom,45+,Male,Monthly
13939,2025-11-23,Nigeria,18-24,Female,Monthly
13940,2025-11-20,Nigeria,45+,Male,Monthly
13941,2025-11-08,Nigeria,25-34,Male,Annual
13942,2025-11-16,Nigeria,18-24,Male,Annual
13943,2025-11-10,United Kingdom,25-34,Female,Monthly
13944,2025-11-12,Nigeria,18-24,Male,Monthly
13945,2025-11-17,Canada,35-44,Female,Annual
13946,2025-11-03,United Kingdom,25-34,FEMALE,Monthly
13947,2025-11-01,Nigeria,35-44,Female,Monthly
13948,2025-11-21,Nigeria,18-24,Female,Monthly
13949,2025-11-03,Nigeria,25-34,Male,Annual
13950,2025-11-28,Nigeria,18-24,Male,Monthly
13951,2025-11-20,United Kingdom,45+,Male,Annual
13952,2025-11-25,Canada,25-34,Male,Monthly
13953,2025-11-15,Nigeria,35-44,Female,Monthly
13954,2025-11-22,Nigeria,45+,Female,Monthly
13955,2025-11-06,Canada,25-34,Male,Annual
13956,2025-11-20,United Kingdom,25-34,Female,Annual
13957,2025-11-10,Nigeria,18-24,Male,Monthly
13958,2025-11-24,Nigeria,35-44,Female,Monthly
13959,2025-11-12,Nigeria,45+,Female,Annual
13960,2025-11-24,Nigeria,18-24,Female,Annual
13961,2025-11-27,NG,35-44,Male,Monthly
13962,2025-11-01,United Kingdom,35-44,Female,Monthly
13963,2025-11-02,Nigeria,25-34,Female,Monthly
13964,2025-11-11,Canada,35-44,Female,Monthly
13965,2025-11-17,Nigeria,25-34,Female,Annual
13966,2025-11-27,Nigeria,18/24,Female,Monthly
13967,2025-11-14,NGR,25-34,Male,Monthly
13968,2025-11-26,United Kingdom,25-34,Male,Annual
13969,2025-11-22,United Kingdom,18-24,Female,Monthly
13970,2025-11-22,Nigeria,25-34,Female,Annual
13971,2025-11-28,Nigeria,35-44,Female,Annual
13972,2025-11-10,Canada,45+,Female,Monthly
13973,2025-11-21,Nigeria,18-24,Female,Annual
13974,2025-11-24,Canada,25-34,Male,Monthly
13975,2025-11-30,Canada,25-34,Female,Annual
13976,2025-11-07,Nigeria,35-44,Female,Annual
13977,2025-11-24,Canada,35-44,Male,Monthly
13978,2025-11-07,Canada,25-34,Female,Annual
13979,2025-11-29,Canada,25-34,Male,Monthly
13980,2025-11-17,Nigeria,45+,Male,Annual
13981,2025-11-27,United Kingdom,25-34,Female,Monthly
13982,2025-11-18,Nigeria,45+,Male,Monthly
13983,2025-11-03,Nigeria,25-34,Female,Monthly
13984,2025-11-11,Canada,35-44,Female,Annual
13985,2025-11-19,GBR,35-44,Male,Monthly
13986,2025-11-19,Nigeria,25-34,Male,Annual
13987,2025-11-17,United Kingdom,18-24,Female,Annual
13988,2025-11-22,Canada,25-34,Female,Monthly
13989,2025-11-18,United Kingdom,45+,Male,Annual
13990,2025-11-06,Nigeria,18-24,Male,Monthly
13991,2025-11-03,Nigeria,25-34,Male,Annual
13992,2025-11-09,United Kingdom,35-44,Male,Monthly
13993,2025-11-05,Canada,45+,Male,Monthly
13994,2025-11-21,Nigeria,35-44,Male,Monthly
13995,2025-11-30,Nigeria,25-34,Female,Monthly
13996,2025-11-28,Canada,45+,Female,Annual
13997,2025-11-17,Canada,25-34,Male,Annual
13998,2025-11-27,Canada,18-24,Male,Monthly
13999,2025-11-20,Canada,25-34,Male,Monthly
14000,2025-11-04,United Kingdom,18-24,Male,Monthly
14001,2025-11-18,Canada,35-44,Male,Monthly
14002,2025-11-18,United Kingdom,25-34,Female,Monthly
14003,2025-11-17,United Kingdom,45+,Male,Monthly
14004,2025-11-25,Nigeria,35-44,Male,Monthly
14005,2025-11-30,Nigeria,25-34,Male,Annual
14006,2025-11-08,Nigeria,18-24,Male,Monthly
14007,2025-11-01,Canada,35-44,Male,Annual
14008,2025-11-20,Nigeria,25-34,Female,Annual
14009,2025-11-04,Nigeria,18-24,Male,Monthly
14010,2025-11-13,CA,35 to 44,Male,Annual
14011,2025-11-28,Canada,25-34,Male,Monthly
14012,2025-11-20,United Kingdom,45+,Male,Monthly
14013,2025-11-29,United Kingdom,18-24,Female,Monthly
14014,2025-11-01,Nigeria,25-34,Female,Monthly
14015,2025-11-22,Nigeria,18-24,Female,Monthly
14016,2025-11-10,Canada,35-44,Female,Annual
14017,2025-11-03,Canada,45+,Female,Monthly
14018,2025-11-10,Nigeria,18-24,Female,Monthly
14019,2025-11-29,Nigeria,25-34,Female,Monthly
14020,2025-11-13,Nigeria,25-34,Female,Monthly
14021,2025-11-28,United Kingdom,25-34,Male,Monthly
14022,2025-11-04,Nigeria,35-44,Male,Monthly
14023,2025-11-20,Nigeria,45+,Female,Monthly
14024,2025-11-14,Nigeria,45+,male,Annual
14025,2025-11-09,United Kingdom,45+,Female,Monthly
14026,2025-11-17,United Kingdom,35-44,Male,Monthly
14027,2025-11-19,Nigeria,25-34,Male,Monthly
14028,2025-11-01,Nigeria,18-24,Male,Monthly
14029,2025-11-20,Nigeria,25-34,Male,Monthly
14030,2025-11-10,United Kingdom,25-34,Female,Monthly
14031,2025-11-25,Nigeria,25-34,Male,Annual
14032,2025-11-06,Canada,45+,Male,Annual
14033,2025-11-09,Nigeria,18-24,Male,Annual
14034,2025-11-30,Canada,25-34,Female,Monthly
14035,2025-11-08,Nigeria,45+,Male,Monthly
14036,2025-11-04,United Kingdom,18-24,Male,Monthly
14037,2025-11-17,United Kingdom,35-44,Male,Monthly
14038,2025-11-19,Nigeria,25-34,Male,Monthly
14039,2025-11-18,Nigeria,25-34,Female,Monthly
14040,2025-11-13,Nigeria,25-34,Female,Annual
14041,2025-11-04,United Kingdom,18-24,Male,Annual
14042,2025-11-09,Canada,35-44,Male,Monthly
14043,2025-11-02,United Kingdom,25-34,Male,Monthly
14044,2025-11-26,United Kingdom,25-34,Female,Annual
14045,2025-11-08,Nigeria,35-44,Male,Annual
14046,2025-11-20,Nigeria,45+,Female,Monthly
14047,2025-11-08,United Kingdom,25-34,Male,Annual
14048,2025-11-19,Nigeria,18-24,Male,Annual
14049,2025-11-03,Nigeria,18/24,Female,Annual
14050,2025-11-03,Nigeria,18-24,Male,Annual
14051,2025-11-10,Nigeria,35-44,Female,Monthly
14052,2025-11-08,NG,18-24,Male,Monthly
14053,2025-11-10,Nigeria,45+,Male,Annual
14054,2025-11-09,Nigeria,18-24,Female,Monthly
14055,2025-11-21,Nigeria,25-34,Female,Monthly
14056,2025-11-14,Nigeria,25-34,FEMALE,Annual
14057,2025-11-05,Nigeria,25-34,Female,Monthly
14058,2025-11-28,Nigeria,25-34,Female,Annual
14059,2025-11-20,Nigeria,18-24,Female,Monthly
14060,2025-11-13,Nigeria,25-34,Female,Monthly
14061,2025-11-16,Canada,18-24,Female,Annual
14062,2025-11-10,United Kingdom,18-24,Male,Monthly
14063,2025-11-12,United Kingdom,35-44,Male,Monthly
14064,2025-11-03,Nigeria,25-34,Female,Annual
14065,2025-11-25,Nigeria,25-34,Male,Annual
14066,2025-11-12,GBR,25-34,Female,Monthly
14067,2025-11-21,Nigeria,45+,Female,Monthly
14068,2025-11-02,Nigeria,25-34,female,Monthly
14069,2025-11-03,Nigeria,25-34,Male,Monthly
14070,2025-11-11,Nigeria,25-34,Male,Monthly
14071,2025-11-02,United Kingdom,18-24,Male,Annual
14072,2025-11-30,United Kingdom,18-24,Male,Monthly
14073,2025-11-02,Nigeria,18/24,Male,Annual
14074,2025-11-17,Nigeria,25-34,Female,Monthly
14075,2025-11-11,Nigeria,25-34,Female,Annual
14076,2025-11-07,Nigeria,18-24,Female,Annual
14077,2025-11-05,Canada,25-34,FEMALE,Monthly
14078,2025-11-09,United Kingdom,25-34,Male,Annual
14079,2025-11-02,Nigeria,45+,Female,Monthly
14080,2025-11-18,Nigeria,35-44,Female,Annual
14081,2025-11-08,United Kingdom,35-44,Male,Monthly
14082,2025-11-01,Nigeria,25/34,Female,Monthly
14083,2025-11-04,Canada,25-34,Male,Monthly
14084,2025-11-27,Canada,25-34,Male,Monthly
14085,2025-11-08,Nigeria,25-34,Male,Monthly
14086,2025-11-18,Canada,25-34,Female,Annual
14087,2025-11-13,Nigeria,35-44,Male,Annual
14088,2025-11-15,Nigeria,45+,Female,Annual
14089,2025-11-26,NG,35/44,FEMALE,Annual
14090,2025-11-22,Canada,18-24,Female,Annual
14091,2025-11-17,United Kingdom,45+,Male,Monthly
14092,2025-11-07,Canada,35-44,Male,Annual
14093,2025-11-26,Nigeria,25-34,Male,Monthly
14094,2025-11-01,United Kingdom,25-34,Female,Monthly
14095,2025-11-17,NG,35-44,Female,Monthly
14096,2025-11-19,Canada,25-34,Male,Monthly
14097,2025-11-29,Nigeria,25-34,Female,Annual
14098,2025-11-05,Nigeria,45+,Female,Monthly
14099,2025-11-09,Canada,25-34,Female,Monthly
14100,2025-11-01,Nigeria,18-24,Male,Monthly
14101,2025-12-19,Canada,25-34,Male,Monthly
14102,2025-12-17,Nigeria,35-44,Female,Monthly
14103,2025-12-13,CA,35-44,Female,Annual
14104,2025-12-22,United Kingdom,25-34,Male,Monthly
14105,2025-12-09,Nigeria,25-34,male,Monthly
14106,2025-12-12,Nigeria,25-34,Female,Annual
14107,2025-12-24,Nigeria,45+,Female,Annual
14108,2025-12-12,Nigeria,35-44,Female,Annual
14109,2025-12-30,Canada,35-44,Male,Annual
14110,2025-12-14,NG,25-34,Male,Monthly
14111,2025-12-18,Nigeria,25 to 34,Male,Annual
14112,2025-12-20,Nigeria,25 to 34,Female,Monthly
14113,2025-12-22,Nigeria,18-24,Female,Annual
14114,2025-12-16,Canada,25-34,Male,Monthly
14115,2025-12-12,United Kingdom,25-34,Female,Annual
14116,2025-12-25,United Kingdom,35-44,Female,Annual
14117,2025-12-23,United Kingdom,45+,Female,Monthly
14118,2025-12-02,Canada,35 to 44,Male,Annual
14119,2025-12-20,Nigeria,25-34,Male,Annual
14120,2025-12-28,Nigeria,25-34,Male,Monthly
14121,2025-12-18,United Kingdom,35-44,Female,Monthly
14122,2025-12-29,NGR,25-34,Male,Monthly
14123,2025-12-13,United Kingdom,18-24,Male,Monthly
14124,2025-12-08,Canada,35-44,Female,Monthly
14125,2025-12-16,Canada,45+,Male,Monthly
14126,2025-12-04,Nigeria,25-34,Male,Monthly
14127,2025-12-03,United Kingdom,35-44,Female,Monthly
14128,2025-12-18,Canada,35-44,Male,Monthly
14129,2025-12-01,Nigeria,45+,Male,Monthly
14130,2025-12-02,United Kingdom,45+,Male,Annual
14131,2025-12-15,Nigeria,45+,Male,Annual
14132,2025-12-08,Canada,35-44,Male,Monthly
14133,2025-12-06,Nigeria,25-34,Male,Monthly
14134,2025-12-16,Nigeria,18-24,Female,Monthly
14135,2025-12-11,United Kingdom,25/34,Male,Annual
14136,2025-12-20,United Kingdom,25-34,Male,Monthly
14137,2025-12-14,Nigeria,25-34,female,Monthly
14138,2025-12-07,Nigeria,25-34,Male,Annual
14139,2025-12-22,Canada,18-24,Male,Monthly
14140,2025-12-29,UK,35-44,Male,Annual
14141,2025-12-23,United Kingdom,25-34,Male,Monthly
14142,2025-12-06,Nigeria,25-34,Female,Annual
14143,2025-12-18,United Kingdom,18-24,Female,Monthly
14144,2025-12-05,United Kingdom,35-44,Male,Annual
14145,2025-12-01,Nigeria,25-34,Male,Annual
14146,2025-12-06,Nigeria,35-44,Male,Annual
14147,2025-12-26,Nigeria,25-34,male,Annual
14148,2025-12-29,Nigeria,25-34,Male,Monthly
14149,2025-12-19,United Kingdom,25-34,Male,Annual
14150,2025-12-28,Nigeria,25-34,Male,Annual
14151,2025-12-13,United Kingdom,25-34,Male,Monthly
14152,2025-12-02,United Kingdom,25-34,Male,Annual
14153,2025-12-29,United Kingdom,25-34,Female,Monthly
14154,2025-12-23,United Kingdom,18-24,Male,Annual
14155,2025-12-21,United Kingdom,45+,Female,Monthly
14156,2025-12-03,Nigeria,25-34,Male,Monthly
14157,2025-12-30,Nigeria,18-24,Female,Annual
14158,2025-12-03,United Kingdom,25-34,Male,Monthly
14159,2025-12-01,Nigeria,45+,Female,Annual
14160,2025-12-03,Nigeria,25-34,Male,Annual
14161,2025-12-30,Nigeria,25-34,Male,Monthly
14162,2025-12-26,Nigeria,35-44,Female,Monthly
14163,2025-12-04,Nigeria,25-34,Female,Monthly
14164,2025-12-14,United Kingdom,25-34,Male,Annual
14165,2025-12-17,United Kingdom,25-34,Female,Monthly
14166,2025-12-18,United Kingdom,18-24,Male,Annual
14167,2025-12-07,Nigeria,25-34,Male,Monthly
14168,2025-12-01,Canada,25-34,Male,Annual
14169,2025-12-01,Nigeria,45+,Female,Monthly
14170,2025-12-28,United Kingdom,25-34,Male,Monthly
14171,2025-12-20,Nigeria,25-34,male,Monthly
14172,2025-12-31,Nigeria,35-44,Female,Monthly
14173,2025-12-27,Canada,25-34,Male,Monthly
14174,2025-12-08,Nigeria,45+,Female,Monthly
14175,2025-12-03,Nigeria,25-34,female,Monthly
14176,2025-12-21,Nigeria,25-34,Female,Monthly
14177,2025-12-07,CA,45+,Female,Annual
14178,2025-12-22,Canada,45+,Female,Annual
14179,2025-12-30,United Kingdom,18-24,FEMALE,Monthly
14180,2025-12-30,Nigeria,25-34,Male,Annual
14181,2025-12-08,Nigeria,35-44,Female,Monthly
14182,2025-12-15,Canada,35 to 44,Female,Annual
14183,2025-12-22,Nigeria,35-44,Male,Monthly
14184,2025-12-08,Nigeria,25/34,Female,Annual
14185,2025-12-18,Canada,18-24,Male,Monthly
14186,2025-12-12,Nigeria,45+,Male,Monthly
14187,2025-12-18,Canada,25-34,Male,Annual
14188,2025-12-20,Canada,45+,Male,Monthly
14189,2025-12-28,Canada,45+,Male,Monthly
14190,2025-12-15,United Kingdom,18-24,Female,Monthly
14191,2025-12-09,Nigeria,25 to 34,Female,Monthly
14192,2025-12-03,United Kingdom,18-24,Female,Monthly
14193,2025-12-22,Canada,35-44,Female,Annual
14194,2025-12-26,United Kingdom,18-24,Male,Monthly
14195,2025-12-13,Canada,45+,Male,Annual
14196,2025-12-27,UK,18-24,Male,Monthly
14197,2025-12-15,United Kingdom,35-44,Male,Monthly
14198,2025-12-15,Canada,35-44,Female,Monthly
14199,2025-12-02,Nigeria,45+,Male,Monthly
14200,2025-12-17,NGR,25-34,Male,Annual
14201,2025-12-19,Canada,18-24,FEMALE,Annual
14202,2025-12-16,Nigeria,35-44,Female,Annual
14203,2025-12-17,United Kingdom,45+,Male,Annual
14204,2025-12-17,United Kingdom,25-34,Female,Annual
14205,2025-12-22,Canada,35-44,Female,Monthly
14206,2025-12-04,Nigeria,25-34,Male,Monthly
14207,2025-12-17,United Kingdom,18-24,Female,Monthly
14208,2025-12-14,United Kingdom,18-24,Female,Monthly
14209,2025-12-11,Nigeria,18-24,Male,Annual
14210,2025-12-14,CA,35-44,Female,Monthly
14211,2025-12-22,United Kingdom,25-34,Female,Annual
14212,2025-12-31,Nigeria,18-24,Male,Monthly
14213,2025-12-07,Canada,45+,Male,Monthly
14214,2025-12-02,Nigeria,18-24,Male,Annual
14215,2025-12-11,Nigeria,25-34,female,Monthly
14216,2025-12-10,Nigeria,35-44,Female,Monthly
14217,2025-12-03,Canada,18-24,Female,Annual
14218,2025-12-16,Canada,35-44,Female,Annual
14219,2025-12-17,United Kingdom,35-44,Male,Annual
14220,2025-12-27,Nigeria,45+,Female,Monthly
14221,2025-12-22,Nigeria,45+,Male,Monthly
14222,2025-12-15,United Kingdom,25-34,Male,Monthly
14223,2025-12-21,United Kingdom,35-44,Female,Annual
14224,2025-12-10,Nigeria,18-24,Male,Annual
14225,2025-12-05,Nigeria,45+,Male,Monthly
14226,2025-12-17,Canada,25-34,Male,Annual
14227,2025-12-16,United Kingdom,25-34,Male,Monthly
14228,2025-12-10,Nigeria,35-44,Female,Annual
14229,2025-12-28,UK,35-44,Male,Annual
14230,2025-12-17,Nigeria,25-34,Female,Monthly
14231,2025-12-18,United Kingdom,25 to 34,Male,Annual
14232,2025-12-22,Nigeria,25-34,Male,Monthly
14233,2025-12-09,Canada,25-34,Male,Monthly
14234,2025-12-17,Nigeria,25-34,Female,Monthly
14235,2025-12-28,NG,25-34,Female,Monthly
14236,2025-12-19,United Kingdom,25-34,Male,Monthly
14237,2025-12-27,Nigeria,35-44,Female,Monthly
14238,2025-12-02,Nigeria,25-34,Male,Monthly
14239,2025-12-23,Canada,35-44,Male,Monthly
14240,2025-12-21,Nigeria,35-44,Female,Annual
14241,2025-12-28,Nigeria,35-44,Male,Monthly
14242,2025-12-31,United Kingdom,18 to 24,Female,Annual
14243,2025-12-05,Nigeria,18 to 24,Male,Monthly
14244,2025-12-16,United Kingdom,35-44,Female,Annual
14245,2025-12-29,United Kingdom,25-34,Female,Monthly
14246,2025-12-25,Nigeria,18-24,Female,Monthly
14247,2025-12-04,Nigeria,25-34,Male,Annual
14248,2025-12-18,Nigeria,18-24,Male,Monthly
14249,2025-12-11,NGR,35-44,Male,Monthly
14250,2025-12-22,Nigeria,25-34,Male,Monthly
14251,2025-12-16,United Kingdom,35-44,Male,Monthly
14252,2025-12-10,United Kingdom,45+,Male,Annual
14253,2025-12-13,Canada,35-44,Female,Monthly
14254,2025-12-30,Nigeria,18-24,Male,Monthly
14255,2025-12-12,Nigeria,18-24,Female,Monthly
14256,2025-12-07,United Kingdom,35-44,Male,Monthly
14257,2025-12-04,United Kingdom,25-34,Male,Annual
14258,2025-12-05,United Kingdom,35-44,Female,Monthly
14259,2025-12-02,Nigeria,25-34,Male,Annual
14260,2025-12-02,United Kingdom,35-44,Female,Annual
14261,2025-12-17,Nigeria,25-34,Male,Monthly
14262,2025-12-17,United Kingdom,45+,Male,Monthly
14263,2025-12-25,United Kingdom,18-24,Female,Monthly
14264,2025-12-20,Nigeria,25-34,Female,Monthly
14265,2025-12-06,NGR,18-24,Male,Annual
14266,2025-12-21,United Kingdom,18-24,Female,Monthly
14267,2025-12-14,Nigeria,18-24,Male,Monthly
14268,2025-12-06,Nigeria,25-34,Male,Monthly
14269,2025-12-21,Canada,35-44,Female,Annual
14270,2025-12-21,Canada,35-44,Female,Annual
14271,2025-12-14,Nigeria,25-34,FEMALE,Annual
14272,2025-12-06,Nigeria,35-44,Male,Monthly
14273,2025-12-01,United Kingdom,25-34,Male,Monthly
14274,2025-12-24,Nigeria,45+,Female,Monthly
14275,2025-12-05,Nigeria,25/34,female,Annual
14276,2025-12-09,Nigeria,25-34,Female,Monthly
14277,2025-12-21,United Kingdom,25-34,Female,Monthly
14278,2025-12-14,Nigeria,25-34,Female,Monthly
14279,2025-12-26,Nigeria,45+,Male,Annual
14280,2025-12-12,Nigeria,25-34,Female,Monthly
14281,2025-12-28,Nigeria,45+,Female,Monthly
14282,2025-12-12,NGR,45+,Male,Monthly
14283,2025-12-03,Nigeria,25-34,Male,Monthly
14284,2025-12-23,Nigeria,18-24,Female,Annual
14285,2025-12-21,Canada,35-44,Male,Annual
14286,2025-12-31,GBR,25-34,Female,Annual
14287,2025-12-04,Canada,45+,Female,Annual
14288,2025-12-17,Nigeria,35-44,Female,Annual
14289,2025-12-22,United Kingdom,25-34,male,Monthly
14290,2025-12-13,United Kingdom,18-24,Male,Annual
14291,2025-12-09,Canada,18-24,Female,Monthly
14292,2025-12-10,Nigeria,18-24,Female,Annual
14293,2025-12-01,Nigeria,25-34,Female,Annual
14294,2025-12-20,Nigeria,18-24,Male,Annual
14295,2025-12-25,United Kingdom,25-34,Male,Annual
14296,2025-12-14,Nigeria,35-44,Female,Monthly
14297,2025-12-02,United Kingdom,25-34,Male,Monthly
14298,2025-12-24,United Kingdom,18-24,Female,Monthly
14299,2025-12-29,Canada,45+,Female,Monthly
14300,2025-12-19,Canada,25-34,Female,Annual
14301,2025-12-03,United Kingdom,25-34,Female,Monthly
14302,2025-12-13,Nigeria,18-24,Male,Annual
14303,2025-12-18,Canada,25-34,Male,Annual
14304,2025-12-30,Nigeria,25-34,Male,Annual
14305,2025-12-16,Nigeria,35-44,Female,Monthly
14306,2025-12-01,Nigeria,35-44,Female,Monthly
14307,2025-12-22,United Kingdom,25-34,Female,Annual
14308,2025-12-22,Nigeria,18-24,Female,Annual
14309,2025-12-08,Nigeria,25-34,Female,Monthly
14310,2025-12-13,Nigeria,45+,Female,Monthly
14311,2025-12-02,United Kingdom,18-24,female,Monthly
14312,2025-12-04,United Kingdom,25-34,Male,Monthly
14313,2025-12-10,United Kingdom,18-24,Female,Annual
14314,2025-12-03,Nigeria,18-24,Male,Monthly
14315,2025-12-09,Canada,35/44,Female,Annual
14316,2025-12-21,Nigeria,18-24,Male,Monthly
14317,2025-12-12,Nigeria,35-44,FEMALE,Annual
14318,2025-12-05,United Kingdom,18-24,Female,Monthly
14319,2025-12-20,United Kingdom,18-24,male,Monthly
14320,2025-12-27,Canada,18-24,Female,Annual
14321,2025-12-19,Nigeria,35-44,Female,Monthly
14322,2025-12-10,Canada,45+,Male,Annual
14323,2025-12-26,Nigeria,25-34,Male,Monthly
14324,2025-12-11,Canada,35 to 44,Female,Monthly
14325,2025-12-01,United Kingdom,25-34,Female,Annual
14326,2025-12-21,United Kingdom,25-34,Female,Annual
14327,2025-12-23,Nigeria,25-34,Female,Monthly
14328,2025-12-07,Nigeria,45+,Female,Monthly
14329,2025-12-12,United Kingdom,18-24,Female,Monthly
14330,2025-12-01,Canada,35-44,male,Annual
14331,2025-12-15,Canada,45+,Male,Annual
14332,2025-12-14,United Kingdom,25-34,MALE,Monthly
14333,2025-12-09,Canada,25-34,Female,Monthly
14334,2025-12-17,Canada,25-34,Female,Annual
14335,2025-12-22,Canada,35-44,Male,Monthly
14336,2025-12-14,Nigeria,35-44,Male,Monthly
14337,2025-12-25,Nigeria,25-34,Male,Annual
14338,2025-12-15,Canada,25-34,Female,Monthly
14339,2025-12-13,United Kingdom,35-44,Male,Monthly
14340,2025-12-21,Nigeria,25-34,Male,Annual
14341,2025-12-06,Nigeria,35-44,Female,Annual
14342,2025-12-27,Nigeria,35-44,Male,Monthly
14343,2025-12-19,Nigeria,25-34,Female,Monthly
14344,2025-12-12,Nigeria,25-34,Female,Annual
14345,2025-12-08,United Kingdom,18-24,female,Monthly
14346,2025-12-25,United Kingdom,18-24,Male,Monthly
14347,2025-12-01,United Kingdom,35-44,Female,Monthly
14348,2025-12-02,Nigeria,35-44,Female,Monthly
14349,2025-12-19,Nigeria,25/34,Female,Annual
14350,2025-12-15,Nigeria,18-24,Male,Monthly
14351,2025-12-06,Nigeria,25-34,Male,Annual
14352,2025-12-12,Canada,45+,Male,Annual
14353,2025-12-25,Nigeria,35-44,FEMALE,Annual
14354,2025-12-15,Nigeria,35-44,Female,Monthly
14355,2025-12-17,United Kingdom,18-24,Male,Annual
14356,2025-12-03,United Kingdom,35-44,Female,Annual
14357,2025-12-23,Nigeria,45+,Male,Annual
14358,2025-12-05,United Kingdom,25-34,Male,Monthly
14359,2025-12-08,Nigeria,35-44,Female,Annual
14360,2025-12-10,Nigeria,25-34,Female,Annual
14361,2025-12-14,Nigeria,18-24,Female,Monthly
14362,2025-12-09,United Kingdom,25-34,Female,Monthly
14363,2025-12-26,United Kingdom,35-44,Female,Monthly
14364,2025-12-12,Canada,45+,Female,Monthly
14365,2025-12-02,United Kingdom,25-34,Male,Annual
14366,2025-12-15,Nigeria,25-34,Female,Annual
14367,2025-12-04,United Kingdom,35-44,Male,Annual
14368,2025-12-07,United Kingdom,35-44,Female,Monthly
14369,2025-12-19,United Kingdom,25-34,Female,Monthly
14370,2025-12-20,Nigeria,25-34,Female,Monthly
14371,2025-12-21,Nigeria,25-34,MALE,Monthly
14372,2025-12-12,United Kingdom,25-34,Female,Monthly
14373,2025-12-26,United Kingdom,18-24,Female,Monthly
14374,2025-12-02,Canada,25-34,Female,Annual
14375,2025-12-12,United Kingdom,35-44,Female,Monthly
14376,2025-12-08,United Kingdom,25-34,male,Annual
14377,2025-12-02,Nigeria,25/34,Male,Annual
14378,2025-12-18,Nigeria,18-24,Female,Annual
14379,2025-12-02,Nigeria,35-44,Female,Monthly
14380,2025-12-19,Nigeria,18-24,Female,Monthly
14381,2025-12-27,Nigeria,25-34,Male,Monthly
14382,2025-12-25,United Kingdom,25-34,Female,Monthly
14383,2025-12-22,Nigeria,35-44,Male,Annual
14384,2025-12-08,Nigeria,35-44,Female,Annual
14385,2025-12-21,Nigeria,25-34,Female,Annual
14386,2025-12-18,Canada,35-44,Male,Annual
14387,2025-12-16,Nigeria,18-24,Male,Monthly
14388,2025-12-15,Canada,45+,Male,Annual
14389,2025-12-05,Canada,45+,Male,Monthly
14390,2025-12-27,Canada,35-44,Male,Monthly
14391,2025-12-26,United Kingdom,18-24,Male,Annual
14392,2025-12-23,Canada,35-44,Female,Monthly
14393,2025-12-17,Nigeria,25-34,Male,Monthly
14394,2025-12-05,United Kingdom,18-24,Male,Monthly
14395,2025-12-20,Nigeria,25-34,Male,Annual
14396,2025-12-30,Nigeria,45+,Male,Monthly
14397,2025-12-05,Canada,25-34,Female,Monthly
14398,2025-12-12,United Kingdom,25-34,Male,Monthly
14399,2025-12-29,Nigeria,25-34,Male,Annual
14400,2025-12-30,Nigeria,45+,MALE,Monthly
14401,2025-12-14,Nigeria,25-34,Female,Annual
14402,2025-12-09,Canada,18-24,MALE,Monthly
14403,2025-12-09,Canada,25-34,Female,Annual
14404,2025-12-15,Nigeria,18-24,FEMALE,Monthly
14405,2025-12-10,Nigeria,35-44,Male,Annual
14406,2025-12-18,Nigeria,18/24,Male,Monthly
14407,2025-12-03,United Kingdom,25-34,Male,Monthly
14408,2025-12-02,United Kingdom,25-34,MALE,Annual
14409,2025-12-01,United Kingdom,25-34,Female,Annual
14410,2025-12-23,United Kingdom,35-44,Female,Monthly
14411,2025-12-29,Nigeria,45+,Male,Monthly
14412,2025-12-04,Nigeria,25-34,Female,Monthly
14413,2025-12-29,Nigeria,25/34,Male,Annual
14414,2025-12-06,United Kingdom,25-34,Male,Annual
14415,2025-12-02,United Kingdom,45+,Male,Monthly
14416,2025-12-09,Canada,18-24,Male,Monthly
14417,2025-12-10,Nigeria,45+,Female,Annual
14418,2025-12-30,Canada,35-44,Male,Annual
14419,2025-12-04,Nigeria,18-24,Male,Monthly
14420,2025-12-31,Nigeria,25-34,Male,Monthly
14421,2025-12-27,Nigeria,35-44,Female,Monthly
14422,2025-12-16,Nigeria,18-24,Female,Monthly
14423,2025-12-21,Nigeria,25-34,Male,Monthly
14424,2025-12-17,Nigeria,18-24,Female,Annual
14425,2025-12-29,United Kingdom,25-34,Male,Monthly
14426,2025-12-07,Canada,25-34,Female,Monthly
14427,2025-12-30,United Kingdom,18-24,Male,Annual
14428,2025-12-13,Canada,25-34,Male,Annual
14429,2025-12-29,United Kingdom,18-24,Male,Annual
14430,2025-12-31,GBR,45+,Male,Annual
14431,2025-12-27,Nigeria,25-34,MALE,Annual
14432,2025-12-25,UK,25-34,Male,Annual
14433,2025-12-14,Nigeria,25-34,Male,Monthly
14434,2025-12-22,United Kingdom,35-44,Female,Annual
14435,2025-12-08,United Kingdom,18-24,Male,Monthly
14436,2025-12-09,Nigeria,45+,Male,Monthly
14437,2025-12-23,Nigeria,25-34,Female,Annual
14438,2025-12-24,Nigeria,25-34,Male,Monthly
14439,2025-12-09,Canada,25-34,Female,Monthly
14440,2025-12-30,Canada,25-34,Male,Monthly
14441,2025-12-22,Nigeria,35-44,Male,Monthly
14442,2025-12-31,Nigeria,45+,Female,Monthly
14443,2025-12-15,United Kingdom,25-34,Female,Monthly
14444,2025-12-19,Nigeria,18-24,female,Monthly
14445,2025-12-21,Nigeria,35-44,Female,Annual
14446,2025-12-05,Nigeria,45+,Male,Monthly
14447,2025-12-09,United Kingdom,45+,Male,Monthly
14448,2025-12-30,Nigeria,45+,Male,Monthly
14449,2025-12-21,Nigeria,35-44,Female,Monthly
14450,2025-12-17,Nigeria,25-34,Female,Annual
14451,2025-12-01,United Kingdom,25-34,Male,Monthly
14452,2025-12-02,Nigeria,25-34,Female,Monthly
14453,2025-12-18,United Kingdom,18-24,Male,Monthly
14454,2025-12-03,Canada,25/34,male,Monthly
14455,2025-12-05,Nigeria,35-44,Male,Monthly
14456,2025-12-18,Nigeria,35-44,Female,Annual
14457,2025-12-30,Nigeria,25-34,Male,Monthly
14458,2025-12-26,GBR,18-24,Female,Monthly
14459,2025-12-15,United Kingdom,25-34,Male,Annual
14460,2025-12-30,Canada,25-34,Female,Annual
14461,2025-12-19,Canada,25-34,Male,Monthly
14462,2025-12-30,CA,45+,Male,Monthly
14463,2025-12-08,Canada,35-44,Female,Annual
14464,2025-12-18,Nigeria,25 to 34,Female,Monthly
14465,2025-12-29,United Kingdom,35-44,Male,Annual
14466,2025-12-31,NG,18-24,Male,Monthly
14467,2025-12-27,United Kingdom,45+,Female,Annual
14468,2025-12-05,Canada,45+,Male,Annual
14469,2025-12-20,Canada,25-34,Female,Annual
14470,2025-12-03,United Kingdom,25-34,Male,Monthly
14471,2025-12-12,United Kingdom,25-34,Male,Annual
14472,2025-12-01,United Kingdom,35-44,Male,Monthly
14473,2025-12-24,Nigeria,25-34,Female,Monthly
14474,2025-12-24,Nigeria,18-24,Male,Monthly
14475,2025-12-03,United Kingdom,25-34,Male,Monthly
14476,2025-12-29,GBR,35 to 44,Female,Monthly
14477,2025-12-27,Canada,45+,Male,Annual
14478,2025-12-27,Nigeria,18-24,Female,Annual
14479,2025-12-14,Canada,18-24,Male,Monthly
14480,2025-12-30,Nigeria,25-34,Male,Monthly
14481,2025-12-31,United Kingdom,25-34,Male,Monthly
14482,2025-12-17,Canada,35-44,Female,Annual
14483,2025-12-12,NG,45+,Male,Annual
14484,2025-12-24,United Kingdom,25-34,Male,Monthly
14485,2025-12-02,United Kingdom,35-44,Male,Monthly
14486,2025-12-11,Nigeria,45+,Male,Monthly
14487,2025-12-01,United Kingdom,25-34,Female,Monthly
14488,2025-12-24,Nigeria,45+,Female,Monthly
14489,2025-12-02,Nigeria,25 to 34,FEMALE,Monthly
14490,2025-12-24,Canada,25-34,Male,Monthly
14491,2025-12-18,Nigeria,18-24,Female,Monthly
14492,2025-12-14,United Kingdom,25-34,Female,Annual
14493,2025-12-20,Nigeria,35-44,Female,Annual
14494,2025-12-02,Nigeria,45+,Female,Monthly
14495,2025-12-26,Nigeria,25-34,female,Monthly
14496,2025-12-09,Nigeria,25 to 34,Female,Annual
14497,2025-12-27,Nigeria,18/24,Female,Monthly
14498,2025-12-28,United Kingdom,18-24,Male,Monthly
14499,2025-12-18,United Kingdom,25-34,Female,Annual
14500,2025-12-19,Nigeria,25-34,Female,Monthly
14501,2025-12-29,Canada,35-44,Male,Annual
14502,2025-12-13,United Kingdom,25-34,Female,Annual
14503,2025-12-13,United Kingdom,25-34,Female,Annual
14504,2025-12-30,United Kingdom,25-34,Male,Monthly
14505,2025-12-13,United Kingdom,18-24,FEMALE,Monthly
14506,2025-12-12,Nigeria,25-34,Male,Monthly
14507,2025-12-01,Nigeria,25-34,Female,Monthly
14508,2025-12-11,Nigeria,18-24,Male,Annual
14509,2025-12-08,United Kingdom,25-34,Male,Annual
14510,2025-12-24,Nigeria,25-34,Female,Monthly
14511,2025-12-16,NG,25-34,Female,Monthly
14512,2025-12-12,Nigeria,25-34,Male,Monthly
14513,2025-12-29,Nigeria,25-34,Female,Monthly
14514,2025-12-14,Nigeria,25-34,Male,Annual
14515,2025-12-13,Canada,35-44,Female,Monthly
14516,2025-12-23,United Kingdom,25-34,Female,Monthly
14517,2025-12-09,United Kingdom,25-34,Male,Monthly
14518,2025-12-14,United Kingdom,18-24,Male,Annual
14519,2025-12-22,Nigeria,18-24,Female,Annual
14520,2025-12-10,Canada,35-44,Male,Monthly
14521,2025-12-14,Canada,45+,Male,Monthly
14522,2025-12-01,United Kingdom,18-24,Female,Monthly
14523,2025-12-25,Nigeria,18-24,Male,Annual
14524,2025-12-27,United Kingdom,35-44,Male,Monthly
14525,2025-12-21,United Kingdom,25-34,Female,Annual
14526,2025-12-17,Canada,35-44,FEMALE,Monthly
14527,2025-12-28,Nigeria,35-44,male,Annual
14528,2025-12-27,Canada,18 to 24,Male,Monthly
14529,2025-12-15,Canada,25/34,Female,Annual
14530,2025-12-20,Nigeria,25-34,Male,Monthly
14531,2025-12-30,United Kingdom,35/44,Male,Annual
14532,2025-12-07,Nigeria,18-24,Female,Annual
14533,2025-12-25,Nigeria,18-24,Male,Monthly
14534,2025-12-12,United Kingdom,45+,Male,Annual
14535,2025-12-03,Nigeria,25-34,Female,Monthly
14536,2025-12-13,Nigeria,35-44,Female,Annual
14537,2025-12-17,United Kingdom,45+,Male,Monthly
14538,2025-12-23,NG,25-34,male,Monthly
14539,2025-12-05,Nigeria,18-24,Female,Monthly
14540,2025-12-17,Nigeria,45+,Female,Annual
14541,2025-12-21,Nigeria,45+,Female,Monthly
14542,2025-12-20,Nigeria,25-34,Male,Annual
14543,2025-12-26,Canada,18-24,Female,Monthly
14544,2025-12-24,Nigeria,25-34,Male,Monthly
14545,2025-12-15,United Kingdom,45+,Female,Annual
14546,2025-12-09,Nigeria,35-44,Male,Annual
14547,2025-12-28,CAN,18-24,Male,Monthly
14548,2025-12-28,United Kingdom,45+,Male,Monthly
14549,2025-12-05,Canada,35-44,Female,Annual
14550,2025-12-15,United Kingdom,35-44,Male,Monthly
14551,2025-12-24,Canada,35-44,Female,Annual
14552,2025-12-21,United Kingdom,35-44,Female,Monthly
14553,2025-12-28,Canada,18-24,Male,Annual
14554,2025-12-07,Nigeria,45+,Male,Monthly
14555,2025-12-30,United Kingdom,25-34,Male,Monthly
14556,2025-12-08,United Kingdom,25-34,Female,Annual
14557,2025-12-03,United Kingdom,35-44,Male,Monthly
14558,2025-12-23,United Kingdom,25-34,Female,Annual
14559,2025-12-29,Nigeria,18-24,Male,Monthly
14560,2025-12-11,Canada,35-44,Female,Monthly
14561,2025-12-05,Nigeria,25-34,Male,Annual
14562,2025-12-28,Nigeria,18-24,Male,Monthly
14563,2025-12-03,United Kingdom,25-34,Female,Annual
14564,2025-12-21,United Kingdom,18-24,Male,Monthly
14565,2025-12-04,Nigeria,25-34,Male,Monthly
14566,2025-12-21,Nigeria,25-34,Male,Monthly
14567,2025-12-04,United Kingdom,25-34,Male,Monthly
14568,2025-12-12,Canada,35-44,Female,Monthly
14569,2025-12-15,Nigeria,18-24,Female,Monthly
14570,2025-12-28,Nigeria,35-44,Female,Monthly
14571,2025-12-23,United Kingdom,25-34,Male,Annual
14572,2025-12-30,Nigeria,35-44,Female,Monthly
14573,2025-12-17,Canada,35-44,Male,Monthly
14574,2025-12-08,Canada,45+,Male,Monthly
14575,2025-12-14,Canada,25-34,Male,Monthly
14576,2025-12-16,Nigeria,18-24,Female,Annual
14577,2025-12-18,Nigeria,18-24,Male,Annual
14578,2025-12-29,United Kingdom,18-24,Female,Monthly
14579,2025-12-28,Nigeria,35-44,Male,Annual
14580,2025-12-04,Nigeria,25-34,Female,Monthly
14581,2025-12-25,Nigeria,25-34,Female,Annual
14582,2025-12-10,Nigeria,45+,Male,Monthly
14583,2025-12-19,Nigeria,18-24,Female,Monthly
14584,2025-12-30,Nigeria,35-44,Female,Annual
14585,2025-12-28,Nigeria,35-44,Female,Monthly
14586,2025-12-16,United Kingdom,25-34,Female,Annual
14587,2025-12-02,Nigeria,25-34,Male,Annual
14588,2025-12-30,United Kingdom,18-24,Female,Monthly
14589,2025-12-29,United Kingdom,25-34,Female,Annual
14590,2025-12-12,United Kingdom,45+,Male,Annual
14591,2025-12-05,Canada,25-34,Female,Annual
14592,2025-12-17,NG,18-24,Female,Annual
14593,2025-12-25,Nigeria,25-34,Female,Annual
14594,2025-12-15,Nigeria,45+,Male,Monthly
14595,2025-12-01,Canada,45+,Male,Monthly
14596,2025-12-15,Canada,25-34,Male,Annual
14597,2025-12-16,Nigeria,35-44,Male,Annual
14598,2025-12-29,NG,25/34,Male,Annual
14599,2025-12-26,Canada,18-24,Male,Annual
14600,2025-12-22,Canada,25-34,Male,Annual
14601,2026-01-18,Nigeria,35-44,female,Annual
14602,2026-01-16,Nigeria,25-34,Female,Annual
14603,2026-01-24,Canada,18-24,Female,Monthly
14604,2026-01-24,Canada,45+,Female,Monthly
14605,2026-01-01,United Kingdom,25-34,Male,Annual
14606,2026-01-24,United Kingdom,25-34,male,Monthly
14607,2026-01-02,Nigeria,18-24,Female,Monthly
14608,2026-01-29,Nigeria,18-24,Male,Annual
14609,2026-01-10,United Kingdom,25-34,Male,Monthly
14610,2026-01-29,Nigeria,35 to 44,Female,Monthly
14611,2026-01-31,Nigeria,25-34,Male,Monthly
14612,2026-01-04,Nigeria,45+,Female,Annual
14613,2026-01-12,Canada,45+,Female,Monthly
14614,2026-01-04,United Kingdom,25-34,male,Annual
14615,2026-01-31,Canada,35-44,Female,Annual
14616,2026-01-16,United Kingdom,25-34,Female,Annual
14617,2026-01-26,Canada,18-24,Male,Monthly
14618,2026-01-19,Nigeria,35-44,Male,Annual
14619,2026-01-27,Nigeria,18-24,Male,Monthly
14620,2026-01-19,United Kingdom,35-44,Male,Monthly
14621,2026-01-02,United Kingdom,25-34,Female,Monthly
14622,2026-01-16,Nigeria,25-34,Female,Monthly
14623,2026-01-21,United Kingdom,25-34,Male,Annual
14624,2026-01-31,Nigeria,35-44,Female,Monthly
14625,2026-01-26,Nigeria,45+,female,Annual
14626,2026-01-16,UK,18-24,Female,Annual
14627,2026-01-25,United Kingdom,35-44,Male,Annual
14628,2026-01-29,Nigeria,35/44,FEMALE,Monthly
14629,2026-01-28,Nigeria,25-34,Female,Annual
14630,2026-01-31,Canada,18/24,Male,Monthly
14631,2026-01-12,Canada,25-34,Male,Annual
14632,2026-01-14,Nigeria,25-34,Male,Monthly
14633,2026-01-01,Nigeria,45+,Male,Annual
14634,2026-01-05,United Kingdom,35-44,Female,Monthly
14635,2026-01-26,Nigeria,45+,FEMALE,Monthly
14636,2026-01-11,United Kingdom,18-24,Male,Annual
14637,2026-01-14,Nigeria,25-34,Female,Monthly
14638,2026-01-12,Nigeria,25-34,Male,Monthly
14639,2026-01-29,United Kingdom,35-44,Female,Annual
14640,2026-01-28,Nigeria,35-44,Female,Annual
14641,2026-01-23,United Kingdom,35-44,Female,Annual
14642,2026-01-30,Nigeria,25-34,Male,Monthly
14643,2026-01-17,United Kingdom,25-34,Female,Annual
14644,2026-01-06,Canada,35-44,Female,Monthly
14645,2026-01-20,United Kingdom,25-34,Male,Monthly
14646,2026-01-01,United Kingdom,35-44,Male,Monthly
14647,2026-01-14,United Kingdom,25-34,Male,Monthly
14648,2026-01-26,Canada,45+,Female,Annual
14649,2026-01-06,United Kingdom,18-24,Male,Monthly
14650,2026-01-18,Nigeria,25-34,Female,Annual
14651,2026-01-25,Nigeria,18-24,Female,Monthly
14652,2026-01-24,United Kingdom,35-44,Male,Annual
14653,2026-01-19,United Kingdom,35-44,Female,Monthly
14654,2026-01-11,Nigeria,25-34,Female,Annual
14655,2026-01-08,United Kingdom,35-44,Male,Monthly
14656,2026-01-05,United Kingdom,45+,Female,Monthly
14657,2026-01-23,Nigeria,25-34,Female,Annual
14658,2026-01-09,United Kingdom,18-24,Male,Monthly
14659,2026-01-21,Nigeria,25-34,Male,Monthly
14660,2026-01-02,United Kingdom,35-44,female,Monthly
14661,2026-01-10,Canada,35-44,Female,Monthly
14662,2026-01-12,NG,25-34,Male,Monthly
14663,2026-01-24,United Kingdom,25-34,Male,Monthly
14664,2026-01-04,Nigeria,35-44,Female,Annual
14665,2026-01-15,United Kingdom,35-44,Male,Monthly
14666,2026-01-15,Canada,45+,Female,Monthly
14667,2026-01-10,Nigeria,18-24,Female,Monthly
14668,2026-01-25,Nigeria,45+,Female,Monthly
14669,2026-01-31,Nigeria,45+,Male,Monthly
14670,2026-01-02,United Kingdom,25-34,Male,Annual
14671,2026-01-29,Nigeria,45+,Female,Monthly
14672,2026-01-28,Nigeria,25/34,Male,Monthly
14673,2026-01-27,United Kingdom,35-44,Female,Annual
14674,2026-01-04,UK,18-24,Female,Annual
14675,2026-01-13,Nigeria,25-34,Male,Annual
14676,2026-01-21,United Kingdom,25-34,Female,Monthly
14677,2026-01-07,Canada,25-34,Male,Monthly
14678,2026-01-08,NG,25-34,Female,Monthly
14679,2026-01-18,Nigeria,35-44,Female,Annual
14680,2026-01-27,Nigeria,18-24,Male,Annual
14681,2026-01-06,Nigeria,25-34,Female,Annual
14682,2026-01-01,Nigeria,25-34,Female,Monthly
14683,2026-01-31,United Kingdom,25-34,Male,Monthly
14684,2026-01-14,United Kingdom,35 to 44,Male,Monthly
14685,2026-01-03,Canada,45+,Male,Annual
14686,2026-01-30,United Kingdom,25-34,MALE,Monthly
14687,2026-01-09,Canada,45+,Female,Monthly
14688,2026-01-04,United Kingdom,45+,Female,Monthly
14689,2026-01-21,United Kingdom,45+,Male,Monthly
14690,2026-01-24,Nigeria,45+,Female,Monthly
14691,2026-01-04,Canada,35-44,Male,Monthly
14692,2026-01-23,United Kingdom,25-34,Female,Annual
14693,2026-01-12,Nigeria,45+,Male,Monthly
14694,2026-01-10,Nigeria,45+,Male,Monthly
14695,2026-01-21,United Kingdom,25-34,Female,Monthly
14696,2026-01-02,Nigeria,35-44,Female,Annual
14697,2026-01-06,Canada,35-44,female,Monthly
14698,2026-01-26,Nigeria,35-44,Female,Annual
14699,2026-01-31,United Kingdom,18-24,Female,Monthly
14700,2026-01-29,Nigeria,25-34,Female,Monthly
14701,2026-01-25,United Kingdom,35-44,Female,Annual
14702,2026-01-04,Canada,25-34,Female,Monthly
14703,2026-01-10,Nigeria,25-34,Female,Monthly
14704,2026-01-27,Nigeria,35-44,Female,Monthly
14705,2026-01-23,Nigeria,25-34,Male,Annual
14706,2026-01-26,Nigeria,35-44,Female,Monthly
14707,2026-01-13,Nigeria,25-34,Male,Monthly
14708,2026-01-18,Nigeria,35-44,Male,Monthly
14709,2026-01-23,Nigeria,25-34,Male,Monthly
14710,2026-01-25,United Kingdom,25-34,male,Monthly
14711,2026-01-23,Canada,18-24,Female,Annual
14712,2026-01-02,Nigeria,18-24,Female,Monthly
14713,2026-01-07,Canada,35-44,Male,Annual
14714,2026-01-16,GBR,18-24,Female,Annual
14715,2026-01-22,United Kingdom,25-34,Female,Annual
14716,2026-01-30,United Kingdom,25-34,Male,Monthly
14717,2026-01-10,United Kingdom,25-34,Male,Monthly
14718,2026-01-25,Nigeria,18-24,Female,Monthly
14719,2026-01-21,NG,18-24,Male,Annual
14720,2026-01-09,Canada,18-24,Male,Annual
14721,2026-01-06,Nigeria,45+,Female,Monthly
14722,2026-01-20,Nigeria,25-34,Female,Monthly
14723,2026-01-11,Nigeria,45+,Male,Annual
14724,2026-01-07,United Kingdom,18-24,Female,Monthly
14725,2026-01-07,Canada,35-44,Female,Annual
14726,2026-01-07,Nigeria,35-44,Male,Monthly
14727,2026-01-03,United Kingdom,35-44,Male,Monthly
14728,2026-01-06,Canada,25-34,Female,Annual
14729,2026-01-31,Nigeria,25-34,Male,Annual
14730,2026-01-06,United Kingdom,25-34,Male,Annual
14731,2026-01-13,Nigeria,25-34,Male,Annual
14732,2026-01-16,Nigeria,25-34,Female,Monthly
14733,2026-01-22,United Kingdom,25-34,Male,Monthly
14734,2026-01-10,Nigeria,35/44,Male,Annual
14735,2026-01-26,United Kingdom,25-34,Male,Monthly
14736,2026-01-25,Nigeria,18 to 24,Male,Annual
14737,2026-01-16,Canada,35-44,Female,Monthly
14738,2026-01-28,United Kingdom,25-34,Female,Annual
14739,2026-01-11,Canada,25-34,Male,Annual
14740,2026-01-16,United Kingdom,25-34,Female,Monthly
14741,2026-01-19,United Kingdom,25-34,Male,Annual
14742,2026-01-06,Nigeria,25-34,Male,Annual
14743,2026-01-03,Nigeria,45+,Female,Monthly
14744,2026-01-31,United Kingdom,25-34,male,Monthly
14745,2026-01-02,United Kingdom,35-44,Male,Monthly
14746,2026-01-02,United Kingdom,35-44,Male,Monthly
14747,2026-01-04,Nigeria,18-24,Male,Annual
14748,2026-01-18,Nigeria,18/24,Male,Monthly
14749,2026-01-09,Nigeria,35-44,Female,Monthly
14750,2026-01-07,Nigeria,25-34,Male,Annual
14751,2026-01-27,Canada,35 to 44,Female,Annual
14752,2026-01-30,United Kingdom,18/24,Male,Monthly
14753,2026-01-28,United Kingdom,18-24,Male,Monthly
14754,2026-01-11,Nigeria,45+,Male,Annual
14755,2026-01-03,Canada,35-44,Female,Monthly
14756,2026-01-30,Nigeria,35-44,Female,Annual
14757,2026-01-17,Nigeria,25-34,Male,Monthly
14758,2026-01-31,Canada,18-24,Female,Monthly
14759,2026-01-06,United Kingdom,45+,Male,Annual
14760,2026-01-30,Nigeria,25-34,Male,Annual
14761,2026-01-10,Nigeria,35-44,Female,Monthly
14762,2026-01-25,Nigeria,18-24,Female,Annual
14763,2026-01-04,United Kingdom,25-34,Female,Monthly
14764,2026-01-23,Nigeria,18-24,Male,Monthly
14765,2026-01-15,United Kingdom,18-24,Female,Monthly
14766,2026-01-30,Nigeria,25-34,Female,Monthly
14767,2026-01-05,United Kingdom,25-34,FEMALE,Monthly
14768,2026-01-07,United Kingdom,25-34,Male,Monthly
14769,2026-01-20,Canada,25-34,Male,Monthly
14770,2026-01-26,Nigeria,35-44,Male,Annual
14771,2026-01-28,Nigeria,18-24,Male,Monthly
14772,2026-01-04,Nigeria,35-44,FEMALE,Annual
14773,2026-01-01,Nigeria,18-24,Male,Annual
14774,2026-01-12,Nigeria,25-34,Male,Monthly
14775,2026-01-04,Nigeria,45+,Male,Annual
14776,2026-01-13,Canada,25-34,Male,Annual
14777,2026-01-15,Canada,18-24,Male,Monthly
14778,2026-01-31,United Kingdom,25-34,Male,Annual
14779,2026-01-02,Nigeria,45+,Female,Monthly
14780,2026-01-10,United Kingdom,35-44,Male,Monthly
14781,2026-01-11,United Kingdom,35 to 44,Female,Monthly
14782,2026-01-18,United Kingdom,35-44,Female,Annual
14783,2026-01-10,Nigeria,45+,Female,Monthly
14784,2026-01-20,Canada,35-44,Female,Annual
14785,2026-01-27,Nigeria,25-34,Male,Monthly
14786,2026-01-22,Nigeria,18-24,Female,Annual
14787,2026-01-21,Nigeria,25-34,Male,Monthly
14788,2026-01-04,Nigeria,45+,male,Annual
14789,2026-01-28,CA,25-34,Female,Monthly
14790,2026-01-18,United Kingdom,18-24,Female,Annual
14791,2026-01-06,Canada,35-44,Female,Monthly
14792,2026-01-20,NG,35-44,Male,Annual
14793,2026-01-16,United Kingdom,18-24,Female,Monthly
14794,2026-01-29,Canada,18-24,Female,Monthly
14795,2026-01-21,Canada,18-24,Female,Annual
14796,2026-01-30,Nigeria,18-24,Female,Annual
14797,2026-01-31,Nigeria,35-44,Male,Annual
14798,2026-01-08,Nigeria,45+,Male,Monthly
14799,2026-01-10,United Kingdom,25-34,Female,Monthly
14800,2026-01-07,Canada,25-34,Female,Monthly
14801,2026-01-08,Nigeria,18-24,Male,Monthly
14802,2026-01-22,Canada,35-44,male,Annual
14803,2026-01-30,United Kingdom,45+,Male,Monthly
14804,2026-01-16,Nigeria,35 to 44,Male,Monthly
14805,2026-01-26,United Kingdom,45+,MALE,Monthly
14806,2026-01-24,Canada,35-44,Female,Annual
14807,2026-01-09,Nigeria,18-24,Female,Monthly
14808,2026-01-27,Nigeria,25-34,Male,Monthly
14809,2026-01-15,United Kingdom,25-34,Female,Annual
14810,2026-01-01,Nigeria,18-24,Female,Annual
14811,2026-01-23,Nigeria,18-24,Male,Monthly
14812,2026-01-28,Canada,25-34,Male,Monthly
14813,2026-01-08,Nigeria,45+,Female,Annual
14814,2026-01-09,Nigeria,45+,Male,Monthly
14815,2026-01-23,Canada,25-34,Female,Annual
14816,2026-01-31,United Kingdom,25-34,Female,Annual
14817,2026-01-09,Nigeria,45+,Female,Annual
14818,2026-01-14,Nigeria,25-34,Female,Monthly
14819,2026-01-22,Nigeria,25-34,MALE,Annual
14820,2026-01-27,Nigeria,35-44,Female,Monthly
14821,2026-01-02,Canada,45+,Male,Monthly
14822,2026-01-07,Nigeria,18-24,FEMALE,Annual
14823,2026-01-28,Nigeria,18-24,Female,Annual
14824,2026-01-17,United Kingdom,45+,Female,Monthly
14825,2026-01-24,Canada,18-24,Male,Monthly
14826,2026-01-02,United Kingdom,18-24,Female,Annual
14827,2026-01-03,Nigeria,25-34,Male,Monthly
14828,2026-01-23,Nigeria,35-44,Female,Monthly
14829,2026-01-12,NG,35-44,Male,Monthly
14830,2026-01-30,United Kingdom,25-34,Male,Monthly
14831,2026-01-14,Canada,35-44,Male,Annual
14832,2026-01-27,Nigeria,25-34,Female,Monthly
14833,2026-01-17,Canada,25-34,Male,Annual
14834,2026-01-22,GBR,35-44,Male,Monthly
14835,2026-01-21,Nigeria,25-34,Male,Annual
14836,2026-01-04,Nigeria,25-34,Male,Monthly
14837,2026-01-25,Nigeria,18-24,Female,Monthly
14838,2026-01-31,United Kingdom,45+,Female,Monthly
14839,2026-01-12,Nigeria,18-24,Female,Monthly
14840,2026-01-11,Nigeria,25-34,Male,Annual
14841,2026-01-19,United Kingdom,18-24,Male,Annual
14842,2026-01-20,United Kingdom,18-24,Female,Annual
14843,2026-01-12,Nigeria,25-34,Female,Monthly
14844,2026-01-09,Canada,25-34,male,Monthly
14845,2026-01-31,Nigeria,35-44,Female,Annual
14846,2026-01-26,United Kingdom,35-44,Male,Monthly
14847,2026-01-18,United Kingdom,25-34,FEMALE,Annual
14848,2026-01-12,United Kingdom,25-34,Male,Monthly
14849,2026-01-11,United Kingdom,35-44,Female,Monthly
14850,2026-01-13,United Kingdom,35-44,Male,Annual
14851,2026-01-19,Canada,35-44,Female,Annual
14852,2026-01-01,Canada,35/44,Female,Monthly
14853,2026-01-21,GBR,25-34,Female,Annual
14854,2026-01-18,Canada,18-24,Female,Annual
14855,2026-01-05,United Kingdom,25-34,MALE,Annual
14856,2026-01-08,United Kingdom,18-24,Male,Monthly
14857,2026-01-09,Nigeria,18-24,Female,Monthly
14858,2026-01-29,United Kingdom,18-24,Male,Monthly
14859,2026-01-29,Nigeria,18-24,Male,Monthly
14860,2026-01-25,Nigeria,18-24,Female,Monthly
14861,2026-01-22,Canada,18-24,Female,Monthly
14862,2026-01-30,United Kingdom,25-34,Male,Monthly
14863,2026-01-23,Nigeria,25-34,Male,Annual
14864,2026-01-13,United Kingdom,45+,Female,Annual
14865,2026-01-12,Nigeria,35-44,Male,Monthly
14866,2026-01-21,Canada,25-34,Male,Monthly
14867,2026-01-13,Nigeria,25/34,Male,Monthly
14868,2026-01-15,United Kingdom,18 to 24,Female,Monthly
14869,2026-01-31,United Kingdom,35-44,Male,Annual
14870,2026-01-29,United Kingdom,35-44,Female,Annual
14871,2026-01-19,Nigeria,25-34,Female,Monthly
14872,2026-01-11,Canada,35-44,Male,Annual
14873,2026-01-14,Canada,35 to 44,Female,Monthly
14874,2026-01-11,Nigeria,25-34,Female,Annual
14875,2026-01-13,Nigeria,25-34,Female,Monthly
14876,2026-01-12,United Kingdom,45+,Female,Annual
14877,2026-01-14,Nigeria,35-44,Male,Monthly
14878,2026-01-16,Nigeria,35 to 44,Female,Annual
14879,2026-01-20,Nigeria,25-34,Male,Annual
14880,2026-01-28,Nigeria,25-34,Male,Monthly
14881,2026-01-17,Canada,25/34,Female,Annual
14882,2026-01-07,NG,25-34,Female,Annual
14883,2026-01-06,United Kingdom,18-24,Male,Monthly
14884,2026-01-21,Nigeria,25-34,Male,Annual
14885,2026-01-31,Nigeria,18-24,Male,Annual
14886,2026-01-10,Nigeria,25-34,Female,Annual
14887,2026-01-03,United Kingdom,45+,Female,Monthly
14888,2026-01-03,United Kingdom,35 to 44,Female,Annual
14889,2026-01-09,GBR,25-34,Female,Monthly
14890,2026-01-30,Nigeria,25-34,Male,Monthly
14891,2026-01-25,Nigeria,18-24,Female,Annual
14892,2026-01-25,United Kingdom,18/24,Female,Monthly
14893,2026-01-11,Nigeria,25-34,Male,Monthly
14894,2026-01-30,Nigeria,18/24,Female,Monthly
14895,2026-01-13,Nigeria,45+,Male,Monthly
14896,2026-01-13,Nigeria,18-24,Female,Monthly
14897,2026-01-30,Nigeria,35-44,Male,Annual
14898,2026-01-24,United Kingdom,35-44,Female,Monthly
14899,2026-01-09,Canada,18-24,Male,Annual
14900,2026-01-21,Canada,18-24,Male,Monthly
14901,2026-01-11,Nigeria,25-34,Female,Monthly
14902,2026-01-20,Nigeria,35-44,Female,Monthly
14903,2026-01-05,Canada,45+,Male,Monthly
14904,2026-01-02,UK,35-44,Male,Annual
14905,2026-01-30,Canada,35-44,Female,Annual
14906,2026-01-03,United Kingdom,25-34,Male,Annual
14907,2026-01-13,Canada,25-34,Male,Monthly
14908,2026-01-07,United Kingdom,25-34,Female,Monthly
14909,2026-01-01,Nigeria,35-44,Male,Annual
14910,2026-01-24,Nigeria,18-24,Female,Monthly
14911,2026-01-09,Canada,18-24,Male,Annual
14912,2026-01-25,Canada,25-34,Male,Monthly
14913,2026-01-18,Nigeria,25-34,Male,Annual
14914,2026-01-21,United Kingdom,45+,Male,Monthly
14915,2026-01-21,Nigeria,25-34,Male,Monthly
14916,2026-01-06,United Kingdom,18 to 24,Female,Monthly
14917,2026-01-15,Nigeria,18-24,Female,Monthly
14918,2026-01-25,Nigeria,25 to 34,Female,Monthly
14919,2026-01-08,Nigeria,18-24,Female,Monthly
14920,2026-01-04,Nigeria,35 to 44,Female,Annual
14921,2026-01-13,Canada,18-24,Male,Annual
14922,2026-01-28,Canada,25-34,Female,Annual
14923,2026-01-10,Nigeria,45+,Male,Monthly
14924,2026-01-12,Nigeria,25-34,Female,Monthly
14925,2026-01-04,Nigeria,35-44,Female,Annual
14926,2026-01-23,Nigeria,25-34,Male,Annual
14927,2026-01-11,United Kingdom,45+,Female,Monthly
14928,2026-01-06,United Kingdom,18-24,Male,Monthly
14929,2026-01-04,Nigeria,45+,Female,Monthly
14930,2026-01-10,CA,25-34,Female,Monthly
14931,2026-01-07,Canada,18/24,Male,Annual
14932,2026-01-16,Nigeria,45+,Male,Monthly
14933,2026-01-14,United Kingdom,35-44,Female,Monthly
14934,2026-01-16,Nigeria,25-34,Female,Monthly
14935,2026-01-12,United Kingdom,25-34,Female,Annual
14936,2026-01-04,Nigeria,25-34,Female,Monthly
14937,2026-01-25,Nigeria,18-24,male,Annual
14938,2026-01-17,Nigeria,25-34,Male,Annual
14939,2026-01-06,NG,35-44,Female,Annual
14940,2026-01-03,United Kingdom,18-24,Female,Monthly
14941,2026-01-30,United Kingdom,35-44,Female,Monthly
14942,2026-01-29,Canada,45+,Female,Annual
14943,2026-01-06,Canada,25-34,Male,Annual
14944,2026-01-14,Canada,35-44,Female,Annual
14945,2026-01-19,Nigeria,45+,Male,Monthly
14946,2026-01-14,Nigeria,25-34,Male,Monthly
14947,2026-01-26,Canada,35-44,Male,Monthly
14948,2026-01-18,CA,45+,Male,Monthly
14949,2026-01-09,United Kingdom,35-44,Female,Monthly
14950,2026-01-25,NGR,45+,Male,Monthly
14951,2026-01-28,United Kingdom,25 to 34,Male,Monthly
14952,2026-01-03,Nigeria,25-34,Male,Monthly
14953,2026-01-27,Canada,18-24,Female,Monthly
14954,2026-01-22,Canada,18-24,Female,Monthly
14955,2026-01-29,United Kingdom,18 to 24,Female,Monthly
14956,2026-01-29,United Kingdom,35-44,Female,Annual
14957,2026-01-02,Nigeria,45+,Male,Monthly
14958,2026-01-14,United Kingdom,25-34,Male,Monthly
14959,2026-01-03,Nigeria,35-44,Male,Monthly
14960,2026-01-01,United Kingdom,18-24,Male,Annual
14961,2026-01-29,United Kingdom,35 to 44,Male,Monthly
14962,2026-01-08,Nigeria,25-34,Male,Annual
14963,2026-01-02,Nigeria,25-34,Female,Monthly
14964,2026-01-30,Nigeria,35/44,Male,Monthly
14965,2026-01-13,United Kingdom,35-44,Female,Monthly
14966,2026-01-04,Nigeria,25-34,Male,Monthly
14967,2026-01-08,United Kingdom,35-44,Female,Monthly
14968,2026-01-01,United Kingdom,25 to 34,Male,Monthly
14969,2026-01-21,Nigeria,18 to 24,Male,Annual
14970,2026-01-30,Canada,25-34,Female,Monthly
14971,2026-01-13,United Kingdom,18-24,Female,Monthly
14972,2026-01-27,United Kingdom,35-44,Female,Annual
14973,2026-01-11,Nigeria,35-44,Male,Monthly
14974,2026-01-15,United Kingdom,18-24,Female,Annual
14975,2026-01-07,United Kingdom,25-34,Male,Monthly
14976,2026-01-01,United Kingdom,35-44,Male,Monthly
14977,2026-01-06,Nigeria,25-34,Male,Monthly
14978,2026-01-19,United Kingdom,25-34,Male,Annual
14979,2026-01-04,NG,35-44,Female,Monthly
14980,2026-01-26,Canada,25/34,Female,Monthly
14981,2026-01-29,Canada,35-44,Female,Monthly
14982,2026-01-09,Nigeria,18-24,Male,Monthly
14983,2026-01-09,United Kingdom,25-34,Male,Monthly
14984,2026-01-06,Nigeria,45+,Male,Monthly
14985,2026-01-13,United Kingdom,18-24,Male,Annual
14986,2026-01-29,United Kingdom,25/34,Female,Annual
14987,2026-01-13,United Kingdom,25-34,Female,Monthly
14988,2026-01-24,CA,35-44,Male,Monthly
14989,2026-01-10,NG,25-34,Female,Annual
14990,2026-01-14,Nigeria,25-34,Male,Monthly
14991,2026-01-16,Canada,35-44,Male,Monthly
14992,2026-01-29,Canada,45+,Female,Annual
14993,2026-01-16,United Kingdom,25-34,Male,Annual
14994,2026-01-19,Nigeria,18-24,Male,Monthly
14995,2026-01-27,Nigeria,18-24,Female,Annual
14996,2026-01-30,Nigeria,35-44,Female,Annual
14997,2026-01-28,Nigeria,18-24,Male,Monthly
14998,2026-01-04,Nigeria,35-44,Male,Monthly
14999,2026-01-04,Nigeria,25 to 34,Female,Annual
15000,2026-01-14,United Kingdom,18-24,Female,Annual
15001,2026-01-11,United Kingdom,45+,Female,Monthly
15002,2026-01-22,Nigeria,25-34,Male,Monthly
15003,2026-01-14,Canada,45+,Female,Monthly
15004,2026-01-13,Nigeria,18 to 24,Male,Monthly
15005,2026-01-03,Nigeria,25-34,Female,Monthly
15006,2026-01-11,United Kingdom,35-44,Male,Monthly
15007,2026-01-18,United Kingdom,45+,Female,Annual
15008,2026-01-22,Nigeria,35-44,Female,Annual
15009,2026-01-06,United Kingdom,35-44,Male,Monthly
15010,2026-01-19,Nigeria,18-24,Male,Monthly
15011,2026-01-18,Nigeria,45+,Male,Monthly
15012,2026-01-09,Nigeria,25-34,male,Monthly
15013,2026-01-28,Nigeria,35-44,Female,Monthly
15014,2026-01-14,NGR,35-44,Male,Annual
15015,2026-01-09,United Kingdom,25-34,Male,Annual
15016,2026-01-22,Nigeria,25-34,Male,Monthly
15017,2026-01-06,Canada,18-24,Female,Monthly
15018,2026-01-20,United Kingdom,45+,Male,Annual
15019,2026-01-22,Nigeria,25/34,male,Annual
15020,2026-01-15,UK,25/34,Female,Monthly
15021,2026-02-08,Nigeria,35-44,Female,Annual
15022,2026-02-26,Nigeria,45+,Male,Annual
15023,2026-02-12,Nigeria,45+,FEMALE,Annual
15024,2026-02-22,Nigeria,35-44,Female,Monthly
15025,2026-02-03,Nigeria,18 to 24,Female,Monthly
15026,2026-02-21,Nigeria,45+,Male,Monthly
15027,2026-02-13,Nigeria,25-34,Male,Annual
15028,2026-02-23,Canada,35-44,Female,Monthly
15029,2026-02-06,United Kingdom,18-24,Male,Monthly
15030,2026-02-06,United Kingdom,45+,Male,Monthly
15031,2026-02-25,Canada,18-24,Female,Monthly
15032,2026-02-17,United Kingdom,18-24,Male,Annual
15033,2026-02-16,Nigeria,25-34,Male,Monthly
15034,2026-02-17,Canada,45+,Male,Annual
15035,2026-02-11,Nigeria,25-34,Male,Annual
15036,2026-02-27,Nigeria,18-24,Male,Annual
15037,2026-02-16,Canada,25-34,Male,Monthly
15038,2026-02-01,Nigeria,18-24,Female,Annual
15039,2026-02-09,Nigeria,18-24,Male,Annual
15040,2026-02-28,Canada,25-34,Female,Monthly
15041,2026-02-14,United Kingdom,45+,Male,Monthly
15042,2026-02-21,Nigeria,45+,Male,Monthly
15043,2026-02-01,NG,25-34,Male,Monthly
15044,2026-02-01,Canada,35-44,Male,Monthly
15045,2026-02-06,Canada,25-34,Female,Annual
15046,2026-02-15,Nigeria,25-34,Male,Annual
15047,2026-02-18,Canada,45+,Female,Annual
15048,2026-02-02,United Kingdom,25-34,Female,Monthly
15049,2026-02-26,United Kingdom,18-24,Female,Annual
15050,2026-02-17,Nigeria,25-34,Female,Monthly
15051,2026-02-10,United Kingdom,25-34,Male,Monthly
15052,2026-02-13,Nigeria,18-24,male,Monthly
15053,2026-02-15,Canada,25-34,Male,Monthly
15054,2026-02-22,United Kingdom,45+,Female,Monthly
15055,2026-02-03,United Kingdom,25-34,Female,Annual
15056,2026-02-17,Nigeria,18-24,Female,Monthly
15057,2026-02-15,Nigeria,18-24,Male,Annual
15058,2026-02-23,United Kingdom,18-24,Female,Monthly
15059,2026-02-11,Canada,18-24,Male,Annual
15060,2026-02-11,United Kingdom,25-34,Female,Monthly
15061,2026-02-23,Nigeria,18-24,Male,Annual
15062,2026-02-24,Nigeria,35-44,Male,Annual
15063,2026-02-24,Nigeria,18-24,Female,Monthly
15064,2026-02-25,United Kingdom,25-34,Male,Annual
15065,2026-02-03,Nigeria,25-34,Male,Annual
15066,2026-02-19,Nigeria,35-44,Female,Monthly
15067,2026-02-20,Nigeria,35-44,Female,Annual
15068,2026-02-08,United Kingdom,25-34,Male,Monthly
15069,2026-02-13,United Kingdom,25-34,male,Annual
15070,2026-02-28,Nigeria,25-34,male,Monthly
15071,2026-02-04,United Kingdom,25-34,Female,Monthly
15072,2026-02-23,United Kingdom,25-34,Male,Monthly
15073,2026-02-09,Nigeria,45+,Male,Monthly
15074,2026-02-24,Nigeria,25 to 34,Male,Monthly
15075,2026-02-15,Nigeria,35-44,Female,Monthly
15076,2026-02-01,Canada,25-34,male,Annual
15077,2026-02-04,Nigeria,25-34,Male,Monthly
15078,2026-02-24,Canada,45+,Male,Monthly
15079,2026-02-23,United Kingdom,45+,Female,Annual
15080,2026-02-07,United Kingdom,25-34,Female,Annual
15081,2026-02-18,GBR,25-34,Female,Annual
15082,2026-02-15,Nigeria,25-34,Male,Annual
15083,2026-02-02,United Kingdom,35-44,Male,Annual
15084,2026-02-20,Nigeria,25-34,Male,Monthly
15085,2026-02-05,Nigeria,18-24,Female,Monthly
15086,2026-02-12,Canada,25-34,Male,Monthly
15087,2026-02-01,Nigeria,25-34,Male,Annual
15088,2026-02-07,Canada,18-24,Female,Monthly
15089,2026-02-27,Canada,18-24,Female,Monthly
15090,2026-02-15,United Kingdom,25-34,Male,Monthly
15091,2026-02-21,United Kingdom,18-24,Male,Monthly
15092,2026-02-09,Canada,25-34,Female,Monthly
15093,2026-02-02,Nigeria,25-34,Male,Monthly
15094,2026-02-18,United Kingdom,25-34,Female,Annual
15095,2026-02-07,Nigeria,25-34,Male,Monthly
15096,2026-02-04,Nigeria,25-34,Male,Monthly
15097,2026-02-14,Nigeria,18-24,Female,Monthly
15098,2026-02-12,Nigeria,45+,Female,Monthly
15099,2026-02-04,Nigeria,25-34,Male,Annual
15100,2026-02-17,United Kingdom,25-34,Male,Annual
15101,2026-02-13,United Kingdom,25-34,Female,Monthly
15102,2026-02-28,Canada,35-44,Female,Monthly
15103,2026-02-03,Canada,45+,Male,Annual
15104,2026-02-14,Canada,25-34,Male,Monthly
15105,2026-02-23,Canada,18-24,Male,Annual
15106,2026-02-12,Canada,35-44,Female,Monthly
15107,2026-02-06,Nigeria,45+,Female,Monthly
15108,2026-02-28,Nigeria,25-34,Female,Monthly
15109,2026-02-10,Nigeria,25-34,Female,Monthly
15110,2026-02-26,Nigeria,25-34,Female,Annual
15111,2026-02-24,Canada,18-24,Male,Monthly
15112,2026-02-19,United Kingdom,35-44,Male,Monthly
15113,2026-02-22,Canada,35-44,Female,Monthly
15114,2026-02-16,Nigeria,25-34,Male,Monthly
15115,2026-02-19,Canada,25-34,Male,Annual
15116,2026-02-08,Nigeria,35-44,Male,Monthly
15117,2026-02-02,Nigeria,25-34,Male,Annual
15118,2026-02-18,Canada,45+,Female,Monthly
15119,2026-02-23,Nigeria,45+,Male,Annual
15120,2026-02-24,United Kingdom,25-34,Female,Annual
15121,2026-02-22,Nigeria,35-44,Male,Monthly
15122,2026-02-28,Canada,25-34,Female,Monthly
15123,2026-02-17,United Kingdom,25 to 34,Male,Monthly
15124,2026-02-05,Canada,35-44,Female,Monthly
15125,2026-02-06,United Kingdom,25-34,Female,Monthly
15126,2026-02-08,United Kingdom,18-24,Female,Monthly
15127,2026-02-28,United Kingdom,25-34,Male,Annual
15128,2026-02-25,United Kingdom,25-34,Female,Annual
15129,2026-02-21,United Kingdom,25-34,Female,Monthly
15130,2026-02-25,Nigeria,25-34,Female,Annual
15131,2026-02-10,Canada,25-34,Female,Monthly
15132,2026-02-21,Nigeria,35 to 44,Female,Monthly
15133,2026-02-05,Nigeria,35-44,Male,Monthly
15134,2026-02-03,United Kingdom,45+,Female,Annual
15135,2026-02-18,United Kingdom,25-34,MALE,Monthly
15136,2026-02-20,United Kingdom,45+,Male,Monthly
15137,2026-02-17,CAN,18-24,Female,Monthly
15138,2026-02-14,Nigeria,18-24,Male,Monthly
15139,2026-02-17,NGR,45+,Female,Monthly
15140,2026-02-11,United Kingdom,35-44,Male,Annual
15141,2026-02-09,Nigeria,18-24,Female,Annual
15142,2026-02-08,United Kingdom,45+,Female,Monthly
15143,2026-02-11,Nigeria,25-34,MALE,Annual
15144,2026-02-09,NGR,25-34,Male,Annual
15145,2026-02-05,Nigeria,35/44,Male,Annual
15146,2026-02-16,Nigeria,45+,Female,Monthly
15147,2026-02-12,United Kingdom,35-44,Female,Monthly
15148,2026-02-05,Nigeria,18-24,Female,Monthly
15149,2026-02-26,Nigeria,45+,Female,Annual
15150,2026-02-15,Nigeria,35-44,Male,Annual
15151,2026-02-04,Canada,25-34,Female,Annual
15152,2026-02-02,Nigeria,35-44,Male,Monthly
15153,2026-02-03,United Kingdom,25-34,Female,Monthly
15154,2026-02-12,United Kingdom,25-34,Male,Annual
15155,2026-02-07,Canada,25/34,Female,Annual
15156,2026-02-27,Canada,18-24,Female,Annual
15157,2026-02-14,Canada,18-24,Male,Monthly
15158,2026-02-21,Nigeria,35-44,Male,Monthly
15159,2026-02-07,Nigeria,25-34,FEMALE,Monthly
15160,2026-02-02,Canada,35-44,Female,Monthly
15161,2026-02-10,Nigeria,18-24,Male,Annual
15162,2026-02-20,Nigeria,35-44,Female,Monthly
15163,2026-02-22,Canada,25-34,Male,Monthly
15164,2026-02-06,Nigeria,45+,Female,Annual
15165,2026-02-09,Nigeria,25-34,Female,Monthly
15166,2026-02-14,Nigeria,35-44,Male,Monthly
15167,2026-02-10,Nigeria,35-44,Female,Monthly
15168,2026-02-09,NGR,35/44,Female,Monthly
15169,2026-02-28,Nigeria,25-34,Male,Monthly
15170,2026-02-27,Nigeria,25-34,Male,Annual
15171,2026-02-10,Nigeria,35 to 44,Male,Annual
15172,2026-02-02,United Kingdom,25/34,Female,Monthly
15173,2026-02-11,Canada,25-34,Female,Annual
15174,2026-02-25,United Kingdom,45+,Female,Monthly
15175,2026-02-26,United Kingdom,45+,Male,Monthly
15176,2026-02-20,United Kingdom,25-34,Male,Annual
15177,2026-02-19,Nigeria,18-24,Female,Monthly
15178,2026-02-11,Nigeria,25-34,Female,Monthly
15179,2026-02-13,Canada,45+,Female,Annual
15180,2026-02-25,Canada,25-34,Male,Monthly
15181,2026-02-07,Nigeria,18-24,Female,Annual
15182,2026-02-12,Canada,45+,Male,Monthly
15183,2026-02-25,Canada,25-34,Male,Monthly
15184,2026-02-20,Canada,18-24,Female,Monthly
15185,2026-02-04,Canada,25-34,Male,Monthly
15186,2026-02-23,GBR,25-34,Male,Monthly
15187,2026-02-02,Nigeria,45+,Male,Monthly
15188,2026-02-09,Nigeria,45+,Female,Annual
15189,2026-02-26,NGR,18-24,Female,Annual
15190,2026-02-03,United Kingdom,45+,Female,Monthly
15191,2026-02-06,United Kingdom,25-34,Female,Monthly
15192,2026-02-25,Nigeria,35-44,Female,Annual
15193,2026-02-19,Nigeria,45+,Male,Monthly
15194,2026-02-07,GBR,45+,Female,Monthly
15195,2026-02-10,Nigeria,25-34,Female,Annual
15196,2026-02-27,United Kingdom,25-34,Male,Monthly
15197,2026-02-17,Nigeria,18-24,Male,Annual
15198,2026-02-09,NGR,25-34,Female,Annual
15199,2026-02-05,Nigeria,18-24,MALE,Annual
15200,2026-02-12,Canada,25-34,Female,Monthly
15201,2026-02-09,Nigeria,35-44,Male,Annual
15202,2026-02-13,Canada,25-34,Female,Annual
15203,2026-02-02,Nigeria,18-24,Male,Monthly
15204,2026-02-14,Canada,25/34,Male,Annual
15205,2026-02-07,United Kingdom,35-44,Male,Monthly
15206,2026-02-27,Nigeria,25/34,Female,Monthly
15207,2026-02-08,Nigeria,35-44,Male,Monthly
15208,2026-02-07,Canada,25-34,Male,Monthly
15209,2026-02-09,United Kingdom,45+,Male,Annual
15210,2026-02-18,Nigeria,25-34,Female,Monthly
15211,2026-02-21,Nigeria,25-34,Male,Monthly
15212,2026-02-09,Canada,18-24,Male,Annual
15213,2026-02-20,United Kingdom,25-34,Male,Monthly
15214,2026-02-04,United Kingdom,45+,Female,Monthly
15215,2026-02-06,United Kingdom,35-44,Male,Monthly
15216,2026-02-09,Nigeria,25-34,Female,Monthly
15217,2026-02-20,Nigeria,25-34,Female,Annual
15218,2026-02-16,Nigeria,25-34,Female,Monthly
15219,2026-02-13,Canada,18-24,Female,Monthly
15220,2026-02-17,Nigeria,25-34,Female,Monthly
15221,2026-02-06,United Kingdom,45+,Male,Monthly
15222,2026-02-08,Nigeria,25-34,Male,Monthly
15223,2026-02-20,Nigeria,25-34,Female,Monthly
15224,2026-02-28,United Kingdom,18-24,Male,Monthly
15225,2026-02-01,United Kingdom,25-34,Male,Monthly
15226,2026-02-11,Canada,35-44,female,Annual
15227,2026-02-25,Nigeria,35-44,Male,Monthly
15228,2026-02-24,Canada,25-34,FEMALE,Monthly
15229,2026-02-08,NG,35-44,Male,Annual
15230,2026-02-01,UK,25 to 34,Male,Annual
15231,2026-02-16,Nigeria,25-34,Female,Monthly
15232,2026-02-20,United Kingdom,35-44,Male,Annual
15233,2026-02-08,Canada,25-34,Male,Monthly
15234,2026-02-09,United Kingdom,45+,Female,Monthly
15235,2026-02-19,Nigeria,25-34,Female,Annual
15236,2026-02-16,Canada,25-34,Male,Monthly
15237,2026-02-08,Canada,35-44,Female,Monthly
15238,2026-02-24,Canada,18-24,male,Annual
15239,2026-02-26,Nigeria,25-34,Female,Annual
15240,2026-02-21,United Kingdom,45+,Female,Monthly
15241,2026-02-27,United Kingdom,25-34,Female,Annual
15242,2026-02-11,Nigeria,45+,Male,Annual
15243,2026-02-04,Canada,45+,Male,Monthly
15244,2026-02-21,Nigeria,18-24,Male,Annual
15245,2026-02-16,Nigeria,18-24,Female,Monthly
15246,2026-02-12,Canada,35-44,Male,Annual
15247,2026-02-08,Nigeria,45+,Female,Annual
15248,2026-02-02,Nigeria,25-34,Female,Annual
15249,2026-02-05,Canada,45+,Female,Annual
15250,2026-02-19,Canada,35-44,Female,Monthly
15251,2026-02-07,Canada,18-24,Male,Monthly
15252,2026-02-27,Nigeria,35-44,Male,Monthly
15253,2026-02-14,United Kingdom,18-24,Female,Monthly
15254,2026-02-03,Nigeria,25-34,Male,Annual
15255,2026-02-19,Nigeria,35-44,Female,Monthly
15256,2026-02-20,Nigeria,25-34,Female,Monthly
15257,2026-02-06,United Kingdom,18-24,Male,Monthly
15258,2026-02-24,United Kingdom,25-34,Male,Monthly
15259,2026-02-21,Nigeria,45+,female,Monthly
15260,2026-02-17,Canada,45+,Female,Monthly
15261,2026-02-04,NG,45+,Female,Annual
15262,2026-02-14,Nigeria,45+,male,Annual
15263,2026-02-28,Canada,35-44,Male,Annual
15264,2026-02-07,United Kingdom,45+,Male,Monthly
15265,2026-02-27,United Kingdom,35-44,Female,Annual
15266,2026-02-06,United Kingdom,25-34,Female,Annual
15267,2026-02-17,United Kingdom,25-34,MALE,Monthly
15268,2026-02-12,Nigeria,25-34,male,Monthly
15269,2026-02-02,United Kingdom,25-34,MALE,Annual
15270,2026-02-18,Nigeria,25-34,Male,Annual
15271,2026-02-14,Nigeria,35/44,Male,Monthly
15272,2026-02-09,United Kingdom,25-34,Male,Monthly
15273,2026-02-07,Nigeria,45+,Female,Monthly
15274,2026-02-14,United Kingdom,45+,Male,Annual
15275,2026-02-03,United Kingdom,45+,Male,Monthly
15276,2026-02-17,Nigeria,18-24,Male,Monthly
15277,2026-02-03,Canada,35 to 44,Female,Monthly
15278,2026-02-06,Nigeria,25-34,Female,Monthly
15279,2026-02-15,United Kingdom,35-44,Male,Monthly
15280,2026-02-21,Nigeria,25-34,male,Monthly
15281,2026-02-12,Nigeria,25-34,Female,Annual
15282,2026-02-18,Canada,35-44,Female,Monthly
15283,2026-02-27,Canada,35-44,Male,Monthly
15284,2026-02-17,Nigeria,18 to 24,Male,Annual
15285,2026-02-22,Nigeria,25-34,Male,Monthly
15286,2026-02-14,United Kingdom,45+,FEMALE,Annual
15287,2026-02-08,Nigeria,25-34,Male,Monthly
15288,2026-02-11,Canada,18-24,Male,Monthly
15289,2026-02-10,Nigeria,25-34,Male,Annual
15290,2026-02-16,Nigeria,25/34,Male,Monthly
15291,2026-02-05,Nigeria,18-24,Female,Monthly
15292,2026-02-22,Nigeria,25-34,Female,Monthly
15293,2026-02-05,Canada,45+,Male,Monthly
15294,2026-02-20,United Kingdom,25-34,Female,Monthly
15295,2026-02-14,Nigeria,45+,Male,Annual
15296,2026-02-21,Nigeria,25-34,Female,Monthly
15297,2026-02-05,Nigeria,25-34,Male,Monthly
15298,2026-02-06,United Kingdom,25-34,Female,Monthly
15299,2026-02-08,United Kingdom,18-24,Female,Annual
15300,2026-02-22,Nigeria,45+,Female,Monthly
15301,2026-02-08,Canada,18-24,Male,Annual
15302,2026-02-10,United Kingdom,25-34,Female,Monthly
15303,2026-02-04,GBR,35-44,Female,Monthly
15304,2026-02-07,United Kingdom,35-44,Male,Annual
15305,2026-02-24,Nigeria,25-34,Male,Monthly
15306,2026-02-04,Nigeria,35-44,Male,Annual
15307,2026-02-26,Canada,35-44,Male,Annual
15308,2026-02-24,Nigeria,35-44,Male,Annual
15309,2026-02-27,Nigeria,18-24,Female,Monthly
15310,2026-02-18,United Kingdom,25-34,Female,Annual
15311,2026-02-20,United Kingdom,45+,Female,Monthly
15312,2026-02-24,United Kingdom,45+,Female,Monthly
15313,2026-02-20,United Kingdom,18-24,Male,Annual
15314,2026-02-16,Nigeria,45+,Male,Monthly
15315,2026-02-12,United Kingdom,35-44,Male,Monthly
15316,2026-02-25,Canada,25/34,Female,Monthly
15317,2026-02-09,Nigeria,25-34,Male,Annual
15318,2026-02-16,Nigeria,35-44,Female,Annual
15319,2026-02-02,CA,45+,Female,Monthly
15320,2026-02-19,Nigeria,45+,Female,Annual
15321,2026-02-04,Nigeria,35-44,Male,Monthly
15322,2026-02-02,Nigeria,45+,Male,Annual
15323,2026-02-09,United Kingdom,18-24,Male,Monthly
15324,2026-02-19,United Kingdom,35-44,Male,Annual
15325,2026-02-24,United Kingdom,45+,Male,Monthly
15326,2026-02-17,Nigeria,35-44,Female,Monthly
15327,2026-02-19,Nigeria,45+,Male,Annual
15328,2026-02-07,United Kingdom,45+,Female,Monthly
15329,2026-02-03,Nigeria,25-34,Female,Monthly
15330,2026-02-04,United Kingdom,45+,Male,Monthly
15331,2026-02-03,United Kingdom,25-34,Female,Annual
15332,2026-02-10,Canada,45+,Male,Monthly
15333,2026-02-21,Nigeria,18-24,Female,Annual
15334,2026-02-02,Nigeria,18-24,Female,Annual
15335,2026-02-10,Canada,45+,Female,Annual
15336,2026-02-17,United Kingdom,35-44,Male,Monthly
15337,2026-02-02,Nigeria,25-34,Female,Annual
15338,2026-02-16,Canada,35-44,Male,Annual
15339,2026-02-12,United Kingdom,18-24,Female,Monthly
15340,2026-02-26,United Kingdom,25-34,Female,Annual
15341,2026-02-14,Canada,25-34,Female,Monthly
15342,2026-02-15,United Kingdom,35-44,Male,Monthly
15343,2026-02-24,Nigeria,45+,Female,Monthly
15344,2026-02-21,Nigeria,18-24,Female,Annual
15345,2026-02-16,Nigeria,45+,Female,Monthly
15346,2026-02-19,Nigeria,35-44,Male,Annual
15347,2026-02-12,United Kingdom,25 to 34,Female,Annual
15348,2026-02-20,Nigeria,45+,Female,Annual
15349,2026-02-09,Nigeria,25-34,Male,Monthly
15350,2026-02-09,United Kingdom,35-44,Male,Monthly
15351,2026-02-24,Nigeria,18/24,Female,Annual
15352,2026-02-12,Canada,25/34,Female,Annual
15353,2026-02-15,United Kingdom,35-44,Female,Monthly
15354,2026-02-04,United Kingdom,45+,Male,Annual
15355,2026-02-10,Nigeria,45+,Male,Monthly
15356,2026-02-19,Nigeria,25-34,Female,Annual
15357,2026-02-15,United Kingdom,35-44,Male,Annual
15358,2026-02-09,Nigeria,18-24,Female,Monthly
15359,2026-02-01,United Kingdom,25-34,Female,Monthly
15360,2026-02-16,Nigeria,45+,male,Annual
15361,2026-02-10,United Kingdom,25-34,Female,Annual
15362,2026-02-26,Nigeria,35-44,Female,Monthly
15363,2026-02-02,Nigeria,25-34,Male,Monthly
15364,2026-02-20,Nigeria,18-24,Male,Monthly
15365,2026-02-11,United Kingdom,25-34,Female,Monthly
15366,2026-02-08,Nigeria,35-44,Male,Annual
15367,2026-02-20,United Kingdom,25-34,Male,Annual
15368,2026-02-15,Canada,25-34,Male,Annual
15369,2026-02-03,United Kingdom,45+,Female,Annual
15370,2026-02-17,United Kingdom,25-34,Female,Monthly
15371,2026-02-06,Nigeria,25-34,FEMALE,Annual
15372,2026-02-24,Nigeria,25-34,Male,Monthly
15373,2026-02-07,Nigeria,35-44,Female,Annual
15374,2026-02-23,NGR,25-34,Male,Monthly
15375,2026-02-10,Nigeria,35-44,Female,Monthly
15376,2026-02-09,Nigeria,18-24,FEMALE,Monthly
15377,2026-02-01,Nigeria,25-34,Male,Annual
15378,2026-02-26,Canada,25-34,Male,Monthly
15379,2026-02-16,Nigeria,35-44,Male,Monthly
15380,2026-02-05,Canada,45+,Male,Monthly
15381,2026-03-01,Nigeria,35-44,Male,Monthly
15382,2026-03-19,Nigeria,35-44,Male,Monthly
15383,2026-03-04,Nigeria,18-24,Female,Monthly
15384,2026-03-11,Nigeria,18-24,Male,Annual
15385,2026-03-03,United Kingdom,45+,Male,Monthly
15386,2026-03-23,Canada,35-44,Female,Monthly
15387,2026-03-15,Canada,35-44,Female,Monthly
15388,2026-03-30,Nigeria,35-44,Male,Monthly
15389,2026-03-22,Canada,35 to 44,Male,Monthly
15390,2026-03-10,Nigeria,45+,Female,Annual
15391,2026-03-25,Canada,18-24,Female,Annual
15392,2026-03-09,United Kingdom,25-34,Male,Annual
15393,2026-03-09,United Kingdom,45+,Male,Monthly
15394,2026-03-09,Nigeria,25-34,Female,Monthly
15395,2026-03-23,United Kingdom,25-34,Male,Monthly
15396,2026-03-31,United Kingdom,35-44,Male,Annual
15397,2026-03-27,United Kingdom,18-24,Female,Annual
15398,2026-03-17,United Kingdom,25-34,Female,Annual
15399,2026-03-01,Nigeria,25-34,Female,Monthly
15400,2026-03-30,Nigeria,18-24,Male,Monthly
15401,2026-03-12,Nigeria,18-24,Male,Monthly
15402,2026-03-20,Nigeria,25-34,Male,Monthly
15403,2026-03-14,United Kingdom,25-34,Male,Monthly
15404,2026-03-10,Nigeria,18-24,Female,Monthly
15405,2026-03-10,Nigeria,25-34,Female,Monthly
15406,2026-03-19,Nigeria,25-34,Female,Monthly
15407,2026-03-14,Nigeria,18 to 24,Male,Annual
15408,2026-03-05,NGR,18-24,FEMALE,Annual
15409,2026-03-12,United Kingdom,35-44,Female,Annual
15410,2026-03-14,Canada,35-44,Male,Annual
15411,2026-03-20,Nigeria,18-24,Female,Monthly
15412,2026-03-14,Nigeria,35-44,Male,Monthly
15413,2026-03-07,Nigeria,18-24,Male,Annual
15414,2026-03-18,Nigeria,18-24,Male,Annual
15415,2026-03-26,Canada,25-34,male,Annual
15416,2026-03-13,Nigeria,35-44,MALE,Monthly
15417,2026-03-20,Nigeria,25-34,Male,Annual
15418,2026-03-15,United Kingdom,45+,Male,Annual
15419,2026-03-10,United Kingdom,18-24,Male,Monthly
15420,2026-03-28,United Kingdom,45+,Male,Monthly
15421,2026-03-30,Nigeria,35-44,Female,Annual
15422,2026-03-06,Canada,35-44,MALE,Monthly
15423,2026-03-20,Nigeria,18-24,male,Monthly
15424,2026-03-29,Nigeria,25-34,Male,Monthly
15425,2026-03-17,Canada,35/44,Female,Monthly
15426,2026-03-17,Canada,25-34,Female,Annual
15427,2026-03-30,NG,35-44,Female,Annual
15428,2026-03-20,United Kingdom,45+,Male,Monthly
15429,2026-03-27,Canada,18-24,Female,Annual
15430,2026-03-04,Nigeria,35-44,Male,Annual
15431,2026-03-19,Canada,35-44,Female,Annual
15432,2026-03-05,United Kingdom,18-24,Male,Monthly
15433,2026-03-07,Nigeria,35-44,Male,Monthly
15434,2026-03-23,Nigeria,35-44,Male,Monthly
15435,2026-03-27,United Kingdom,45+,Male,Monthly
15436,2026-03-28,Nigeria,25-34,Female,Monthly
15437,2026-03-24,GBR,18-24,Female,Monthly
15438,2026-03-17,Canada,25-34,Male,Annual
15439,2026-03-14,Canada,18-24,Male,Annual
15440,2026-03-06,Nigeria,25-34,Female,Annual
15441,2026-03-25,United Kingdom,35-44,Female,Annual
15442,2026-03-25,United Kingdom,25-34,Male,Monthly
15443,2026-03-04,Nigeria,25-34,Male,Annual
15444,2026-03-29,Nigeria,18-24,Male,Annual
15445,2026-03-11,United Kingdom,35-44,Female,Monthly
15446,2026-03-21,Nigeria,35-44,MALE,Annual
15447,2026-03-04,Nigeria,18/24,Male,Monthly
15448,2026-03-06,Nigeria,25-34,Male,Monthly
15449,2026-03-19,Nigeria,35-44,Female,Annual
15450,2026-03-13,United Kingdom,35-44,Female,Annual
15451,2026-03-01,Nigeria,45+,Female,Monthly
15452,2026-03-30,United Kingdom,25-34,Female,Monthly
15453,2026-03-28,Canada,35-44,FEMALE,Monthly
15454,2026-03-06,United Kingdom,45+,Male,Annual
15455,2026-03-21,United Kingdom,35-44,female,Monthly
15456,2026-03-06,Nigeria,45+,Male,Annual
15457,2026-03-23,Nigeria,25-34,Female,Annual
15458,2026-03-22,United Kingdom,25-34,Male,Annual
15459,2026-03-24,Canada,35-44,Male,Monthly
15460,2026-03-17,Canada,25-34,Male,Monthly
15461,2026-03-01,Nigeria,35-44,Male,Monthly
15462,2026-03-07,Nigeria,25-34,Female,Annual
15463,2026-03-31,United Kingdom,35-44,Male,Monthly
15464,2026-03-20,Canada,45+,Male,Annual
15465,2026-03-11,NG,25 to 34,Male,Monthly
15466,2026-03-30,CAN,25-34,Female,Monthly
15467,2026-03-14,Nigeria,25-34,Female,Annual
15468,2026-03-27,Canada,45+,Male,Monthly
15469,2026-03-25,Nigeria,35-44,Female,Monthly
15470,2026-03-01,Nigeria,35-44,Male,Annual
15471,2026-03-29,United Kingdom,45+,Female,Annual
15472,2026-03-28,Nigeria,35-44,Female,Monthly
15473,2026-03-31,Nigeria,35-44,Female,Monthly
15474,2026-03-20,Nigeria,45+,Female,Monthly
15475,2026-03-22,Nigeria,35-44,Female,Annual
15476,2026-03-09,Nigeria,18-24,Male,Annual
15477,2026-03-05,United Kingdom,45+,Female,Annual
15478,2026-03-03,Nigeria,35-44,Female,Monthly
15479,2026-03-06,United Kingdom,45+,Male,Monthly
15480,2026-03-31,United Kingdom,25-34,Male,Annual
15481,2026-03-09,Nigeria,45+,Female,Monthly
15482,2026-03-01,Canada,25-34,Male,Monthly
15483,2026-03-22,Nigeria,25-34,Female,Annual
15484,2026-03-06,Canada,18-24,Male,Monthly
15485,2026-03-16,GBR,45+,Female,Monthly
15486,2026-03-21,Canada,18-24,Female,Annual
15487,2026-03-18,United Kingdom,18-24,Female,Monthly
15488,2026-03-24,Canada,35 to 44,Male,Annual
15489,2026-03-01,Nigeria,35-44,Female,Annual
15490,2026-03-09,Canada,45+,Male,Monthly
15491,2026-03-13,Nigeria,25-34,Male,Annual
15492,2026-03-23,United Kingdom,25-34,Female,Monthly
15493,2026-03-17,Nigeria,25-34,Female,Annual
15494,2026-03-24,Canada,25 to 34,Female,Monthly
15495,2026-03-23,United Kingdom,25-34,Female,Monthly
15496,2026-03-25,Nigeria,35-44,Male,Monthly
15497,2026-03-19,Nigeria,25-34,Female,Annual
15498,2026-03-24,Canada,25-34,Female,Monthly
15499,2026-03-22,GBR,35-44,Female,Monthly
15500,2026-03-02,Nigeria,25-34,Male,Annual
15501,2026-03-09,United Kingdom,45+,Female,Annual
15502,2026-03-28,United Kingdom,45+,Female,Annual
15503,2026-03-03,Nigeria,18-24,Female,Monthly
15504,2026-03-18,Nigeria,35-44,Male,Annual
15505,2026-03-24,United Kingdom,45+,Male,Annual
15506,2026-03-14,Nigeria,35-44,Female,Monthly
15507,2026-03-06,Canada,25-34,Male,Annual
15508,2026-03-01,Nigeria,25-34,Male,Annual
15509,2026-03-21,United Kingdom,25-34,Female,Monthly
15510,2026-03-19,Nigeria,35-44,MALE,Annual
15511,2026-03-22,United Kingdom,35-44,Female,Monthly
15512,2026-03-06,Nigeria,45+,Male,Annual
15513,2026-03-15,Nigeria,18-24,Male,Monthly
15514,2026-03-17,United Kingdom,25-34,Male,Monthly
15515,2026-03-26,United Kingdom,35-44,Male,Annual
15516,2026-03-06,United Kingdom,18-24,Female,Monthly
15517,2026-03-22,Nigeria,25-34,Female,Monthly
15518,2026-03-22,Nigeria,25-34,Female,Annual
15519,2026-03-19,Nigeria,18-24,Male,Monthly
15520,2026-03-03,Nigeria,35-44,Female,Monthly
15521,2026-03-04,Nigeria,25-34,Male,Annual
15522,2026-03-19,Nigeria,35-44,Female,Monthly
15523,2026-03-20,United Kingdom,35-44,Female,Monthly
15524,2026-03-20,Nigeria,25-34,Female,Monthly
15525,2026-03-24,Nigeria,18-24,male,Monthly
15526,2026-03-13,Canada,35-44,Female,Annual
15527,2026-03-10,Canada,25-34,Female,Monthly
15528,2026-03-29,United Kingdom,45+,Female,Annual
15529,2026-03-22,Nigeria,35-44,Male,Monthly
15530,2026-03-17,United Kingdom,35 to 44,Male,Monthly
15531,2026-03-18,Nigeria,25-34,Female,Annual
15532,2026-03-24,United Kingdom,35-44,Female,Monthly
15533,2026-03-10,Canada,18-24,Female,Monthly
15534,2026-03-14,United Kingdom,45+,Female,Monthly
15535,2026-03-02,Canada,18-24,Male,Monthly
15536,2026-03-25,Nigeria,18-24,Male,Monthly
15537,2026-03-16,Nigeria,45+,Female,Annual
15538,2026-03-28,Nigeria,25-34,Male,Annual
15539,2026-03-10,Nigeria,18-24,Female,Annual
15540,2026-03-13,Nigeria,35-44,Female,Monthly
15541,2026-03-02,Canada,25-34,Male,Monthly
15542,2026-03-30,Nigeria,25-34,Male,Annual
15543,2026-03-11,Canada,25-34,Female,Annual
15544,2026-03-05,Canada,25-34,Female,Annual
15545,2026-03-19,United Kingdom,25-34,Female,Monthly
15546,2026-03-27,Canada,25-34,Female,Annual
15547,2026-03-04,Nigeria,18-24,Female,Monthly
15548,2026-03-17,Canada,35-44,Male,Monthly
15549,2026-03-15,United Kingdom,25-34,Female,Monthly
15550,2026-03-05,United Kingdom,18-24,Male,Monthly
15551,2026-03-09,United Kingdom,25-34,male,Annual
15552,2026-03-20,Canada,35-44,Female,Annual
15553,2026-03-31,Canada,45+,Male,Annual
15554,2026-03-05,Nigeria,18-24,Female,Monthly
15555,2026-03-20,Nigeria,35-44,Male,Annual
15556,2026-03-28,Nigeria,35-44,Male,Annual
15557,2026-03-24,Canada,25-34,Male,Annual
15558,2026-03-26,Nigeria,35-44,Female,Monthly
15559,2026-03-29,United Kingdom,25-34,Male,Annual
15560,2026-03-21,Nigeria,35-44,Male,Annual
15561,2026-03-02,Canada,25/34,Male,Annual
15562,2026-03-08,Canada,18-24,Male,Monthly
15563,2026-03-13,United Kingdom,18-24,Male,Annual
15564,2026-03-30,Nigeria,18-24,Female,Monthly
15565,2026-03-07,Canada,18-24,Female,Monthly
15566,2026-03-27,Nigeria,35-44,Male,Monthly
15567,2026-03-20,United Kingdom,45+,Female,Annual
15568,2026-03-23,Canada,18-24,Male,Monthly
15569,2026-03-04,United Kingdom,18-24,Male,Monthly
15570,2026-03-12,Canada,25-34,Male,Annual
15571,2026-03-15,Nigeria,35-44,Male,Annual
15572,2026-03-16,United Kingdom,25-34,Female,Monthly
15573,2026-03-28,Canada,25-34,Male,Annual
15574,2026-03-11,United Kingdom,18-24,Male,Monthly
15575,2026-03-27,Canada,45+,Female,Annual
15576,2026-03-27,Canada,18-24,Male,Monthly
15577,2026-03-20,Nigeria,25-34,Male,Annual
15578,2026-03-10,Nigeria,25-34,Female,Monthly
15579,2026-03-04,United Kingdom,25-34,Female,Annual
15580,2026-03-08,Canada,25-34,Female,Annual
15581,2026-03-19,Canada,25-34,Male,Monthly
15582,2026-03-07,Nigeria,25-34,Female,Annual
15583,2026-03-28,United Kingdom,25-34,Female,Annual
15584,2026-03-13,United Kingdom,25-34,Male,Monthly
15585,2026-03-09,Nigeria,25-34,Female,Monthly
15586,2026-03-20,United Kingdom,45+,Female,Annual
15587,2026-03-05,UK,18/24,Female,Monthly
15588,2026-03-26,United Kingdom,45+,Female,Annual
15589,2026-03-18,Nigeria,25-34,Female,Monthly
15590,2026-03-29,United Kingdom,25-34,Male,Monthly
15591,2026-03-27,Nigeria,35-44,Female,Monthly
15592,2026-03-03,United Kingdom,18-24,Female,Annual
15593,2026-03-28,Canada,18-24,Female,Annual
15594,2026-03-02,United Kingdom,45+,Female,Monthly
15595,2026-03-25,Canada,35-44,Female,Monthly
15596,2026-03-12,United Kingdom,18 to 24,Female,Monthly
15597,2026-03-11,Nigeria,18-24,Female,Annual
15598,2026-03-26,United Kingdom,25-34,Male,Annual
15599,2026-03-09,United Kingdom,25-34,Male,Monthly
15600,2026-03-29,Nigeria,35-44,Female,Annual
15601,2026-03-02,Nigeria,25-34,Male,Monthly
15602,2026-03-06,United Kingdom,35-44,Female,Monthly
15603,2026-03-12,Nigeria,18-24,Female,Monthly
15604,2026-03-09,Nigeria,35-44,Female,Annual
15605,2026-03-27,Nigeria,45+,Female,Annual
15606,2026-03-28,UK,25-34,Male,Monthly
15607,2026-03-14,Nigeria,45+,Female,Monthly
15608,2026-03-18,Canada,25-34,Male,Annual
15609,2026-03-11,Nigeria,45+,Male,Monthly
15610,2026-03-13,Nigeria,25-34,Male,Annual
15611,2026-03-11,Nigeria,35-44,Female,Monthly
15612,2026-03-08,Nigeria,45+,Female,Annual
15613,2026-03-22,Nigeria,25-34,Male,Monthly
15614,2026-03-04,Nigeria,45+,Female,Monthly
15615,2026-03-10,United Kingdom,35-44,Male,Annual
15616,2026-03-04,Nigeria,35-44,Female,Annual
15617,2026-03-15,Nigeria,18-24,Male,Monthly
15618,2026-03-21,Nigeria,25-34,Male,Annual
15619,2026-03-17,Canada,18-24,Female,Monthly
15620,2026-03-23,Nigeria,25-34,Male,Monthly
15621,2026-03-18,United Kingdom,18-24,Male,Annual
15622,2026-03-12,United Kingdom,18-24,Female,Monthly
15623,2026-03-29,Nigeria,25-34,Female,Monthly
15624,2026-03-19,Nigeria,25-34,Male,Annual
15625,2026-03-02,United Kingdom,18-24,Male,Monthly
15626,2026-03-05,Canada,25-34,Male,Monthly
15627,2026-03-21,Canada,18-24,Male,Monthly
15628,2026-03-01,Nigeria,18/24,Female,Monthly
15629,2026-03-06,Nigeria,25-34,Female,Annual
15630,2026-03-04,Nigeria,35-44,Male,Annual
15631,2026-03-26,Nigeria,45+,Male,Monthly
15632,2026-03-04,NGR,25 to 34,Male,Annual
15633,2026-03-07,Nigeria,25-34,Male,Annual
15634,2026-03-31,Nigeria,45+,Male,Monthly
15635,2026-03-04,Nigeria,25-34,Male,Annual
15636,2026-03-08,Canada,18-24,Male,Annual
15637,2026-03-26,Nigeria,25-34,Male,Annual
15638,2026-03-05,Nigeria,25-34,Male,Annual
15639,2026-03-08,Nigeria,35-44,Male,Annual
15640,2026-03-25,Nigeria,25-34,Male,Annual
15641,2026-03-01,Nigeria,35-44,Female,Monthly
15642,2026-03-12,Canada,35-44,Male,Annual
15643,2026-03-08,United Kingdom,35 to 44,Male,Annual
15644,2026-03-07,United Kingdom,35-44,Female,Monthly
15645,2026-03-13,Nigeria,18-24,Female,Monthly
15646,2026-03-07,United Kingdom,25-34,Female,Annual
15647,2026-03-24,Canada,18/24,Male,Monthly
15648,2026-03-05,Nigeria,35-44,Female,Monthly
15649,2026-03-13,United Kingdom,25-34,Female,Monthly
15650,2026-03-03,United Kingdom,18-24,Female,Monthly
15651,2026-03-04,Nigeria,25-34,Female,Monthly
15652,2026-03-22,Nigeria,25-34,Male,Monthly
15653,2026-03-15,Canada,25-34,Male,Monthly
15654,2026-03-14,Canada,35-44,Female,Monthly
15655,2026-03-09,Nigeria,25-34,MALE,Annual
15656,2026-03-05,Nigeria,18-24,Female,Monthly
15657,2026-03-28,United Kingdom,25-34,FEMALE,Monthly
15658,2026-03-25,Canada,25-34,Male,Annual
15659,2026-03-15,United Kingdom,25-34,Male,Annual
15660,2026-03-01,Canada,35-44,Male,Monthly
15661,2026-03-28,Canada,25-34,Male,Monthly
15662,2026-03-14,Nigeria,25-34,Female,Monthly
15663,2026-03-06,Nigeria,25-34,Female,Monthly
15664,2026-03-04,Nigeria,35/44,Female,Annual
15665,2026-03-31,Canada,25-34,Female,Monthly
15666,2026-03-01,United Kingdom,25-34,Female,Monthly
15667,2026-03-12,Canada,35-44,Male,Annual
15668,2026-03-18,United Kingdom,35-44,Female,Annual
15669,2026-03-10,United Kingdom,25-34,Female,Monthly
15670,2026-03-05,Nigeria,45+,Female,Monthly
15671,2026-03-20,Nigeria,18-24,Female,Monthly
15672,2026-03-03,Canada,35-44,Male,Monthly
15673,2026-03-31,United Kingdom,35-44,Male,Monthly
15674,2026-03-15,CA,45+,Male,Annual
15675,2026-03-23,Nigeria,25-34,Male,Annual
15676,2026-03-27,United Kingdom,45+,Male,Monthly
15677,2026-03-25,United Kingdom,25-34,Female,Monthly
15678,2026-03-16,Nigeria,35-44,Female,Monthly
15679,2026-03-03,United Kingdom,25-34,Female,Monthly
15680,2026-03-03,Canada,18-24,Female,Monthly
15681,2026-04-02,Canada,25/34,male,Monthly
15682,2026-04-28,Nigeria,35-44,Female,Monthly
15683,2026-04-10,United Kingdom,35-44,Female,Annual
15684,2026-04-13,Canada,25-34,Male,Monthly
15685,2026-04-08,Nigeria,25-34,Male,Annual
15686,2026-04-17,UK,35-44,Female,Annual
15687,2026-04-09,Nigeria,35-44,Male,Annual
15688,2026-04-28,United Kingdom,35-44,Female,Monthly
15689,2026-04-10,Nigeria,25-34,Male,Annual
15690,2026-04-10,Nigeria,25-34,Female,Annual
15691,2026-04-01,Nigeria,25-34,Male,Annual
15692,2026-04-22,Nigeria,18-24,Male,Monthly
15693,2026-04-28,Canada,35-44,Female,Monthly
15694,2026-04-18,United Kingdom,25-34,Male,Annual
15695,2026-04-28,Nigeria,45+,Female,Monthly
15696,2026-04-13,Nigeria,25-34,Male,Annual
15697,2026-04-21,Nigeria,45+,Female,Annual
15698,2026-04-26,United Kingdom,35-44,Female,Annual
15699,2026-04-23,United Kingdom,18-24,Male,Monthly
15700,2026-04-05,Nigeria,25-34,Female,Monthly
15701,2026-04-30,United Kingdom,18-24,Female,Monthly
15702,2026-04-02,Nigeria,18-24,Male,Annual
15703,2026-04-04,Canada,25-34,Male,Monthly
15704,2026-04-07,United Kingdom,25-34,Female,Monthly
15705,2026-04-22,Nigeria,18-24,Female,Monthly
15706,2026-04-27,Nigeria,35-44,Male,Monthly
15707,2026-04-17,Nigeria,18-24,Male,Monthly
15708,2026-04-11,Canada,25-34,Male,Monthly
15709,2026-04-14,Canada,25-34,Male,Annual
15710,2026-04-21,NGR,18-24,Male,Annual
15711,2026-04-07,United Kingdom,25-34,Female,Monthly
15712,2026-04-07,Canada,25-34,Female,Monthly
15713,2026-04-09,Nigeria,25-34,Male,Monthly
15714,2026-04-15,United Kingdom,45+,Female,Monthly
15715,2026-04-23,Nigeria,25-34,Male,Monthly
15716,2026-04-16,Canada,35-44,Female,Annual
15717,2026-04-03,CAN,35-44,Male,Annual
15718,2026-04-08,United Kingdom,25-34,Male,Annual
15719,2026-04-02,Canada,25-34,Male,Annual
15720,2026-04-12,Canada,25-34,Female,Monthly
15721,2026-04-16,Nigeria,25-34,Male,Monthly
15722,2026-04-08,United Kingdom,45+,Female,Annual
15723,2026-04-02,United Kingdom,18-24,Male,Monthly
15724,2026-04-04,United Kingdom,45+,Male,Annual
15725,2026-04-21,United Kingdom,45+,Female,Monthly
15726,2026-04-13,Nigeria,25-34,Male,Monthly
15727,2026-04-30,Nigeria,18-24,Female,Annual
15728,2026-04-17,Canada,35-44,Female,Monthly
15729,2026-04-10,United Kingdom,18-24,Male,Monthly
15730,2026-04-03,United Kingdom,25/34,Male,Annual
15731,2026-04-23,Nigeria,25-34,Male,Annual
15732,2026-04-11,Nigeria,35-44,Female,Annual
15733,2026-04-18,Nigeria,25-34,Female,Monthly
15734,2026-04-14,Nigeria,45+,Female,Monthly
15735,2026-04-03,Nigeria,25-34,Male,Annual
15736,2026-04-28,Nigeria,25-34,Male,Annual
15737,2026-04-04,Nigeria,45+,Male,Monthly
15738,2026-04-19,Nigeria,25-34,Female,Monthly
15739,2026-04-05,United Kingdom,35-44,Male,Annual
15740,2026-04-29,United Kingdom,35-44,male,Monthly
15741,2026-04-09,United Kingdom,35-44,Female,Monthly
15742,2026-04-16,UK,25-34,Female,Annual
15743,2026-04-03,United Kingdom,25-34,female,Monthly
15744,2026-04-25,Canada,35-44,Female,Monthly
15745,2026-04-07,Nigeria,35-44,Male,Annual
15746,2026-04-03,Nigeria,25 to 34,Female,Monthly
15747,2026-04-09,Nigeria,18-24,Female,Monthly
15748,2026-04-17,CA,35-44,Male,Monthly
15749,2026-04-10,Canada,25-34,Female,Monthly
15750,2026-04-11,Nigeria,45+,Male,Monthly
15751,2026-04-03,Canada,25-34,Female,Monthly
15752,2026-04-22,Nigeria,25 to 34,Female,Annual
15753,2026-04-11,United Kingdom,25 to 34,Female,Annual
15754,2026-04-27,Nigeria,35/44,Male,Annual
15755,2026-04-13,United Kingdom,25-34,Female,Annual
15756,2026-04-22,Nigeria,25-34,Female,Monthly
15757,2026-04-10,United Kingdom,18-24,Female,Monthly
15758,2026-04-03,Nigeria,35-44,Male,Annual
15759,2026-04-20,United Kingdom,35-44,Female,Monthly
15760,2026-04-19,Nigeria,35-44,Male,Monthly
15761,2026-04-30,United Kingdom,18-24,Female,Monthly
15762,2026-04-23,Nigeria,25-34,Female,Monthly
15763,2026-04-19,Nigeria,25-34,Female,Annual
15764,2026-04-01,United Kingdom,18-24,Female,Annual
15765,2026-04-25,Nigeria,25-34,Male,Annual
15766,2026-04-06,Nigeria,18-24,Male,Monthly
15767,2026-04-22,Nigeria,45+,Male,Monthly
15768,2026-04-21,United Kingdom,45+,Male,Monthly
15769,2026-04-25,United Kingdom,18-24,Male,Monthly
15770,2026-04-10,Nigeria,35-44,Female,Monthly
15771,2026-04-15,Nigeria,45+,Female,Annual
15772,2026-04-02,United Kingdom,35-44,Male,Annual
15773,2026-04-11,Canada,18-24,MALE,Annual
15774,2026-04-27,Nigeria,25-34,Male,Annual
15775,2026-04-07,Nigeria,18-24,Male,Monthly
15776,2026-04-29,Canada,25-34,Female,Monthly
15777,2026-04-02,Nigeria,25-34,Male,Monthly
15778,2026-04-12,Nigeria,35-44,Male,Monthly
15779,2026-04-12,Nigeria,25-34,Male,Monthly
15780,2026-04-30,NGR,25-34,Male,Monthly
15781,2026-04-17,United Kingdom,18-24,Female,Monthly
15782,2026-04-26,Nigeria,35-44,Male,Annual
15783,2026-04-26,Nigeria,18-24,Female,Annual
15784,2026-04-17,Nigeria,18-24,Female,Monthly
15785,2026-04-22,Nigeria,35-44,Male,Annual
15786,2026-04-23,GBR,18 to 24,Male,Monthly
15787,2026-04-16,Nigeria,25-34,Male,Monthly
15788,2026-04-29,United Kingdom,25-34,Female,Monthly
15789,2026-04-13,Canada,25-34,Female,Annual
15790,2026-04-22,Nigeria,18-24,Female,Annual
15791,2026-04-11,Nigeria,25-34,Male,Monthly
15792,2026-04-11,Nigeria,35-44,Male,Monthly
15793,2026-04-11,United Kingdom,35-44,Male,Annual
15794,2026-04-06,Nigeria,45+,Female,Monthly
15795,2026-04-25,United Kingdom,45+,Male,Monthly
15796,2026-04-13,Nigeria,25-34,Female,Annual
15797,2026-04-21,Nigeria,25-34,Male,Annual
15798,2026-04-06,Nigeria,18-24,Male,Monthly
15799,2026-04-21,Nigeria,45+,Female,Monthly
15800,2026-04-01,Canada,25-34,Female,Monthly
15801,2026-04-20,NG,18-24,Male,Monthly
15802,2026-04-14,Canada,25-34,Female,Monthly
15803,2026-04-04,Nigeria,25-34,Male,Annual
15804,2026-04-10,Nigeria,25-34,Male,Monthly
15805,2026-04-02,United Kingdom,45+,Female,Monthly
15806,2026-04-03,Nigeria,18-24,Male,Annual
15807,2026-04-25,Canada,35-44,Female,Annual
15808,2026-04-27,United Kingdom,18-24,Male,Monthly
15809,2026-04-25,Nigeria,35-44,Female,Monthly
15810,2026-04-04,United Kingdom,25-34,Male,Annual
15811,2026-04-18,Nigeria,45+,female,Annual
15812,2026-04-19,United Kingdom,25-34,Female,Monthly
15813,2026-04-11,Nigeria,45+,Male,Annual
15814,2026-04-18,Canada,18-24,Male,Annual
15815,2026-04-09,UK,18-24,male,Monthly
15816,2026-04-30,Nigeria,35-44,Male,Monthly
15817,2026-04-08,United Kingdom,45+,Male,Annual
15818,2026-04-08,Nigeria,25-34,FEMALE,Monthly
15819,2026-04-24,Canada,35-44,Male,Annual
15820,2026-04-08,United Kingdom,25-34,Male,Annual
15821,2026-04-28,UK,18-24,Female,Monthly
15822,2026-04-19,Canada,18-24,Female,Monthly
15823,2026-04-28,Nigeria,25-34,Male,Monthly
15824,2026-04-17,Nigeria,25-34,Female,Annual
15825,2026-04-29,United Kingdom,35-44,Female,Monthly
15826,2026-04-25,Nigeria,25 to 34,Male,Annual
15827,2026-04-25,Nigeria,18-24,Male,Annual
15828,2026-04-06,United Kingdom,35-44,FEMALE,Monthly
15829,2026-04-25,United Kingdom,25 to 34,Female,Monthly
15830,2026-04-10,United Kingdom,45+,Female,Monthly
15831,2026-04-25,Nigeria,18-24,Female,Annual
15832,2026-04-01,Nigeria,35-44,male,Monthly
15833,2026-04-02,Nigeria,35-44,Female,Annual
15834,2026-04-22,United Kingdom,25-34,Male,Monthly
15835,2026-04-02,Nigeria,45+,Female,Monthly
15836,2026-04-10,Nigeria,25-34,Female,Monthly
15837,2026-04-14,GBR,18-24,Male,Annual
15838,2026-04-08,Canada,45+,Male,Monthly
15839,2026-04-23,Nigeria,35-44,Male,Annual
15840,2026-04-19,Canada,25-34,Female,Annual
15841,2026-04-20,Nigeria,25-34,Female,Annual
15842,2026-04-08,United Kingdom,18-24,Male,Annual
15843,2026-04-01,Nigeria,25-34,Female,Monthly
15844,2026-04-02,Nigeria,25-34,Female,Annual
15845,2026-04-08,Canada,25-34,Female,Monthly
15846,2026-04-08,United Kingdom,35-44,Male,Annual
15847,2026-04-19,Nigeria,35-44,Male,Monthly
15848,2026-04-26,Canada,25-34,Male,Annual
15849,2026-04-09,Nigeria,35-44,female,Annual
15850,2026-04-18,Nigeria,35-44,Male,Monthly
15851,2026-04-28,Nigeria,35-44,Male,Annual
15852,2026-04-15,United Kingdom,45+,Male,Annual
15853,2026-04-07,United Kingdom,25-34,Male,Monthly
15854,2026-04-15,Nigeria,35-44,Female,Annual
15855,2026-04-02,United Kingdom,25-34,Female,Monthly
15856,2026-04-30,United Kingdom,25-34,Female,Annual
15857,2026-04-28,Nigeria,18-24,FEMALE,Monthly
15858,2026-04-01,Nigeria,18-24,Female,Annual
15859,2026-04-08,Nigeria,35-44,Female,Monthly
15860,2026-04-05,United Kingdom,45+,Male,Annual
15861,2026-04-27,Canada,45+,Male,Monthly
15862,2026-04-26,Nigeria,25-34,Female,Annual
15863,2026-04-11,Nigeria,18-24,Male,Monthly
15864,2026-04-17,United Kingdom,18-24,Male,Annual
15865,2026-04-20,Nigeria,18-24,Female,Annual
15866,2026-04-30,United Kingdom,35-44,Female,Annual
15867,2026-04-25,Nigeria,25 to 34,Female,Annual
15868,2026-04-21,Nigeria,35-44,Male,Annual
15869,2026-04-14,Nigeria,18-24,Female,Monthly
15870,2026-04-22,Canada,35-44,Male,Monthly
15871,2026-04-20,Nigeria,18-24,Female,Monthly
15872,2026-04-18,Nigeria,35-44,Female,Annual
15873,2026-04-07,Nigeria,25-34,Male,Monthly
15874,2026-04-01,Canada,35-44,Female,Monthly
15875,2026-04-16,Canada,35-44,Female,Annual
15876,2026-04-28,United Kingdom,25-34,Male,Monthly
15877,2026-04-30,United Kingdom,18-24,Male,Annual
15878,2026-04-16,Nigeria,45+,Male,Annual
15879,2026-04-30,Nigeria,45+,Male,Monthly
15880,2026-04-01,Nigeria,25-34,Male,Monthly
15881,2026-04-25,Nigeria,35-44,Female,Monthly
15882,2026-04-07,United Kingdom,45+,Female,Annual
15883,2026-04-11,United Kingdom,18/24,Male,Monthly
15884,2026-04-11,UK,25-34,Male,Monthly
15885,2026-04-07,United Kingdom,25-34,Male,Monthly
15886,2026-04-09,United Kingdom,25-34,Male,Monthly
15887,2026-04-17,NG,35-44,Female,Annual
15888,2026-04-01,Nigeria,18-24,Female,Annual
15889,2026-04-07,Nigeria,25-34,Female,Monthly
15890,2026-04-09,United Kingdom,18-24,Male,Monthly
15891,2026-04-03,United Kingdom,25-34,Female,Annual
15892,2026-04-27,Canada,25-34,Female,Monthly
15893,2026-04-14,United Kingdom,35-44,Male,Monthly
15894,2026-04-18,Canada,35-44,Male,Annual
15895,2026-04-18,Nigeria,25-34,Female,Annual
15896,2026-04-10,Canada,25-34,Male,Monthly
15897,2026-04-09,Nigeria,25-34,Male,Monthly
15898,2026-04-03,Nigeria,45+,Male,Annual
15899,2026-04-25,Nigeria,45+,Male,Annual
15900,2026-04-23,United Kingdom,35-44,Female,Annual
15901,2026-04-20,Nigeria,35 to 44,Female,Annual
15902,2026-04-22,Nigeria,35-44,Female,Monthly
15903,2026-04-25,United Kingdom,25-34,female,Annual
15904,2026-04-01,United Kingdom,35-44,Female,Monthly
15905,2026-04-21,Nigeria,45+,FEMALE,Annual
15906,2026-04-30,United Kingdom,18-24,Female,Monthly
15907,2026-04-25,Canada,25/34,Male,Monthly
15908,2026-04-08,United Kingdom,35-44,Male,Annual
15909,2026-04-18,United Kingdom,45+,Female,Monthly
15910,2026-04-08,Canada,18-24,Female,Monthly
15911,2026-04-04,Canada,45+,Female,Monthly
15912,2026-04-10,Nigeria,18 to 24,Male,Annual
15913,2026-04-11,Nigeria,25-34,Male,Monthly
15914,2026-04-29,Nigeria,18-24,female,Monthly
15915,2026-04-15,United Kingdom,25-34,Female,Annual
15916,2026-04-26,Canada,45+,Male,Monthly
15917,2026-04-29,Nigeria,35-44,Female,Monthly
15918,2026-04-20,United Kingdom,25-34,Male,Annual
15919,2026-04-15,Nigeria,35-44,Female,Monthly
15920,2026-04-15,United Kingdom,25-34,Male,Monthly
15921,2026-04-24,Canada,35-44,Male,Monthly
15922,2026-04-10,Canada,25-34,Female,Monthly
15923,2026-04-14,NGR,35 to 44,Female,Annual
15924,2026-04-11,United Kingdom,35-44,Female,Annual
15925,2026-04-08,United Kingdom,18 to 24,Female,Monthly
15926,2026-04-10,Canada,25-34,Male,Monthly
15927,2026-04-03,United Kingdom,35-44,Male,Monthly
15928,2026-04-26,NGR,45+,Female,Monthly
15929,2026-04-27,Nigeria,18-24,Female,Annual
15930,2026-04-21,Nigeria,25-34,Female,Monthly
15931,2026-04-23,Nigeria,45+,Female,Annual
15932,2026-04-13,Canada,25-34,Female,Monthly
15933,2026-04-16,Nigeria,25-34,Female,Monthly
15934,2026-04-30,Canada,18-24,Female,Monthly
15935,2026-04-02,Nigeria,18-24,Female,Annual
15936,2026-04-06,United Kingdom,18-24,Male,Monthly
15937,2026-04-25,United Kingdom,25-34,Male,Annual
15938,2026-04-03,Nigeria,25-34,Female,Annual
15939,2026-04-24,Nigeria,25-34,Female,Monthly
15940,2026-04-12,United Kingdom,35-44,Male,Annual
15941,2026-04-22,NG,25-34,Female,Annual
15942,2026-04-30,Nigeria,18-24,MALE,Monthly
15943,2026-04-18,Nigeria,45+,Male,Annual
15944,2026-04-01,Canada,18 to 24,Male,Monthly
15945,2026-04-16,Nigeria,45+,Male,Monthly
15946,2026-04-03,Nigeria,25-34,Male,Annual
15947,2026-04-29,Canada,35-44,Female,Monthly
15948,2026-04-11,Canada,45+,Female,Annual
15949,2026-04-29,Nigeria,25-34,Male,Monthly
15950,2026-04-30,NGR,25-34,Male,Monthly
15951,2026-04-10,United Kingdom,25-34,male,Annual
15952,2026-04-11,Nigeria,18-24,Female,Monthly
15953,2026-04-27,Nigeria,25/34,FEMALE,Monthly
15954,2026-04-21,Canada,35-44,Male,Monthly
15955,2026-04-16,United Kingdom,35-44,Female,Annual
15956,2026-04-26,United Kingdom,18-24,Male,Annual
15957,2026-04-08,Nigeria,45+,male,Annual
15958,2026-04-21,Nigeria,25-34,Male,Monthly
15959,2026-04-11,United Kingdom,18-24,Male,Annual
15960,2026-04-03,Nigeria,45+,Male,Monthly
15961,2026-04-11,Canada,25 to 34,Male,Monthly
15962,2026-04-05,Nigeria,35-44,Female,Annual
15963,2026-04-30,Nigeria,25-34,Female,Monthly
15964,2026-04-08,Nigeria,45+,female,Annual
15965,2026-04-28,Canada,45+,Female,Monthly
15966,2026-04-24,Nigeria,25-34,Female,Annual
15967,2026-04-12,Nigeria,25-34,Female,Monthly
15968,2026-04-25,United Kingdom,25-34,Female,Annual
15969,2026-04-02,United Kingdom,18-24,Female,Monthly
15970,2026-04-06,Canada,25-34,Female,Annual
15971,2026-04-25,Nigeria,25-34,Male,Monthly
15972,2026-04-12,Nigeria,45+,Male,Annual
15973,2026-04-05,Canada,25-34,male,Annual
15974,2026-04-05,United Kingdom,25/34,Male,Monthly
15975,2026-04-25,United Kingdom,35-44,Male,Annual
15976,2026-04-15,Nigeria,35-44,Female,Monthly
15977,2026-04-14,Canada,25 to 34,Female,Monthly
15978,2026-04-11,Canada,25-34,female,Annual
15979,2026-04-03,Nigeria,25-34,Male,Annual
15980,2026-04-30,Nigeria,35-44,Male,Monthly
15981,2026-04-07,Nigeria,35-44,MALE,Monthly
15982,2026-04-12,Nigeria,35-44,Female,Monthly
15983,2026-04-25,United Kingdom,25/34,Male,Monthly
15984,2026-04-02,Nigeria,18 to 24,Male,Monthly
15985,2026-04-18,United Kingdom,25-34,Female,Monthly
15986,2026-04-16,Nigeria,25-34,FEMALE,Annual
15987,2026-04-22,Nigeria,35-44,Male,Monthly
15988,2026-04-28,NGR,25/34,Female,Monthly
15989,2026-04-03,Nigeria,25-34,Female,Monthly
15990,2026-04-12,Canada,25-34,Male,Monthly
15991,2026-04-11,United Kingdom,25-34,Male,Annual
15992,2026-04-25,Nigeria,35 to 44,Female,Annual
15993,2026-04-14,United Kingdom,25-34,Female,Annual
15994,2026-04-13,UK,35-44,Female,Monthly
15995,2026-04-09,Canada,25-34,Male,Annual
15996,2026-04-18,Nigeria,35-44,Male,Annual
15997,2026-04-19,Nigeria,35-44,Male,Monthly
15998,2026-04-16,Nigeria,35-44,Female,Annual
15999,2026-04-19,Nigeria,25-34,Female,Monthly
16000,2026-04-27,Nigeria,25-34,Female,Annual
16001,2026-04-26,Canada,25-34,FEMALE,Annual
16002,2026-04-18,United Kingdom,45+,Male,Monthly
16003,2026-04-29,Canada,18-24,Female,Annual
16004,2026-04-12,United Kingdom,25-34,Female,Annual
16005,2026-04-01,Nigeria,25-34,Female,Annual
16006,2026-04-24,Nigeria,35-44,Male,Monthly
16007,2026-04-24,Canada,25-34,Male,Annual
16008,2026-04-02,Nigeria,45+,Male,Annual
16009,2026-04-10,United Kingdom,25-34,Female,Monthly
16010,2026-04-09,Nigeria,18-24,Female,Annual
16011,2026-04-16,Nigeria,18-24,Male,Monthly
16012,2026-04-09,Nigeria,45+,Female,Monthly
16013,2026-04-23,Nigeria,18-24,Female,Annual
16014,2026-04-18,Canada,25-34,Female,Monthly
16015,2026-04-27,United Kingdom,25-34,Male,Monthly
16016,2026-04-26,Canada,35-44,Male,Monthly
16017,2026-04-09,Canada,25-34,Female,Monthly
16018,2026-04-17,United Kingdom,35-44,Male,Monthly
16019,2026-04-19,Nigeria,35/44,Female,Annual
16020,2026-04-14,United Kingdom,25-34,Male,Monthly
16021,2026-04-29,Nigeria,18-24,Male,Annual
16022,2026-04-02,Canada,25-34,Female,Monthly
16023,2026-04-28,Canada,25-34,Male,Monthly
16024,2026-04-30,United Kingdom,25-34,Female,Annual
16025,2026-04-11,Nigeria,25-34,Female,Monthly
16026,2026-04-09,Nigeria,25-34,Male,Monthly
16027,2026-04-02,Nigeria,25/34,Male,Annual
16028,2026-04-04,Nigeria,18-24,Female,Monthly
16029,2026-04-08,Canada,25-34,Female,Annual
16030,2026-04-25,Nigeria,25-34,Male,Monthly
16031,2026-05-07,Nigeria,35-44,Male,Monthly
16032,2026-05-05,Canada,25-34,Female,Monthly
16033,2026-05-05,United Kingdom,25-34,Female,Annual
16034,2026-05-25,Nigeria,18-24,Female,Monthly
16035,2026-05-08,Nigeria,18-24,Female,Monthly
16036,2026-05-07,United Kingdom,25-34,Male,Monthly
16037,2026-05-13,Nigeria,25-34,Male,Monthly
16038,2026-05-21,Nigeria,25-34,Male,Monthly
16039,2026-05-14,Nigeria,35-44,Male,Monthly
16040,2026-05-19,Canada,35-44,Female,Monthly
16041,2026-05-12,United Kingdom,45+,Female,Monthly
16042,2026-05-14,Canada,25-34,Male,Annual
16043,2026-05-19,Nigeria,45+,Male,Monthly
16044,2026-05-21,Canada,25-34,Male,Monthly
16045,2026-05-23,Nigeria,25-34,Male,Annual
16046,2026-05-27,GBR,45+,Male,Monthly
16047,2026-05-11,United Kingdom,45+,Male,Annual
16048,2026-05-04,United Kingdom,35-44,Male,Annual
16049,2026-05-03,Canada,25-34,FEMALE,Monthly
16050,2026-05-21,Canada,35-44,Female,Monthly
16051,2026-05-14,Nigeria,18-24,Female,Annual
16052,2026-05-13,Nigeria,25-34,Male,Monthly
16053,2026-05-23,United Kingdom,25-34,Female,Annual
16054,2026-05-21,Nigeria,35-44,Female,Monthly
16055,2026-05-29,Nigeria,18-24,Male,Monthly
16056,2026-05-28,Nigeria,35-44,Male,Monthly
16057,2026-05-24,United Kingdom,25-34,Male,Annual
16058,2026-05-21,United Kingdom,45+,Female,Monthly
16059,2026-05-28,Nigeria,45+,Female,Monthly
16060,2026-05-05,United Kingdom,18-24,Male,Annual
16061,2026-05-30,Nigeria,25-34,Female,Annual
16062,2026-05-13,CA,25-34,Female,Monthly
16063,2026-05-08,Nigeria,18-24,Male,Annual
16064,2026-05-18,Canada,18-24,Male,Monthly
16065,2026-05-28,CAN,35-44,Female,Annual
16066,2026-05-04,United Kingdom,25-34,Female,Monthly
16067,2026-05-06,United Kingdom,45+,Female,Annual
16068,2026-05-20,Nigeria,35-44,Female,Annual
16069,2026-05-21,Nigeria,45+,Male,Annual
16070,2026-05-23,Nigeria,35-44,Female,Monthly
16071,2026-05-28,United Kingdom,18-24,Female,Monthly
16072,2026-05-24,Canada,25-34,Male,Monthly
16073,2026-05-26,Nigeria,25-34,Female,Monthly
16074,2026-05-04,United Kingdom,35/44,Male,Annual
16075,2026-05-12,United Kingdom,18-24,Male,Annual
16076,2026-05-22,Nigeria,35-44,Male,Monthly
16077,2026-05-26,United Kingdom,35-44,Female,Annual
16078,2026-05-12,Nigeria,25-34,Female,Annual
16079,2026-05-19,United Kingdom,18-24,Male,Monthly
16080,2026-05-07,Nigeria,25-34,Male,Monthly
16081,2026-05-27,United Kingdom,35-44,Female,Annual
16082,2026-05-17,United Kingdom,35-44,Male,Annual
16083,2026-05-03,Nigeria,35-44,Female,Monthly
16084,2026-05-18,United Kingdom,35-44,Female,Monthly
16085,2026-05-09,Nigeria,25/34,Male,Annual
16086,2026-05-15,United Kingdom,45+,Female,Monthly
16087,2026-05-11,United Kingdom,25/34,Female,Monthly
16088,2026-05-27,Nigeria,35-44,Male,Annual
16089,2026-05-27,Canada,25-34,Male,Annual
16090,2026-05-05,Nigeria,35/44,Male,Monthly
16091,2026-05-11,Nigeria,25-34,Male,Annual
16092,2026-05-13,Nigeria,45+,Male,Annual
16093,2026-05-27,United Kingdom,25-34,Male,Monthly
16094,2026-05-09,Canada,45+,male,Monthly
16095,2026-05-22,United Kingdom,18-24,Male,Monthly
16096,2026-05-02,Nigeria,18-24,Male,Monthly
16097,2026-05-30,United Kingdom,18-24,Male,Monthly
16098,2026-05-11,Nigeria,25-34,Female,Monthly
16099,2026-05-09,United Kingdom,25-34,Male,Monthly
16100,2026-05-23,UK,25-34,Male,Monthly
16101,2026-05-19,United Kingdom,35/44,MALE,Monthly
16102,2026-05-17,Nigeria,35-44,Female,Monthly
16103,2026-05-29,Nigeria,25-34,Male,Monthly
16104,2026-05-13,Nigeria,25-34,Male,Monthly
16105,2026-05-17,United Kingdom,45+,Male,Annual
16106,2026-05-15,Canada,45+,Female,Annual
16107,2026-05-06,United Kingdom,45+,Female,Monthly
16108,2026-05-10,UK,25-34,Female,Annual
16109,2026-05-19,Nigeria,18-24,Female,Annual
16110,2026-05-04,Nigeria,35-44,Female,Annual
16111,2026-05-23,United Kingdom,18-24,Male,Annual
16112,2026-05-19,Nigeria,45+,Female,Monthly
16113,2026-05-21,Nigeria,25-34,Female,Monthly
16114,2026-05-26,Nigeria,35-44,Male,Monthly
16115,2026-05-15,United Kingdom,25-34,Female,Monthly
16116,2026-05-25,Nigeria,35-44,Male,Annual
16117,2026-05-24,CA,25-34,Female,Monthly
16118,2026-05-08,Canada,25-34,Male,Monthly
16119,2026-05-09,United Kingdom,25-34,Female,Monthly
16120,2026-05-14,Nigeria,25-34,female,Monthly
16121,2026-05-03,Nigeria,35-44,Male,Annual
16122,2026-05-18,United Kingdom,35-44,male,Monthly
16123,2026-05-29,Nigeria,45+,Female,Monthly
16124,2026-05-25,Nigeria,35-44,Male,Annual
16125,2026-05-23,Nigeria,18-24,Female,Annual
16126,2026-05-07,United Kingdom,35 to 44,Female,Monthly
16127,2026-05-25,United Kingdom,35-44,Female,Annual
16128,2026-05-05,United Kingdom,18-24,Male,Monthly
16129,2026-05-13,United Kingdom,35 to 44,Male,Monthly
16130,2026-05-29,Nigeria,18-24,Male,Annual
16131,2026-05-24,Nigeria,25-34,Female,Monthly
16132,2026-05-05,Nigeria,25-34,Female,Monthly
16133,2026-05-17,United Kingdom,25-34,Male,Monthly
16134,2026-05-31,Nigeria,18-24,Female,Monthly
16135,2026-05-14,Canada,18-24,Female,Annual
16136,2026-05-19,Nigeria,25-34,male,Monthly
16137,2026-05-12,Nigeria,35-44,Female,Annual
16138,2026-05-16,United Kingdom,35-44,Male,Annual
16139,2026-05-17,Nigeria,18-24,Female,Annual
16140,2026-05-06,Nigeria,25-34,Male,Monthly
16141,2026-05-30,Nigeria,25-34,Male,Monthly
16142,2026-05-27,Nigeria,35-44,Male,Annual
16143,2026-05-04,Nigeria,25-34,Male,Monthly
16144,2026-05-06,Nigeria,18-24,Female,Monthly
16145,2026-05-20,Nigeria,35-44,Female,Monthly
16146,2026-05-13,Canada,35-44,Female,Annual
16147,2026-05-22,Canada,45+,Male,Annual
16148,2026-05-02,Nigeria,25-34,Female,Annual
16149,2026-05-24,NGR,25-34,Male,Monthly
16150,2026-05-01,Nigeria,45+,Female,Annual
16151,2026-05-07,Canada,18-24,Male,Annual
16152,2026-05-23,GBR,25-34,Female,Annual
16153,2026-05-11,United Kingdom,18-24,Male,Annual
16154,2026-05-07,Nigeria,35-44,male,Annual
16155,2026-05-28,Canada,18-24,Female,Monthly
16156,2026-05-19,Nigeria,18-24,Male,Annual
16157,2026-05-09,Nigeria,25-34,Male,Annual
16158,2026-05-23,Canada,18-24,Female,Annual
16159,2026-05-05,Nigeria,25-34,Male,Monthly
16160,2026-05-16,United Kingdom,35-44,Female,Monthly
16161,2026-05-06,United Kingdom,25-34,Male,Monthly
16162,2026-05-21,Canada,25 to 34,Male,Annual
16163,2026-05-09,United Kingdom,35-44,Male,Monthly
16164,2026-05-08,Canada,45+,Male,Monthly
16165,2026-05-08,Nigeria,25-34,Male,Annual
16166,2026-05-26,United Kingdom,25-34,Male,Monthly
16167,2026-05-27,United Kingdom,18-24,Female,Monthly
16168,2026-05-07,Nigeria,25-34,Male,Monthly
16169,2026-05-05,Nigeria,18/24,Male,Annual
16170,2026-05-19,Nigeria,18-24,Male,Annual
16171,2026-05-20,Nigeria,45+,Female,Monthly
16172,2026-05-26,United Kingdom,25-34,Female,Annual
16173,2026-05-26,Nigeria,35-44,Female,Annual
16174,2026-05-25,United Kingdom,25-34,Male,Monthly
16175,2026-05-02,Canada,35 to 44,Female,Annual
16176,2026-05-02,United Kingdom,25-34,Female,Annual
16177,2026-05-06,Canada,18-24,Male,Annual
16178,2026-05-12,United Kingdom,18-24,Male,Annual
16179,2026-05-23,Canada,45+,Male,Annual
16180,2026-05-27,Canada,35/44,Male,Monthly
16181,2026-05-23,Nigeria,45+,Female,Monthly
16182,2026-05-27,United Kingdom,25-34,Male,Annual
16183,2026-05-12,United Kingdom,45+,Female,Monthly
16184,2026-05-20,United Kingdom,35-44,Male,Annual
16185,2026-05-05,Nigeria,18-24,Male,Annual
16186,2026-05-04,United Kingdom,25-34,Female,Monthly
16187,2026-05-26,Canada,45+,Male,Monthly
16188,2026-05-13,GBR,35-44,Female,Annual
16189,2026-05-23,Nigeria,45+,Female,Monthly
16190,2026-05-30,United Kingdom,35-44,Male,Annual
16191,2026-05-18,Nigeria,18-24,Female,Monthly
16192,2026-05-04,United Kingdom,25-34,Female,Monthly
16193,2026-05-21,Nigeria,25-34,Male,Monthly
16194,2026-05-25,NG,25/34,Female,Monthly
16195,2026-05-09,United Kingdom,18-24,Male,Monthly
16196,2026-05-13,Nigeria,25-34,Female,Monthly
16197,2026-05-20,Nigeria,35-44,female,Annual
16198,2026-05-24,United Kingdom,18-24,Female,Monthly
16199,2026-05-06,United Kingdom,35-44,Female,Monthly
16200,2026-05-02,United Kingdom,35-44,Male,Monthly
16201,2026-05-20,United Kingdom,45+,Female,Monthly
16202,2026-05-01,United Kingdom,25-34,Female,Monthly
16203,2026-05-15,Nigeria,18-24,Female,Monthly
16204,2026-05-10,Nigeria,35-44,Female,Annual
16205,2026-05-14,Nigeria,18-24,Male,Annual
16206,2026-05-27,Nigeria,25-34,Male,Annual
16207,2026-05-30,Canada,25-34,Female,Annual
16208,2026-05-22,Nigeria,35 to 44,Male,Annual
16209,2026-05-12,United Kingdom,45+,Male,Monthly
16210,2026-05-19,Nigeria,45+,Female,Annual
16211,2026-05-05,Nigeria,18-24,Female,Annual
16212,2026-05-31,Nigeria,25-34,FEMALE,Annual
16213,2026-05-28,Nigeria,18-24,Female,Annual
16214,2026-05-11,Nigeria,35-44,Female,Monthly
16215,2026-05-01,Canada,25-34,Female,Annual
16216,2026-05-27,Nigeria,25-34,Male,Monthly
16217,2026-05-01,Nigeria,25-34,Male,Monthly
16218,2026-05-04,CA,25-34,Female,Monthly
16219,2026-05-01,Nigeria,25-34,Female,Annual
16220,2026-05-06,United Kingdom,18-24,Female,Monthly
16221,2026-05-29,United Kingdom,45+,Male,Monthly
16222,2026-05-15,Nigeria,35-44,Female,Monthly
16223,2026-05-06,Nigeria,25-34,Female,Monthly
16224,2026-05-30,Canada,25-34,Female,Monthly
16225,2026-05-13,Nigeria,18-24,Female,Monthly
16226,2026-05-22,Nigeria,25-34,male,Monthly
16227,2026-05-17,Nigeria,18-24,Male,Monthly
16228,2026-05-04,Nigeria,25-34,Female,Annual
16229,2026-05-23,Canada,18-24,Male,Monthly
16230,2026-05-30,Canada,18-24,FEMALE,Monthly
16231,2026-05-31,Canada,25-34,Female,Monthly
16232,2026-05-24,Nigeria,45+,Female,Monthly
16233,2026-05-21,GBR,35-44,male,Annual
16234,2026-05-23,United Kingdom,25-34,Female,Monthly
16235,2026-05-31,United Kingdom,35-44,Female,Monthly
16236,2026-05-18,United Kingdom,35-44,Female,Monthly
16237,2026-05-29,United Kingdom,45+,Male,Annual
16238,2026-05-13,Nigeria,25-34,Female,Annual
16239,2026-05-10,United Kingdom,45+,Female,Annual
16240,2026-05-04,United Kingdom,18-24,Male,Annual
16241,2026-05-15,Nigeria,18-24,Male,Annual
16242,2026-05-20,Nigeria,25-34,Female,Monthly
16243,2026-05-13,Nigeria,25-34,Female,Annual
16244,2026-05-04,United Kingdom,45+,Male,Monthly
16245,2026-05-14,United Kingdom,35-44,Female,Annual
16246,2026-05-19,United Kingdom,35 to 44,Male,Annual
16247,2026-05-04,United Kingdom,35-44,Female,Annual
16248,2026-05-17,Nigeria,35-44,Male,Annual
16249,2026-05-12,United Kingdom,18/24,Female,Monthly
16250,2026-05-19,Nigeria,18-24,Female,Monthly
16251,2026-05-01,Canada,25-34,Female,Monthly
16252,2026-05-26,Nigeria,45+,Female,Monthly
16253,2026-05-13,Canada,25-34,Male,Monthly
16254,2026-05-13,Nigeria,35-44,Male,Monthly
16255,2026-05-04,United Kingdom,25-34,Male,Monthly
16256,2026-05-14,Nigeria,18/24,Male,Annual
16257,2026-05-13,Nigeria,25 to 34,Female,Monthly
16258,2026-05-02,United Kingdom,45+,Male,Monthly
16259,2026-05-18,Nigeria,35-44,Female,Monthly
16260,2026-05-09,Nigeria,18-24,Male,Monthly
16261,2026-05-12,Nigeria,25-34,Male,Annual
16262,2026-05-03,Nigeria,35-44,Female,Monthly
16263,2026-05-20,Nigeria,45+,Male,Annual
16264,2026-05-05,Nigeria,25-34,MALE,Monthly
16265,2026-05-19,Nigeria,25-34,Female,Monthly
16266,2026-05-14,Nigeria,18-24,Male,Monthly
16267,2026-05-24,Nigeria,18-24,Female,Monthly
16268,2026-05-13,United Kingdom,35-44,Female,Annual
16269,2026-05-21,United Kingdom,18-24,Female,Annual
16270,2026-05-30,Nigeria,45+,Female,Monthly
16271,2026-05-09,United Kingdom,25-34,Female,Monthly
16272,2026-05-04,Nigeria,45+,Male,Annual
16273,2026-05-19,Nigeria,35-44,Female,Monthly
16274,2026-05-05,United Kingdom,35-44,Male,Monthly
16275,2026-05-07,United Kingdom,25-34,Female,Annual
16276,2026-05-24,Nigeria,35-44,Female,Annual
16277,2026-05-22,Nigeria,45+,Male,Monthly
16278,2026-05-01,Nigeria,35-44,Male,Monthly
16279,2026-05-19,Nigeria,25-34,Male,Monthly
16280,2026-05-21,United Kingdom,25-34,Male,Monthly
16281,2026-05-10,United Kingdom,45+,Male,Annual
16282,2026-05-24,Nigeria,35-44,Female,Annual
16283,2026-05-23,United Kingdom,25-34,Female,Monthly
16284,2026-05-20,Canada,35 to 44,Female,Annual
16285,2026-05-08,Canada,25-34,Female,Annual
16286,2026-05-09,Nigeria,45+,Female,Monthly
16287,2026-05-17,Canada,25-34,Male,Monthly
16288,2026-05-04,Nigeria,25-34,Female,Annual
16289,2026-05-13,Nigeria,25-34,Male,Monthly
16290,2026-05-31,Nigeria,45+,Female,Monthly
16291,2026-05-20,Nigeria,18-24,FEMALE,Monthly
16292,2026-05-27,Nigeria,25-34,Male,Monthly
16293,2026-05-11,Nigeria,18-24,FEMALE,Annual
16294,2026-05-23,United Kingdom,45+,Male,Monthly
16295,2026-05-23,United Kingdom,35-44,male,Monthly
16296,2026-05-06,United Kingdom,35-44,Female,Monthly
16297,2026-05-07,United Kingdom,35-44,Male,Monthly
16298,2026-05-14,Nigeria,25-34,Male,Monthly
16299,2026-05-20,United Kingdom,45+,Male,Annual
16300,2026-05-23,United Kingdom,18-24,Female,Annual
16301,2026-05-31,Nigeria,45+,Male,Monthly
16302,2026-05-04,UK,45+,male,Annual
16303,2026-05-20,United Kingdom,18-24,Male,Monthly
16304,2026-05-30,United Kingdom,18-24,Female,Annual
16305,2026-05-06,United Kingdom,25 to 34,Female,Annual
16306,2026-05-30,United Kingdom,35-44,Female,Monthly
16307,2026-05-27,United Kingdom,45+,Male,Annual
16308,2026-05-05,Canada,45+,Male,Monthly
16309,2026-05-07,Nigeria,25-34,Female,Annual
16310,2026-05-07,Nigeria,35-44,Male,Monthly
16311,2026-05-03,Nigeria,18-24,Female,Annual
16312,2026-05-12,NGR,25-34,Male,Annual
16313,2026-05-14,Nigeria,35-44,Male,Annual
16314,2026-05-14,Nigeria,25-34,Male,Annual
16315,2026-05-26,Nigeria,25-34,male,Monthly
16316,2026-05-14,United Kingdom,35-44,Male,Annual
16317,2026-05-06,Canada,25-34,Female,Annual
16318,2026-05-22,United Kingdom,18-24,Female,Monthly
16319,2026-05-20,Nigeria,18-24,FEMALE,Monthly
16320,2026-05-15,Canada,25-34,Male,Monthly
16321,2026-05-20,Canada,25-34,Female,Monthly
16322,2026-05-06,United Kingdom,25-34,Male,Monthly
16323,2026-05-25,United Kingdom,35-44,Male,Monthly
16324,2026-05-09,United Kingdom,18-24,Female,Monthly
16325,2026-05-02,United Kingdom,35-44,Female,Annual
16326,2026-05-13,Canada,25-34,Male,Monthly
16327,2026-05-08,United Kingdom,35-44,Male,Annual
16328,2026-05-17,United Kingdom,25/34,Male,Annual
16329,2026-05-15,Nigeria,45+,Male,Monthly
16330,2026-05-29,Nigeria,18-24,Female,Annual
16331,2026-05-13,Nigeria,25-34,Female,Annual
16332,2026-05-03,United Kingdom,25-34,Female,Monthly
16333,2026-05-16,CA,35-44,Female,Monthly
16334,2026-05-25,Nigeria,25-34,Male,Monthly
16335,2026-05-09,Nigeria,18-24,Female,Monthly
16336,2026-05-10,United Kingdom,25-34,Male,Annual
16337,2026-05-06,Nigeria,45+,Male,Monthly
16338,2026-05-23,Nigeria,18-24,Male,Annual
16339,2026-05-06,Canada,35 to 44,Female,Annual
16340,2026-05-09,Nigeria,45+,Female,Monthly
16341,2026-05-03,United Kingdom,35-44,Female,Monthly
16342,2026-05-12,United Kingdom,18-24,Male,Annual
16343,2026-05-27,United Kingdom,45+,Male,Annual
16344,2026-05-14,Nigeria,25-34,Male,Monthly
16345,2026-05-04,Nigeria,25-34,Female,Annual
16346,2026-05-24,Nigeria,25-34,Male,Annual
16347,2026-05-12,United Kingdom,35-44,Female,Annual
16348,2026-05-06,Nigeria,18-24,Male,Annual
16349,2026-05-01,United Kingdom,25-34,Female,Annual
16350,2026-05-11,United Kingdom,35-44,Female,Monthly
16351,2026-05-05,Canada,18-24,Female,Annual
16352,2026-05-17,Canada,45+,Male,Monthly
16353,2026-05-14,Nigeria,25-34,Female,Annual
16354,2026-05-21,Nigeria,45+,Female,Annual
16355,2026-05-09,Nigeria,25 to 34,Male,Annual
16356,2026-05-03,United Kingdom,35-44,Female,Monthly
16357,2026-05-04,United Kingdom,35-44,Female,Annual
16358,2026-05-03,Nigeria,25-34,Female,Annual
16359,2026-05-09,United Kingdom,18-24,Female,Monthly
16360,2026-05-23,Nigeria,45+,Male,Annual
16361,2026-05-17,United Kingdom,25-34,Female,Monthly
16362,2026-05-12,Nigeria,45+,Female,Monthly
16363,2026-05-08,Nigeria,25-34,female,Annual
16364,2026-05-06,Canada,45+,Female,Annual
16365,2026-05-05,United Kingdom,35-44,Male,Annual
16366,2026-05-09,United Kingdom,25-34,Male,Monthly
16367,2026-05-16,United Kingdom,25 to 34,Female,Monthly
16368,2026-05-19,Nigeria,18-24,Male,Annual
16369,2026-05-30,Nigeria,25-34,Male,Annual
16370,2026-05-30,United Kingdom,18-24,Female,Annual
16371,2026-05-09,Nigeria,25-34,Female,Monthly
16372,2026-05-23,United Kingdom,45+,Female,Monthly
16373,2026-05-05,United Kingdom,25-34,Female,Annual
16374,2026-05-25,Nigeria,35-44,Female,Annual
16375,2026-05-29,Nigeria,35-44,Female,Monthly
16376,2026-05-19,United Kingdom,35-44,Male,Monthly
16377,2026-05-17,Nigeria,35-44,Female,Annual
16378,2026-05-12,Canada,35-44,Male,Monthly
16379,2026-05-28,Nigeria,18-24,Female,Monthly
16380,2026-05-30,Nigeria,25-34,Male,Annual
16381,2026-05-22,Canada,18-24,Male,Annual
16382,2026-05-03,Nigeria,25-34,Female,Annual
16383,2026-05-28,Nigeria,45+,Female,Annual
16384,2026-05-26,Nigeria,18-24,Female,Annual
16385,2026-05-12,Nigeria,45+,Female,Monthly
16386,2026-05-09,United Kingdom,25-34,Female,Monthly
16387,2026-05-24,United Kingdom,45+,Male,Monthly
16388,2026-05-19,Nigeria,18-24,Male,Monthly
16389,2026-05-24,United Kingdom,35 to 44,Female,Monthly
16390,2026-05-31,Nigeria,25-34,FEMALE,Monthly
16391,2026-05-12,Canada,18-24,Male,Monthly
16392,2026-05-27,United Kingdom,18-24,Female,Monthly
16393,2026-05-15,Canada,18 to 24,Male,Annual
16394,2026-05-27,Canada,35-44,Female,Monthly
16395,2026-05-08,Canada,25-34,Male,Monthly
16396,2026-05-26,NG,45+,Male,Annual
16397,2026-05-22,Canada,25-34,Female,Monthly
16398,2026-05-15,Canada,18-24,Female,Annual
16399,2026-05-29,Nigeria,25-34,Male,Annual
16400,2026-05-13,United Kingdom,25 to 34,Female,Monthly
16401,2026-05-24,United Kingdom,35-44,Male,Annual
16402,2026-05-17,NG,25-34,Male,Monthly
16403,2026-05-05,United Kingdom,45+,Female,Monthly
16404,2026-05-09,Nigeria,25-34,Female,Annual
16405,2026-05-25,Nigeria,25-34,Male,Monthly
16406,2026-05-15,Nigeria,45+,Male,Monthly
16407,2026-05-27,United Kingdom,25-34,Male,Annual
16408,2026-05-04,United Kingdom,25-34,Female,Annual
16409,2026-05-24,Nigeria,35-44,Male,Annual
16410,2026-05-28,Nigeria,25-34,Female,Annual
16411,2026-05-31,Nigeria,18 to 24,Female,Monthly
16412,2026-05-23,Canada,45+,Female,Annual
16413,2026-05-15,Nigeria,45+,Male,Monthly
16414,2026-05-02,Nigeria,45+,Male,Annual
16415,2026-05-07,United Kingdom,45+,Male,Monthly
16416,2026-05-21,Nigeria,25-34,Male,Annual
16417,2026-05-28,United Kingdom,18-24,Female,Monthly
16418,2026-05-24,Canada,45+,Male,Annual
16419,2026-05-19,Nigeria,18-24,Male,Annual
16420,2026-05-27,Canada,18/24,Male,Annual
16421,2026-05-10,United Kingdom,45+,Male,Monthly
16422,2026-05-11,Nigeria,25-34,Female,Monthly
16423,2026-05-03,Nigeria,35-44,Female,Monthly
16424,2026-05-20,Nigeria,25-34,Male,Monthly
16425,2026-05-06,Nigeria,45+,Female,Monthly
16426,2026-05-09,Nigeria,25 to 34,Female,Annual
16427,2026-05-03,Canada,35-44,MALE,Monthly
16428,2026-05-27,Nigeria,25-34,male,Annual
16429,2026-05-07,Canada,25-34,Female,Monthly
16430,2026-05-28,United Kingdom,25-34,Female,Monthly
16431,2026-05-08,United Kingdom,35-44,Female,Annual
16432,2026-05-03,United Kingdom,18 to 24,Female,Annual
16433,2026-05-31,Canada,25-34,Female,Monthly
16434,2026-05-09,NG,18-24,Female,Monthly
16435,2026-05-23,Nigeria,45+,Male,Monthly
16436,2026-05-04,Nigeria,45+,Female,Monthly
16437,2026-05-06,Nigeria,25-34,Female,Annual
16438,2026-05-13,Nigeria,25-34,Male,Monthly
16439,2026-05-24,Nigeria,25-34,Female,Annual
16440,2026-05-01,United Kingdom,25-34,Male,Monthly
16441,2026-05-20,Nigeria,25-34,Female,Annual
16442,2026-05-25,Canada,35-44,Female,Annual
16443,2026-05-04,United Kingdom,18-24,Female,Monthly
16444,2026-05-14,Nigeria,25-34,Female,Monthly
16445,2026-05-30,Nigeria,18-24,Female,Monthly
16446,2026-05-17,United Kingdom,35-44,Male,Monthly
16447,2026-05-24,Nigeria,25-34,Male,Monthly
16448,2026-05-24,Nigeria,25-34,Male,Monthly
16449,2026-05-13,Nigeria,25-34,Male,Monthly
16450,2026-05-23,Nigeria,35-44,Female,Monthly
16451,2026-06-02,United Kingdom,25-34,male,Monthly
16452,2026-06-05,Nigeria,35-44,Male,Annual
16453,2026-06-16,NG,25-34,Male,Annual
16454,2026-06-04,Nigeria,25-34,Male,Annual
16455,2026-06-14,United Kingdom,35-44,Female,Annual
16456,2026-06-14,Nigeria,35-44,Male,Annual
16457,2026-06-15,UK,35-44,Male,Annual
16458,2026-06-02,United Kingdom,25-34,Male,Annual
16459,2026-06-22,GBR,18-24,MALE,Annual
16460,2026-06-10,Nigeria,25-34,Male,Monthly
16461,2026-06-22,United Kingdom,25-34,Male,Monthly
16462,2026-06-07,Nigeria,45+,Female,Monthly
16463,2026-06-07,Canada,35/44,Male,Monthly
16464,2026-06-02,Nigeria,18 to 24,Male,Annual
16465,2026-06-26,Nigeria,35-44,Male,Annual
16466,2026-06-12,United Kingdom,25-34,Male,Monthly
16467,2026-06-05,Nigeria,45+,Male,Monthly
16468,2026-06-08,Canada,18-24,Female,Annual
16469,2026-06-05,Canada,18 to 24,Male,Monthly
16470,2026-06-04,United Kingdom,35-44,Female,Annual
16471,2026-06-03,United Kingdom,35-44,Male,Annual
16472,2026-06-22,Nigeria,25-34,Female,Monthly
16473,2026-06-18,Nigeria,25-34,Female,Monthly
16474,2026-06-28,Canada,18-24,Male,Monthly
16475,2026-06-30,Nigeria,18/24,Male,Monthly
16476,2026-06-19,UK,35-44,Female,Annual
16477,2026-06-17,United Kingdom,25-34,Male,Annual
16478,2026-06-28,Nigeria,35-44,Female,Annual
16479,2026-06-29,Nigeria,25-34,Female,Monthly
16480,2026-06-05,United Kingdom,25/34,Female,Monthly
16481,2026-06-18,NG,25-34,Female,Annual
16482,2026-06-24,United Kingdom,25-34,Male,Annual
16483,2026-06-27,United Kingdom,35-44,Male,Monthly
16484,2026-06-13,NGR,35-44,Male,Annual
16485,2026-06-20,Nigeria,18-24,Male,Annual
16486,2026-06-15,Nigeria,25-34,Female,Monthly
16487,2026-06-19,Canada,45+,Male,Annual
16488,2026-06-20,United Kingdom,35-44,Male,Monthly
16489,2026-06-18,Nigeria,25-34,Male,Annual
16490,2026-06-24,United Kingdom,25-34,Female,Annual
16491,2026-06-03,Nigeria,35-44,Female,Annual
16492,2026-06-02,United Kingdom,35-44,Female,Annual
16493,2026-06-26,Canada,35-44,Female,Annual
16494,2026-06-12,Nigeria,25-34,Male,Monthly
16495,2026-06-12,Canada,25-34,Female,Monthly
16496,2026-06-23,Canada,25-34,Male,Annual
16497,2026-06-17,Nigeria,18-24,Male,Annual
16498,2026-06-17,Nigeria,35-44,Female,Monthly
16499,2026-06-29,Canada,25-34,Male,Annual
16500,2026-06-11,Nigeria,35-44,Female,Annual
16501,2026-06-08,Nigeria,25 to 34,MALE,Monthly
16502,2026-06-02,Nigeria,25-34,Female,Monthly
16503,2026-06-29,Nigeria,25-34,Male,Annual
16504,2026-06-01,United Kingdom,35-44,Female,Annual
16505,2026-06-13,Canada,25-34,Female,Monthly
16506,2026-06-13,United Kingdom,25-34,Male,Annual
16507,2026-06-28,Nigeria,35 to 44,Female,Monthly
16508,2026-06-15,Canada,18-24,Female,Annual
16509,2026-06-01,Nigeria,18-24,Female,Annual
16510,2026-06-07,Nigeria,45+,Male,Monthly
16511,2026-06-16,Canada,25-34,Male,Annual
16512,2026-06-24,Nigeria,45+,Female,Annual
16513,2026-06-02,United Kingdom,35/44,Female,Monthly
16514,2026-06-22,Canada,35-44,MALE,Monthly
16515,2026-06-06,Nigeria,45+,Female,Annual
16516,2026-06-06,United Kingdom,45+,Male,Monthly
16517,2026-06-05,Canada,25-34,Female,Annual
16518,2026-06-06,Nigeria,25-34,Female,Monthly
16519,2026-06-19,Canada,18-24,Female,Annual
16520,2026-06-26,Nigeria,35-44,MALE,Annual
16521,2026-06-03,Canada,35-44,Male,Annual
16522,2026-06-28,Nigeria,25-34,Female,Monthly
16523,2026-06-07,United Kingdom,25-34,Male,Annual
16524,2026-06-30,United Kingdom,25-34,Female,Monthly
16525,2026-06-25,Nigeria,35-44,Male,Annual
16526,2026-06-21,Nigeria,25-34,Female,Monthly
16527,2026-06-15,United Kingdom,25-34,Male,Monthly
16528,2026-06-28,Canada,35 to 44,Male,Annual
16529,2026-06-15,Nigeria,35-44,Female,Monthly
16530,2026-06-05,United Kingdom,45+,male,Annual
16531,2026-06-10,Nigeria,25-34,female,Monthly
16532,2026-06-05,United Kingdom,25-34,Male,Annual
16533,2026-06-08,United Kingdom,18-24,Female,Annual
16534,2026-06-02,United Kingdom,18 to 24,Male,Monthly
16535,2026-06-15,United Kingdom,18-24,Female,Annual
16536,2026-06-17,Nigeria,45+,Male,Annual
16537,2026-06-16,Nigeria,25-34,Female,Annual
16538,2026-06-07,Nigeria,25-34,Male,Monthly
16539,2026-06-08,United Kingdom,45+,Male,Monthly
16540,2026-06-18,Nigeria,35-44,male,Monthly
16541,2026-06-10,Nigeria,25-34,Male,Monthly
16542,2026-06-01,Nigeria,25-34,Male,Monthly
16543,2026-06-22,Nigeria,18-24,Male,Monthly
16544,2026-06-16,United Kingdom,25-34,Male,Monthly
16545,2026-06-06,Canada,35-44,Female,Monthly
16546,2026-06-27,Nigeria,25-34,male,Monthly
16547,2026-06-08,Nigeria,25-34,Female,Annual
16548,2026-06-22,Nigeria,35-44,Male,Monthly
16549,2026-06-02,United Kingdom,25-34,Female,Monthly
16550,2026-06-12,United Kingdom,18-24,Female,Annual
16551,2026-06-08,Nigeria,25-34,Female,Monthly
16552,2026-06-03,Nigeria,18-24,MALE,Monthly
16553,2026-06-13,Canada,35-44,Female,Monthly
16554,2026-06-08,United Kingdom,25-34,Male,Monthly
16555,2026-06-08,Canada,18-24,Female,Annual
16556,2026-06-16,Nigeria,35-44,Male,Monthly
16557,2026-06-27,Canada,25-34,Male,Annual
16558,2026-06-08,Canada,25-34,Female,Annual
16559,2026-06-05,Nigeria,35-44,Male,Monthly
16560,2026-06-24,Nigeria,25-34,Male,Monthly
16561,2026-06-13,Nigeria,18-24,Male,Monthly
16562,2026-06-29,Canada,25-34,Male,Monthly
16563,2026-06-22,Nigeria,25-34,Female,Monthly
16564,2026-06-06,Nigeria,25-34,Male,Monthly
16565,2026-06-24,United Kingdom,25-34,Male,Monthly
16566,2026-06-01,United Kingdom,25-34,Male,Annual
16567,2026-06-14,Nigeria,25-34,Male,Monthly
16568,2026-06-03,Nigeria,25-34,Male,Monthly
16569,2026-06-24,Nigeria,35-44,Male,Monthly
16570,2026-06-25,Nigeria,25-34,Male,Annual
16571,2026-06-29,Nigeria,25/34,Male,Monthly
16572,2026-06-02,Canada,35-44,Female,Annual
16573,2026-06-26,NGR,45+,Male,Annual
16574,2026-06-23,Canada,35-44,Male,Annual
16575,2026-06-26,Nigeria,25-34,Male,Monthly
16576,2026-06-13,Nigeria,35-44,Female,Monthly
16577,2026-06-20,United Kingdom,35-44,Female,Monthly
16578,2026-06-13,Nigeria,18-24,Male,Monthly
16579,2026-06-21,Canada,45+,Female,Monthly
16580,2026-06-22,Canada,25-34,Female,Annual
16581,2026-06-09,NGR,25-34,Male,Monthly
16582,2026-06-10,Canada,18-24,Female,Annual
16583,2026-06-30,Nigeria,25-34,Male,Monthly
16584,2026-06-25,Nigeria,45+,Female,Annual
16585,2026-06-02,Canada,18-24,Female,Annual
16586,2026-06-03,United Kingdom,45+,female,Monthly
16587,2026-06-24,Canada,25-34,Male,Monthly
16588,2026-06-22,Nigeria,25-34,male,Monthly
16589,2026-06-07,United Kingdom,35-44,Male,Monthly
16590,2026-06-28,Nigeria,25-34,Male,Annual
16591,2026-06-01,Nigeria,45+,Female,Monthly
16592,2026-06-05,United Kingdom,35-44,Female,Annual
16593,2026-06-17,Nigeria,35-44,Female,Monthly
16594,2026-06-17,Nigeria,25-34,Female,Annual
16595,2026-06-07,United Kingdom,35-44,FEMALE,Annual
16596,2026-06-20,Nigeria,25-34,Male,Monthly
16597,2026-06-26,United Kingdom,35-44,Male,Monthly
16598,2026-06-04,Nigeria,25-34,Male,Annual
16599,2026-06-24,United Kingdom,18-24,Female,Monthly
16600,2026-06-17,Nigeria,45+,Male,Monthly
16601,2026-06-28,United Kingdom,25-34,Male,Annual
16602,2026-06-08,Nigeria,25-34,Female,Monthly
16603,2026-06-21,Canada,18-24,Female,Monthly
16604,2026-06-23,United Kingdom,18-24,Female,Monthly
16605,2026-06-11,Nigeria,25-34,Male,Annual
16606,2026-06-18,United Kingdom,25-34,Male,Monthly
16607,2026-06-23,Nigeria,18-24,Male,Monthly
16608,2026-06-13,Nigeria,35-44,FEMALE,Monthly
16609,2026-06-20,Nigeria,35-44,Female,Monthly
16610,2026-06-23,United Kingdom,25-34,Female,Annual
16611,2026-06-08,United Kingdom,18-24,Male,Monthly
16612,2026-06-22,Canada,25-34,Male,Monthly
16613,2026-06-18,Nigeria,35-44,Female,Annual
16614,2026-06-07,Nigeria,18-24,Male,Monthly
16615,2026-06-26,United Kingdom,35-44,Female,Annual
16616,2026-06-01,United Kingdom,25-34,Male,Monthly
16617,2026-06-19,Nigeria,25-34,FEMALE,Annual
16618,2026-06-08,Nigeria,18-24,Male,Monthly
16619,2026-06-22,UK,45+,Female,Annual
16620,2026-06-27,Nigeria,35/44,Female,Monthly
16621,2026-06-20,Nigeria,45+,male,Monthly
16622,2026-06-12,Nigeria,35-44,Male,Annual
16623,2026-06-20,Nigeria,45+,Male,Annual
16624,2026-06-07,Nigeria,35-44,Female,Monthly
16625,2026-06-03,Nigeria,45+,Male,Annual
16626,2026-06-12,Nigeria,35-44,Female,Monthly
16627,2026-06-19,Nigeria,35-44,female,Monthly
16628,2026-06-12,Nigeria,25-34,Female,Monthly
16629,2026-06-04,Nigeria,35-44,Female,Annual
16630,2026-06-14,Canada,25-34,Female,Annual
16631,2026-06-27,Nigeria,25-34,Female,Monthly
16632,2026-06-14,Nigeria,35-44,MALE,Monthly
16633,2026-06-14,Canada,45+,Female,Monthly
16634,2026-06-09,Canada,45+,Male,Monthly
16635,2026-06-15,United Kingdom,25-34,Male,Monthly
16636,2026-06-09,Nigeria,18-24,Female,Monthly
16637,2026-06-29,Canada,35-44,Male,Monthly
16638,2026-06-24,United Kingdom,25-34,Male,Monthly
16639,2026-06-22,Nigeria,45+,Male,Annual
16640,2026-06-20,Nigeria,25-34,Female,Annual
16641,2026-06-10,Nigeria,45+,Male,Annual
16642,2026-06-21,Nigeria,25-34,Male,Annual
16643,2026-06-29,Nigeria,45+,MALE,Monthly
16644,2026-06-06,Nigeria,18-24,Male,Monthly
16645,2026-06-26,Canada,35-44,Female,Monthly
16646,2026-06-30,Canada,25-34,Female,Monthly
16647,2026-06-02,Nigeria,25-34,Male,Annual
16648,2026-06-03,Nigeria,25-34,MALE,Annual
16649,2026-06-15,United Kingdom,18-24,Female,Annual
16650,2026-06-21,Nigeria,18-24,Female,Monthly
16651,2026-06-16,Canada,25-34,Female,Annual
16652,2026-06-23,NGR,25-34,Female,Annual
16653,2026-06-25,United Kingdom,25-34,Female,Annual
16654,2026-06-09,Nigeria,18-24,Female,Monthly
16655,2026-06-16,Canada,25-34,Female,Annual
16656,2026-06-03,Nigeria,18-24,Male,Annual
16657,2026-06-04,Nigeria,18-24,FEMALE,Monthly
16658,2026-06-23,United Kingdom,25-34,Female,Annual
16659,2026-06-27,Nigeria,25-34,Male,Monthly
16660,2026-06-17,Nigeria,35-44,Female,Monthly
16661,2026-06-22,United Kingdom,45+,Male,Monthly
16662,2026-06-29,Nigeria,25-34,Male,Monthly
16663,2026-06-03,Nigeria,25-34,Female,Annual
16664,2026-06-22,United Kingdom,35-44,Male,Monthly
16665,2026-06-19,Nigeria,25-34,Female,Monthly
16666,2026-06-28,Canada,25-34,Female,Monthly
16667,2026-06-10,GBR,35-44,Female,Monthly
16668,2026-06-20,Canada,25-34,Female,Annual
16669,2026-06-26,Nigeria,35-44,Female,Monthly
16670,2026-06-15,Canada,45+,Male,Monthly
16671,2026-06-09,Nigeria,45+,Female,Monthly
16672,2026-06-29,Nigeria,35-44,Male,Annual
16673,2026-06-05,Nigeria,25-34,Female,Monthly
16674,2026-06-25,Canada,35-44,Female,Monthly
16675,2026-06-26,Nigeria,25-34,Male,Annual
16676,2026-06-02,United Kingdom,35-44,Male,Monthly
16677,2026-06-11,Canada,25-34,Male,Monthly
16678,2026-06-18,Nigeria,25-34,Male,Monthly
16679,2026-06-04,Canada,25-34,Male,Annual
16680,2026-06-05,Nigeria,25-34,MALE,Annual
16681,2026-06-10,Nigeria,18-24,Female,Monthly
16682,2026-06-29,Nigeria,18 to 24,female,Monthly
16683,2026-06-13,United Kingdom,18-24,Female,Monthly
16684,2026-06-21,Nigeria,25-34,Female,Monthly
16685,2026-06-19,Canada,35-44,Female,Annual
16686,2026-06-14,Nigeria,18-24,Male,Monthly
16687,2026-06-03,United Kingdom,45+,Male,Annual
16688,2026-06-29,Nigeria,18-24,Female,Annual
16689,2026-06-17,Nigeria,25-34,Female,Monthly
16690,2026-06-11,Nigeria,35-44,Male,Monthly
16691,2026-06-14,Nigeria,25-34,Male,Annual
16692,2026-06-14,Nigeria,25-34,FEMALE,Monthly
16693,2026-06-30,United Kingdom,35 to 44,FEMALE,Monthly
16694,2026-06-12,Nigeria,45+,Male,Monthly
16695,2026-06-30,Nigeria,25-34,Male,Annual
16696,2026-06-04,Nigeria,18-24,Male,Monthly
16697,2026-06-07,Canada,25-34,Male,Annual
16698,2026-06-05,Nigeria,25-34,Male,Annual
16699,2026-06-29,Nigeria,45+,Male,Annual
16700,2026-06-18,Nigeria,45+,Female,Annual
16701,2026-06-15,United Kingdom,25-34,Male,Annual
16702,2026-06-03,Nigeria,18-24,Male,Annual
16703,2026-06-05,Nigeria,25-34,Female,Monthly
16704,2026-06-28,NGR,35-44,Male,Annual
16705,2026-06-29,CAN,35/44,Female,Annual
16706,2026-06-10,Nigeria,18-24,Female,Monthly
16707,2026-06-22,United Kingdom,35-44,Male,Annual
16708,2026-06-10,Canada,25-34,Male,Monthly
16709,2026-06-29,NGR,18-24,FEMALE,Annual
16710,2026-06-05,Nigeria,35/44,male,Monthly
16711,2026-06-03,Canada,25-34,Female,Monthly
16712,2026-06-11,Nigeria,25-34,Female,Annual
16713,2026-06-06,United Kingdom,25-34,Female,Monthly
16714,2026-06-21,United Kingdom,35-44,male,Monthly
16715,2026-06-28,United Kingdom,25-34,Female,Monthly
16716,2026-06-29,Canada,18-24,Female,Annual
16717,2026-06-30,Nigeria,25-34,Male,Annual
16718,2026-06-06,Nigeria,35/44,Female,Monthly
16719,2026-06-02,United Kingdom,25-34,Male,Monthly
16720,2026-06-06,Nigeria,45+,Male,Monthly
16721,2026-06-23,United Kingdom,35 to 44,Male,Annual
16722,2026-06-05,Canada,35-44,Female,Annual
16723,2026-06-21,United Kingdom,25-34,Female,Annual
16724,2026-06-18,Canada,45+,Female,Monthly
16725,2026-06-24,Nigeria,35-44,Female,Monthly
16726,2026-06-04,Nigeria,35-44,Female,Annual
16727,2026-06-14,Canada,25-34,Female,Monthly
16728,2026-06-03,Nigeria,25-34,Male,Monthly
16729,2026-06-01,United Kingdom,35-44,Female,Monthly
16730,2026-06-23,Nigeria,18-24,Male,Monthly
16731,2026-06-17,United Kingdom,25/34,Female,Monthly
16732,2026-06-24,Nigeria,35-44,Female,Monthly
16733,2026-06-03,Canada,25-34,Male,Monthly
16734,2026-06-10,Nigeria,35-44,Female,Annual
16735,2026-06-05,Nigeria,25-34,Male,Monthly
16736,2026-06-18,Nigeria,25-34,Male,Annual
16737,2026-06-17,Nigeria,25-34,Male,Annual
16738,2026-06-23,UK,25-34,Male,Annual
16739,2026-06-03,Nigeria,25-34,Male,Monthly
16740,2026-06-02,Nigeria,25-34,Male,Monthly
16741,2026-06-26,Nigeria,25-34,Male,Monthly
16742,2026-06-20,United Kingdom,45+,Male,Annual
16743,2026-06-04,Nigeria,25-34,Male,Annual
16744,2026-06-09,United Kingdom,45+,Male,Annual
16745,2026-06-13,GBR,45+,Male,Annual
16746,2026-06-13,Nigeria,45+,Female,Annual
16747,2026-06-22,Canada,25-34,FEMALE,Annual
16748,2026-06-11,NGR,25-34,Female,Monthly
16749,2026-06-18,NGR,35-44,Female,Monthly
16750,2026-06-22,United Kingdom,35-44,Female,Annual
16751,2026-06-04,Canada,25-34,Male,Annual
16752,2026-06-15,Nigeria,25-34,Female,Monthly
16753,2026-06-08,United Kingdom,18-24,Male,Monthly
16754,2026-06-23,United Kingdom,18-24,Male,Monthly
16755,2026-06-04,Nigeria,25-34,Female,Monthly
16756,2026-06-10,Nigeria,25-34,Male,Annual
16757,2026-06-19,Nigeria,35-44,Female,Annual
16758,2026-06-17,Nigeria,18-24,Male,Annual
16759,2026-06-02,Nigeria,18-24,Male,Monthly
16760,2026-06-28,Canada,45+,Female,Monthly
16761,2026-06-03,United Kingdom,35-44,Female,Annual
16762,2026-06-14,United Kingdom,25-34,Female,Monthly
16763,2026-06-02,United Kingdom,25-34,Male,Monthly
16764,2026-06-18,Nigeria,25-34,Male,Monthly
16765,2026-06-11,Nigeria,35-44,Female,Monthly
16766,2026-06-21,Nigeria,45+,Female,Monthly
16767,2026-06-19,Canada,18-24,Male,Monthly
16768,2026-06-28,Canada,35-44,Male,Monthly
16769,2026-06-02,United Kingdom,25-34,Female,Monthly
16770,2026-06-20,Nigeria,35-44,Female,Annual
16771,2026-06-11,NGR,25-34,Female,Monthly
16772,2026-06-19,Nigeria,25-34,Female,Monthly
16773,2026-06-29,Nigeria,35-44,Male,Monthly
16774,2026-06-26,United Kingdom,25-34,Male,Annual
16775,2026-06-30,United Kingdom,25-34,Male,Annual
16776,2026-06-30,GBR,25-34,Male,Annual
16777,2026-06-24,Canada,25-34,Female,Monthly
16778,2026-06-27,Canada,25-34,Female,Monthly
16779,2026-06-21,United Kingdom,18-24,Male,Annual
16780,2026-06-04,Canada,25-34,Male,Monthly
16781,2026-06-27,United Kingdom,25-34,Male,Monthly
16782,2026-06-21,United Kingdom,35-44,Female,Monthly
16783,2026-06-26,United Kingdom,25-34,Female,Annual
16784,2026-06-10,Canada,18-24,Male,Monthly
16785,2026-06-18,Nigeria,45+,Female,Annual
16786,2026-06-13,United Kingdom,18-24,Female,Annual
16787,2026-06-01,Nigeria,18-24,Male,Monthly
16788,2026-06-20,United Kingdom,18-24,Male,Annual
16789,2026-06-10,United Kingdom,25-34,Male,Annual
16790,2026-06-05,Nigeria,18-24,Male,Annual
16791,2026-06-07,United Kingdom,35-44,Female,Monthly
16792,2026-06-21,United Kingdom,35-44,Male,Monthly
16793,2026-06-22,Nigeria,18-24,Male,Monthly
16794,2026-06-09,United Kingdom,18-24,Male,Annual
16795,2026-06-11,Nigeria,35-44,Female,Annual
16796,2026-06-25,Canada,25 to 34,Male,Monthly
16797,2026-06-15,Canada,35-44,Male,Annual
16798,2026-06-12,Nigeria,35-44,Female,Monthly
16799,2026-06-26,Nigeria,35-44,Female,Annual
16800,2026-06-02,Nigeria,18-24,Male,Monthly
16801,2026-06-21,Canada,35 to 44,Male,Monthly
16802,2026-06-18,Nigeria,18-24,MALE,Monthly
16803,2026-06-12,United Kingdom,25-34,Male,Monthly
16804,2026-06-23,Nigeria,35-44,Female,Annual
16805,2026-06-09,United Kingdom,25-34,Female,Annual
16806,2026-06-19,United Kingdom,18-24,Male,Monthly
16807,2026-06-08,United Kingdom,18/24,Male,Monthly
16808,2026-06-24,United Kingdom,45+,Female,Monthly
16809,2026-06-13,Canada,35-44,Female,Monthly
16810,2026-06-25,United Kingdom,25-34,Male,Monthly
16811,2026-06-18,Nigeria,35-44,Female,Annual
16812,2026-06-02,Nigeria,25-34,Female,Annual
16813,2026-06-19,Nigeria,18 to 24,male,Annual
16814,2026-06-01,Nigeria,25-34,Male,Monthly
16815,2026-06-22,United Kingdom,45+,Male,Annual
16816,2026-06-07,United Kingdom,35-44,FEMALE,Annual
16817,2026-06-30,NG,18-24,Male,Annual
16818,2026-06-07,Nigeria,45+,Female,Annual
16819,2026-06-14,United Kingdom,35-44,Male,Annual
16820,2026-06-17,United Kingdom,18-24,Male,Annual
16821,2026-06-05,Nigeria,25-34,Male,Annual
16822,2026-06-07,United Kingdom,25-34,Female,Monthly
16823,2026-06-30,Nigeria,35-44,Male,Annual
16824,2026-06-11,Nigeria,25-34,Male,Annual
16825,2026-06-24,Nigeria,18-24,Female,Annual
16826,2026-06-14,Nigeria,35-44,Male,Monthly
16827,2026-06-07,Nigeria,25-34,Female,Monthly
16828,2026-06-19,Canada,45+,Female,Annual
16829,2026-06-05,Nigeria,45+,Female,Annual
16830,2026-06-30,Nigeria,35 to 44,Male,Annual
16831,2026-06-21,United Kingdom,25-34,Female,Monthly
16832,2026-06-21,NG,25-34,Male,Monthly
16833,2026-06-01,Nigeria,25-34,Female,Monthly
16834,2026-06-08,United Kingdom,45+,Female,Monthly
16835,2026-06-12,Nigeria,35-44,Female,Annual
16836,2026-06-11,Nigeria,45+,Male,Monthly
16837,2026-06-04,Canada,45+,Female,Monthly
16838,2026-06-02,United Kingdom,25-34,Male,Annual
16839,2026-06-18,United Kingdom,35-44,Male,Monthly
16840,2026-06-13,Nigeria,35-44,Male,Monthly
16841,2026-06-08,United Kingdom,35-44,Male,Monthly
16842,2026-06-18,Nigeria,18/24,Male,Annual
16843,2026-06-30,Nigeria,25-34,Male,Annual
16844,2026-06-29,United Kingdom,18-24,Female,Annual
16845,2026-06-27,United Kingdom,25-34,Female,Annual
16846,2026-06-09,United Kingdom,18-24,male,Annual
16847,2026-06-06,Nigeria,25-34,Male,Annual
16848,2026-06-08,United Kingdom,35-44,Male,Annual
16849,2026-06-10,NG,18-24,Male,Monthly
16850,2026-06-01,Canada,35-44,Male,Monthly
16851,2026-06-10,Nigeria,35 to 44,Female,Annual
16852,2026-06-18,Nigeria,18-24,Female,Annual
16853,2026-06-08,United Kingdom,25-34,Female,Monthly
16854,2026-06-30,United Kingdom,25-34,Male,Annual
16855,2026-06-26,Canada,25-34,Male,Annual
16856,2026-06-12,Nigeria,25-34,Female,Monthly
16857,2026-06-13,United Kingdom,25-34,Female,Annual
16858,2026-06-15,Nigeria,25-34,Male,Annual
16859,2026-06-10,Canada,45+,Male,Monthly
16860,2026-06-02,Nigeria,18 to 24,Male,Monthly
16861,2026-06-12,Canada,25-34,Female,Monthly
16862,2026-06-18,Canada,18-24,Male,Monthly
16863,2026-06-08,Nigeria,25-34,Male,Annual
16864,2026-06-07,Canada,35-44,Female,Monthly
16865,2026-06-16,Nigeria,25-34,Female,Monthly
16866,2026-06-01,Nigeria,25-34,Male,Monthly
16867,2026-06-23,Nigeria,35-44,Male,Monthly
16868,2026-06-21,Canada,18-24,Female,Annual
16869,2026-06-29,Nigeria,35-44,Female,Monthly
16870,2026-06-05,Nigeria,45+,Female,Annual
16871,2026-06-24,United Kingdom,25-34,Male,Annual
16872,2026-06-04,Nigeria,35-44,Male,Annual
16873,2026-06-24,Nigeria,25-34,Male,Annual
16874,2026-06-07,Nigeria,25-34,Female,Annual
16875,2026-06-25,Nigeria,25-34,Male,Monthly
16876,2026-06-05,United Kingdom,25-34,Female,Monthly
16877,2026-06-25,United Kingdom,18-24,Male,Monthly
16878,2026-06-19,United Kingdom,35-44,Male,Monthly
16879,2026-06-02,Nigeria,18-24,Male,Annual
16880,2026-06-09,Canada,25-34,Male,Monthly
16881,2026-06-15,Nigeria,25-34,Female,Monthly
16882,2026-06-21,Nigeria,35-44,Male,Annual
16883,2026-06-23,Canada,25-34,Male,Annual
16884,2026-06-17,United Kingdom,25-34,Female,Monthly
16885,2026-06-21,United Kingdom,25-34,Male,Monthly
16886,2026-06-11,Nigeria,45+,Male,Annual
16887,2026-06-10,Nigeria,35-44,male,Monthly
16888,2026-06-06,United Kingdom,25-34,Female,Monthly
16889,2026-06-21,Canada,35-44,Male,Monthly
16890,2026-06-21,United Kingdom,45+,Male,Monthly
16891,2026-06-28,Nigeria,25-34,Female,Annual
16892,2026-06-16,United Kingdom,25-34,Male,Monthly
16893,2026-06-19,Nigeria,35/44,Male,Monthly
16894,2026-06-22,Nigeria,45+,Male,Annual
16895,2026-06-27,Canada,35-44,FEMALE,Monthly
16896,2026-06-16,United Kingdom,25-34,Male,Monthly
16897,2026-06-23,United Kingdom,25-34,Male,Annual
16898,2026-06-25,Nigeria,45+,Female,Monthly
16899,2026-06-18,Nigeria,18-24,Male,Annual
16900,2026-06-17,United Kingdom,25-34,Female,Annual
16901,2026-06-21,United Kingdom,25-34,Male,Monthly
16902,2026-06-25,United Kingdom,25-34,male,Monthly
16903,2026-06-17,United Kingdom,18-24,Female,Monthly
16904,2026-06-17,United Kingdom,18-24,Female,Annual
16905,2026-06-07,United Kingdom,25-34,Male,Monthly
16906,2026-06-29,Nigeria,35-44,Female,Annual
16907,2026-06-02,Nigeria,18-24,Female,Monthly
16908,2026-06-26,United Kingdom,18-24,Female,Monthly
16909,2026-06-12,United Kingdom,25-34,Male,Monthly
16910,2026-06-08,Nigeria,25/34,Male,Monthly
16911,2026-06-07,Canada,25-34,Female,Annual
16912,2026-06-22,Nigeria,35-44,Male,Monthly
16913,2026-06-09,NGR,25-34,Male,Annual
16914,2026-06-04,Canada,18-24,Male,Annual
16915,2026-06-14,United Kingdom,35-44,Female,Annual
16916,2026-06-28,Nigeria,25-34,Male,Monthly
16917,2026-06-27,United Kingdom,35-44,Female,Monthly
16918,2026-06-11,Nigeria,35-44,FEMALE,Monthly
16919,2026-06-20,Canada,35-44,Female,Monthly
16920,2026-06-15,Nigeria,25-34,Male,Monthly
16921,2026-06-12,Nigeria,25-34,Male,Monthly
16922,2026-06-01,United Kingdom,35 to 44,Female,Monthly
16923,2026-06-05,Nigeria,25-34,Female,Annual
16924,2026-06-27,United Kingdom,35-44,Female,Monthly
16925,2026-06-29,United Kingdom,25-34,Female,Monthly
16926,2026-06-29,Nigeria,18-24,Male,Monthly
16927,2026-06-29,Nigeria,35-44,Female,Monthly
16928,2026-06-15,United Kingdom,18-24,Female,Monthly
16929,2026-06-02,United Kingdom,18-24,Female,Monthly
16930,2026-06-06,Nigeria,35-44,Female,Annual
16931,2026-07-02,Nigeria,45+,Male,Annual
16932,2026-07-07,United Kingdom,25-34,Female,Monthly
16933,2026-07-01,Nigeria,25-34,Male,Annual
16934,2026-07-06,Nigeria,25-34,Male,Monthly
16935,2026-07-05,United Kingdom,35-44,Female,Annual
16936,2026-07-06,United Kingdom,25-34,Male,Monthly
16937,2026-07-07,United Kingdom,25-34,Female,Monthly
16938,2026-07-03,United Kingdom,25-34,Female,Monthly
16939,2026-07-05,United Kingdom,25-34,FEMALE,Annual
16940,2026-07-01,Canada,25-34,FEMALE,Annual
16941,2026-07-03,Nigeria,18-24,Female,Annual
16942,2026-07-02,Nigeria,18-24,Male,Monthly
16943,2026-07-06,United Kingdom,18-24,Male,Monthly
16944,2026-07-03,Nigeria,18-24,Male,Monthly
16945,2026-07-03,Nigeria,25-34,Female,Monthly
16946,2026-07-04,Nigeria,25-34,MALE,Monthly
16947,2026-07-05,Canada,18-24,Male,Annual
16948,2026-07-05,Canada,35-44,Male,Annual
16949,2026-07-07,Nigeria,18-24,Female,Annual
16950,2026-07-04,Nigeria,25-34,Female,Monthly
16951,2026-07-05,Nigeria,35-44,Female,Monthly
16952,2026-07-03,Nigeria,35-44,Female,Annual
16953,2026-07-05,Nigeria,18-24,Male,Monthly
16954,2026-07-02,Nigeria,45+,Male,Monthly
16955,2026-07-02,United Kingdom,35-44,Male,Monthly
16956,2026-07-06,NGR,18-24,Female,Monthly
16957,2026-07-05,Nigeria,18-24,Male,Annual
16958,2026-07-06,Nigeria,45+,Female,Monthly
16959,2026-07-06,United Kingdom,45+,Male,Monthly
16960,2026-07-03,Nigeria,25-34,Female,Annual
16961,2026-07-06,Nigeria,25-34,Female,Monthly
16962,2026-07-02,Nigeria,45+,Female,Annual
16963,2026-07-01,United Kingdom,35-44,Female,Monthly
16964,2026-07-02,Nigeria,35-44,Male,Monthly
16965,2026-07-05,Nigeria,18-24,Male,Monthly
16966,2026-07-05,United Kingdom,25-34,Female,Annual
16967,2026-07-06,Nigeria,45+,Male,Monthly
16968,2026-07-06,Canada,35-44,FEMALE,Annual
16969,2026-07-02,United Kingdom,45+,Male,Monthly
16970,2026-07-06,Nigeria,18-24,Male,Annual
16971,2026-07-04,Nigeria,25-34,Female,Annual
16972,2026-07-07,Canada,35 to 44,Male,Monthly
16973,2026-07-01,Nigeria,35-44,Female,Annual
16974,2026-07-06,Nigeria,18-24,Female,Monthly
16975,2026-07-05,Nigeria,25-34,Female,Monthly
16976,2026-07-04,UK,35-44,Male,Monthly
16977,2026-07-07,NGR,18-24,Female,Annual
16978,2026-07-02,United Kingdom,18-24,Female,Annual
16979,2026-07-03,Nigeria,25 to 34,Male,Monthly
16980,2026-07-03,Nigeria,45+,Female,Annual
16981,2026-07-04,Nigeria,25-34,Female,Annual
16982,2026-07-02,Nigeria,45+,Female,Monthly
16983,2026-07-05,Canada,45+,Male,Monthly
16984,2026-07-01,United Kingdom,25/34,Female,Monthly
16985,2026-07-01,Nigeria,45+,Male,Annual
16986,2026-07-02,Canada,18-24,Female,Annual
16987,2026-07-04,Nigeria,45+,Male,Annual
16988,2026-07-01,United Kingdom,18-24,Male,Monthly
16989,2026-07-05,Nigeria,25-34,Female,Monthly
16990,2026-07-02,Nigeria,45+,MALE,Monthly
16991,2026-07-06,Nigeria,25-34,Female,Monthly
16992,2026-07-06,Nigeria,35-44,Female,Monthly
16993,2026-07-06,Canada,25-34,Female,Monthly
16994,2026-07-04,Canada,25-34,Male,Monthly
16995,2026-07-04,United Kingdom,45+,Female,Monthly
16996,2026-07-03,Canada,35-44,Male,Monthly
16997,2026-07-01,Nigeria,35-44,Female,Annual
16998,2026-07-02,Nigeria,35-44,Male,Monthly
16999,2026-07-02,Nigeria,18-24,Male,Annual
17000,2026-07-05,Nigeria,25-34,Female,Monthly
17001,2026-07-01,Nigeria,35-44,Male,Monthly
17002,2026-07-07,United Kingdom,25-34,Male,Monthly
17003,2026-07-01,United Kingdom,35 to 44,Female,Annual
17004,2026-07-03,Nigeria,25-34,Female,Monthly
17005,2026-07-03,Nigeria,45+,Female,Annual
17006,2026-07-06,United Kingdom,25-34,Female,Monthly
17007,2026-07-05,Canada,25-34,Male,Annual
17008,2026-07-07,Nigeria,45+,Male,Monthly
17009,2026-07-07,Nigeria,18-24,Male,Monthly
17010,2026-07-06,Canada,25-34,Female,Annual
17011,2026-07-02,United Kingdom,35-44,Male,Monthly
17012,2026-07-05,Canada,25-34,Female,Monthly
17013,2026-07-05,Nigeria,25-34,Male,Monthly
17014,2026-07-03,Canada,25-34,Male,Monthly
17015,2026-07-01,Canada,25-34,Male,Monthly
17016,2026-07-01,Nigeria,25-34,female,Annual
17017,2026-07-03,Nigeria,35-44,Female,Monthly
17018,2026-07-06,United Kingdom,45+,Male,Monthly
17019,2026-07-02,Nigeria,25-34,Male,Monthly
17020,2026-07-07,Nigeria,35-44,Female,Monthly
17021,2026-07-03,Nigeria,25-34,Male,Monthly
17022,2026-07-05,Nigeria,18 to 24,Female,Annual
17023,2026-07-01,Canada,25-34,Male,Monthly
17024,2026-07-01,Nigeria,25-34,Female,Monthly
17025,2026-07-04,Nigeria,25 to 34,Female,Annual
17026,2026-07-01,United Kingdom,35-44,Male,Monthly
17027,2026-07-05,United Kingdom,25-34,Female,Monthly
17028,2026-07-03,Nigeria,18-24,Female,Annual
17029,2026-07-02,Nigeria,25-34,Male,Monthly
17030,2026-07-07,Nigeria,25-34,Male,Annual
17031,2026-07-03,Canada,35-44,Female,Monthly
17032,2026-07-01,Nigeria,18 to 24,Male,Monthly
17033,2026-07-01,United Kingdom,35 to 44,MALE,Annual
17034,2026-07-03,Canada,18-24,Female,Monthly
17035,2026-07-04,Nigeria,25-34,MALE,Monthly
17036,2026-07-04,Canada,35-44,female,Annual
17037,2026-07-04,United Kingdom,45+,Female,Annual
17038,2026-07-01,United Kingdom,18-24,Male,Monthly
17039,2026-07-02,Canada,25-34,Male,Monthly
17040,2026-07-01,Nigeria,35 to 44,Male,Annual
